# Blender 3.6.1
# www.blender.org
mtllib generator_2.mtl
o Generator
v 1.467551 0.860252 -0.696175
v 1.464933 0.868532 -0.696175
v 1.462929 0.868274 -0.694474
v 1.465763 0.859311 -0.694474
v 1.223812 0.889436 -0.696175
v 1.219808 0.881729 -0.696175
v 1.221408 0.880495 -0.694475
v 1.225742 0.888836 -0.694475
v 1.383806 0.699069 -0.696175
v 1.383548 0.701072 -0.694474
v 1.374585 0.698238 -0.694474
v 1.375525 0.696451 -0.696175
v 1.455462 0.759292 -0.696175
v 1.459466 0.766999 -0.696175
v 1.457867 0.768233 -0.694474
v 1.453533 0.759891 -0.694474
v 1.386799 0.924554 -0.696175
v 1.394506 0.920550 -0.696175
v 1.395603 0.921887 -0.694474
v 1.387262 0.926220 -0.694474
v 1.310421 0.931176 -0.696175
v 1.310252 0.932897 -0.694474
v 1.301289 0.930063 -0.694474
v 1.302141 0.928558 -0.696175
v 1.235444 0.786867 -0.696175
v 1.232826 0.795148 -0.696175
v 1.231105 0.794979 -0.694474
v 1.233938 0.786016 -0.694474
v 1.284769 0.728178 -0.696175
v 1.283672 0.726841 -0.694474
v 1.292013 0.722507 -0.694474
v 1.292475 0.724174 -0.696175
v 1.368854 0.717552 -0.696175
v 1.369022 0.715831 -0.694474
v 1.377985 0.718665 -0.694474
v 1.377134 0.720170 -0.696175
v 1.395769 0.942593 -0.694474
v 1.404110 0.938260 -0.694474
v 1.404709 0.940189 -0.696175
v 1.397003 0.944193 -0.696175
v 1.304690 0.950489 -0.694474
v 1.303750 0.952277 -0.696175
v 1.295469 0.949659 -0.696175
v 1.295727 0.947656 -0.694474
v 1.216346 0.780454 -0.694475
v 1.213512 0.789416 -0.694475
v 1.211724 0.788476 -0.696175
v 1.214342 0.780195 -0.696175
v 1.275165 0.710468 -0.694475
v 1.274566 0.708539 -0.696175
v 1.282272 0.704535 -0.696175
v 1.283506 0.706134 -0.694475
v 1.448170 0.853749 -0.694474
v 1.445336 0.862712 -0.694474
v 1.443831 0.861861 -0.696175
v 1.446449 0.853580 -0.696175
v 1.239447 0.871526 -0.696175
v 1.243451 0.879232 -0.696175
v 1.242115 0.880330 -0.694474
v 1.237781 0.871988 -0.694474
v 1.441494 0.776739 -0.694474
v 1.439828 0.777202 -0.696175
v 1.435824 0.769496 -0.696175
v 1.437160 0.768398 -0.694474
v 1.404709 0.940189 -0.710501
v 1.404110 0.938260 -0.712201
v 1.395769 0.942593 -0.712201
v 1.397003 0.944193 -0.710501
v 1.464933 0.868532 -0.710501
v 1.467551 0.860252 -0.710501
v 1.465763 0.859311 -0.712201
v 1.462929 0.868274 -0.712201
v 1.303750 0.952277 -0.710501
v 1.304690 0.950489 -0.712201
v 1.295727 0.947656 -0.712201
v 1.295469 0.949659 -0.710501
v 1.223812 0.889436 -0.710501
v 1.225742 0.888836 -0.712201
v 1.221408 0.880495 -0.712201
v 1.219808 0.881729 -0.710501
v 1.214342 0.780195 -0.710501
v 1.211724 0.788476 -0.710501
v 1.213512 0.789416 -0.712201
v 1.216346 0.780454 -0.712201
v 1.282272 0.704535 -0.710501
v 1.274566 0.708539 -0.710501
v 1.275165 0.710468 -0.712201
v 1.283506 0.706134 -0.712201
v 1.375525 0.696451 -0.710501
v 1.374585 0.698238 -0.712201
v 1.383548 0.701072 -0.712201
v 1.383806 0.699069 -0.710501
v 1.455462 0.759292 -0.710501
v 1.453533 0.759891 -0.712201
v 1.457867 0.768233 -0.712201
v 1.459466 0.766999 -0.710501
v 1.394506 0.920550 -0.710501
v 1.386799 0.924554 -0.710501
v 1.387262 0.926220 -0.712201
v 1.395603 0.921887 -0.712201
v 1.443831 0.861861 -0.710501
v 1.445336 0.862712 -0.712201
v 1.448170 0.853749 -0.712201
v 1.446449 0.853580 -0.710501
v 1.310421 0.931176 -0.710501
v 1.302141 0.928558 -0.710501
v 1.301289 0.930063 -0.712201
v 1.310252 0.932897 -0.712201
v 1.243451 0.879232 -0.710501
v 1.239447 0.871526 -0.710501
v 1.237781 0.871988 -0.712201
v 1.242115 0.880330 -0.712201
v 1.232826 0.795148 -0.710501
v 1.235444 0.786867 -0.710501
v 1.233938 0.786016 -0.712201
v 1.231105 0.794979 -0.712201
v 1.284769 0.728178 -0.710501
v 1.292475 0.724174 -0.710501
v 1.292013 0.722507 -0.712201
v 1.283672 0.726841 -0.712201
v 1.368854 0.717552 -0.710501
v 1.377134 0.720170 -0.710501
v 1.377985 0.718665 -0.712201
v 1.369022 0.715831 -0.712201
v 1.439828 0.777202 -0.710501
v 1.441494 0.776739 -0.712201
v 1.437160 0.768398 -0.712201
v 1.435824 0.769496 -0.710501
v -0.062355 1.141422 -0.551927
v -0.062355 1.134079 -0.551593
v -0.106120 1.132717 -0.551927
v -0.103310 1.125933 -0.551593
v -0.143223 1.107926 -0.551927
v -0.138030 1.102734 -0.551593
v -0.168014 1.070824 -0.551927
v -0.161229 1.068014 -0.551593
v -0.176719 1.027059 -0.551927
v -0.169376 1.027059 -0.551593
v -0.168014 0.983294 -0.551927
v -0.161230 0.986104 -0.551593
v -0.143223 0.946192 -0.551927
v -0.138031 0.951384 -0.551593
v -0.106121 0.921401 -0.551927
v -0.103311 0.928185 -0.551593
v -0.062356 0.912695 -0.551927
v -0.062356 0.920038 -0.551593
v -0.018591 0.921400 -0.551927
v -0.062355 0.149535 -1.010540
v -0.021401 0.928184 -0.551593
v 0.018511 0.946191 -0.551927
v -0.062356 1.027058 -0.551593
v 0.013319 0.951383 -0.551593
v 0.043302 0.983293 -0.551927
v 0.036518 0.986103 -0.551593
v 0.052008 1.027058 -0.551927
v 0.044665 1.027058 -0.551593
v 0.043303 1.070823 -0.551927
v 0.036519 1.068013 -0.551593
v 0.018512 1.107926 -0.551927
v 0.013320 1.102733 -0.551593
v -0.018590 1.132717 -0.551927
v -0.021400 1.125933 -0.551593
v -0.214796 1.027061 -0.642299
v 0.090085 1.027061 -0.642299
v 0.078754 1.027057 -0.627331
v 0.045041 1.135548 -0.628530
v 0.037423 1.126838 -0.614562
v 0.078337 0.968406 -0.638794
v 0.068029 0.973142 -0.624131
v 0.068069 1.080974 -0.623893
v 0.078338 1.085715 -0.638680
v 0.037424 0.927280 -0.614751
v 0.044975 0.918704 -0.628722
v -0.062355 1.168168 -0.600288
v -0.062355 1.179903 -0.611843
v -0.004281 0.885798 -0.618476
v -0.008316 0.896717 -0.605771
v -0.008320 1.157419 -0.605620
v -0.004257 1.168410 -0.618242
v -0.062356 0.874215 -0.612131
v -0.062356 0.885950 -0.600554
v -0.120491 0.885734 -0.618492
v -0.116391 0.896698 -0.605866
v -0.116396 1.157399 -0.605524
v -0.120379 1.168329 -0.618223
v -0.203465 1.027058 -0.627332
v -0.203049 0.968407 -0.638795
v -0.192780 0.973143 -0.624002
v -0.203049 1.085716 -0.638680
v -0.192740 1.080975 -0.624025
v -0.169790 0.918630 -0.628754
v -0.162135 0.927280 -0.614759
v -0.169621 1.135454 -0.628490
v -0.162135 1.126837 -0.614553
v -0.279422 2.564173 -1.076387
v -0.237701 2.564173 -1.154442
v -0.084589 2.564173 -1.236282
v 0.044574 2.564173 -0.810490
v -0.288098 2.564173 -0.988306
v -0.062355 0.595995 -1.401490
v -0.062355 0.623933 -1.408704
v 0.015323 0.623933 -1.401053
v 0.013915 0.595995 -1.393978
v 0.090015 0.623933 -1.378395
v 0.087255 0.595995 -1.371731
v -0.062355 1.139647 -0.544119
v 0.154845 0.595995 -1.335603
v 0.158853 0.623933 -1.341601
v 0.219189 0.623933 -1.292084
v 0.214088 0.595995 -1.286983
v 0.268706 0.623933 -1.231748
v 0.262708 0.595995 -1.227740
v -0.062355 1.133178 -0.544023
v 0.305500 0.623933 -1.162911
v 0.298836 0.595995 -1.160150
v 0.328158 0.623933 -1.088218
v 0.321083 0.595995 -1.086810
v 0.328595 0.595995 -1.010540
v 0.335809 0.623933 -1.010540
v 0.328158 0.623933 -0.932862
v 0.321083 0.595995 -0.934269
v -0.104183 1.131328 -0.544119
v 0.305500 0.623933 -0.858169
v 0.298836 0.595995 -0.860930
v 0.268706 0.623933 -0.789332
v 0.262708 0.595995 -0.793339
v -0.101707 1.125350 -0.544023
v 0.214088 0.595995 -0.734096
v 0.219189 0.623933 -0.728995
v 0.158853 0.623933 -0.679479
v 0.154845 0.595995 -0.685476
v 0.090018 0.623933 -0.642686
v 0.087255 0.595995 -0.649349
v 0.015108 0.623933 -0.620013
v 0.013915 0.595995 -0.627101
v -0.062355 0.623933 -0.612377
v -0.062355 0.595995 -0.619589
v -0.139643 1.107634 -0.544119
v -0.138626 0.595995 -0.627101
v -0.139819 0.623933 -0.620013
v -0.214726 0.623933 -0.642697
v -0.211966 0.595995 -0.649349
v -0.283563 0.623933 -0.679479
v -0.279556 0.595995 -0.685476
v -0.135069 1.103059 -0.544023
v -0.343900 0.623933 -0.728995
v -0.338799 0.595995 -0.734096
v -0.387419 0.595995 -0.793339
v -0.393417 0.623933 -0.789332
v -0.430211 0.623933 -0.858169
v -0.423546 0.595995 -0.860930
v -0.452869 0.623933 -0.932862
v -0.445794 0.595995 -0.934269
v -0.163337 1.072174 -0.544119
v -0.460519 0.623933 -1.010540
v -0.453306 0.595995 -1.010540
v -0.445794 0.595995 -1.086810
v -0.452869 0.623933 -1.088218
v -0.157360 1.069698 -0.544023
v -0.430211 0.623933 -1.162911
v -0.423546 0.595995 -1.160150
v -0.393417 0.623933 -1.231748
v -0.387419 0.595995 -1.227740
v -0.343900 0.623933 -1.292084
v -0.338799 0.595995 -1.286983
v -0.283563 0.623933 -1.341601
v -0.279556 0.595995 -1.335603
v -0.214726 0.623933 -1.378395
v -0.211966 0.595995 -1.371731
v -0.171657 1.030346 -0.544119
v -0.138626 0.595995 -1.393978
v -0.140033 0.623933 -1.401053
v -0.062355 0.407606 -1.312952
v -0.062355 0.386822 -1.307333
v -0.003358 0.407606 -1.307141
v -0.004454 0.386822 -1.301630
v -0.165188 1.030346 -0.544023
v 0.051222 0.386822 -1.284741
v 0.053373 0.407606 -1.289932
v 0.105656 0.407606 -1.261986
v 0.102534 0.386822 -1.257314
v 0.151482 0.407606 -1.224378
v 0.147509 0.386822 -1.220404
v 0.189091 0.407606 -1.178551
v 0.184419 0.386822 -1.175429
v -0.163338 0.988518 -0.544119
v 0.211846 0.386822 -1.124117
v 0.217037 0.407606 -1.126268
v 0.234246 0.407606 -1.069538
v 0.228735 0.386822 -1.068441
v -0.157361 0.990994 -0.544023
v 0.240057 0.407606 -1.010540
v 0.234438 0.386822 -1.010540
v 0.234246 0.407606 -0.951542
v 0.228735 0.386822 -0.952638
v 0.217037 0.407606 -0.894812
v 0.211846 0.386822 -0.896962
v 0.184419 0.386822 -0.845650
v 0.189091 0.407606 -0.842529
v 0.151482 0.407606 -0.796702
v 0.147509 0.386822 -0.800676
v -0.139644 0.953058 -0.544119
v 0.105656 0.407606 -0.759093
v 0.102534 0.386823 -0.763766
v 0.053373 0.407606 -0.731147
v 0.051222 0.386823 -0.736339
v -0.004454 0.386823 -0.719450
v -0.003358 0.407606 -0.713938
v -0.135069 0.957632 -0.544023
v -0.062355 0.407606 -0.708127
v -0.062355 0.386823 -0.713747
v -0.121353 0.407606 -0.713938
v -0.120257 0.386823 -0.719450
v -0.178084 0.407606 -0.731147
v -0.175933 0.386823 -0.736339
v -0.227245 0.386823 -0.763766
v -0.230367 0.407606 -0.759093
v -0.276193 0.407606 -0.796702
v -0.272220 0.386822 -0.800676
v -0.104184 0.929364 -0.544119
v -0.313802 0.407606 -0.842529
v -0.309129 0.386822 -0.845650
v -0.101708 0.935341 -0.544023
v -0.341748 0.407606 -0.894812
v -0.336556 0.386822 -0.896962
v -0.353445 0.386822 -0.952638
v -0.358957 0.407606 -0.951542
v -0.364768 0.407606 -1.010540
v -0.359148 0.386822 -1.010540
v -0.358957 0.407606 -1.069538
v -0.353445 0.386822 -1.068441
v -0.341748 0.407606 -1.126268
v -0.336556 0.386822 -1.124117
v -0.313802 0.407606 -1.178551
v -0.309130 0.386822 -1.175429
v -0.062356 0.921044 -0.544119
v -0.272220 0.386822 -1.220404
v -0.276193 0.407606 -1.224378
v -0.230367 0.407606 -1.261986
v -0.227245 0.386822 -1.257314
v -0.062356 0.927513 -0.544023
v -0.178084 0.407606 -1.289932
v -0.175933 0.386822 -1.284741
v -0.120257 0.386822 -1.301630
v -0.121353 0.407606 -1.307141
v -0.062355 0.199493 -1.294809
v -0.062355 0.218209 -1.302885
v -0.020528 0.929364 -0.544119
v -0.005322 0.218209 -1.297267
v -0.006897 0.199493 -1.289347
v 0.049520 0.218209 -1.280631
v 0.046430 0.199493 -1.273170
v -0.023004 0.935341 -0.544023
v 0.095576 0.199493 -1.246901
v 0.100063 0.218209 -1.253616
v 0.144364 0.218209 -1.217259
v 0.138653 0.199493 -1.211548
v 0.180721 0.218209 -1.172958
v 0.174006 0.199493 -1.168471
v 0.207736 0.218209 -1.122415
v 0.200275 0.199493 -1.119325
v 0.224372 0.218209 -1.067573
v 0.216452 0.199493 -1.065998
v 0.221914 0.199493 -1.010540
v 0.229990 0.218209 -1.010540
v 0.014932 0.953057 -0.544119
v 0.224372 0.218209 -0.953506
v 0.216452 0.199493 -0.955082
v 0.207736 0.218209 -0.898664
v 0.200275 0.199493 -0.901755
v 0.010357 0.957632 -0.544023
v 0.180721 0.218209 -0.848122
v 0.174006 0.199493 -0.852608
v 0.138653 0.199493 -0.809531
v 0.144364 0.218209 -0.803821
v 0.100063 0.218209 -0.767464
v 0.095576 0.199493 -0.774179
v 0.049520 0.218209 -0.740448
v 0.046430 0.199493 -0.747909
v -0.005322 0.218209 -0.723812
v -0.006897 0.199493 -0.731733
v 0.038626 0.988517 -0.544119
v -0.062355 0.199493 -0.726271
v -0.062355 0.218209 -0.718195
v 0.032649 0.990993 -0.544023
v -0.119389 0.218209 -0.723812
v -0.117813 0.199493 -0.731733
v -0.174231 0.218209 -0.740448
v -0.171140 0.199493 -0.747909
v -0.224773 0.218209 -0.767464
v -0.220287 0.199493 -0.774179
v -0.263364 0.199493 -0.809531
v -0.269074 0.218209 -0.803821
v -0.305431 0.218209 -0.848122
v -0.298716 0.199493 -0.852608
v 0.046946 1.030345 -0.544119
v -0.332447 0.218209 -0.898664
v -0.324986 0.199493 -0.901755
v -0.349083 0.218209 -0.953506
v -0.341162 0.199493 -0.955082
v -0.354700 0.218209 -1.010540
v -0.346624 0.199493 -1.010540
v 0.040477 1.030345 -0.544023
v -0.341162 0.199493 -1.065998
v -0.349083 0.218209 -1.067573
v -0.332447 0.218209 -1.122415
v -0.324986 0.199493 -1.119325
v -0.305431 0.218209 -1.172958
v -0.298716 0.199493 -1.168471
v -0.269074 0.218209 -1.217259
v -0.263364 0.199493 -1.211548
v -0.220287 0.199493 -1.246901
v -0.224773 0.218209 -1.253616
v 0.038626 1.072173 -0.544119
v -0.174231 0.218209 -1.280631
v -0.171140 0.199493 -1.273170
v 0.032649 1.069697 -0.544023
v -0.117813 0.199493 -1.289347
v -0.119389 0.218209 -1.297267
v -0.084764 0.149535 -1.238056
v 0.004009 0.149535 -1.229313
v 0.082678 0.149535 -1.187263
v 0.014933 1.107633 -0.544119
v 0.139267 0.149535 -1.118309
v 0.010358 1.103058 -0.544023
v 0.165161 0.149535 -1.032948
v 0.156418 0.149535 -0.944176
v -0.020527 1.131327 -0.544119
v 0.114368 0.149535 -0.865506
v -0.023003 1.125350 -0.544023
v 0.045414 0.149535 -0.808917
v -0.039947 0.149535 -0.783023
v -0.128719 0.149535 -0.791767
v -0.207389 0.149535 -0.833816
v -0.263978 0.149535 -0.902770
v -0.289872 0.149535 -0.988131
v -0.281129 0.149535 -1.076904
v -0.239079 0.149535 -1.155573
v -0.170125 0.149535 -1.212162
v 0.003491 2.564173 -1.227607
v 0.015573 2.392935 -1.402313
v 0.013059 2.458465 -1.389674
v -0.062355 2.392935 -1.409988
v -0.062355 2.458465 -1.397102
v 0.090507 2.392935 -1.379582
v 0.022502 2.551138 -1.290276
v 0.038594 2.514019 -1.343324
v 0.085575 2.458465 -1.367676
v 0.081547 2.564173 -1.185886
v 0.159566 2.392935 -1.342669
v 0.152407 2.458465 -1.331954
v 0.220097 2.392935 -1.292993
v 0.123092 2.551138 -1.236509
v 0.158260 2.514019 -1.279361
v 0.210985 2.458465 -1.283880
v 0.269774 2.392935 -1.232462
v 0.259059 2.458465 -1.225302
v 0.306687 2.392935 -1.163402
v 0.137695 2.564173 -1.117469
v 0.294781 2.458465 -1.158471
v 0.244340 2.514019 -1.174472
v 0.195451 2.551138 -1.148340
v 0.337093 2.392935 -1.010540
v 0.228560 2.551138 -1.039193
v 0.283728 2.514019 -1.044626
v 0.324206 2.458465 -1.010540
v 0.329418 2.392935 -0.932612
v 0.154712 2.564173 -0.944694
v 0.316779 2.458465 -0.935126
v 0.306687 2.392935 -0.857678
v 0.217381 2.551138 -0.925683
v 0.270429 2.514019 -0.909591
v 0.294781 2.458465 -0.862610
v 0.112990 2.564173 -0.866638
v 0.269774 2.392935 -0.788619
v 0.259059 2.458465 -0.795778
v 0.220097 2.392935 -0.728088
v 0.163613 2.551138 -0.825092
v 0.206465 2.514019 -0.789925
v 0.210985 2.458465 -0.737200
v 0.159566 2.392935 -0.678411
v 0.152407 2.458465 -0.689126
v 0.091069 2.392922 -0.641695
v 0.085922 2.458457 -0.653526
v 0.101659 2.514017 -0.703874
v 0.075466 2.551138 -0.752742
v -0.062355 2.392949 -0.611296
v -0.034122 2.551139 -0.719612
v -0.029883 2.514023 -0.664408
v -0.062355 2.458473 -0.624104
v -0.128202 2.564173 -0.793473
v -0.129222 2.392951 -0.618224
v -0.130941 2.458475 -0.631071
v -0.215752 2.392935 -0.641788
v -0.146812 2.551139 -0.730795
v -0.161763 2.514021 -0.677719
v -0.210616 2.458465 -0.653583
v -0.206258 2.564173 -0.835195
v -0.284277 2.392935 -0.678411
v -0.277117 2.458465 -0.689126
v -0.344808 2.392935 -0.728088
v -0.247803 2.551138 -0.784571
v -0.282971 2.514019 -0.741719
v -0.335696 2.458465 -0.737200
v -0.262406 2.564173 -0.903611
v -0.394484 2.392935 -0.788619
v -0.383769 2.458465 -0.795778
v -0.431397 2.392935 -0.857678
v -0.419491 2.458465 -0.862609
v -0.369051 2.514019 -0.846608
v -0.320161 2.551138 -0.872740
v -0.454128 2.392935 -0.932612
v -0.441489 2.458465 -0.935126
v -0.461803 2.392935 -1.010540
v -0.353271 2.551138 -0.981887
v -0.408439 2.514019 -0.976454
v -0.448917 2.458465 -1.010540
v -0.344808 2.392935 -1.292993
v -0.288324 2.551138 -1.195988
v -0.331176 2.514019 -1.231156
v -0.335696 2.458465 -1.283880
v -0.284277 2.392935 -1.342669
v -0.169284 2.564173 -1.210590
v -0.277117 2.458465 -1.331954
v -0.215218 2.392935 -1.379582
v -0.210286 2.458465 -1.367676
v -0.226287 2.514019 -1.317235
v -0.200156 2.551138 -1.268346
v -0.431397 2.392935 -1.163402
v -0.419491 2.458465 -1.158471
v -0.395139 2.514019 -1.111489
v -0.342091 2.551138 -1.095397
v -0.394484 2.392935 -1.232462
v -0.383769 2.458465 -1.225302
v 0.163387 2.564173 -1.032774
v 0.329418 2.392935 -1.088469
v 0.316779 2.458465 -1.085954
v -0.040122 2.564173 -0.784798
v 0.004550 2.392951 -0.618235
v 0.006254 2.458475 -0.631078
v -0.140284 2.392935 -1.402313
v -0.091008 2.551138 -1.301456
v -0.096442 2.514019 -1.356624
v -0.137770 2.458465 -1.389674
v -0.454128 2.392935 -1.088469
v -0.441489 2.458465 -1.085955
v -0.062355 2.564173 -1.010540
v -0.062355 1.167514 -0.562925
v -0.062355 1.156106 -0.551927
v -0.111740 1.146283 -0.551927
v -0.116107 1.156799 -0.562925
v -0.161641 1.126345 -0.562926
v -0.153606 1.118309 -0.551927
v -0.181580 1.076443 -0.551927
v -0.192063 1.080771 -0.562926
v -0.202742 1.027059 -0.562926
v -0.191403 1.027059 -0.551927
v -0.192070 0.973347 -0.562926
v -0.181581 0.977675 -0.551927
v -0.153606 0.935809 -0.551927
v -0.161641 0.927773 -0.562926
v -0.116106 0.897315 -0.562925
v -0.111741 0.907835 -0.551927
v -0.062356 0.898011 -0.551927
v -0.062356 0.886604 -0.562925
v -0.008605 0.897319 -0.562925
v -0.012972 0.907835 -0.551927
v 0.036930 0.927773 -0.562926
v 0.028894 0.935808 -0.551927
v 0.067352 0.973346 -0.562926
v 0.056868 0.977675 -0.551927
v 0.078031 1.027058 -0.562926
v 0.066692 1.027058 -0.551927
v 0.067359 1.080770 -0.562926
v 0.056869 1.076442 -0.551927
v 0.036931 1.126344 -0.562926
v 0.028895 1.118309 -0.551927
v -0.012971 1.146283 -0.551927
v -0.008605 1.156803 -0.562925
v 0.874596 1.969563 -0.551927
v 0.874596 1.962220 -0.551593
v 0.830831 1.960857 -0.551927
v 0.833641 1.954073 -0.551593
v 0.793728 1.936067 -0.551927
v 0.798921 1.930874 -0.551593
v 0.768937 1.898965 -0.551927
v 0.775722 1.896154 -0.551593
v 0.760232 1.855200 -0.551927
v 0.767575 1.855200 -0.551593
v 0.768937 1.811434 -0.551927
v 0.775721 1.814245 -0.551593
v 0.793728 1.774332 -0.551927
v 0.798920 1.779524 -0.551593
v 0.830830 1.749541 -0.551927
v 0.833640 1.756325 -0.551593
v 0.874595 1.740835 -0.551927
v 0.874595 1.748178 -0.551593
v 0.918360 1.749541 -0.551927
v 0.874596 0.149535 -1.010540
v 0.915550 1.756325 -0.551593
v 0.955462 1.774331 -0.551927
v 0.874595 1.855199 -0.551593
v 0.950270 1.779524 -0.551593
v 0.980253 1.811433 -0.551927
v 0.973469 1.814244 -0.551593
v 0.988959 1.855199 -0.551927
v 0.981616 1.855199 -0.551593
v 0.980254 1.898964 -0.551927
v 0.973470 1.896153 -0.551593
v 0.955463 1.936066 -0.551927
v 0.950271 1.930874 -0.551593
v 0.918361 1.960857 -0.551927
v 0.915551 1.954073 -0.551593
v 0.722155 1.855201 -0.642299
v 1.027036 1.855201 -0.642299
v 1.015705 1.855198 -0.627331
v 0.981992 1.963688 -0.628530
v 0.974374 1.954978 -0.614562
v 1.015289 1.796546 -0.638794
v 1.004980 1.801282 -0.624131
v 1.005020 1.909114 -0.623893
v 1.015289 1.913856 -0.638680
v 0.974375 1.755420 -0.614751
v 0.981926 1.746844 -0.628722
v 0.874596 1.996308 -0.600288
v 0.874596 2.008043 -0.611843
v 0.932670 1.713938 -0.618476
v 0.928635 1.724858 -0.605771
v 0.928631 1.985560 -0.605620
v 0.932694 1.996550 -0.618242
v 0.874595 1.702355 -0.612131
v 0.874595 1.714090 -0.600554
v 0.816460 1.713874 -0.618492
v 0.820560 1.724838 -0.605866
v 0.820555 1.985540 -0.605524
v 0.816572 1.996469 -0.618223
v 0.733486 1.855199 -0.627332
v 0.733902 1.796547 -0.638795
v 0.744171 1.801283 -0.624002
v 0.733902 1.913857 -0.638680
v 0.744211 1.909115 -0.624025
v 0.767161 1.746770 -0.628754
v 0.774816 1.755420 -0.614759
v 0.767330 1.963594 -0.628490
v 0.774816 1.954978 -0.614553
v 0.657529 2.564173 -1.076387
v 0.699250 2.564173 -1.154442
v 0.852362 2.564173 -1.236282
v 0.981525 2.564173 -0.810490
v 0.648853 2.564173 -0.988306
v 0.874596 0.595995 -1.401490
v 0.874596 0.623933 -1.408704
v 0.952274 0.623933 -1.401053
v 0.950866 0.595995 -1.393978
v 1.026967 0.623933 -1.378395
v 1.024206 0.595995 -1.371731
v 0.874596 1.967788 -0.544119
v 1.091796 0.595995 -1.335603
v 1.095804 0.623933 -1.341601
v 1.156140 0.623933 -1.292084
v 1.151039 0.595995 -1.286983
v 1.205657 0.623933 -1.231748
v 1.199659 0.595995 -1.227740
v 0.874596 1.961318 -0.544023
v 1.242451 0.623933 -1.162911
v 1.235787 0.595995 -1.160150
v 1.265109 0.623933 -1.088218
v 1.258034 0.595995 -1.086810
v 1.265546 0.595995 -1.010540
v 1.272760 0.623933 -1.010540
v 1.265109 0.623933 -0.932862
v 1.258034 0.595995 -0.934269
v 0.832768 1.959468 -0.544119
v 1.242451 0.623933 -0.858169
v 1.235787 0.595995 -0.860930
v 1.205657 0.623933 -0.789332
v 1.199659 0.595995 -0.793339
v 0.835244 1.953491 -0.544023
v 1.151039 0.595995 -0.734096
v 1.156140 0.623933 -0.728995
v 1.095804 0.623933 -0.679479
v 1.091796 0.595995 -0.685476
v 1.026969 0.623933 -0.642686
v 1.024206 0.595995 -0.649349
v 0.952059 0.623933 -0.620013
v 0.950866 0.595995 -0.627101
v 0.874596 0.623933 -0.612377
v 0.874596 0.595995 -0.619589
v 0.797308 1.935774 -0.544119
v 0.798325 0.595995 -0.627101
v 0.797132 0.623933 -0.620013
v 0.722225 0.623933 -0.642697
v 0.724985 0.595995 -0.649349
v 0.653388 0.623933 -0.679479
v 0.657395 0.595995 -0.685476
v 0.801882 1.931200 -0.544023
v 0.593051 0.623933 -0.728995
v 0.598152 0.595995 -0.734096
v 0.549532 0.595995 -0.793339
v 0.543534 0.623933 -0.789332
v 0.506740 0.623933 -0.858169
v 0.513405 0.595995 -0.860930
v 0.484082 0.623933 -0.932862
v 0.491157 0.595995 -0.934269
v 0.773614 1.900314 -0.544119
v 0.476432 0.623933 -1.010540
v 0.483645 0.595995 -1.010540
v 0.491157 0.595995 -1.086810
v 0.484082 0.623933 -1.088218
v 0.779591 1.897838 -0.544023
v 0.506740 0.623933 -1.162911
v 0.513405 0.595995 -1.160150
v 0.543534 0.623933 -1.231748
v 0.549532 0.595995 -1.227740
v 0.593051 0.623933 -1.292084
v 0.598152 0.595995 -1.286983
v 0.653388 0.623933 -1.341601
v 0.657395 0.595995 -1.335603
v 0.722225 0.623933 -1.378395
v 0.724985 0.595995 -1.371731
v 0.765294 1.858486 -0.544119
v 0.798325 0.595995 -1.393978
v 0.796918 0.623933 -1.401053
v 0.874596 0.407606 -1.312952
v 0.874596 0.386822 -1.307333
v 0.933593 0.407606 -1.307141
v 0.932497 0.386822 -1.301630
v 0.771763 1.858486 -0.544023
v 0.988173 0.386822 -1.284741
v 0.990324 0.407606 -1.289932
v 1.042607 0.407606 -1.261986
v 1.039485 0.386822 -1.257314
v 1.088434 0.407606 -1.224378
v 1.084460 0.386822 -1.220404
v 1.126042 0.407606 -1.178551
v 1.121370 0.386822 -1.175429
v 0.773613 1.816658 -0.544119
v 1.148797 0.386822 -1.124117
v 1.153988 0.407606 -1.126268
v 1.171197 0.407606 -1.069538
v 1.165686 0.386822 -1.068441
v 0.779591 1.819134 -0.544023
v 1.177008 0.407606 -1.010540
v 1.171389 0.386822 -1.010540
v 1.171197 0.407606 -0.951542
v 1.165686 0.386822 -0.952638
v 1.153988 0.407606 -0.894812
v 1.148797 0.386822 -0.896962
v 1.121370 0.386822 -0.845650
v 1.126042 0.407606 -0.842529
v 1.088434 0.407606 -0.796702
v 1.084460 0.386822 -0.800676
v 0.797307 1.781198 -0.544119
v 1.042607 0.407606 -0.759093
v 1.039485 0.386823 -0.763766
v 0.990324 0.407606 -0.731147
v 0.988173 0.386823 -0.736339
v 0.932497 0.386823 -0.719450
v 0.933593 0.407606 -0.713938
v 0.801882 1.785773 -0.544023
v 0.874596 0.407606 -0.708127
v 0.874596 0.386823 -0.713747
v 0.815598 0.407606 -0.713938
v 0.816694 0.386823 -0.719450
v 0.758868 0.407606 -0.731147
v 0.761018 0.386823 -0.736339
v 0.709706 0.386823 -0.763766
v 0.706585 0.407606 -0.759093
v 0.660758 0.407606 -0.796702
v 0.664731 0.386822 -0.800676
v 0.832767 1.757504 -0.544119
v 0.623149 0.407606 -0.842529
v 0.627822 0.386822 -0.845650
v 0.835243 1.763481 -0.544023
v 0.595203 0.407606 -0.894812
v 0.600395 0.386822 -0.896962
v 0.583506 0.386822 -0.952638
v 0.577994 0.407606 -0.951542
v 0.572183 0.407606 -1.010540
v 0.577803 0.386822 -1.010540
v 0.577994 0.407606 -1.069538
v 0.583506 0.386822 -1.068441
v 0.595203 0.407606 -1.126268
v 0.600395 0.386822 -1.124117
v 0.623149 0.407606 -1.178551
v 0.627821 0.386822 -1.175429
v 0.874595 1.749184 -0.544119
v 0.664731 0.386822 -1.220404
v 0.660758 0.407606 -1.224378
v 0.706585 0.407606 -1.261986
v 0.709706 0.386822 -1.257314
v 0.874595 1.755653 -0.544023
v 0.758868 0.407606 -1.289932
v 0.761018 0.386822 -1.284741
v 0.816694 0.386822 -1.301630
v 0.815598 0.407606 -1.307141
v 0.874596 0.199493 -1.294809
v 0.874596 0.218209 -1.302885
v 0.916423 1.757504 -0.544119
v 0.931629 0.218209 -1.297267
v 0.930054 0.199493 -1.289347
v 0.986471 0.218209 -1.280631
v 0.983381 0.199493 -1.273170
v 0.913947 1.763481 -0.544023
v 1.032527 0.199493 -1.246901
v 1.037014 0.218209 -1.253616
v 1.081315 0.218209 -1.217259
v 1.075604 0.199493 -1.211548
v 1.117672 0.218209 -1.172958
v 1.110957 0.199493 -1.168471
v 1.144687 0.218209 -1.122415
v 1.137226 0.199493 -1.119325
v 1.161323 0.218209 -1.067573
v 1.153403 0.199493 -1.065998
v 1.158865 0.199493 -1.010540
v 1.166941 0.218209 -1.010540
v 0.951883 1.781197 -0.544119
v 1.161323 0.218209 -0.953506
v 1.153403 0.199493 -0.955082
v 1.144687 0.218209 -0.898664
v 1.137226 0.199493 -0.901755
v 0.947308 1.785772 -0.544023
v 1.117672 0.218209 -0.848122
v 1.110957 0.199493 -0.852608
v 1.075604 0.199493 -0.809531
v 1.081315 0.218209 -0.803821
v 1.037014 0.218209 -0.767464
v 1.032527 0.199493 -0.774179
v 0.986471 0.218209 -0.740448
v 0.983381 0.199493 -0.747909
v 0.931629 0.218209 -0.723812
v 0.930054 0.199493 -0.731733
v 0.975577 1.816657 -0.544119
v 0.874596 0.199493 -0.726271
v 0.874596 0.218209 -0.718195
v 0.969600 1.819133 -0.544023
v 0.817562 0.218209 -0.723812
v 0.819138 0.199493 -0.731733
v 0.762720 0.218209 -0.740448
v 0.765811 0.199493 -0.747909
v 0.712178 0.218209 -0.767464
v 0.716664 0.199493 -0.774179
v 0.673587 0.199493 -0.809531
v 0.667877 0.218209 -0.803821
v 0.631520 0.218209 -0.848122
v 0.638235 0.199493 -0.852608
v 0.983897 1.858485 -0.544119
v 0.604504 0.218209 -0.898664
v 0.611965 0.199493 -0.901755
v 0.587868 0.218209 -0.953506
v 0.595789 0.199493 -0.955082
v 0.582251 0.218209 -1.010540
v 0.590327 0.199493 -1.010540
v 0.977428 1.858485 -0.544023
v 0.595789 0.199493 -1.065998
v 0.587868 0.218209 -1.067573
v 0.604504 0.218209 -1.122415
v 0.611965 0.199493 -1.119325
v 0.631520 0.218209 -1.172958
v 0.638235 0.199493 -1.168471
v 0.667877 0.218209 -1.217259
v 0.673587 0.199493 -1.211548
v 0.716664 0.199493 -1.246901
v 0.712178 0.218209 -1.253616
v 0.975577 1.900313 -0.544119
v 0.762720 0.218209 -1.280631
v 0.765811 0.199493 -1.273170
v 0.969600 1.897838 -0.544023
v 0.819138 0.199493 -1.289347
v 0.817562 0.218209 -1.297267
v 0.852187 0.149535 -1.238056
v 0.940960 0.149535 -1.229313
v 1.019629 0.149535 -1.187263
v 0.951884 1.935774 -0.544119
v 1.076218 0.149535 -1.118309
v 0.947309 1.931199 -0.544023
v 1.102112 0.149535 -1.032948
v 1.093369 0.149535 -0.944176
v 0.916424 1.959467 -0.544119
v 1.051319 0.149535 -0.865506
v 0.913948 1.953490 -0.544023
v 0.982365 0.149535 -0.808917
v 0.897004 0.149535 -0.783023
v 0.808232 0.149535 -0.791767
v 0.729562 0.149535 -0.833816
v 0.672973 0.149535 -0.902770
v 0.647079 0.149535 -0.988131
v 0.655823 0.149535 -1.076904
v 0.697872 0.149535 -1.155573
v 0.766826 0.149535 -1.212162
v 0.940442 2.564173 -1.227607
v 0.952524 2.392935 -1.402313
v 0.931901 2.551138 -1.298634
v 0.942768 2.514019 -1.353267
v 0.950010 2.458465 -1.389674
v 0.874596 2.392935 -1.409988
v 0.874596 2.551138 -1.304278
v 0.874596 2.514019 -1.359981
v 0.874596 2.458465 -1.397102
v 1.027458 2.392935 -1.379582
v 0.987004 2.551138 -1.281918
v 1.008321 2.514019 -1.333381
v 1.022527 2.458465 -1.367676
v 1.018498 2.564173 -1.185886
v 1.096517 2.392935 -1.342669
v 1.037788 2.551138 -1.254774
v 1.068735 2.514019 -1.301090
v 1.089358 2.458465 -1.331954
v 1.157048 2.392935 -1.292993
v 1.082299 2.551138 -1.218244
v 1.121688 2.514019 -1.257632
v 1.147936 2.458465 -1.283880
v 1.206725 2.392935 -1.232462
v 1.118830 2.551138 -1.173732
v 1.165145 2.514019 -1.204679
v 1.196010 2.458465 -1.225302
v 1.243638 2.392935 -1.163402
v 1.074646 2.564173 -1.117469
v 1.231732 2.458465 -1.158471
v 1.197437 2.514019 -1.144265
v 1.145974 2.551138 -1.122949
v 1.274044 2.392935 -1.010540
v 1.168334 2.551138 -1.010540
v 1.224037 2.514019 -1.010540
v 1.261157 2.458465 -1.010540
v 1.266369 2.392935 -0.932612
v 1.091663 2.564173 -0.944694
v 1.253730 2.458465 -0.935126
v 1.217322 2.514019 -0.942368
v 1.162689 2.551138 -0.953235
v 1.243638 2.392935 -0.857678
v 1.145974 2.551138 -0.898132
v 1.197437 2.514019 -0.876815
v 1.231732 2.458465 -0.862610
v 1.049941 2.564173 -0.866638
v 1.206725 2.392935 -0.788619
v 1.118830 2.551138 -0.847348
v 1.165145 2.514019 -0.816401
v 1.196010 2.458465 -0.795778
v 1.157048 2.392935 -0.728088
v 1.082299 2.551138 -0.802836
v 1.121688 2.514019 -0.763448
v 1.147936 2.458465 -0.737200
v 1.096517 2.392935 -0.678411
v 1.037788 2.551138 -0.766306
v 1.068735 2.514019 -0.719991
v 1.089358 2.458465 -0.689126
v 1.028020 2.392922 -0.641695
v 1.022874 2.458457 -0.653526
v 1.008486 2.514015 -0.687757
v 0.987047 2.551137 -0.739177
v 0.874596 2.392949 -0.611296
v 0.874596 2.551139 -0.716818
v 0.874596 2.514022 -0.661159
v 0.874596 2.458473 -0.624104
v 0.808749 2.564173 -0.793473
v 0.807729 2.392951 -0.618224
v 0.818132 2.551139 -0.722405
v 0.809663 2.514023 -0.667655
v 0.806010 2.458475 -0.631071
v 0.721198 2.392935 -0.641788
v 0.762146 2.551138 -0.739184
v 0.740714 2.514019 -0.687784
v 0.726335 2.458465 -0.653583
v 0.730693 2.564173 -0.835195
v 0.652674 2.392935 -0.678411
v 0.711404 2.551138 -0.766306
v 0.680457 2.514019 -0.719991
v 0.659834 2.458465 -0.689126
v 0.592143 2.392935 -0.728088
v 0.666892 2.551138 -0.802836
v 0.627504 2.514019 -0.763448
v 0.601256 2.458465 -0.737200
v 0.674546 2.564173 -0.903611
v 0.542467 2.392935 -0.788619
v 0.630362 2.551138 -0.847348
v 0.584046 2.514019 -0.816401
v 0.553182 2.458465 -0.795778
v 0.505554 2.392935 -0.857678
v 0.517460 2.458465 -0.862609
v 0.551755 2.514019 -0.876815
v 0.603218 2.551138 -0.898132
v 0.482823 2.392935 -0.932612
v 0.586502 2.551138 -0.953235
v 0.531869 2.514019 -0.942368
v 0.495462 2.458465 -0.935126
v 0.475148 2.392935 -1.010540
v 0.580858 2.551138 -1.010540
v 0.525155 2.514019 -1.010540
v 0.488034 2.458465 -1.010540
v 0.592143 2.392935 -1.292993
v 0.666892 2.551138 -1.218244
v 0.627504 2.514019 -1.257632
v 0.601256 2.458465 -1.283880
v 0.652674 2.392935 -1.342669
v 0.767667 2.564173 -1.210590
v 0.659834 2.458465 -1.331954
v 0.680457 2.514019 -1.301090
v 0.711404 2.551138 -1.254774
v 0.721734 2.392935 -1.379582
v 0.726665 2.458465 -1.367676
v 0.740870 2.514019 -1.333381
v 0.762187 2.551138 -1.281918
v 0.505554 2.392935 -1.163402
v 0.517460 2.458465 -1.158471
v 0.551755 2.514019 -1.144265
v 0.603218 2.551138 -1.122949
v 0.542467 2.392935 -1.232462
v 0.630362 2.551138 -1.173732
v 0.584046 2.514019 -1.204679
v 0.553182 2.458465 -1.225302
v 1.100338 2.564173 -1.032774
v 1.266369 2.392935 -1.088469
v 1.162689 2.551138 -1.067845
v 1.217322 2.514019 -1.078713
v 1.253730 2.458465 -1.085954
v 0.896829 2.564173 -0.784798
v 0.941501 2.392951 -0.618235
v 0.931062 2.551139 -0.722406
v 0.939540 2.514023 -0.667658
v 0.943205 2.458475 -0.631078
v 0.796667 2.392935 -1.402313
v 0.817290 2.551138 -1.298634
v 0.806423 2.514019 -1.353267
v 0.799181 2.458465 -1.389674
v 0.482823 2.392935 -1.088469
v 0.586502 2.551138 -1.067845
v 0.531869 2.514019 -1.078713
v 0.495462 2.458465 -1.085955
v 0.940647 2.626080 -1.228281
v 0.852293 2.626080 -1.236984
v 1.018945 2.626080 -1.186430
v 1.075267 2.626080 -1.117801
v 1.101039 2.626080 -1.032843
v 1.092337 2.626080 -0.944489
v 1.050486 2.626080 -0.866191
v 0.981857 2.626080 -0.809869
v 0.896898 2.626080 -0.784097
v 0.808545 2.626080 -0.792799
v 0.730246 2.626080 -0.834650
v 0.648152 2.626080 -0.988237
v 0.698706 2.626080 -1.154889
v 0.767335 2.626080 -1.211212
v 0.673924 2.626080 -0.903279
v 0.656854 2.626080 -1.076591
v 0.944392 2.635108 -1.240627
v 0.851028 2.635108 -1.249822
v 1.027129 2.635108 -1.196403
v 1.086645 2.635108 -1.123883
v 1.113878 2.635108 -1.034107
v 1.104682 2.635108 -0.940744
v 1.060458 2.635108 -0.858007
v 0.987938 2.635108 -0.798491
v 0.898163 2.635108 -0.771258
v 0.804800 2.635108 -0.780454
v 0.722062 2.635108 -0.824678
v 0.635314 2.635108 -0.986973
v 0.688733 2.635108 -1.163074
v 0.761253 2.635108 -1.222589
v 0.662547 2.635108 -0.897198
v 0.644509 2.635108 -1.080336
v 0.874596 2.677814 -1.010540
v 1.113451 2.677814 -1.034065
v 0.898121 2.677814 -0.771685
v 0.635741 2.677814 -0.987015
v 0.851071 2.677814 -1.249395
v 0.944267 2.677814 -1.240216
v 0.644920 2.677814 -1.080212
v 0.804924 2.677814 -0.780864
v 1.026857 2.677814 -1.196071
v 1.060127 2.677814 -0.858279
v 0.722335 2.677814 -0.825009
v 0.689065 2.677814 -1.162801
v 0.761455 2.677814 -1.222211
v 1.086266 2.677814 -1.123680
v 0.987736 2.677814 -0.798870
v 0.662925 2.677814 -0.897400
v 1.104272 2.677814 -0.940869
v 0.874596 1.995654 -0.562925
v 0.874596 1.984247 -0.551927
v 0.825211 1.974423 -0.551927
v 0.820844 1.984940 -0.562926
v 0.775310 1.954485 -0.562926
v 0.783345 1.946450 -0.551927
v 0.755371 1.904583 -0.551927
v 0.744888 1.908912 -0.562926
v 0.734209 1.855199 -0.562926
v 0.745548 1.855200 -0.551927
v 0.744881 1.801487 -0.562926
v 0.755370 1.805816 -0.551927
v 0.783345 1.763949 -0.551927
v 0.775310 1.755914 -0.562926
v 0.820845 1.725455 -0.562925
v 0.825210 1.735975 -0.551927
v 0.874595 1.726152 -0.551927
v 0.874595 1.714745 -0.562925
v 0.928346 1.725459 -0.562925
v 0.923980 1.735975 -0.551927
v 0.973881 1.755913 -0.562926
v 0.965845 1.763948 -0.551927
v 1.004303 1.801487 -0.562926
v 0.993819 1.805815 -0.551927
v 1.014982 1.855198 -0.562926
v 1.003643 1.855199 -0.551927
v 1.004310 1.908911 -0.562926
v 0.993820 1.904582 -0.551927
v 0.973882 1.954485 -0.562926
v 0.965846 1.946449 -0.551927
v 0.923980 1.974423 -0.551927
v 0.928346 1.984943 -0.562925
v 1.807772 1.141422 -0.551927
v 1.807772 1.134079 -0.551593
v 1.764007 1.132717 -0.551927
v 1.766817 1.125933 -0.551593
v 1.726905 1.107926 -0.551927
v 1.732097 1.102734 -0.551593
v 1.702113 1.070824 -0.551927
v 1.708898 1.068014 -0.551593
v 1.693408 1.027059 -0.551927
v 1.700751 1.027059 -0.551593
v 1.702113 0.983294 -0.551927
v 1.708897 0.986104 -0.551593
v 1.726904 0.946192 -0.551927
v 1.732096 0.951384 -0.551593
v 1.764006 0.921401 -0.551927
v 1.766816 0.928185 -0.551593
v 1.807771 0.912695 -0.551927
v 1.807771 0.920038 -0.551593
v 1.851536 0.921400 -0.551927
v 1.807772 0.149535 -1.010540
v 1.848726 0.928184 -0.551593
v 1.888638 0.946191 -0.551927
v 1.807771 1.027058 -0.551593
v 1.883446 0.951383 -0.551593
v 1.913430 0.983293 -0.551927
v 1.906645 0.986103 -0.551593
v 1.922135 1.027058 -0.551927
v 1.914792 1.027058 -0.551593
v 1.913430 1.070823 -0.551927
v 1.906646 1.068013 -0.551593
v 1.888639 1.107926 -0.551927
v 1.883447 1.102733 -0.551593
v 1.851537 1.132717 -0.551927
v 1.848727 1.125933 -0.551593
v 1.655331 1.027061 -0.642299
v 1.960212 1.027061 -0.642299
v 1.948881 1.027057 -0.627331
v 1.915169 1.135548 -0.628530
v 1.907551 1.126838 -0.614562
v 1.948465 0.968406 -0.638794
v 1.938156 0.973142 -0.624131
v 1.938196 1.080974 -0.623893
v 1.948465 1.085715 -0.638680
v 1.907551 0.927280 -0.614751
v 1.915102 0.918704 -0.628722
v 1.807772 1.168168 -0.600288
v 1.807772 1.179903 -0.611843
v 1.865847 0.885798 -0.618476
v 1.861811 0.896717 -0.605771
v 1.861808 1.157419 -0.605620
v 1.865871 1.168410 -0.618242
v 1.807771 0.874215 -0.612131
v 1.807771 0.885950 -0.600554
v 1.749636 0.885734 -0.618492
v 1.753736 0.896698 -0.605866
v 1.753731 1.157399 -0.605524
v 1.749748 1.168329 -0.618223
v 1.666663 1.027058 -0.627332
v 1.667078 0.968407 -0.638795
v 1.677348 0.973143 -0.624002
v 1.667078 1.085716 -0.638680
v 1.677387 1.080975 -0.624025
v 1.700338 0.918630 -0.628754
v 1.707992 0.927280 -0.614759
v 1.700506 1.135454 -0.628490
v 1.707992 1.126837 -0.614553
v 1.590705 2.564173 -1.076387
v 1.632427 2.564173 -1.154442
v 1.785538 2.564173 -1.236282
v 1.914701 2.564173 -0.810490
v 1.582030 2.564173 -0.988306
v 1.807772 0.595995 -1.401490
v 1.807772 0.623933 -1.408704
v 1.885450 0.623933 -1.401053
v 1.884043 0.595995 -1.393978
v 1.960142 0.623933 -1.378395
v 1.957382 0.595995 -1.371731
v 1.807772 1.139647 -0.544119
v 2.024972 0.595995 -1.335603
v 2.028980 0.623933 -1.341601
v 2.089316 0.623933 -1.292084
v 2.084215 0.595995 -1.286983
v 2.138833 0.623933 -1.231748
v 2.132835 0.595995 -1.227740
v 1.807772 1.133178 -0.544023
v 2.175627 0.623933 -1.162911
v 2.168963 0.595995 -1.160150
v 2.198285 0.623933 -1.088218
v 2.191210 0.595995 -1.086810
v 2.198722 0.595995 -1.010540
v 2.205935 0.623933 -1.010540
v 2.198285 0.623933 -0.932862
v 2.191210 0.595995 -0.934269
v 1.765944 1.131328 -0.544119
v 2.175627 0.623933 -0.858169
v 2.168963 0.595995 -0.860930
v 2.138833 0.623933 -0.789332
v 2.132835 0.595995 -0.793339
v 1.768420 1.125350 -0.544023
v 2.084215 0.595995 -0.734096
v 2.089316 0.623933 -0.728995
v 2.028980 0.623933 -0.679479
v 2.024972 0.595995 -0.685476
v 1.960145 0.623933 -0.642686
v 1.957382 0.595995 -0.649349
v 1.885235 0.623933 -0.620013
v 1.884043 0.595995 -0.627101
v 1.807772 0.623933 -0.612377
v 1.807772 0.595995 -0.619589
v 1.730484 1.107634 -0.544119
v 1.731501 0.595995 -0.627101
v 1.730308 0.623933 -0.620013
v 1.655401 0.623933 -0.642697
v 1.658162 0.595995 -0.649349
v 1.586564 0.623933 -0.679479
v 1.590571 0.595995 -0.685476
v 1.735059 1.103059 -0.544023
v 1.526227 0.623933 -0.728995
v 1.531328 0.595995 -0.734096
v 1.482708 0.595995 -0.793339
v 1.476711 0.623933 -0.789332
v 1.439916 0.623933 -0.858169
v 1.446581 0.595995 -0.860930
v 1.417259 0.623933 -0.932862
v 1.424334 0.595995 -0.934269
v 1.706790 1.072174 -0.544119
v 1.409608 0.623933 -1.010540
v 1.416821 0.595995 -1.010540
v 1.424334 0.595995 -1.086810
v 1.417259 0.623933 -1.088218
v 1.712767 1.069698 -0.544023
v 1.439916 0.623933 -1.162911
v 1.446581 0.595995 -1.160150
v 1.476711 0.623933 -1.231748
v 1.482708 0.595995 -1.227740
v 1.526227 0.623933 -1.292084
v 1.531328 0.595995 -1.286983
v 1.586564 0.623933 -1.341601
v 1.590571 0.595995 -1.335603
v 1.655401 0.623933 -1.378395
v 1.658162 0.595995 -1.371731
v 1.698470 1.030346 -0.544119
v 1.731501 0.595995 -1.393978
v 1.730094 0.623933 -1.401053
v 1.807772 0.407606 -1.312952
v 1.807772 0.386822 -1.307333
v 1.866770 0.407606 -1.307141
v 1.865673 0.386822 -1.301630
v 1.704939 1.030346 -0.544023
v 1.921350 0.386822 -1.284741
v 1.923500 0.407606 -1.289932
v 1.975783 0.407606 -1.261986
v 1.972661 0.386822 -1.257314
v 2.021609 0.407606 -1.224378
v 2.017636 0.386822 -1.220404
v 2.059218 0.407606 -1.178551
v 2.054546 0.386822 -1.175429
v 1.706790 0.988518 -0.544119
v 2.081973 0.386822 -1.124117
v 2.087164 0.407606 -1.126268
v 2.104373 0.407606 -1.069538
v 2.098862 0.386822 -1.068441
v 1.712767 0.990994 -0.544023
v 2.110184 0.407606 -1.010540
v 2.104565 0.386822 -1.010540
v 2.104373 0.407606 -0.951542
v 2.098862 0.386822 -0.952638
v 2.087164 0.407606 -0.894812
v 2.081973 0.386822 -0.896962
v 2.054546 0.386822 -0.845650
v 2.059218 0.407606 -0.842529
v 2.021609 0.407606 -0.796702
v 2.017636 0.386822 -0.800676
v 1.730483 0.953058 -0.544119
v 1.975783 0.407606 -0.759093
v 1.972661 0.386823 -0.763766
v 1.923500 0.407606 -0.731147
v 1.921350 0.386823 -0.736339
v 1.865673 0.386823 -0.719450
v 1.866770 0.407606 -0.713938
v 1.735058 0.957632 -0.544023
v 1.807772 0.407606 -0.708127
v 1.807772 0.386823 -0.713747
v 1.748774 0.407606 -0.713938
v 1.749870 0.386823 -0.719450
v 1.692044 0.407606 -0.731147
v 1.694194 0.386823 -0.736339
v 1.642883 0.386823 -0.763766
v 1.639761 0.407606 -0.759093
v 1.593934 0.407606 -0.796702
v 1.597908 0.386822 -0.800676
v 1.765943 0.929364 -0.544119
v 1.556325 0.407606 -0.842529
v 1.560998 0.386822 -0.845650
v 1.768419 0.935341 -0.544023
v 1.528379 0.407606 -0.894812
v 1.533571 0.386822 -0.896962
v 1.516682 0.386822 -0.952638
v 1.511170 0.407606 -0.951542
v 1.505360 0.407606 -1.010540
v 1.510979 0.386822 -1.010540
v 1.511170 0.407606 -1.069538
v 1.516682 0.386822 -1.068441
v 1.528379 0.407606 -1.126268
v 1.533571 0.386822 -1.124117
v 1.556325 0.407606 -1.178551
v 1.560998 0.386822 -1.175429
v 1.807771 0.921044 -0.544119
v 1.597908 0.386822 -1.220404
v 1.593934 0.407606 -1.224378
v 1.639761 0.407606 -1.261986
v 1.642883 0.386822 -1.257314
v 1.807771 0.927513 -0.544023
v 1.692044 0.407606 -1.289932
v 1.694194 0.386822 -1.284741
v 1.749870 0.386822 -1.301630
v 1.748774 0.407606 -1.307141
v 1.807772 0.199493 -1.294809
v 1.807772 0.218209 -1.302885
v 1.849599 0.929364 -0.544119
v 1.864805 0.218209 -1.297267
v 1.863230 0.199493 -1.289347
v 1.919647 0.218209 -1.280631
v 1.916557 0.199493 -1.273170
v 1.847123 0.935341 -0.544023
v 1.965703 0.199493 -1.246901
v 1.970190 0.218209 -1.253616
v 2.014491 0.218209 -1.217259
v 2.008780 0.199493 -1.211548
v 2.050848 0.218209 -1.172958
v 2.044133 0.199493 -1.168471
v 2.077863 0.218209 -1.122415
v 2.070402 0.199493 -1.119325
v 2.094500 0.218209 -1.067573
v 2.086579 0.199493 -1.065998
v 2.092041 0.199493 -1.010540
v 2.100117 0.218209 -1.010540
v 1.885059 0.953057 -0.544119
v 2.094500 0.218209 -0.953506
v 2.086579 0.199493 -0.955082
v 2.077863 0.218209 -0.898664
v 2.070402 0.199493 -0.901755
v 1.880485 0.957632 -0.544023
v 2.050848 0.218209 -0.848122
v 2.044133 0.199493 -0.852608
v 2.008780 0.199493 -0.809531
v 2.014491 0.218209 -0.803821
v 1.970190 0.218209 -0.767464
v 1.965703 0.199493 -0.774179
v 1.919647 0.218209 -0.740448
v 1.916557 0.199493 -0.747909
v 1.864805 0.218209 -0.723812
v 1.863230 0.199493 -0.731733
v 1.908753 0.988517 -0.544119
v 1.807772 0.199493 -0.726271
v 1.807772 0.218209 -0.718195
v 1.902776 0.990993 -0.544023
v 1.750738 0.218209 -0.723812
v 1.752314 0.199493 -0.731733
v 1.695896 0.218209 -0.740448
v 1.698987 0.199493 -0.747909
v 1.645354 0.218209 -0.767464
v 1.649841 0.199493 -0.774179
v 1.606763 0.199493 -0.809531
v 1.601053 0.218209 -0.803821
v 1.564696 0.218209 -0.848122
v 1.571411 0.199493 -0.852608
v 1.917073 1.030345 -0.544119
v 1.537680 0.218209 -0.898664
v 1.545142 0.199493 -0.901755
v 1.521044 0.218209 -0.953506
v 1.528965 0.199493 -0.955082
v 1.515427 0.218209 -1.010540
v 1.523503 0.199493 -1.010540
v 1.910604 1.030345 -0.544023
v 1.528965 0.199493 -1.065998
v 1.521044 0.218209 -1.067573
v 1.537680 0.218209 -1.122415
v 1.545142 0.199493 -1.119325
v 1.564696 0.218209 -1.172958
v 1.571411 0.199493 -1.168471
v 1.601053 0.218209 -1.217259
v 1.606763 0.199493 -1.211548
v 1.649841 0.199493 -1.246901
v 1.645354 0.218209 -1.253616
v 1.908754 1.072173 -0.544119
v 1.695896 0.218209 -1.280631
v 1.698987 0.199493 -1.273170
v 1.902776 1.069697 -0.544023
v 1.752314 0.199493 -1.289347
v 1.750738 0.218209 -1.297267
v 1.785363 0.149535 -1.238056
v 1.874136 0.149535 -1.229313
v 1.952805 0.149535 -1.187263
v 1.885060 1.107633 -0.544119
v 2.009394 0.149535 -1.118309
v 1.880485 1.103058 -0.544023
v 2.035288 0.149535 -1.032948
v 2.026545 0.149535 -0.944176
v 1.849600 1.131327 -0.544119
v 1.984496 0.149535 -0.865506
v 1.847124 1.125350 -0.544023
v 1.915542 0.149535 -0.808917
v 1.830180 0.149535 -0.783023
v 1.741408 0.149535 -0.791767
v 1.662739 0.149535 -0.833816
v 1.606149 0.149535 -0.902770
v 1.580255 0.149535 -0.988131
v 1.588999 0.149535 -1.076904
v 1.631048 0.149535 -1.155573
v 1.700002 0.149535 -1.212162
v 1.873619 2.564173 -1.227607
v 1.885700 2.392935 -1.402313
v 1.883186 2.458465 -1.389674
v 1.807772 2.392935 -1.409988
v 1.807772 2.458465 -1.397102
v 1.960634 2.392935 -1.379582
v 1.892629 2.551138 -1.290276
v 1.908721 2.514019 -1.343324
v 1.955702 2.458465 -1.367676
v 1.951674 2.564173 -1.185886
v 2.029694 2.392935 -1.342669
v 2.022534 2.458465 -1.331954
v 2.090224 2.392935 -1.292993
v 1.993219 2.551138 -1.236509
v 2.028387 2.514019 -1.279361
v 2.081112 2.458465 -1.283880
v 2.139901 2.392935 -1.232462
v 2.129186 2.458465 -1.225302
v 2.176814 2.392935 -1.163402
v 2.007822 2.564173 -1.117469
v 2.164908 2.458465 -1.158471
v 2.114467 2.514019 -1.174472
v 2.065578 2.551138 -1.148340
v 2.207220 2.392935 -1.010540
v 2.098688 2.551138 -1.039193
v 2.153855 2.514019 -1.044626
v 2.194334 2.458465 -1.010540
v 2.199545 2.392935 -0.932612
v 2.024839 2.564173 -0.944694
v 2.186906 2.458465 -0.935126
v 2.176814 2.392935 -0.857678
v 2.087508 2.551138 -0.925683
v 2.140556 2.514019 -0.909591
v 2.164908 2.458465 -0.862610
v 1.983117 2.564173 -0.866638
v 2.139901 2.392935 -0.788619
v 2.129186 2.458465 -0.795778
v 2.090224 2.392935 -0.728088
v 2.033741 2.551138 -0.825092
v 2.076592 2.514019 -0.789925
v 2.081112 2.458465 -0.737200
v 2.029694 2.392935 -0.678411
v 2.022534 2.458465 -0.689126
v 1.961196 2.392922 -0.641695
v 1.956050 2.458457 -0.653526
v 1.971786 2.514017 -0.703874
v 1.945593 2.551138 -0.752742
v 1.807772 2.392949 -0.611296
v 1.836005 2.551139 -0.719612
v 1.840244 2.514023 -0.664408
v 1.807772 2.458473 -0.624104
v 1.741925 2.564173 -0.793473
v 1.740906 2.392951 -0.618224
v 1.739186 2.458475 -0.631071
v 1.654375 2.392935 -0.641788
v 1.723315 2.551139 -0.730795
v 1.708365 2.514021 -0.677719
v 1.659511 2.458465 -0.653583
v 1.663870 2.564173 -0.835195
v 1.585850 2.392935 -0.678411
v 1.593010 2.458465 -0.689126
v 1.525319 2.392935 -0.728088
v 1.622324 2.551138 -0.784571
v 1.587157 2.514019 -0.741719
v 1.534432 2.458465 -0.737200
v 1.607722 2.564173 -0.903611
v 1.475643 2.392935 -0.788619
v 1.486358 2.458465 -0.795778
v 1.438730 2.392935 -0.857678
v 1.450636 2.458465 -0.862609
v 1.501077 2.514019 -0.846608
v 1.549966 2.551138 -0.872740
v 1.415999 2.392935 -0.932612
v 1.428638 2.458465 -0.935126
v 1.408324 2.392935 -1.010540
v 1.516856 2.551138 -0.981887
v 1.461688 2.514019 -0.976454
v 1.421211 2.458465 -1.010540
v 1.525319 2.392935 -1.292993
v 1.581803 2.551138 -1.195988
v 1.538951 2.514019 -1.231156
v 1.534432 2.458465 -1.283880
v 1.585850 2.392935 -1.342669
v 1.700843 2.564173 -1.210590
v 1.593010 2.458465 -1.331954
v 1.654910 2.392935 -1.379582
v 1.659841 2.458465 -1.367676
v 1.643840 2.514019 -1.317235
v 1.669972 2.551138 -1.268346
v 1.438730 2.392935 -1.163402
v 1.450636 2.458465 -1.158471
v 1.474988 2.514019 -1.111489
v 1.528036 2.551138 -1.095397
v 1.475643 2.392935 -1.232462
v 1.486358 2.458465 -1.225302
v 2.033514 2.564173 -1.032774
v 2.199545 2.392935 -1.088469
v 2.186906 2.458465 -1.085954
v 1.830005 2.564173 -0.784798
v 1.874677 2.392951 -0.618235
v 1.876381 2.458475 -0.631078
v 1.729843 2.392935 -1.402313
v 1.779119 2.551138 -1.301456
v 1.773686 2.514019 -1.356624
v 1.732358 2.458465 -1.389674
v 1.415999 2.392935 -1.088469
v 1.428638 2.458465 -1.085955
v 1.807772 2.564173 -1.010540
v 1.807772 1.167514 -0.562925
v 1.807772 1.156106 -0.551927
v 1.758387 1.146283 -0.551927
v 1.754020 1.156799 -0.562925
v 1.708486 1.126345 -0.562926
v 1.716522 1.118309 -0.551927
v 1.688548 1.076443 -0.551927
v 1.678064 1.080771 -0.562926
v 1.667385 1.027059 -0.562926
v 1.678724 1.027059 -0.551927
v 1.678057 0.973347 -0.562926
v 1.688547 0.977675 -0.551927
v 1.716521 0.935809 -0.551927
v 1.708486 0.927773 -0.562926
v 1.754021 0.897315 -0.562925
v 1.758386 0.907835 -0.551927
v 1.807771 0.898011 -0.551927
v 1.807771 0.886604 -0.562925
v 1.861522 0.897319 -0.562925
v 1.857156 0.907835 -0.551927
v 1.907057 0.927773 -0.562926
v 1.899021 0.935808 -0.551927
v 1.937479 0.973346 -0.562926
v 1.926996 0.977675 -0.551927
v 1.948158 1.027058 -0.562926
v 1.936819 1.027058 -0.551927
v 1.937486 1.080770 -0.562926
v 1.926996 1.076442 -0.551927
v 1.907058 1.126344 -0.562926
v 1.899022 1.118309 -0.551927
v 1.857157 1.146283 -0.551927
v 1.861522 1.156803 -0.562925
v 0.730935 1.704813 -0.447996
v 0.644262 1.754615 -0.447996
v 0.670334 1.658113 -0.447996
v 0.710306 1.668913 -0.447996
v 0.713089 1.739355 -0.447996
v 0.683092 1.756591 -0.447996
v 0.632456 1.717571 -0.447996
v 0.641480 1.684172 -0.447996
v 0.671477 1.666936 -0.447996
v 0.720135 1.744786 -0.447996
v 0.684234 1.765414 -0.447996
v 0.623634 1.718714 -0.447996
v 0.634433 1.678742 -0.447996
v 0.722112 1.705956 -0.447996
v 0.649693 1.747568 -0.447996
v 0.704876 1.675959 -0.447996
v 0.720135 1.744786 -0.455122
v 0.730935 1.704813 -0.455122
v 0.684234 1.765414 -0.455122
v 0.644262 1.754615 -0.455122
v 0.623634 1.718714 -0.455122
v 0.634433 1.678742 -0.455122
v 0.670334 1.658113 -0.455122
v 0.710306 1.668913 -0.455122
v 0.713089 1.739355 -0.455122
v 0.722112 1.705956 -0.455122
v 0.683092 1.756591 -0.455122
v 0.649693 1.747568 -0.455122
v 0.632456 1.717571 -0.455122
v 0.641480 1.684172 -0.455122
v 0.671477 1.666936 -0.455122
v 0.704876 1.675959 -0.455122
v 1.073666 1.658809 -0.447996
v 1.100704 1.755044 -0.447996
v 1.013537 1.706114 -0.447996
v 1.033804 1.670009 -0.447996
v 1.102780 1.684577 -0.447996
v 1.112138 1.717884 -0.447996
v 1.061897 1.757410 -0.447996
v 1.031728 1.740476 -0.447996
v 1.022371 1.707169 -0.447996
v 1.109772 1.679076 -0.447996
v 1.120971 1.718938 -0.447996
v 1.060842 1.766244 -0.447996
v 1.024736 1.745976 -0.447996
v 1.072612 1.667643 -0.447996
v 1.095203 1.748052 -0.447996
v 1.039305 1.677000 -0.447996
v 1.109772 1.679076 -0.455122
v 1.073666 1.658809 -0.455122
v 1.120971 1.718938 -0.455122
v 1.100704 1.755044 -0.455122
v 1.060842 1.766244 -0.455122
v 1.024736 1.745976 -0.455122
v 1.013537 1.706114 -0.455122
v 1.033804 1.670009 -0.455122
v 1.102780 1.684577 -0.455122
v 1.072612 1.667643 -0.455122
v 1.112138 1.717884 -0.455122
v 1.095203 1.748052 -0.455122
v 1.061897 1.757410 -0.455122
v 1.031728 1.740476 -0.455122
v 1.022371 1.707169 -0.455122
v 1.039305 1.677000 -0.455122
v 1.243280 1.861220 -0.582164
v 1.331616 1.814433 -0.582165
v 1.302237 1.909979 -0.582165
v 1.262660 1.897810 -0.582164
v 1.262305 1.827313 -0.582164
v 1.292878 1.811120 -0.582165
v 1.342139 1.851861 -0.582165
v 1.331971 1.884929 -0.582164
v 1.301399 1.901122 -0.582165
v 1.255449 1.821644 -0.582164
v 1.292039 1.802264 -0.582165
v 1.350996 1.851022 -0.582165
v 1.338827 1.890599 -0.582164
v 1.252137 1.860382 -0.582164
v 1.325946 1.821288 -0.582165
v 1.268330 1.890954 -0.582164
v 1.255449 1.821644 -0.589290
v 1.243280 1.861220 -0.589290
v 1.292039 1.802264 -0.589290
v 1.331616 1.814433 -0.589290
v 1.350996 1.851022 -0.589290
v 1.338827 1.890599 -0.589290
v 1.302237 1.909979 -0.589290
v 1.262660 1.897810 -0.589290
v 1.262305 1.827313 -0.589290
v 1.252137 1.860382 -0.589290
v 1.292878 1.811120 -0.589290
v 1.325946 1.821288 -0.589290
v 1.342139 1.851861 -0.589290
v 1.331971 1.884929 -0.589290
v 1.301399 1.901122 -0.589290
v 1.268330 1.890954 -0.589290
v 0.382382 1.855727 -0.582164
v 0.475028 1.818189 -0.582165
v 0.436061 1.910243 -0.582165
v 0.397931 1.894102 -0.582164
v 0.404765 1.823936 -0.582164
v 0.436829 1.810945 -0.582165
v 0.481680 1.856495 -0.582165
v 0.468194 1.888355 -0.582164
v 0.436130 1.901347 -0.582165
v 0.398523 1.817597 -0.582164
v 0.436898 1.802049 -0.582165
v 0.490576 1.856564 -0.582165
v 0.474436 1.894694 -0.582165
v 0.391279 1.855796 -0.582164
v 0.468689 1.824431 -0.582165
v 0.404270 1.887860 -0.582164
v 0.398523 1.817597 -0.589290
v 0.382382 1.855727 -0.589290
v 0.436898 1.802049 -0.589290
v 0.475028 1.818189 -0.589290
v 0.490576 1.856564 -0.589290
v 0.474436 1.894694 -0.589290
v 0.436061 1.910243 -0.589290
v 0.397931 1.894102 -0.589290
v 0.404765 1.823936 -0.589290
v 0.391279 1.855796 -0.589290
v 0.436829 1.810945 -0.589290
v 0.468689 1.824431 -0.589290
v 0.481680 1.856495 -0.589290
v 0.468194 1.888355 -0.589290
v 0.436130 1.901347 -0.589290
v 0.404270 1.887860 -0.589290
v 0.616192 1.006018 -0.712613
v 0.616192 1.437007 -0.712613
v 1.116910 1.006018 -0.712613
v 1.116910 1.437007 -0.712613
v 0.616192 1.006018 -0.603449
v 0.616192 1.437007 -0.603449
v 1.116910 1.006018 -0.603449
v 1.116910 1.437007 -0.603449
v 0.599234 0.993957 -0.599649
v 0.603157 0.993826 -0.603449
v 0.603034 0.990157 -0.599649
v 0.603034 0.990157 -0.587569
v 0.603034 0.993957 -0.583769
v 0.599234 0.993957 -0.587569
v 0.599234 1.449068 -0.587569
v 0.603034 1.449068 -0.583769
v 0.603034 1.452868 -0.587569
v 1.133868 1.449068 -0.599649
v 1.129946 1.449199 -0.603449
v 1.130068 1.452868 -0.599649
v 1.130068 1.452868 -0.587569
v 1.130068 1.449068 -0.583769
v 1.133868 1.449068 -0.587569
v 1.133868 0.993957 -0.587569
v 1.130068 0.993957 -0.583769
v 1.130068 0.990157 -0.587569
v 0.599234 1.449068 -0.599649
v 0.603034 1.452868 -0.599649
v 0.603157 1.449199 -0.603449
v 1.133868 0.993957 -0.599649
v 1.130068 0.990157 -0.599649
v 1.129946 0.993826 -0.603449
v -0.038635 1.998063 -0.598859
v -0.048152 2.007580 -0.598859
v -0.061152 2.011064 -0.598859
v -0.074152 2.007580 -0.598859
v -0.083669 1.998063 -0.598859
v -0.087152 1.985063 -0.598859
v -0.083669 1.972063 -0.598859
v -0.074152 1.962547 -0.598859
v -0.061152 1.959063 -0.598859
v -0.048152 1.962547 -0.598859
v -0.038635 1.972063 -0.598859
v -0.035152 1.985063 -0.598859
v -0.036178 1.998077 -0.539887
v -0.048215 2.007580 -0.546130
v -0.061153 2.011064 -0.544857
v -0.074090 2.007581 -0.543581
v -0.083561 1.998064 -0.542643
v -0.087027 1.985064 -0.542295
v -0.083560 1.972064 -0.542629
v -0.074089 1.962547 -0.543556
v -0.061152 1.959063 -0.544829
v -0.048214 1.962547 -0.546105
v -0.036157 1.972077 -0.539828
v -0.033203 1.985074 -0.541260
v -0.040357 2.007624 -0.526025
v -0.049556 2.011128 -0.516846
v -0.058743 2.007667 -0.507640
v -0.065456 1.998165 -0.500873
v -0.067898 1.985171 -0.498359
v -0.065414 1.972166 -0.500770
v -0.058669 1.962633 -0.507462
v -0.049470 1.959129 -0.516640
v -0.040284 1.962591 -0.525846
v -0.019272 1.998172 -0.527584
v -0.020253 2.007737 -0.518167
v -0.021545 2.011285 -0.505249
v -0.022802 2.007868 -0.492292
v -0.023687 1.998399 -0.482769
v -0.023963 1.985417 -0.479230
v -0.023556 1.972400 -0.482624
v -0.022575 1.962836 -0.492041
v -0.021283 1.959287 -0.504959
v -0.020026 1.962705 -0.517916
v -0.019141 1.972173 -0.527440
v -0.018865 1.985155 -0.530979
v 0.365983 2.000373 -0.530949
v 0.362688 2.009879 -0.518202
v 0.363521 2.013441 -0.505250
v 0.364403 2.010036 -0.492259
v 0.365096 2.000578 -0.482710
v 0.365415 1.987599 -0.479161
v 0.365275 1.974579 -0.482564
v 0.364713 1.965005 -0.492007
v 0.363880 1.961443 -0.504959
v 0.362999 1.964847 -0.517949
v 0.367237 1.974381 -0.530834
v 0.368452 1.987366 -0.534240
v 0.393730 2.010159 -0.525807
v 0.399074 2.013762 -0.513992
v 0.404514 2.010399 -0.502150
v 0.408592 2.000971 -0.493454
v 0.410215 1.988005 -0.490234
v 0.408949 1.974974 -0.493353
v 0.405133 1.965371 -0.501975
v 0.399788 1.961768 -0.513790
v 0.394349 1.965131 -0.525632
v 0.413256 2.000918 -0.550958
v 0.419825 2.010563 -0.544255
v 0.428986 2.014225 -0.535100
v 0.438282 2.010921 -0.525946
v 0.445224 2.001537 -0.519246
v 0.447951 1.988588 -0.516795
v 0.445732 1.975542 -0.519250
v 0.439162 1.965896 -0.525953
v 0.430002 1.962235 -0.535108
v 0.420705 1.965539 -0.544262
v 0.413764 1.974923 -0.550962
v 0.411037 1.987872 -0.553413
v 0.573079 2.004387 -0.735057
v 0.580068 2.014041 -0.728806
v 0.589809 2.017715 -0.720276
v 0.599692 2.014423 -0.711755
v 0.607070 2.005048 -0.705524
v 0.609964 1.992102 -0.703254
v 0.607600 1.979054 -0.705553
v 0.600612 1.969399 -0.711805
v 0.590871 1.965726 -0.720334
v 0.580987 1.969017 -0.728856
v 0.573610 1.978392 -0.735086
v 0.570715 1.991339 -0.737356
v 2.198915 1.374972 -0.959103
v 2.199069 1.540306 -0.959086
v 2.198615 1.374967 -1.065029
v 2.198769 1.540312 -1.065045
v 2.223283 1.374984 -0.975135
v 2.223283 1.540329 -0.975135
v 2.223283 1.374984 -1.049025
v 2.223283 1.540329 -1.049025
v -0.447566 1.374972 -0.959103
v -0.447720 1.540306 -0.959086
v -0.447266 1.374967 -1.065029
v -0.447420 1.540312 -1.065045
v -0.474092 1.374984 -0.975135
v -0.474092 1.540329 -0.975135
v -0.474092 1.374984 -1.049025
v -0.474092 1.540329 -1.049025
v 0.650971 1.106483 -0.583770
v 0.637013 1.120987 -0.583770
v 0.641101 1.110731 -0.583770
v 0.637013 1.375057 -0.583770
v 0.650971 1.389560 -0.583770
v 0.641101 1.385312 -0.583770
v 1.096089 1.120987 -0.583770
v 1.082130 1.106483 -0.583770
v 1.092001 1.110731 -0.583770
v 1.082130 1.389560 -0.583770
v 1.096089 1.375057 -0.583770
v 1.092001 1.385312 -0.583770
v 0.648090 1.132496 -0.581010
v 0.662049 1.117993 -0.581010
v 0.652179 1.122241 -0.581010
v 0.662049 1.378050 -0.581010
v 0.648090 1.363547 -0.581010
v 0.652179 1.373802 -0.581010
v 1.085011 1.363547 -0.581010
v 1.071053 1.378050 -0.581010
v 1.080923 1.373802 -0.581010
v 1.071053 1.117993 -0.581010
v 1.085011 1.132496 -0.581010
v 1.080923 1.122241 -0.581010
v 0.660010 1.115831 -0.572323
v 0.662078 1.117993 -0.574915
v 0.648090 1.132527 -0.574915
v 0.646005 1.130373 -0.572323
v 0.652187 1.122250 -0.574915
v 0.650113 1.120095 -0.572323
v 0.646005 1.365670 -0.572323
v 0.648090 1.363516 -0.574915
v 0.662078 1.378050 -0.574915
v 0.660010 1.380212 -0.572323
v 0.650113 1.375948 -0.572323
v 0.652187 1.373793 -0.574915
v 1.073092 1.380212 -0.572323
v 1.071023 1.378050 -0.574915
v 1.085011 1.363516 -0.574915
v 1.087096 1.365670 -0.572323
v 1.080914 1.373793 -0.574915
v 1.082989 1.375948 -0.572323
v 1.087096 1.130373 -0.572323
v 1.085011 1.132527 -0.574915
v 1.071023 1.117993 -0.574915
v 1.073092 1.115831 -0.572323
v 1.082989 1.120095 -0.572323
v 1.080914 1.122250 -0.574915
v 0.651004 1.106483 -0.574915
v 0.653094 1.108646 -0.572323
v 0.639098 1.123196 -0.572323
v 0.637013 1.121020 -0.574915
v 0.641111 1.110741 -0.574915
v 0.643191 1.112903 -0.572323
v 0.637013 1.375023 -0.574915
v 0.639098 1.372847 -0.572323
v 0.653094 1.387398 -0.572323
v 0.651004 1.389560 -0.574915
v 0.643191 1.383140 -0.572323
v 0.641111 1.385302 -0.574915
v 1.082098 1.389560 -0.574915
v 1.080008 1.387398 -0.572323
v 1.094004 1.372847 -0.572323
v 1.096089 1.375023 -0.574915
v 1.091991 1.385302 -0.574915
v 1.089911 1.383140 -0.572323
v 1.096089 1.121020 -0.574915
v 1.094004 1.123196 -0.572323
v 1.080008 1.108646 -0.572323
v 1.082098 1.106483 -0.574915
v 1.091991 1.110741 -0.574915
v 1.089911 1.112903 -0.572323
v -0.061152 1.985054 -0.596660
v -0.080885 2.030868 -0.616909
v -0.107606 2.003475 -0.616684
v -0.107131 1.965210 -0.616420
v -0.079736 1.938489 -0.616270
v -0.041471 1.938965 -0.616323
v -0.014750 1.966358 -0.616547
v -0.015226 2.004622 -0.616811
v -0.042620 2.031343 -0.616961
v -0.080859 2.031006 -0.596953
v -0.107581 2.003613 -0.596729
v -0.107105 1.965348 -0.596464
v -0.079711 1.938627 -0.596315
v -0.041445 1.939103 -0.596367
v -0.014724 1.966496 -0.596591
v -0.015200 2.004761 -0.596856
v -0.042594 2.031482 -0.597005
v 1.267624 0.817853 -0.962377
v 1.417373 0.817853 -0.962377
v 1.267624 0.786603 -0.983257
v 1.417373 0.786603 -0.983257
v 1.267624 0.779270 -1.020120
v 1.417373 0.779270 -1.020120
v 1.267624 0.800151 -1.051371
v 1.417373 0.800151 -1.051371
v 1.267624 0.837014 -1.058703
v 1.417373 0.837014 -1.058703
v 1.267624 0.868264 -1.037822
v 1.417373 0.868264 -1.037822
v 1.267624 0.875597 -1.000960
v 1.417373 0.875597 -1.000960
v 1.267624 0.854716 -0.969709
v 1.417373 0.854716 -0.969709
v 1.188489 1.282975 -0.744031
v 1.141101 1.273220 -0.720420
v 1.155153 1.241401 -0.736375
v 1.179960 1.233936 -0.764541
v 1.200991 1.255196 -0.788419
v 1.205925 1.292729 -0.794022
v 1.191873 1.324548 -0.778067
v 1.167066 1.332014 -0.749901
v 1.146035 1.310753 -0.726023
v 1.156077 1.273220 -0.707230
v 1.170129 1.241401 -0.723185
v 1.194936 1.233936 -0.751351
v 1.215966 1.255196 -0.775229
v 1.220901 1.292729 -0.780832
v 1.206849 1.324548 -0.764877
v 1.182042 1.332014 -0.736711
v 1.161011 1.310753 -0.712833
v 0.560703 1.282975 -0.744031
v 0.608091 1.273220 -0.720420
v 0.594039 1.241401 -0.736375
v 0.569231 1.233936 -0.764541
v 0.548201 1.255196 -0.788419
v 0.543266 1.292729 -0.794022
v 0.557319 1.324548 -0.778067
v 0.582126 1.332014 -0.749901
v 0.603156 1.310753 -0.726023
v 0.593115 1.273220 -0.707230
v 0.579063 1.241401 -0.723185
v 0.554256 1.233936 -0.751351
v 0.533225 1.255196 -0.775229
v 0.528291 1.292729 -0.780832
v 0.542343 1.324548 -0.764877
v 0.567150 1.332014 -0.736711
v 0.588180 1.310753 -0.712833
v 0.585706 1.991348 -0.715669
v 0.587353 2.036989 -0.744174
v 0.568192 2.009810 -0.763111
v 0.567693 1.971552 -0.762380
v 0.586149 1.944625 -0.742409
v 0.612748 1.944804 -0.714898
v 0.631910 1.971983 -0.695961
v 0.632409 2.010241 -0.696692
v 0.613953 2.037167 -0.716662
v 0.573009 2.037441 -0.730307
v 0.553847 2.010262 -0.749244
v 0.553348 1.972004 -0.748513
v 0.571804 1.945077 -0.728543
v 0.598404 1.945256 -0.701031
v 0.617565 1.972435 -0.682095
v 0.618064 2.010693 -0.682825
v 0.599608 2.037619 -0.702796
v 1.070438 1.915645 -0.619701
v 1.027274 1.918170 -0.665596
v 1.037041 1.888787 -0.667848
v 1.064128 1.875096 -0.674384
v 1.092667 1.885119 -0.681377
v 1.105942 1.912983 -0.684730
v 1.096174 1.942367 -0.682479
v 1.069087 1.956057 -0.675942
v 1.040548 1.946035 -0.668949
v 1.031104 1.918238 -0.610134
v 1.040871 1.888855 -0.612386
v 1.067958 1.875164 -0.618923
v 1.096498 1.885187 -0.625916
v 1.109772 1.913051 -0.629268
v 1.100005 1.942435 -0.627017
v 1.072918 1.956125 -0.620480
v 1.044378 1.946102 -0.613487
v 0.678753 1.915645 -0.619701
v 0.721918 1.918170 -0.665596
v 0.712151 1.888787 -0.667848
v 0.685064 1.875097 -0.674384
v 0.656524 1.885119 -0.681377
v 0.643250 1.912983 -0.684730
v 0.653017 1.942367 -0.682479
v 0.680104 1.956057 -0.675942
v 0.708644 1.946035 -0.668949
v 0.718087 1.918238 -0.610134
v 0.708320 1.888855 -0.612386
v 0.681233 1.875164 -0.618923
v 0.652694 1.885187 -0.625916
v 0.639420 1.913051 -0.629268
v 0.649187 1.942435 -0.627017
v 0.676274 1.956125 -0.620480
v 0.704813 1.946102 -0.613487
v 1.815364 1.310054 -0.599411
v 1.766520 1.300299 -0.619840
v 1.787779 1.268480 -0.619635
v 1.825311 1.261014 -0.619272
v 1.857128 1.282275 -0.618965
v 1.864594 1.319808 -0.618893
v 1.843334 1.351627 -0.619098
v 1.805803 1.359093 -0.619461
v 1.773985 1.337832 -0.619768
v 1.766327 1.300299 -0.599885
v 1.787587 1.268480 -0.599680
v 1.825118 1.261014 -0.599317
v 1.856935 1.282275 -0.599010
v 1.864401 1.319808 -0.598938
v 1.843141 1.351627 -0.599143
v 1.805610 1.359093 -0.599506
v 1.773792 1.337832 -0.599813
v -0.066172 1.310054 -0.599411
v -0.017328 1.300299 -0.619840
v -0.038588 1.268480 -0.619635
v -0.076119 1.261015 -0.619272
v -0.107937 1.282275 -0.618965
v -0.115402 1.319808 -0.618893
v -0.094142 1.351627 -0.619098
v -0.056611 1.359093 -0.619461
v -0.024794 1.337832 -0.619768
v -0.017135 1.300299 -0.599885
v -0.038395 1.268480 -0.599680
v -0.075926 1.261015 -0.599317
v -0.107744 1.282275 -0.599010
v -0.115209 1.319808 -0.598938
v -0.093950 1.351627 -0.599143
v -0.056418 1.359093 -0.599506
v -0.024601 1.337832 -0.599813
v 1.813452 1.479900 -0.600341
v 1.776281 1.454899 -0.620698
v 1.804863 1.435765 -0.620391
v 1.838578 1.442484 -0.620028
v 1.857675 1.471121 -0.619823
v 1.850969 1.504901 -0.619895
v 1.822387 1.524035 -0.620202
v 1.788672 1.517316 -0.620565
v 1.769574 1.488679 -0.620770
v 1.776108 1.454899 -0.600743
v 1.804689 1.435765 -0.600436
v 1.838404 1.442484 -0.600073
v 1.857502 1.471121 -0.599868
v 1.850796 1.504901 -0.599940
v 1.822214 1.524035 -0.600247
v 1.788499 1.517316 -0.600610
v 1.769401 1.488679 -0.600815
v 1.813539 0.716523 -1.404631
v 1.890422 0.716523 -1.397059
v 1.964351 0.716523 -1.374633
v 2.032484 0.716523 -1.338215
v 2.092203 0.716523 -1.289204
v 2.141213 0.716523 -1.229485
v 2.177631 0.716523 -1.161352
v 2.200058 0.716523 -1.087423
v 2.207630 0.716523 -1.010540
v 2.200058 0.716523 -0.933656
v 2.177631 0.716523 -0.859727
v 2.141213 0.716523 -0.791594
v 2.092203 0.716523 -0.731875
v 2.032484 0.716523 -0.682865
v 1.964351 0.716523 -0.646447
v 1.890422 0.716523 -0.624021
v 1.813539 0.716523 -0.616448
v 1.736655 0.716523 -0.624021
v 1.662726 0.716523 -0.646447
v 1.594593 0.716523 -0.682865
v 1.534874 0.716523 -0.731875
v 1.485863 0.716523 -0.791594
v 1.449445 0.716523 -0.859727
v 1.427019 0.716523 -0.933656
v 1.419447 0.716523 -1.010540
v 1.427019 0.716523 -1.087423
v 1.449445 0.716523 -1.161352
v 1.485863 0.716523 -1.229485
v 1.534874 0.716523 -1.289204
v 1.594593 0.716523 -1.338215
v 1.662726 0.716523 -1.374633
v 1.736655 0.716523 -1.397059
v -0.064347 0.716523 -1.404631
v -0.141230 0.716523 -1.397059
v -0.215159 0.716523 -1.374633
v -0.283292 0.716523 -1.338215
v -0.343011 0.716523 -1.289204
v -0.392022 0.716523 -1.229485
v -0.428440 0.716523 -1.161352
v -0.450866 0.716523 -1.087423
v -0.458438 0.716523 -1.010540
v -0.450866 0.716523 -0.933656
v -0.428440 0.716523 -0.859727
v -0.392022 0.716523 -0.791594
v -0.343011 0.716523 -0.731875
v -0.283292 0.716523 -0.682865
v -0.215159 0.716523 -0.646447
v -0.141230 0.716523 -0.624021
v -0.064347 0.716523 -0.616448
v 0.012537 0.716523 -0.624021
v 0.086465 0.716523 -0.646447
v 0.154599 0.716523 -0.682865
v 0.214318 0.716523 -0.731875
v 0.263328 0.716523 -0.791594
v 0.299746 0.716523 -0.859727
v 0.322172 0.716523 -0.933656
v 0.329745 0.716523 -1.010540
v 0.322172 0.716523 -1.087423
v 0.299746 0.716523 -1.161352
v 0.263328 0.716523 -1.229485
v 0.214318 0.716523 -1.289204
v 0.154599 0.716523 -1.338215
v 0.086465 0.716523 -1.374633
v 0.012537 0.716523 -1.397059
v 1.813539 0.672387 -1.404744
v 1.890444 0.672387 -1.397170
v 1.736633 0.672387 -1.397170
v 1.964394 0.672387 -1.374737
v 2.032547 0.672387 -1.338309
v 2.092283 0.672387 -1.289284
v 2.141307 0.672387 -1.229548
v 2.177735 0.672387 -1.161395
v 2.200168 0.672387 -1.087445
v 2.207743 0.672387 -1.010540
v 2.200168 0.672387 -0.933634
v 2.177735 0.672387 -0.859684
v 2.141307 0.672387 -0.791531
v 2.092283 0.672387 -0.731795
v 2.032547 0.672387 -0.682771
v 1.964394 0.672387 -0.646342
v 1.890444 0.672387 -0.623910
v 1.813539 0.672387 -0.616335
v 1.736633 0.672387 -0.623910
v 1.662683 0.672387 -0.646342
v 1.594530 0.672387 -0.682771
v 1.534794 0.672387 -0.731795
v 1.485770 0.672387 -0.791531
v 1.449341 0.672387 -0.859684
v 1.426908 0.672387 -0.933634
v 1.419334 0.672387 -1.010540
v 1.426908 0.672387 -1.087445
v 1.449341 0.672387 -1.161395
v 1.485770 0.672387 -1.229548
v 1.534794 0.672387 -1.289284
v 1.594530 0.672387 -1.338309
v 1.662683 0.672387 -1.374737
v -0.064347 0.672387 -1.404744
v -0.141252 0.672387 -1.397170
v 0.012559 0.672387 -1.397170
v -0.215202 0.672387 -1.374737
v -0.283355 0.672387 -1.338309
v -0.343092 0.672387 -1.289284
v -0.392116 0.672387 -1.229548
v -0.428544 0.672387 -1.161395
v -0.450977 0.672387 -1.087445
v -0.458552 0.672387 -1.010540
v -0.450977 0.672387 -0.933634
v -0.428544 0.672387 -0.859684
v -0.392116 0.672387 -0.791531
v -0.343092 0.672387 -0.731795
v -0.283355 0.672387 -0.682771
v -0.215202 0.672387 -0.646342
v -0.141252 0.672387 -0.623910
v -0.064347 0.672387 -0.616335
v 0.012559 0.672387 -0.623910
v 0.086509 0.672387 -0.646342
v 0.154661 0.672387 -0.682771
v 0.214398 0.672387 -0.731795
v 0.263422 0.672387 -0.791531
v 0.299851 0.672387 -0.859684
v 0.322283 0.672387 -0.933634
v 0.329858 0.672387 -1.010540
v 0.322283 0.672387 -1.087445
v 0.299851 0.672387 -1.161395
v 0.263422 0.672387 -1.229548
v 0.214398 0.672387 -1.289284
v 0.154661 0.672387 -1.338309
v 0.086509 0.672387 -1.374737
v 1.813539 0.716523 -1.418757
v 1.813539 0.709773 -1.425540
v 1.894501 0.709773 -1.417566
v 1.893178 0.716523 -1.410913
v 1.972352 0.709773 -1.393950
v 1.969756 0.716523 -1.387683
v 2.044100 0.709773 -1.355600
v 2.040332 0.716523 -1.349960
v 2.106987 0.709773 -1.303989
v 2.102191 0.716523 -1.299193
v 2.158598 0.709773 -1.241101
v 2.152958 0.716523 -1.237333
v 2.196948 0.709773 -1.169353
v 2.190682 0.716523 -1.166758
v 2.220564 0.709773 -1.091502
v 2.213912 0.716523 -1.090179
v 2.228539 0.709773 -1.010540
v 2.221756 0.716523 -1.010540
v 2.220564 0.709773 -0.929577
v 2.213912 0.716523 -0.930900
v 2.196948 0.709773 -0.851726
v 2.190682 0.716523 -0.854322
v 2.158598 0.709773 -0.779978
v 2.152958 0.716523 -0.783746
v 2.106987 0.709773 -0.717090
v 2.102191 0.716523 -0.721887
v 2.044100 0.709773 -0.665480
v 2.040332 0.716523 -0.671119
v 1.972352 0.709773 -0.627130
v 1.969756 0.716523 -0.633396
v 1.894501 0.709773 -0.603514
v 1.893178 0.716523 -0.610166
v 1.813539 0.709773 -0.595540
v 1.813539 0.716523 -0.602322
v 1.732576 0.709773 -0.603514
v 1.733899 0.716523 -0.610166
v 1.654725 0.709773 -0.627130
v 1.657320 0.716523 -0.633396
v 1.582977 0.709773 -0.665480
v 1.586745 0.716523 -0.671119
v 1.520089 0.709773 -0.717090
v 1.524885 0.716523 -0.721887
v 1.468479 0.709773 -0.779978
v 1.474118 0.716523 -0.783746
v 1.430129 0.709773 -0.851726
v 1.436395 0.716523 -0.854322
v 1.406512 0.709773 -0.929577
v 1.413165 0.716523 -0.930900
v 1.398538 0.709773 -1.010540
v 1.405321 0.716523 -1.010540
v 1.406512 0.709773 -1.091502
v 1.413165 0.716523 -1.090179
v 1.430129 0.709773 -1.169353
v 1.436395 0.716523 -1.166758
v 1.468479 0.709773 -1.241101
v 1.474118 0.716523 -1.237333
v 1.520089 0.709773 -1.303989
v 1.524885 0.716523 -1.299193
v 1.582977 0.709773 -1.355600
v 1.586745 0.716523 -1.349960
v 1.654725 0.709773 -1.393950
v 1.657320 0.716523 -1.387683
v 1.732576 0.709773 -1.417566
v 1.733899 0.716523 -1.410913
v 1.813539 0.672387 -1.418757
v 1.813539 0.679137 -1.425540
v 1.893178 0.672387 -1.410913
v 1.894501 0.679137 -1.417566
v 1.732576 0.679137 -1.417566
v 1.733899 0.672387 -1.410913
v 1.972352 0.679137 -1.393950
v 1.969756 0.672387 -1.387683
v 2.040332 0.672387 -1.349960
v 2.044100 0.679137 -1.355600
v 2.102191 0.672387 -1.299193
v 2.106987 0.679137 -1.303989
v 2.152958 0.672387 -1.237333
v 2.158598 0.679137 -1.241101
v 2.190682 0.672387 -1.166758
v 2.196948 0.679137 -1.169353
v 2.213912 0.672387 -1.090179
v 2.220564 0.679137 -1.091502
v 2.221756 0.672387 -1.010540
v 2.228539 0.679137 -1.010540
v 2.213912 0.672387 -0.930900
v 2.220564 0.679137 -0.929577
v 2.190682 0.672387 -0.854322
v 2.196948 0.679137 -0.851726
v 2.152958 0.672387 -0.783746
v 2.158598 0.679137 -0.779978
v 2.102191 0.672387 -0.721887
v 2.106987 0.679137 -0.717090
v 2.040332 0.672387 -0.671119
v 2.044100 0.679137 -0.665480
v 1.969756 0.672387 -0.633396
v 1.972352 0.679137 -0.627130
v 1.893178 0.672387 -0.610166
v 1.894501 0.679137 -0.603514
v 1.813539 0.672387 -0.602322
v 1.813539 0.679137 -0.595540
v 1.733899 0.672387 -0.610166
v 1.732576 0.679137 -0.603514
v 1.657320 0.672387 -0.633396
v 1.654725 0.679137 -0.627130
v 1.586745 0.672387 -0.671119
v 1.582977 0.679137 -0.665480
v 1.524885 0.672387 -0.721887
v 1.520089 0.679137 -0.717090
v 1.474118 0.672387 -0.783746
v 1.468479 0.679137 -0.779978
v 1.436395 0.672387 -0.854322
v 1.430129 0.679137 -0.851726
v 1.413165 0.672387 -0.930900
v 1.406512 0.679137 -0.929577
v 1.405321 0.672387 -1.010540
v 1.398538 0.679137 -1.010540
v 1.413165 0.672387 -1.090179
v 1.406512 0.679137 -1.091502
v 1.436395 0.672387 -1.166758
v 1.430129 0.679137 -1.169353
v 1.474118 0.672387 -1.237333
v 1.468479 0.679137 -1.241101
v 1.524885 0.672387 -1.299193
v 1.520089 0.679137 -1.303989
v 1.586745 0.672387 -1.349960
v 1.582977 0.679137 -1.355600
v 1.657320 0.672387 -1.387683
v 1.654725 0.679137 -1.393950
v -0.064347 0.709773 -1.425540
v -0.064347 0.716523 -1.418757
v -0.143986 0.716523 -1.410913
v -0.145309 0.709773 -1.417566
v -0.220565 0.716523 -1.387683
v -0.223160 0.709773 -1.393950
v -0.291140 0.716523 -1.349960
v -0.294908 0.709773 -1.355600
v -0.353000 0.716523 -1.299193
v -0.357796 0.709773 -1.303989
v -0.403767 0.716523 -1.237333
v -0.409407 0.709773 -1.241101
v -0.441490 0.716523 -1.166758
v -0.447757 0.709773 -1.169353
v -0.464720 0.716523 -1.090179
v -0.471373 0.709773 -1.091502
v -0.472564 0.716523 -1.010540
v -0.479347 0.709773 -1.010540
v -0.464720 0.716523 -0.930900
v -0.471373 0.709773 -0.929577
v -0.441490 0.716523 -0.854322
v -0.447757 0.709773 -0.851726
v -0.403767 0.716523 -0.783746
v -0.409407 0.709773 -0.779978
v -0.353000 0.716523 -0.721887
v -0.357796 0.709773 -0.717090
v -0.291140 0.716523 -0.671119
v -0.294908 0.709773 -0.665480
v -0.220565 0.716523 -0.633396
v -0.223160 0.709773 -0.627130
v -0.143986 0.716523 -0.610166
v -0.145309 0.709773 -0.603514
v -0.064347 0.716523 -0.602322
v -0.064347 0.709773 -0.595540
v 0.015292 0.716523 -0.610166
v 0.016616 0.709773 -0.603514
v 0.091871 0.716523 -0.633396
v 0.094467 0.709773 -0.627130
v 0.162447 0.716523 -0.671119
v 0.166215 0.709773 -0.665480
v 0.224306 0.716523 -0.721887
v 0.229102 0.709773 -0.717090
v 0.275073 0.716523 -0.783746
v 0.280713 0.709773 -0.779978
v 0.312797 0.716523 -0.854322
v 0.319063 0.709773 -0.851726
v 0.336027 0.716523 -0.930900
v 0.342679 0.709773 -0.929577
v 0.343871 0.716523 -1.010540
v 0.350653 0.709773 -1.010540
v 0.336027 0.716523 -1.090179
v 0.342679 0.709773 -1.091502
v 0.312797 0.716523 -1.166758
v 0.319063 0.709773 -1.169353
v 0.275073 0.716523 -1.237333
v 0.280713 0.709773 -1.241101
v 0.224306 0.716523 -1.299193
v 0.229102 0.709773 -1.303989
v 0.162447 0.716523 -1.349960
v 0.166215 0.709773 -1.355600
v 0.091871 0.716523 -1.387683
v 0.094467 0.709773 -1.393950
v 0.015292 0.716523 -1.410913
v 0.016616 0.709773 -1.417566
v -0.064347 0.679137 -1.425540
v -0.064347 0.672387 -1.418757
v -0.145309 0.679137 -1.417566
v -0.143986 0.672387 -1.410913
v 0.015292 0.672387 -1.410913
v 0.016616 0.679137 -1.417566
v -0.220565 0.672387 -1.387683
v -0.223160 0.679137 -1.393950
v -0.294908 0.679137 -1.355600
v -0.291140 0.672387 -1.349960
v -0.357796 0.679137 -1.303989
v -0.353000 0.672387 -1.299193
v -0.409407 0.679137 -1.241101
v -0.403767 0.672387 -1.237333
v -0.447757 0.679137 -1.169353
v -0.441490 0.672387 -1.166758
v -0.471373 0.679137 -1.091502
v -0.464720 0.672387 -1.090179
v -0.479347 0.679137 -1.010540
v -0.472564 0.672387 -1.010540
v -0.471373 0.679137 -0.929577
v -0.464720 0.672387 -0.930900
v -0.447757 0.679137 -0.851726
v -0.441490 0.672387 -0.854322
v -0.409407 0.679137 -0.779978
v -0.403767 0.672387 -0.783746
v -0.357796 0.679137 -0.717090
v -0.353000 0.672387 -0.721887
v -0.294908 0.679137 -0.665480
v -0.291140 0.672387 -0.671119
v -0.223160 0.679137 -0.627130
v -0.220565 0.672387 -0.633396
v -0.145309 0.679137 -0.603514
v -0.143986 0.672387 -0.610166
v -0.064347 0.679137 -0.595540
v -0.064347 0.672387 -0.602322
v 0.016616 0.679137 -0.603514
v 0.015292 0.672387 -0.610166
v 0.094467 0.679137 -0.627130
v 0.091871 0.672387 -0.633396
v 0.166215 0.679137 -0.665480
v 0.162447 0.672387 -0.671119
v 0.229102 0.679137 -0.717090
v 0.224306 0.672387 -0.721887
v 0.280713 0.679137 -0.779978
v 0.275073 0.672387 -0.783746
v 0.319063 0.679137 -0.851726
v 0.312797 0.672387 -0.854322
v 0.342679 0.679137 -0.929577
v 0.336027 0.672387 -0.930900
v 0.350653 0.679137 -1.010540
v 0.343871 0.672387 -1.010540
v 0.342679 0.679137 -1.091502
v 0.336027 0.672387 -1.090179
v 0.319063 0.679137 -1.169353
v 0.312797 0.672387 -1.166758
v 0.280713 0.679137 -1.241101
v 0.275073 0.672387 -1.237333
v 0.229102 0.679137 -1.303989
v 0.224306 0.672387 -1.299193
v 0.166215 0.679137 -1.355600
v 0.162447 0.672387 -1.349960
v 0.094467 0.679137 -1.393950
v 0.091871 0.672387 -1.387683
v 0.684967 1.708954 -0.503782
v 0.688338 1.707018 -0.457968
v 0.680004 1.705130 -0.503782
v 0.681018 1.701377 -0.457968
v 0.673791 1.705935 -0.503782
v 0.671854 1.702564 -0.457968
v 0.669967 1.710898 -0.503782
v 0.666213 1.709884 -0.457968
v 0.670771 1.717111 -0.503782
v 0.667401 1.719048 -0.457968
v 0.675734 1.720936 -0.503782
v 0.674720 1.724689 -0.457968
v 0.681948 1.720131 -0.503782
v 0.683885 1.723502 -0.457968
v 0.685772 1.715168 -0.503782
v 0.689525 1.716182 -0.457968
v 0.684967 1.708954 -0.469363
v 0.680004 1.705130 -0.469363
v 0.673791 1.705935 -0.469363
v 0.669967 1.710898 -0.469363
v 0.670771 1.717111 -0.469363
v 0.675734 1.720936 -0.469363
v 0.681948 1.720131 -0.469363
v 0.685772 1.715168 -0.469363
v 0.682668 1.695271 -0.457968
v 0.693822 1.703866 -0.457968
v 0.668703 1.697080 -0.457968
v 0.660107 1.708234 -0.457968
v 0.661916 1.722199 -0.457968
v 0.673070 1.730795 -0.457968
v 0.687036 1.728986 -0.457968
v 0.695632 1.717832 -0.457968
v 0.693822 1.703866 -0.469363
v 0.682668 1.695271 -0.469363
v 0.668703 1.697080 -0.469363
v 0.660107 1.708234 -0.469363
v 0.661916 1.722199 -0.469363
v 0.673070 1.730795 -0.469363
v 0.687036 1.728986 -0.469363
v 0.695632 1.717832 -0.469363
v 0.680712 1.702513 -0.451424
v 0.687318 1.707604 -0.451424
v 0.672440 1.703584 -0.451424
v 0.667349 1.710191 -0.451424
v 0.668421 1.718462 -0.451424
v 0.675027 1.723553 -0.451424
v 0.683298 1.722481 -0.451424
v 0.688389 1.715875 -0.451424
v 0.663634 1.657950 -0.439901
v 0.677599 1.656141 -0.439901
v 0.622786 1.727269 -0.441562
v 0.620977 1.713303 -0.441562
v 0.692105 1.768116 -0.440064
v 0.678140 1.769925 -0.440064
v 0.732952 1.698797 -0.440021
v 0.734761 1.712762 -0.440021
v 0.732952 1.698797 -0.454913
v 0.677599 1.656141 -0.454793
v 0.663634 1.657950 -0.454793
v 0.620977 1.713303 -0.456453
v 0.622786 1.727269 -0.456453
v 0.678140 1.769925 -0.454956
v 0.692105 1.768116 -0.454956
v 0.734761 1.712762 -0.454913
v 1.066414 1.704389 -0.503782
v 1.065362 1.700646 -0.457968
v 1.061490 1.708263 -0.503782
v 1.058100 1.706360 -0.457968
v 1.060747 1.714484 -0.503782
v 1.057004 1.715536 -0.457968
v 1.064621 1.719409 -0.503782
v 1.062718 1.722799 -0.457968
v 1.070842 1.720151 -0.503782
v 1.071894 1.723894 -0.457968
v 1.075767 1.716277 -0.503782
v 1.079157 1.718180 -0.457968
v 1.076509 1.710056 -0.503782
v 1.080252 1.709004 -0.457968
v 1.072635 1.705132 -0.503782
v 1.074538 1.701742 -0.457968
v 1.066414 1.704389 -0.469363
v 1.061490 1.708263 -0.469363
v 1.060747 1.714484 -0.469363
v 1.064621 1.719409 -0.469363
v 1.070842 1.720151 -0.469363
v 1.075767 1.716277 -0.469363
v 1.076509 1.710056 -0.469363
v 1.072635 1.705132 -0.469363
v 1.052584 1.703264 -0.457968
v 1.063651 1.694557 -0.457968
v 1.050915 1.717247 -0.457968
v 1.059622 1.728314 -0.457968
v 1.073605 1.729983 -0.457968
v 1.084672 1.721276 -0.457968
v 1.086341 1.707294 -0.457968
v 1.077634 1.696226 -0.457968
v 1.063651 1.694557 -0.469363
v 1.052584 1.703264 -0.469363
v 1.050915 1.717247 -0.469363
v 1.059622 1.728314 -0.469363
v 1.073605 1.729983 -0.469363
v 1.084672 1.721276 -0.469363
v 1.086341 1.707294 -0.469363
v 1.077634 1.696226 -0.469363
v 1.059125 1.706936 -0.451424
v 1.065681 1.701779 -0.451424
v 1.058137 1.715218 -0.451424
v 1.063294 1.721773 -0.451424
v 1.071576 1.722761 -0.451424
v 1.078131 1.717604 -0.451424
v 1.079119 1.709323 -0.451424
v 1.073962 1.702768 -0.451424
v 1.011736 1.712570 -0.439901
v 1.013405 1.698588 -0.439901
v 1.068928 1.769162 -0.441562
v 1.054945 1.767493 -0.441562
v 1.125520 1.711970 -0.440064
v 1.123851 1.725953 -0.440064
v 1.068328 1.655378 -0.440021
v 1.082311 1.657047 -0.440021
v 1.068328 1.655378 -0.454913
v 1.013405 1.698588 -0.454793
v 1.011736 1.712570 -0.454793
v 1.054945 1.767493 -0.456453
v 1.068928 1.769162 -0.456453
v 1.123851 1.725953 -0.454956
v 1.125520 1.711970 -0.454956
v 1.082311 1.657047 -0.454913
v 1.289363 1.858664 -0.637950
v 1.285927 1.860484 -0.592137
v 1.294191 1.862658 -0.637950
v 1.293048 1.866374 -0.592137
v 1.300429 1.862067 -0.637950
v 1.302248 1.865502 -0.592137
v 1.304421 1.857239 -0.637950
v 1.308138 1.858381 -0.592137
v 1.303831 1.851001 -0.637950
v 1.307266 1.849182 -0.592137
v 1.299003 1.847008 -0.637950
v 1.300145 1.843292 -0.592137
v 1.292765 1.847599 -0.637950
v 1.290946 1.844163 -0.592137
v 1.288772 1.852427 -0.637950
v 1.285056 1.851284 -0.592137
v 1.289363 1.858664 -0.603532
v 1.294191 1.862657 -0.603532
v 1.300429 1.862067 -0.603532
v 1.304421 1.857239 -0.603532
v 1.303831 1.851001 -0.603532
v 1.299003 1.847008 -0.603532
v 1.292765 1.847599 -0.603532
v 1.288772 1.852427 -0.603532
v 1.291189 1.872419 -0.592137
v 1.280338 1.863445 -0.592137
v 1.305209 1.871092 -0.592137
v 1.314183 1.860240 -0.592137
v 1.312856 1.846221 -0.592137
v 1.302004 1.837246 -0.592137
v 1.287985 1.838574 -0.592137
v 1.279011 1.849425 -0.592137
v 1.280338 1.863445 -0.603532
v 1.291189 1.872419 -0.603532
v 1.305209 1.871092 -0.603532
v 1.314183 1.860240 -0.603532
v 1.312856 1.846221 -0.603532
v 1.302004 1.837246 -0.603532
v 1.287985 1.838574 -0.603532
v 1.279011 1.849425 -0.603532
v 1.293394 1.865249 -0.585592
v 1.286967 1.859933 -0.585592
v 1.301697 1.864463 -0.585592
v 1.307013 1.858036 -0.585592
v 1.306227 1.849732 -0.585592
v 1.299800 1.844417 -0.585592
v 1.291496 1.845203 -0.585592
v 1.286181 1.851630 -0.585592
v 1.308928 1.910373 -0.574069
v 1.294908 1.911700 -0.574069
v 1.352137 1.842502 -0.575730
v 1.353465 1.856521 -0.575730
v 1.284266 1.799293 -0.574232
v 1.298285 1.797965 -0.574232
v 1.241057 1.867164 -0.574190
v 1.239729 1.853144 -0.574190
v 1.241057 1.867164 -0.589081
v 1.294908 1.911700 -0.588961
v 1.308928 1.910373 -0.588961
v 1.353465 1.856521 -0.590622
v 1.352137 1.842502 -0.590622
v 1.298285 1.797965 -0.589124
v 1.284266 1.799293 -0.589124
v 1.239729 1.853144 -0.589081
v 0.428486 1.857883 -0.637950
v 0.424882 1.859343 -0.592137
v 0.432881 1.862347 -0.637950
v 0.431366 1.865927 -0.592137
v 0.439147 1.862396 -0.637950
v 0.440607 1.865999 -0.592137
v 0.443611 1.858000 -0.637950
v 0.447191 1.859515 -0.592137
v 0.443660 1.851735 -0.637950
v 0.447263 1.850275 -0.592137
v 0.439264 1.847270 -0.637950
v 0.440779 1.843690 -0.592137
v 0.432998 1.847222 -0.637950
v 0.431539 1.843618 -0.592137
v 0.428534 1.851618 -0.637950
v 0.424954 1.850102 -0.592137
v 0.428486 1.857883 -0.603532
v 0.432881 1.862347 -0.603532
v 0.439147 1.862396 -0.603532
v 0.443611 1.858000 -0.603532
v 0.443660 1.851735 -0.603532
v 0.439264 1.847270 -0.603532
v 0.432998 1.847222 -0.603532
v 0.428534 1.851618 -0.603532
v 0.428900 1.871752 -0.592137
v 0.419020 1.861718 -0.592137
v 0.442982 1.871861 -0.592137
v 0.453016 1.861981 -0.592137
v 0.453125 1.847899 -0.592137
v 0.443245 1.837865 -0.592137
v 0.429163 1.837756 -0.592137
v 0.419129 1.847636 -0.592137
v 0.419020 1.861718 -0.603532
v 0.428900 1.871752 -0.603532
v 0.442982 1.871861 -0.603532
v 0.453016 1.861981 -0.603532
v 0.453125 1.847899 -0.603532
v 0.443245 1.837865 -0.603532
v 0.429163 1.837756 -0.603532
v 0.419129 1.847636 -0.603532
v 0.431825 1.864844 -0.585592
v 0.425973 1.858901 -0.585592
v 0.440165 1.864908 -0.585592
v 0.446108 1.859057 -0.585592
v 0.446172 1.850716 -0.585592
v 0.440321 1.844773 -0.585592
v 0.431980 1.844709 -0.585592
v 0.426037 1.850561 -0.585592
v 0.442677 1.911317 -0.574069
v 0.428595 1.911208 -0.574069
v 0.492581 1.848205 -0.575730
v 0.492472 1.862286 -0.575730
v 0.429469 1.798301 -0.574232
v 0.443550 1.798410 -0.574232
v 0.379565 1.861413 -0.574190
v 0.379673 1.847331 -0.574190
v 0.379565 1.861413 -0.589081
v 0.428595 1.911208 -0.588961
v 0.442677 1.911317 -0.588961
v 0.492472 1.862286 -0.590622
v 0.492581 1.848205 -0.590622
v 0.443550 1.798410 -0.589124
v 0.429469 1.798301 -0.589124
v 0.379673 1.847331 -0.589081
v 0.814484 1.054736 -0.584225
v 0.814484 1.039726 -0.563231
v 0.820229 1.053594 -0.584225
v 0.825099 1.050340 -0.584225
v 0.828353 1.045470 -0.584225
v 0.829495 1.039726 -0.584225
v 0.828353 1.033981 -0.584225
v 0.825099 1.029111 -0.584225
v 0.820229 1.025857 -0.584225
v 0.814484 1.024715 -0.584225
v 0.808740 1.025857 -0.584225
v 0.803870 1.029111 -0.584225
v 0.800616 1.033981 -0.584225
v 0.799473 1.039726 -0.584225
v 0.800616 1.045470 -0.584225
v 0.803870 1.050340 -0.584225
v 0.808740 1.053594 -0.584225
v 0.918618 1.054736 -0.584225
v 0.918618 1.039726 -0.563231
v 0.912873 1.053594 -0.584225
v 0.908003 1.050340 -0.584225
v 0.904749 1.045470 -0.584225
v 0.903607 1.039726 -0.584225
v 0.904749 1.033981 -0.584225
v 0.908003 1.029111 -0.584225
v 0.912873 1.025857 -0.584225
v 0.918618 1.024715 -0.584225
v 0.924362 1.025857 -0.584225
v 0.929232 1.029111 -0.584225
v 0.932486 1.033981 -0.584225
v 0.933628 1.039726 -0.584225
v 0.932486 1.045470 -0.584225
v 0.929232 1.050340 -0.584225
v 0.924362 1.053594 -0.584225
v 0.819584 1.052037 -0.563725
v 0.820081 1.053237 -0.565022
v 0.814484 1.054350 -0.565022
v 0.814484 1.053051 -0.563725
v 0.823907 1.049148 -0.563725
v 0.824825 1.050067 -0.565022
v 0.826796 1.044825 -0.563725
v 0.827995 1.045322 -0.565022
v 0.827810 1.039726 -0.563725
v 0.829109 1.039726 -0.565022
v 0.826796 1.034626 -0.563725
v 0.827995 1.034129 -0.565022
v 0.823907 1.030303 -0.563725
v 0.824825 1.029385 -0.565022
v 0.819584 1.027414 -0.563725
v 0.820081 1.026214 -0.565022
v 0.814484 1.026400 -0.563725
v 0.814484 1.025101 -0.565022
v 0.809385 1.027414 -0.563725
v 0.808888 1.026214 -0.565022
v 0.805062 1.030303 -0.563725
v 0.804143 1.029385 -0.565022
v 0.802173 1.034626 -0.563725
v 0.800973 1.034129 -0.565022
v 0.801159 1.039726 -0.563725
v 0.799860 1.039726 -0.565022
v 0.802173 1.044825 -0.563725
v 0.800973 1.045322 -0.565022
v 0.805062 1.049148 -0.563725
v 0.804143 1.050067 -0.565022
v 0.809385 1.052037 -0.563725
v 0.808888 1.053237 -0.565022
v 0.913021 1.053237 -0.565022
v 0.913518 1.052037 -0.563725
v 0.918618 1.053051 -0.563725
v 0.918618 1.054350 -0.565022
v 0.908277 1.050067 -0.565022
v 0.909195 1.049148 -0.563725
v 0.905107 1.045322 -0.565022
v 0.906306 1.044825 -0.563725
v 0.903993 1.039726 -0.565022
v 0.905292 1.039726 -0.563725
v 0.905107 1.034129 -0.565022
v 0.906306 1.034626 -0.563725
v 0.908277 1.029385 -0.565022
v 0.909195 1.030303 -0.563725
v 0.913021 1.026214 -0.565022
v 0.913518 1.027414 -0.563725
v 0.918618 1.025101 -0.565022
v 0.918618 1.026400 -0.563725
v 0.924214 1.026214 -0.565022
v 0.923717 1.027414 -0.563725
v 0.928959 1.029385 -0.565022
v 0.928040 1.030303 -0.563725
v 0.932129 1.034129 -0.565022
v 0.930929 1.034626 -0.563725
v 0.933242 1.039726 -0.565022
v 0.931943 1.039726 -0.563725
v 0.932129 1.045322 -0.565022
v 0.930929 1.044825 -0.563725
v 0.928959 1.050067 -0.565022
v 0.928040 1.049148 -0.563725
v 0.924214 1.053237 -0.565022
v 0.923717 1.052037 -0.563725
v 0.969264 1.001176 -0.602139
v 0.965601 1.000597 -0.600079
v 0.963611 1.000018 -0.603781
v 0.967275 1.000597 -0.605841
v 1.019968 0.883066 -0.599007
v 1.016986 0.880902 -0.596905
v 1.015278 0.879675 -0.600590
v 1.018261 0.881840 -0.602692
v 1.060341 0.839104 -0.599766
v 1.057985 0.836263 -0.597673
v 1.056580 0.834710 -0.601363
v 1.058937 0.837550 -0.603456
v 1.107933 0.808060 -0.601107
v 1.106391 0.804695 -0.599034
v 1.105427 0.802857 -0.602734
v 1.106969 0.806222 -0.604807
v 1.160670 0.791344 -0.602307
v 1.160099 0.787675 -0.600253
v 1.159715 0.785657 -0.603965
v 1.160287 0.789325 -0.606019
v 1.216534 0.790363 -0.602649
v 1.216999 0.786678 -0.600598
v 1.217292 0.784648 -0.604312
v 1.216827 0.788333 -0.606363
v 1.273557 0.806578 -0.601411
v 1.274983 0.803162 -0.599337
v 1.275950 0.801321 -0.603035
v 1.274524 0.804737 -0.605109
v 1.329898 0.841629 -0.597851
v 1.331940 0.838566 -0.595742
v 1.333358 0.836983 -0.599414
v 1.331316 0.840046 -0.601523
v 1.370834 0.876067 -0.594128
v 1.373132 0.873207 -0.591997
v 1.374727 0.871764 -0.595654
v 1.372428 0.874624 -0.597785
v 1.448591 0.950055 -0.586901
v 1.451142 0.947437 -0.584747
v 1.452867 0.946119 -0.588392
v 1.450316 0.948738 -0.590546
v 1.553332 1.079537 -0.577029
v 1.556243 1.077360 -0.574841
v 1.558156 1.076272 -0.578468
v 1.555245 1.078449 -0.580656
v 1.613205 1.174756 -0.571116
v 1.616307 1.172883 -0.568909
v 1.618319 1.171952 -0.572527
v 1.615216 1.173825 -0.574733
v 1.663644 1.275291 -0.566070
v 1.666912 1.273748 -0.563847
v 1.669006 1.272981 -0.567457
v 1.665738 1.274523 -0.569680
v 1.704273 1.380878 -0.562131
v 1.707673 1.379678 -0.559895
v 1.709830 1.379074 -0.563499
v 1.706430 1.380274 -0.565735
v 1.726125 1.454692 -0.560125
v 1.729576 1.453658 -0.557885
v 1.731757 1.453132 -0.561486
v 1.728306 1.454166 -0.563727
v 1.751038 1.542583 -0.557987
v 1.754478 1.541512 -0.555747
v 1.756650 1.540956 -0.559349
v 1.753210 1.542027 -0.561589
v 1.776282 1.620886 -0.556127
v 1.779633 1.619551 -0.553894
v 1.781749 1.618830 -0.557499
v 1.778398 1.620165 -0.559733
v 1.799666 1.666563 -0.554936
v 1.802161 1.663927 -0.552739
v 1.803755 1.662413 -0.556367
v 1.801261 1.665049 -0.558564
v -0.059170 2.003387 -0.545763
v -0.062078 2.002748 -0.540953
v -0.066850 2.002110 -0.543923
v -0.063941 2.002748 -0.548733
v 0.002957 1.379604 -0.558565
v 0.000030 1.379116 -0.553749
v -0.004745 1.378486 -0.556715
v -0.001818 1.378974 -0.561531
v 0.022261 1.265965 -0.560453
v 0.019375 1.265250 -0.555641
v 0.014657 1.264294 -0.558612
v 0.017543 1.265009 -0.563425
v 0.049915 1.159988 -0.562864
v 0.047120 1.158934 -0.558060
v 0.042530 1.157509 -0.561043
v 0.045324 1.158563 -0.565847
v 0.088484 1.063356 -0.566115
v 0.085875 1.061851 -0.561327
v 0.081537 1.059813 -0.564331
v 0.084146 1.061317 -0.569120
v 0.140525 0.977713 -0.570524
v 0.138245 0.975678 -0.565763
v 0.134350 0.972926 -0.568805
v 0.136630 0.974961 -0.573566
v 0.208626 0.904646 -0.576407
v 0.206843 0.902084 -0.571690
v 0.203611 0.898628 -0.574789
v 0.205394 0.901190 -0.579506
v 0.295458 0.845718 -0.584091
v 0.294292 0.842734 -0.579428
v 0.291878 0.838720 -0.582600
v 0.293043 0.841704 -0.587263
v 0.403793 0.802534 -0.593914
v 0.403198 0.799315 -0.589300
v 0.401606 0.794962 -0.592543
v 0.402201 0.798181 -0.597157
v 0.467156 0.793833 -0.597779
v 0.467215 0.790524 -0.593205
v 0.466894 0.786002 -0.596522
v 0.466835 0.789311 -0.601097
v 0.526716 0.800400 -0.598975
v 0.527478 0.797175 -0.594414
v 0.528469 0.792805 -0.597756
v 0.527707 0.796030 -0.602318
v 0.591607 0.823629 -0.598366
v 0.593157 0.820683 -0.593799
v 0.595473 0.816757 -0.597134
v 0.593924 0.819703 -0.601701
v 0.642582 0.859591 -0.596755
v 0.644686 0.857029 -0.592172
v 0.647740 0.853609 -0.595485
v 0.645636 0.856171 -0.600069
v 0.693958 0.911981 -0.596347
v 0.696506 0.909865 -0.591761
v 0.699935 0.906818 -0.595071
v 0.697387 0.908934 -0.599657
v 0.763207 0.998773 -0.603558
v 0.766242 0.997281 -0.599023
v 0.769703 0.994267 -0.602330
v 0.766669 0.995759 -0.606865
v -0.112579 2.562807 -1.012333
v -0.109169 2.562804 -0.996021
v -0.098057 2.562803 -0.983598
v -0.082220 2.562805 -0.978397
v -0.065909 2.562809 -0.981812
v -0.053493 2.562810 -0.992922
v -0.048294 2.562808 -1.008752
v -0.051707 2.562804 -1.025065
v -0.062824 2.562803 -1.037487
v -0.078660 2.562805 -1.042683
v -0.094968 2.562808 -1.039266
v -0.107380 2.562809 -1.028158
v -0.112529 2.732988 -1.012362
v -0.109192 2.732139 -0.996096
v -0.098155 2.731059 -0.983663
v -0.080186 2.741060 -0.976690
v -0.064375 2.738021 -0.980518
v -0.052040 2.737203 -0.991797
v -0.046535 2.738828 -1.007471
v -0.051775 2.730365 -1.025171
v -0.062914 2.731431 -1.037544
v -0.078722 2.732465 -1.042663
v -0.094960 2.733178 -1.039204
v -0.107318 2.733370 -1.028123
v -0.103477 2.774446 -1.005290
v -0.101498 2.768116 -0.990088
v -0.092212 2.759931 -0.978969
v -0.046902 2.754547 -1.021393
v -0.056381 2.762772 -1.032380
v -0.070566 2.770558 -1.036169
v -0.085659 2.775849 -1.031825
v -0.097682 2.777267 -1.020539
v -0.078633 2.806079 -0.985709
v -0.080293 2.795115 -0.973375
v -0.075712 2.780939 -0.965965
v -0.057271 2.770103 -0.958626
v -0.047033 2.760052 -0.966822
v -0.036262 2.757326 -0.979322
v -0.027876 2.762689 -0.992740
v -0.033498 2.771614 -1.010829
v -0.038249 2.785860 -1.018089
v -0.047957 2.799345 -1.018350
v -0.060007 2.808510 -1.011608
v -0.071215 2.810967 -0.999679
v -0.045960 2.817547 -0.959841
v -0.051808 2.804858 -0.950855
v -0.052734 2.788520 -0.947879
v -0.014811 2.777753 -0.996026
v -0.013927 2.794194 -0.998920
v -0.018266 2.809793 -0.994966
v -0.026622 2.820398 -0.985269
v -0.036749 2.823227 -0.972426
v 0.378170 2.817586 -0.689090
v 0.370961 2.804898 -0.681104
v 0.368316 2.788509 -0.679428
v 0.379492 2.770067 -0.677809
v 0.384974 2.760020 -0.689799
v 0.394467 2.757333 -0.703324
v 0.405393 2.762727 -0.714707
v 0.405151 2.777808 -0.728442
v 0.407713 2.794183 -0.730016
v 0.405026 2.809749 -0.724829
v 0.397813 2.820368 -0.714296
v 0.387992 2.823234 -0.701229
v 0.410567 2.806079 -0.663550
v 0.398963 2.795115 -0.659054
v 0.390687 2.780939 -0.661775
v 0.424444 2.771614 -0.713305
v 0.432613 2.785860 -0.710383
v 0.435136 2.799345 -0.701004
v 0.431396 2.808510 -0.687712
v 0.422417 2.810967 -0.674027
v 0.435412 2.774446 -0.643969
v 0.420168 2.768116 -0.642341
v 0.407187 2.759931 -0.648771
v 0.402162 2.741059 -0.659928
v 0.402187 2.738019 -0.676195
v 0.410269 2.737201 -0.690826
v 0.424223 2.738827 -0.699843
v 0.437848 2.754547 -0.702741
v 0.450746 2.762772 -0.696092
v 0.457745 2.770558 -0.683185
v 0.457048 2.775849 -0.667495
v 0.448884 2.777267 -0.653168
v 0.444405 2.732986 -0.636821
v 0.427809 2.732138 -0.636264
v 0.413143 2.731059 -0.644088
v 0.442656 2.730364 -0.698887
v 0.457290 2.731431 -0.690951
v 0.465963 2.732464 -0.676779
v 0.466398 2.733175 -0.660183
v 0.458513 2.733367 -0.645573
v 0.444349 1.342268 -0.636762
v 0.427748 1.341354 -0.636307
v 0.413136 1.340870 -0.644187
v 0.404381 1.340951 -0.658293
v 0.403806 1.341574 -0.674884
v 0.411594 1.342566 -0.689556
v 0.428348 1.330899 -0.700314
v 0.444288 1.334813 -0.700358
v 0.458658 1.336878 -0.692187
v 0.467547 1.336535 -0.677999
v 0.466420 1.344319 -0.660145
v 0.458513 1.343358 -0.645474
v 0.451904 1.307587 -0.642290
v 0.436797 1.300748 -0.642937
v 0.423003 1.297161 -0.651367
v 0.414143 1.297757 -0.665332
v 0.412553 1.302382 -0.681161
v 0.418690 1.309833 -0.694676
v 0.470670 1.323431 -0.663151
v 0.464315 1.315886 -0.649660
v 0.472869 1.281682 -0.657505
v 0.461815 1.269836 -0.661093
v 0.450146 1.263624 -0.671065
v 0.440933 1.264656 -0.684775
v 0.436602 1.272666 -0.698615
v 0.438326 1.285572 -0.708926
v 0.455985 1.296706 -0.720370
v 0.464645 1.309632 -0.715127
v 0.475179 1.316458 -0.704172
v 0.484735 1.315314 -0.690468
v 0.482249 1.309123 -0.671554
v 0.480364 1.296056 -0.661307
v 0.501043 1.272309 -0.677910
v 0.494765 1.258611 -0.684947
v 0.485544 1.251420 -0.696739
v 0.475838 1.252623 -0.710151
v 0.468218 1.261907 -0.721630
v 0.464714 1.276832 -0.728108
v 0.499187 1.303908 -0.683920
v 0.502675 1.288888 -0.677522
v 0.579281 1.269909 -0.723655
v 0.573723 1.256128 -0.731198
v 0.564828 1.248879 -0.743275
v 0.554978 1.250098 -0.756651
v 0.546807 1.259459 -0.767750
v 0.542504 1.274463 -0.773595
v 0.543226 1.291088 -0.772614
v 0.548780 1.304873 -0.765069
v 0.557674 1.312124 -0.752989
v 0.567528 1.310905 -0.739609
v 0.575703 1.301539 -0.728512
v 0.580006 1.286533 -0.722671
v 0.423465 1.891919 -0.706287
v 0.423472 1.922245 -0.706288
v 0.423437 1.777098 -0.706282
v 0.423447 1.806751 -0.706283
v 0.444418 1.891918 -0.706928
v 0.444425 1.922244 -0.706927
v 0.444389 1.777097 -0.706933
v 0.444399 1.806751 -0.706931
v 0.462862 1.891918 -0.696986
v 0.462867 1.922244 -0.696984
v 0.462842 1.777097 -0.696997
v 0.462849 1.806751 -0.696994
v 0.473837 1.891918 -0.679163
v 0.473838 1.922244 -0.679161
v 0.473831 1.777097 -0.679171
v 0.473833 1.806751 -0.679169
v 0.474429 1.891918 -0.658259
v 0.474428 1.922245 -0.658260
v 0.464511 1.922245 -0.639873
v 0.464511 1.891919 -0.639871
v 0.464510 1.806751 -0.639864
v 0.464510 1.777098 -0.639861
v 0.474431 1.777097 -0.658257
v 0.474431 1.806751 -0.658259
v 0.444380 1.926240 -0.636794
v 0.444378 1.887923 -0.636793
v 0.444375 1.811083 -0.636790
v 0.444373 1.772765 -0.636788
v 0.457207 1.926240 -0.690991
v 0.457202 1.887923 -0.690993
v 0.457192 1.811083 -0.690998
v 0.457186 1.772765 -0.691001
v 0.427782 1.926240 -0.636283
v 0.427780 1.887923 -0.636284
v 0.427777 1.811083 -0.636287
v 0.427775 1.772765 -0.636288
v 0.465939 1.926240 -0.676804
v 0.465938 1.887923 -0.676806
v 0.465935 1.811083 -0.676809
v 0.465933 1.772765 -0.676811
v 0.413140 1.926240 -0.644133
v 0.413139 1.887923 -0.644136
v 0.413139 1.811083 -0.644141
v 0.413139 1.772765 -0.644145
v 0.466408 1.926240 -0.660165
v 0.466409 1.887923 -0.660164
v 0.466410 1.811083 -0.660162
v 0.466411 1.772765 -0.660161
v 0.404366 1.926240 -0.658263
v 0.404366 1.887923 -0.658265
v 0.404368 1.811083 -0.658268
v 0.404369 1.772765 -0.658270
v 0.458513 1.772765 -0.645517
v 0.458513 1.811083 -0.645520
v 0.458513 1.887923 -0.645526
v 0.458513 1.926240 -0.645528
v 0.403824 1.926240 -0.674906
v 0.403823 1.887923 -0.674905
v 0.403821 1.811083 -0.674903
v 0.403820 1.772765 -0.674901
v 0.411683 1.926240 -0.689602
v 0.411679 1.887923 -0.689600
v 0.411669 1.811083 -0.689595
v 0.411664 1.772765 -0.689592
v 0.425853 1.926240 -0.698396
v 0.425847 1.887923 -0.698395
v 0.425831 1.811083 -0.698393
v 0.425822 1.772765 -0.698391
v 0.442530 1.926240 -0.698905
v 0.442523 1.887923 -0.698906
v 0.442507 1.811083 -0.698908
v 0.442498 1.772765 -0.698910
v 0.405653 1.806751 -0.695229
v 0.405647 1.777098 -0.695226
v 0.405669 1.922245 -0.695239
v 0.405664 1.891919 -0.695237
v 0.395793 1.806751 -0.676772
v 0.395792 1.777098 -0.676770
v 0.395797 1.922245 -0.676778
v 0.395796 1.891919 -0.676777
v 0.396479 1.806751 -0.655877
v 0.396480 1.777097 -0.655879
v 0.396477 1.922245 -0.655873
v 0.396477 1.891918 -0.655875
v 0.407497 1.806751 -0.638132
v 0.407497 1.777097 -0.638135
v 0.407499 1.922244 -0.638122
v 0.407498 1.891918 -0.638125
v 0.425888 1.806751 -0.628263
v 0.425886 1.777097 -0.628265
v 0.425897 1.922245 -0.628259
v 0.425895 1.891918 -0.628260
v 0.446745 1.806751 -0.628895
v 0.446743 1.777098 -0.628893
v 0.446753 1.922245 -0.628900
v 0.446752 1.891919 -0.628899
v 1.845681 2.562807 -1.012333
v 1.842271 2.562804 -0.996021
v 1.831159 2.562803 -0.983598
v 1.815322 2.562805 -0.978397
v 1.799011 2.562809 -0.981812
v 1.786595 2.562810 -0.992922
v 1.781396 2.562808 -1.008752
v 1.784809 2.562804 -1.025065
v 1.795926 2.562803 -1.037487
v 1.811762 2.562805 -1.042683
v 1.828070 2.562808 -1.039266
v 1.840482 2.562809 -1.028158
v 1.845631 2.732988 -1.012362
v 1.842294 2.732139 -0.996096
v 1.831257 2.731059 -0.983663
v 1.813288 2.741060 -0.976690
v 1.797477 2.738021 -0.980518
v 1.785142 2.737203 -0.991797
v 1.779637 2.738828 -1.007471
v 1.784877 2.730365 -1.025171
v 1.796016 2.731431 -1.037544
v 1.811824 2.732465 -1.042663
v 1.828062 2.733178 -1.039204
v 1.840420 2.733370 -1.028123
v 1.836580 2.774446 -1.005290
v 1.834600 2.768116 -0.990088
v 1.825314 2.759931 -0.978969
v 1.780004 2.754547 -1.021393
v 1.789484 2.762772 -1.032380
v 1.803668 2.770558 -1.036169
v 1.818761 2.775849 -1.031825
v 1.830784 2.777267 -1.020539
v 1.811735 2.806079 -0.985709
v 1.813395 2.795115 -0.973375
v 1.808815 2.780939 -0.965965
v 1.790373 2.770103 -0.958626
v 1.780135 2.760052 -0.966822
v 1.769364 2.757326 -0.979322
v 1.760978 2.762689 -0.992740
v 1.766600 2.771614 -1.010829
v 1.771351 2.785860 -1.018089
v 1.781059 2.799345 -1.018350
v 1.793109 2.808510 -1.011608
v 1.804317 2.810967 -0.999679
v 1.779062 2.817547 -0.959841
v 1.784910 2.804858 -0.950855
v 1.785836 2.788520 -0.947879
v 1.747913 2.777753 -0.996026
v 1.747029 2.794194 -0.998920
v 1.751368 2.809793 -0.994966
v 1.759724 2.820398 -0.985269
v 1.769851 2.823227 -0.972426
v 1.354932 2.817586 -0.689090
v 1.362141 2.804898 -0.681104
v 1.364786 2.788509 -0.679428
v 1.353610 2.770067 -0.677809
v 1.348129 2.760020 -0.689799
v 1.338635 2.757333 -0.703324
v 1.327709 2.762727 -0.714707
v 1.327951 2.777808 -0.728442
v 1.325389 2.794183 -0.730016
v 1.328076 2.809749 -0.724829
v 1.335289 2.820368 -0.714296
v 1.345110 2.823234 -0.701229
v 1.322535 2.806079 -0.663550
v 1.334139 2.795115 -0.659054
v 1.342415 2.780939 -0.661775
v 1.308658 2.771614 -0.713305
v 1.300489 2.785860 -0.710383
v 1.297966 2.799345 -0.701004
v 1.301706 2.808510 -0.687712
v 1.310685 2.810967 -0.674027
v 1.297690 2.774446 -0.643969
v 1.312934 2.768116 -0.642341
v 1.325915 2.759931 -0.648771
v 1.330940 2.741059 -0.659928
v 1.330915 2.738019 -0.676195
v 1.322833 2.737201 -0.690826
v 1.308879 2.738827 -0.699843
v 1.295254 2.754547 -0.702741
v 1.282356 2.762772 -0.696092
v 1.275357 2.770558 -0.683185
v 1.276054 2.775849 -0.667495
v 1.284218 2.777267 -0.653168
v 1.288697 2.732986 -0.636821
v 1.305293 2.732138 -0.636264
v 1.319959 2.731059 -0.644088
v 1.290446 2.730364 -0.698887
v 1.275812 2.731431 -0.690951
v 1.267139 2.732464 -0.676779
v 1.266704 2.733175 -0.660183
v 1.274589 2.733367 -0.645573
v 1.288753 1.342268 -0.636762
v 1.305354 1.341354 -0.636307
v 1.319966 1.340870 -0.644187
v 1.328722 1.340951 -0.658293
v 1.329296 1.341574 -0.674884
v 1.321508 1.342566 -0.689556
v 1.304754 1.330899 -0.700314
v 1.288814 1.334813 -0.700358
v 1.274444 1.336878 -0.692187
v 1.265555 1.336535 -0.677999
v 1.266682 1.344319 -0.660145
v 1.274589 1.343358 -0.645474
v 1.281199 1.307587 -0.642290
v 1.296305 1.300748 -0.642937
v 1.310099 1.297161 -0.651367
v 1.318959 1.297757 -0.665332
v 1.320549 1.302382 -0.681161
v 1.314412 1.309833 -0.694676
v 1.262432 1.323431 -0.663151
v 1.268787 1.315886 -0.649660
v 1.260233 1.281682 -0.657505
v 1.271287 1.269836 -0.661093
v 1.282956 1.263624 -0.671065
v 1.292169 1.264656 -0.684775
v 1.296499 1.272666 -0.698615
v 1.294776 1.285572 -0.708926
v 1.277117 1.296706 -0.720370
v 1.268457 1.309632 -0.715127
v 1.257923 1.316458 -0.704172
v 1.248367 1.315314 -0.690468
v 1.250853 1.309123 -0.671554
v 1.252738 1.296056 -0.661307
v 1.232059 1.272309 -0.677910
v 1.238338 1.258611 -0.684947
v 1.247558 1.251420 -0.696739
v 1.257264 1.252623 -0.710151
v 1.264884 1.261907 -0.721630
v 1.268389 1.276832 -0.728108
v 1.233915 1.303908 -0.683920
v 1.230428 1.288888 -0.677522
v 1.166656 1.269420 -0.723121
v 1.172214 1.255639 -0.730664
v 1.181109 1.248390 -0.742741
v 1.190960 1.249609 -0.756117
v 1.199131 1.258970 -0.767216
v 1.203434 1.273974 -0.773061
v 1.202711 1.290599 -0.772079
v 1.197158 1.304384 -0.764535
v 1.188263 1.311635 -0.752454
v 1.178410 1.310416 -0.739075
v 1.170234 1.301050 -0.727978
v 1.165931 1.286044 -0.722136
v 1.309637 1.891919 -0.706287
v 1.309630 1.922245 -0.706288
v 1.309665 1.777098 -0.706282
v 1.309655 1.806751 -0.706283
v 1.288684 1.891918 -0.706928
v 1.288677 1.922244 -0.706927
v 1.288713 1.777097 -0.706933
v 1.288703 1.806751 -0.706931
v 1.270240 1.891918 -0.696986
v 1.270235 1.922244 -0.696984
v 1.270260 1.777097 -0.696997
v 1.270253 1.806751 -0.696994
v 1.259265 1.891918 -0.679163
v 1.259264 1.922244 -0.679161
v 1.259271 1.777097 -0.679171
v 1.259269 1.806751 -0.679169
v 1.258673 1.891918 -0.658259
v 1.258674 1.922245 -0.658260
v 1.268591 1.922245 -0.639873
v 1.268591 1.891919 -0.639871
v 1.268592 1.806751 -0.639864
v 1.268592 1.777098 -0.639861
v 1.258671 1.777097 -0.658257
v 1.258672 1.806751 -0.658259
v 1.288722 1.926240 -0.636794
v 1.288724 1.887923 -0.636793
v 1.288727 1.811083 -0.636790
v 1.288729 1.772765 -0.636788
v 1.275895 1.926240 -0.690991
v 1.275900 1.887923 -0.690993
v 1.275910 1.811083 -0.690998
v 1.275917 1.772765 -0.691001
v 1.305320 1.926240 -0.636283
v 1.305322 1.887923 -0.636284
v 1.305325 1.811083 -0.636287
v 1.305327 1.772765 -0.636288
v 1.267163 1.926240 -0.676804
v 1.267164 1.887923 -0.676806
v 1.267167 1.811083 -0.676809
v 1.267169 1.772765 -0.676811
v 1.319963 1.926240 -0.644133
v 1.319963 1.887923 -0.644136
v 1.319963 1.811083 -0.644141
v 1.319963 1.772765 -0.644145
v 1.266694 1.926240 -0.660165
v 1.266693 1.887923 -0.660164
v 1.266692 1.811083 -0.660162
v 1.266691 1.772765 -0.660161
v 1.328736 1.926240 -0.658263
v 1.328736 1.887923 -0.658265
v 1.328734 1.811083 -0.658268
v 1.328733 1.772765 -0.658270
v 1.274589 1.772765 -0.645517
v 1.274589 1.811083 -0.645520
v 1.274589 1.887923 -0.645526
v 1.274589 1.926240 -0.645528
v 1.329278 1.926240 -0.674906
v 1.329279 1.887923 -0.674905
v 1.329281 1.811083 -0.674903
v 1.329282 1.772765 -0.674901
v 1.321419 1.926240 -0.689602
v 1.321423 1.887923 -0.689600
v 1.321433 1.811083 -0.689595
v 1.321438 1.772765 -0.689592
v 1.307249 1.926240 -0.698396
v 1.307255 1.887923 -0.698395
v 1.307271 1.811083 -0.698393
v 1.307280 1.772765 -0.698391
v 1.290572 1.926240 -0.698905
v 1.290579 1.887923 -0.698906
v 1.290595 1.811083 -0.698908
v 1.290604 1.772765 -0.698910
v 1.327449 1.806751 -0.695229
v 1.327455 1.777098 -0.695226
v 1.327433 1.922245 -0.695239
v 1.327438 1.891919 -0.695237
v 1.337309 1.806751 -0.676772
v 1.337310 1.777098 -0.676770
v 1.337306 1.922245 -0.676778
v 1.337306 1.891919 -0.676777
v 1.336623 1.806751 -0.655877
v 1.336622 1.777097 -0.655879
v 1.336625 1.922245 -0.655873
v 1.336625 1.891918 -0.655875
v 1.325605 1.806751 -0.638132
v 1.325605 1.777097 -0.638135
v 1.325603 1.922244 -0.638122
v 1.325603 1.891918 -0.638125
v 1.307214 1.806751 -0.628263
v 1.307216 1.777097 -0.628265
v 1.307205 1.922245 -0.628259
v 1.307207 1.891918 -0.628260
v 1.286357 1.806751 -0.628895
v 1.286359 1.777098 -0.628893
v 1.286349 1.922245 -0.628900
v 1.286350 1.891919 -0.628899
v 1.098217 1.928245 -0.626603
v 1.087236 1.939226 -0.626603
v 1.072236 1.943245 -0.626603
v 1.057236 1.939226 -0.626603
v 1.046255 1.928245 -0.626603
v 1.042236 1.913245 -0.626603
v 1.046255 1.898245 -0.626603
v 1.057236 1.887264 -0.626603
v 1.072236 1.883245 -0.626603
v 1.087236 1.887264 -0.626603
v 1.098217 1.898245 -0.626603
v 1.102236 1.913245 -0.626603
v 1.098217 1.928173 -0.571698
v 1.087236 1.939101 -0.570621
v 1.072236 1.943100 -0.570228
v 1.057236 1.939101 -0.570621
v 1.046255 1.928173 -0.571698
v 1.042236 1.913245 -0.573168
v 1.046255 1.898317 -0.574638
v 1.057236 1.887389 -0.575715
v 1.072236 1.883389 -0.576109
v 1.087236 1.887389 -0.575715
v 1.098217 1.898317 -0.574638
v 1.102236 1.913245 -0.573168
v 1.098217 1.911148 -0.531891
v 1.087236 1.918912 -0.524127
v 1.072236 1.921754 -0.521285
v 1.057236 1.918912 -0.524127
v 1.046255 1.911148 -0.531891
v 1.042236 1.900541 -0.542498
v 1.046255 1.889934 -0.553105
v 1.057236 1.874747 -0.558259
v 1.072236 1.873129 -0.561680
v 1.087236 1.874747 -0.558260
v 1.098217 1.889934 -0.553105
v 1.102236 1.900541 -0.542498
v 1.098217 1.871341 -0.514866
v 1.087236 1.872418 -0.503939
v 1.072236 1.872812 -0.499939
v 1.057236 1.872418 -0.503939
v 1.046255 1.871341 -0.514866
v 1.042236 1.869871 -0.529794
v 1.046255 1.868401 -0.544722
v 1.098217 1.868401 -0.544722
v 1.102236 1.869871 -0.529794
v 1.098176 1.569748 -0.514910
v 1.087290 1.569748 -0.503881
v 1.072369 1.569748 -0.499795
v 1.057413 1.569748 -0.503747
v 1.046429 1.569748 -0.514678
v 1.042360 1.569748 -0.529660
v 1.046296 1.569748 -0.544678
v 1.057183 1.569748 -0.555708
v 1.072103 1.569748 -0.559794
v 1.087059 1.569748 -0.555842
v 1.098043 1.569748 -0.544910
v 1.102113 1.569748 -0.529928
v 1.099957 1.561095 -0.514910
v 1.089664 1.557413 -0.503881
v 1.075558 1.552366 -0.499795
v 1.061418 1.547308 -0.503747
v 1.051033 1.543593 -0.514678
v 1.047185 1.542216 -0.529660
v 1.050907 1.543548 -0.544678
v 1.061200 1.547230 -0.555708
v 1.075306 1.552276 -0.559794
v 1.089446 1.557335 -0.555842
v 1.099831 1.561050 -0.544910
v 1.103678 1.562427 -0.529928
v 1.108970 1.548157 -0.514910
v 1.096488 1.545137 -0.503881
v 1.084639 1.535970 -0.499795
v 1.072761 1.526781 -0.503747
v 1.064037 1.520032 -0.514678
v 1.060805 1.517532 -0.529660
v 1.073716 1.510683 -0.544678
v 1.081114 1.518547 -0.555708
v 1.091253 1.529324 -0.559794
v 1.101416 1.540126 -0.555842
v 1.108880 1.548060 -0.544910
v 1.111645 1.551000 -0.529928
v 1.106656 1.535449 -0.503881
v 1.098228 1.523062 -0.499795
v 1.089780 1.510646 -0.503747
v 1.083576 1.501527 -0.514678
v 1.081277 1.498149 -0.529660
v 1.123312 1.539890 -0.514910
v 1.119496 1.529645 -0.503881
v 1.114267 1.515606 -0.499795
v 1.109025 1.501533 -0.503747
v 1.105176 1.491197 -0.514678
v 1.103750 1.487368 -0.529660
v 1.105129 1.491071 -0.544678
v 1.108945 1.501315 -0.555708
v 1.114174 1.515355 -0.559794
v 1.119415 1.529428 -0.555842
v 1.123265 1.539764 -0.544910
v 1.124691 1.543593 -0.529928
v 1.782416 1.345862 -0.514867
v 1.780522 1.334992 -0.503939
v 1.776897 1.320431 -0.499939
v 1.772512 1.306081 -0.503938
v 1.768543 1.295786 -0.514866
v 1.766053 1.292305 -0.529794
v 1.765709 1.296571 -0.544722
v 1.774894 1.305580 -0.558281
v 1.777238 1.320479 -0.561680
v 1.782708 1.334544 -0.558238
v 1.789839 1.344005 -0.548877
v 1.782072 1.350127 -0.529794
v 1.820598 1.335919 -0.531818
v 1.825314 1.323306 -0.524085
v 1.824252 1.308068 -0.521285
v 1.817697 1.294289 -0.524170
v 1.807404 1.285661 -0.531965
v 1.796132 1.284496 -0.542583
v 1.786901 1.291106 -0.553178
v 1.811367 1.342529 -0.542413
v 1.837106 1.331636 -0.571688
v 1.844872 1.318231 -0.570616
v 1.844914 1.302706 -0.570228
v 1.837221 1.289223 -0.570627
v 1.823854 1.281393 -0.571708
v 1.808395 1.281314 -0.573180
v 1.794986 1.289008 -0.574649
v 1.787220 1.302413 -0.575721
v 1.787178 1.317937 -0.576109
v 1.794871 1.331421 -0.575709
v 1.808238 1.339251 -0.574628
v 1.823697 1.339330 -0.573156
v 1.837177 1.331617 -0.620648
v 1.844994 1.318199 -0.620648
v 1.845054 1.302670 -0.620649
v 1.837342 1.289191 -0.620649
v 1.823924 1.281375 -0.620649
v 1.808394 1.281314 -0.620649
v 1.794916 1.289026 -0.620649
v 1.787099 1.302445 -0.620649
v 1.787038 1.317974 -0.620648
v 1.794751 1.331452 -0.620648
v 1.808169 1.339269 -0.620648
v 1.823698 1.339330 -0.620648
v 1.105474 1.754109 -0.510692
v 1.105471 1.739351 -0.510695
v 1.105472 1.681948 -0.510722
v 1.105469 1.667820 -0.510725
v 1.091455 1.754111 -0.496658
v 1.091459 1.739353 -0.496654
v 1.091488 1.681951 -0.496650
v 1.091492 1.667822 -0.496647
v 1.072292 1.754112 -0.491502
v 1.072301 1.739354 -0.491493
v 1.072342 1.681952 -0.491460
v 1.072352 1.667823 -0.491450
v 1.053113 1.754111 -0.496602
v 1.053126 1.739353 -0.496589
v 1.053168 1.681951 -0.496544
v 1.053181 1.667822 -0.496531
v 1.039053 1.754109 -0.510596
v 1.039066 1.739351 -0.510582
v 1.039106 1.681948 -0.510538
v 1.039119 1.667820 -0.510524
v 1.033885 1.754108 -0.529739
v 1.033893 1.739349 -0.529729
v 1.033922 1.681947 -0.529688
v 1.033930 1.667819 -0.529678
v 1.038998 1.754109 -0.548897
v 1.039001 1.739351 -0.548894
v 1.039001 1.681948 -0.548867
v 1.039003 1.667820 -0.548864
v 1.053018 1.754111 -0.562930
v 1.053014 1.739353 -0.562934
v 1.052984 1.681951 -0.562938
v 1.052981 1.667822 -0.562942
v 1.072182 1.754112 -0.568085
v 1.072172 1.739354 -0.568095
v 1.072130 1.681952 -0.568129
v 1.072120 1.667823 -0.568138
v 1.091361 1.754111 -0.562985
v 1.091347 1.739353 -0.562999
v 1.091304 1.681951 -0.563044
v 1.091290 1.667822 -0.563058
v 1.110579 1.739349 -0.529859
v 1.110587 1.754108 -0.529849
v 1.105420 1.754109 -0.548991
v 1.105407 1.739351 -0.549006
v 1.105366 1.681948 -0.549051
v 1.105353 1.667820 -0.549065
v 1.110542 1.667819 -0.529911
v 1.110550 1.681947 -0.529901
v 1.098189 1.664940 -0.514896
v 1.098192 1.684830 -0.514893
v 1.098202 1.736785 -0.514883
v 1.098204 1.756676 -0.514880
v 1.046374 1.664940 -0.514739
v 1.046362 1.684830 -0.514751
v 1.046322 1.736785 -0.514794
v 1.046311 1.756676 -0.514807
v 1.072145 1.664940 -0.559748
v 1.072154 1.684830 -0.559739
v 1.072186 1.736785 -0.559705
v 1.072194 1.756676 -0.559695
v 1.087273 1.664940 -0.503899
v 1.087269 1.684830 -0.503903
v 1.087257 1.736785 -0.503916
v 1.087253 1.756676 -0.503920
v 1.042320 1.664940 -0.529703
v 1.042312 1.684830 -0.529712
v 1.042284 1.736785 -0.529743
v 1.042275 1.756676 -0.529752
v 1.087115 1.664940 -0.555781
v 1.087127 1.684830 -0.555768
v 1.087169 1.736785 -0.555723
v 1.087181 1.756676 -0.555710
v 1.072327 1.664940 -0.499840
v 1.072318 1.684830 -0.499850
v 1.072288 1.736785 -0.499883
v 1.072279 1.756676 -0.499892
v 1.046283 1.664940 -0.544692
v 1.046280 1.684830 -0.544695
v 1.046271 1.736785 -0.544705
v 1.046268 1.756676 -0.544708
v 1.098098 1.664940 -0.544851
v 1.098109 1.684830 -0.544838
v 1.098150 1.736785 -0.544794
v 1.098162 1.756676 -0.544781
v 1.057357 1.664940 -0.503808
v 1.057345 1.684830 -0.503821
v 1.057304 1.736785 -0.503865
v 1.057293 1.756676 -0.503877
v 1.057200 1.664940 -0.555689
v 1.057203 1.684830 -0.555685
v 1.057216 1.736785 -0.555672
v 1.057219 1.756676 -0.555668
v 1.102197 1.756676 -0.529837
v 1.102189 1.736785 -0.529845
v 1.102160 1.684830 -0.529877
v 1.102151 1.664940 -0.529886
v 1.149813 1.532088 -0.514908
v 1.131847 1.483341 -0.514686
v 1.140602 1.507578 -0.559788
v 1.146072 1.521820 -0.503883
v 1.130382 1.479525 -0.529666
v 1.145808 1.521662 -0.555834
v 1.140906 1.507760 -0.499800
v 1.131695 1.483250 -0.544680
v 1.149661 1.531997 -0.544902
v 1.135700 1.493676 -0.503755
v 1.135436 1.493518 -0.555706
v 1.151126 1.535813 -0.529922
v 1.087286 1.589813 -0.503884
v 1.098179 1.589813 -0.514907
v 1.102121 1.589813 -0.529919
v 1.046417 1.589813 -0.514691
v 1.057401 1.589813 -0.503760
v 1.042351 1.589813 -0.529669
v 1.072112 1.589813 -0.559784
v 1.057186 1.589813 -0.555704
v 1.087071 1.589813 -0.555829
v 1.072361 1.589813 -0.499804
v 1.046293 1.589813 -0.544681
v 1.098055 1.589813 -0.544897
v 1.102220 1.572130 -0.512559
v 1.089589 1.572129 -0.499807
v 1.042364 1.572129 -0.512365
v 1.037683 1.572129 -0.529640
v 1.071997 1.572129 -0.564470
v 1.089322 1.572129 -0.559935
v 1.106790 1.572130 -0.529949
v 1.127416 1.541792 -0.513180
v 1.123165 1.530350 -0.500877
v 1.107213 1.487484 -0.512954
v 1.105621 1.483225 -0.529646
v 1.117207 1.514411 -0.563254
v 1.123051 1.530116 -0.558859
v 1.128948 1.545931 -0.529943
v 1.072305 1.572129 -0.495118
v 1.042211 1.572129 -0.546956
v 1.102066 1.572130 -0.547297
v 1.117338 1.514681 -0.496334
v 1.107148 1.487349 -0.546377
v 1.127350 1.541657 -0.546665
v 1.055023 1.572129 -0.499727
v 1.054757 1.572129 -0.559707
v 1.111500 1.498991 -0.500759
v 1.111386 1.498758 -0.558680
v 1.089698 1.587432 -0.499877
v 1.042390 1.587432 -0.512313
v 1.037674 1.587432 -0.529649
v 1.072159 1.587431 -0.564461
v 1.089449 1.587432 -0.559856
v 1.072447 1.587431 -0.495128
v 1.042246 1.587432 -0.547025
v 1.102116 1.587432 -0.547217
v 1.147182 1.535990 -0.513206
v 1.127121 1.481637 -0.512929
v 1.136929 1.508676 -0.563250
v 1.143005 1.524558 -0.500908
v 1.125490 1.477373 -0.529647
v 1.142740 1.524376 -0.558825
v 1.137236 1.508888 -0.496338
v 1.126967 1.481528 -0.546405
v 1.147029 1.535885 -0.546629
v 1.131421 1.493174 -0.500736
v 1.131155 1.492989 -0.558707
v 1.148654 1.540133 -0.529937
v 1.102259 1.587432 -0.512621
v 1.106798 1.587433 -0.529939
v 1.055124 1.587431 -0.499674
v 1.054874 1.587431 -0.559770
v 0.650975 1.928245 -0.626603
v 0.661955 1.939226 -0.626603
v 0.676955 1.943245 -0.626603
v 0.691955 1.939226 -0.626603
v 0.702936 1.928245 -0.626603
v 0.706955 1.913245 -0.626603
v 0.702936 1.898245 -0.626603
v 0.691955 1.887264 -0.626603
v 0.676955 1.883245 -0.626603
v 0.661955 1.887264 -0.626603
v 0.650975 1.898245 -0.626603
v 0.646955 1.913245 -0.626603
v 0.650975 1.928173 -0.571698
v 0.661955 1.939101 -0.570621
v 0.676955 1.943100 -0.570228
v 0.691955 1.939101 -0.570621
v 0.702936 1.928173 -0.571698
v 0.706955 1.913245 -0.573168
v 0.702936 1.898317 -0.574638
v 0.691955 1.887389 -0.575715
v 0.676955 1.883389 -0.576109
v 0.661955 1.887389 -0.575715
v 0.650975 1.898317 -0.574638
v 0.646955 1.913245 -0.573168
v 0.650975 1.911148 -0.531891
v 0.661955 1.918912 -0.524127
v 0.676955 1.921754 -0.521285
v 0.691955 1.918912 -0.524127
v 0.702936 1.911148 -0.531891
v 0.706955 1.900541 -0.542498
v 0.702936 1.889934 -0.553105
v 0.691955 1.874747 -0.558259
v 0.676955 1.873129 -0.561680
v 0.661955 1.874747 -0.558260
v 0.650975 1.889934 -0.553105
v 0.646955 1.900541 -0.542498
v 0.650975 1.871341 -0.514866
v 0.661955 1.872418 -0.503939
v 0.676955 1.872812 -0.499939
v 0.691955 1.872418 -0.503939
v 0.702936 1.871341 -0.514866
v 0.706955 1.869871 -0.529794
v 0.702936 1.868401 -0.544722
v 0.650975 1.868401 -0.544722
v 0.646955 1.869871 -0.529794
v 0.651015 1.569748 -0.514910
v 0.661902 1.569748 -0.503881
v 0.676822 1.569748 -0.499795
v 0.691778 1.569748 -0.503747
v 0.702762 1.569748 -0.514678
v 0.706832 1.569748 -0.529660
v 0.702896 1.569748 -0.544678
v 0.692009 1.569748 -0.555708
v 0.677088 1.569748 -0.559794
v 0.662132 1.569748 -0.555842
v 0.651148 1.569748 -0.544910
v 0.647079 1.569748 -0.529928
v 0.649234 1.561095 -0.514910
v 0.659527 1.557413 -0.503881
v 0.673633 1.552366 -0.499795
v 0.687774 1.547308 -0.503747
v 0.698159 1.543593 -0.514678
v 0.702006 1.542216 -0.529660
v 0.698285 1.543548 -0.544678
v 0.687992 1.547230 -0.555708
v 0.673885 1.552276 -0.559794
v 0.659745 1.557335 -0.555842
v 0.649360 1.561050 -0.544910
v 0.645513 1.562427 -0.529928
v 0.640221 1.548157 -0.514910
v 0.652703 1.545137 -0.503881
v 0.664553 1.535970 -0.499795
v 0.676431 1.526781 -0.503747
v 0.685155 1.520032 -0.514678
v 0.688387 1.517532 -0.529660
v 0.675476 1.510683 -0.544678
v 0.668078 1.518547 -0.555708
v 0.657939 1.529324 -0.559794
v 0.647776 1.540126 -0.555842
v 0.640312 1.548060 -0.544910
v 0.637546 1.551000 -0.529928
v 0.642535 1.535449 -0.503881
v 0.650963 1.523062 -0.499795
v 0.659411 1.510646 -0.503747
v 0.665616 1.501527 -0.514678
v 0.667914 1.498149 -0.529660
v 0.625880 1.539890 -0.514910
v 0.629695 1.529645 -0.503881
v 0.634924 1.515606 -0.499795
v 0.640166 1.501533 -0.503747
v 0.644015 1.491197 -0.514678
v 0.645442 1.487368 -0.529660
v 0.644062 1.491071 -0.544678
v 0.640247 1.501315 -0.555708
v 0.635018 1.515355 -0.559794
v 0.629776 1.529428 -0.555842
v 0.625927 1.539764 -0.544910
v 0.624501 1.543593 -0.529928
v -0.033225 1.345862 -0.514867
v -0.031331 1.334992 -0.503939
v -0.027706 1.320431 -0.499939
v -0.023321 1.306081 -0.503938
v -0.019352 1.295786 -0.514866
v -0.016862 1.292305 -0.529794
v -0.016518 1.296571 -0.544722
v -0.025703 1.305580 -0.558281
v -0.028046 1.320479 -0.561680
v -0.033516 1.334544 -0.558238
v -0.040647 1.344005 -0.548877
v -0.032881 1.350127 -0.529794
v -0.071407 1.335919 -0.531818
v -0.076123 1.323306 -0.524085
v -0.075061 1.308068 -0.521285
v -0.068505 1.294289 -0.524170
v -0.058212 1.285661 -0.531965
v -0.046941 1.284496 -0.542583
v -0.037710 1.291106 -0.553178
v -0.062176 1.342529 -0.542413
v -0.087915 1.331636 -0.571688
v -0.095681 1.318231 -0.570616
v -0.095723 1.302706 -0.570228
v -0.088030 1.289223 -0.570627
v -0.074663 1.281393 -0.571708
v -0.059204 1.281314 -0.573180
v -0.045795 1.289008 -0.574649
v -0.038029 1.302413 -0.575721
v -0.037987 1.317937 -0.576109
v -0.045680 1.331421 -0.575709
v -0.059047 1.339251 -0.574628
v -0.074506 1.339330 -0.573156
v -0.087985 1.331617 -0.620648
v -0.095802 1.318199 -0.620648
v -0.095863 1.302670 -0.620649
v -0.088150 1.289191 -0.620649
v -0.074732 1.281375 -0.620649
v -0.059203 1.281314 -0.620649
v -0.045724 1.289026 -0.620649
v -0.037907 1.302445 -0.620649
v -0.037847 1.317974 -0.620648
v -0.045559 1.331452 -0.620648
v -0.058977 1.339269 -0.620648
v -0.074507 1.339330 -0.620648
v 0.643717 1.754109 -0.510692
v 0.643720 1.739351 -0.510695
v 0.643720 1.681948 -0.510722
v 0.643722 1.667820 -0.510725
v 0.657736 1.754111 -0.496658
v 0.657733 1.739353 -0.496654
v 0.657703 1.681951 -0.496650
v 0.657700 1.667822 -0.496647
v 0.676900 1.754112 -0.491502
v 0.676890 1.739354 -0.491493
v 0.676849 1.681952 -0.491460
v 0.676839 1.667823 -0.491450
v 0.696079 1.754111 -0.496602
v 0.696065 1.739353 -0.496589
v 0.696024 1.681951 -0.496544
v 0.696010 1.667822 -0.496531
v 0.710138 1.754109 -0.510596
v 0.710126 1.739351 -0.510582
v 0.710085 1.681948 -0.510538
v 0.710073 1.667820 -0.510524
v 0.715306 1.754108 -0.529739
v 0.715298 1.739349 -0.529729
v 0.715269 1.681947 -0.529688
v 0.715261 1.667819 -0.529678
v 0.710193 1.754109 -0.548897
v 0.710191 1.739351 -0.548894
v 0.710191 1.681948 -0.548867
v 0.710188 1.667820 -0.548864
v 0.696174 1.754111 -0.562930
v 0.696177 1.739353 -0.562934
v 0.696207 1.681951 -0.562938
v 0.696211 1.667822 -0.562942
v 0.677009 1.754112 -0.568085
v 0.677020 1.739354 -0.568095
v 0.677061 1.681952 -0.568129
v 0.677071 1.667823 -0.568138
v 0.657831 1.754111 -0.562985
v 0.657845 1.739353 -0.562999
v 0.657887 1.681951 -0.563044
v 0.657901 1.667822 -0.563058
v 0.638613 1.739349 -0.529859
v 0.638604 1.754108 -0.529849
v 0.643772 1.754109 -0.548991
v 0.643785 1.739351 -0.549006
v 0.643826 1.681948 -0.549051
v 0.643839 1.667820 -0.549065
v 0.638650 1.667819 -0.529911
v 0.638642 1.681947 -0.529901
v 0.651002 1.664940 -0.514896
v 0.650999 1.684830 -0.514893
v 0.650990 1.736785 -0.514883
v 0.650987 1.756676 -0.514880
v 0.702818 1.664940 -0.514739
v 0.702829 1.684830 -0.514751
v 0.702869 1.736785 -0.514794
v 0.702881 1.756676 -0.514807
v 0.677046 1.664940 -0.559748
v 0.677037 1.684830 -0.559739
v 0.677006 1.736785 -0.559705
v 0.676997 1.756676 -0.559695
v 0.661919 1.664940 -0.503899
v 0.661922 1.684830 -0.503903
v 0.661934 1.736785 -0.503916
v 0.661938 1.756676 -0.503920
v 0.706871 1.664940 -0.529703
v 0.706879 1.684830 -0.529712
v 0.706908 1.736785 -0.529743
v 0.706916 1.756676 -0.529752
v 0.662076 1.664940 -0.555781
v 0.662065 1.684830 -0.555768
v 0.662023 1.736785 -0.555723
v 0.662011 1.756676 -0.555710
v 0.676864 1.664940 -0.499840
v 0.676873 1.684830 -0.499850
v 0.676904 1.736785 -0.499883
v 0.676913 1.756676 -0.499892
v 0.702909 1.664940 -0.544692
v 0.702911 1.684830 -0.544695
v 0.702921 1.736785 -0.544705
v 0.702923 1.756676 -0.544708
v 0.651094 1.664940 -0.544851
v 0.651082 1.684830 -0.544838
v 0.651041 1.736785 -0.544794
v 0.651029 1.756676 -0.544781
v 0.691835 1.664940 -0.503808
v 0.691846 1.684830 -0.503821
v 0.691887 1.736785 -0.503865
v 0.691898 1.756676 -0.503877
v 0.691992 1.664940 -0.555689
v 0.691988 1.684830 -0.555685
v 0.691976 1.736785 -0.555672
v 0.691972 1.756676 -0.555668
v 0.646994 1.756676 -0.529837
v 0.647003 1.736785 -0.529845
v 0.647032 1.684830 -0.529877
v 0.647040 1.664940 -0.529886
v 0.599378 1.532088 -0.514908
v 0.617344 1.483341 -0.514686
v 0.608590 1.507578 -0.559788
v 0.603119 1.521820 -0.503883
v 0.618810 1.479525 -0.529666
v 0.603383 1.521662 -0.555834
v 0.608285 1.507760 -0.499800
v 0.617497 1.483250 -0.544680
v 0.599531 1.531997 -0.544902
v 0.613492 1.493676 -0.503755
v 0.613756 1.493518 -0.555706
v 0.598065 1.535813 -0.529922
v 0.661905 1.589813 -0.503884
v 0.651012 1.589813 -0.514907
v 0.647071 1.589813 -0.529919
v 0.702774 1.589813 -0.514691
v 0.691790 1.589813 -0.503760
v 0.706840 1.589813 -0.529669
v 0.677080 1.589813 -0.559784
v 0.692005 1.589813 -0.555704
v 0.662121 1.589813 -0.555829
v 0.676831 1.589813 -0.499804
v 0.702898 1.589813 -0.544681
v 0.651137 1.589813 -0.544897
v 0.646972 1.572130 -0.512559
v 0.659603 1.572129 -0.499807
v 0.706827 1.572129 -0.512365
v 0.711509 1.572129 -0.529640
v 0.677194 1.572129 -0.564470
v 0.659870 1.572129 -0.559935
v 0.642402 1.572130 -0.529949
v 0.621776 1.541792 -0.513180
v 0.626027 1.530350 -0.500877
v 0.641978 1.487484 -0.512954
v 0.643570 1.483225 -0.529646
v 0.631985 1.514411 -0.563254
v 0.626140 1.530116 -0.558859
v 0.620244 1.545931 -0.529943
v 0.676887 1.572129 -0.495118
v 0.706980 1.572129 -0.546956
v 0.647126 1.572130 -0.547297
v 0.631853 1.514681 -0.496334
v 0.642044 1.487349 -0.546377
v 0.621841 1.541657 -0.546665
v 0.694169 1.572129 -0.499727
v 0.694434 1.572129 -0.559707
v 0.637692 1.498991 -0.500759
v 0.637805 1.498758 -0.558680
v 0.659493 1.587432 -0.499877
v 0.706801 1.587432 -0.512313
v 0.711517 1.587432 -0.529649
v 0.677032 1.587431 -0.564461
v 0.659743 1.587432 -0.559856
v 0.676744 1.587431 -0.495128
v 0.706946 1.587432 -0.547025
v 0.647076 1.587432 -0.547217
v 0.602009 1.535990 -0.513206
v 0.622071 1.481637 -0.512929
v 0.612262 1.508676 -0.563250
v 0.606187 1.524558 -0.500908
v 0.623701 1.477373 -0.529647
v 0.606452 1.524376 -0.558825
v 0.611955 1.508888 -0.496338
v 0.622225 1.481528 -0.546405
v 0.602162 1.535885 -0.546629
v 0.617770 1.493174 -0.500736
v 0.618037 1.492989 -0.558707
v 0.600537 1.540133 -0.529937
v 0.646932 1.587432 -0.512621
v 0.642394 1.587433 -0.529939
v 0.694067 1.587431 -0.499674
v 0.694317 1.587431 -0.559770
v 1.813538 2.323876 -1.406877
v 1.813538 2.361020 -1.402649
v 1.890860 2.323876 -1.399261
v 1.890035 2.361020 -1.395114
v 1.965210 2.323876 -1.376707
v 1.963592 2.361020 -1.372801
v 2.033731 2.323876 -1.340082
v 2.031383 2.361020 -1.336566
v 2.093791 2.323876 -1.290792
v 2.090801 2.361020 -1.287803
v 2.143080 2.323876 -1.230733
v 2.139565 2.361020 -1.228384
v 2.179706 2.323876 -1.162211
v 2.175800 2.361020 -1.160593
v 2.202260 2.323876 -1.087861
v 2.198113 2.361020 -1.087036
v 2.209875 2.323876 -1.010540
v 2.205647 2.361020 -1.010540
v 2.202260 2.323876 -0.933218
v 2.198113 2.361020 -0.934043
v 2.179706 2.323876 -0.858868
v 2.175800 2.361020 -0.860486
v 2.143080 2.323876 -0.790347
v 2.139565 2.361020 -0.792696
v 2.093791 2.323876 -0.730287
v 2.090801 2.361020 -0.733277
v 2.033731 2.323876 -0.680998
v 2.031383 2.361020 -0.684513
v 1.965210 2.323876 -0.644372
v 1.963592 2.361020 -0.648278
v 1.890860 2.323876 -0.621818
v 1.890035 2.361020 -0.625965
v 1.813538 2.323876 -0.614203
v 1.813538 2.361020 -0.618431
v 1.736217 2.323876 -0.621818
v 1.737042 2.361020 -0.625965
v 1.661867 2.323876 -0.644372
v 1.663485 2.361020 -0.648278
v 1.593345 2.323876 -0.680998
v 1.595694 2.361020 -0.684513
v 1.533286 2.323876 -0.730287
v 1.536275 2.361020 -0.733277
v 1.483996 2.323876 -0.790347
v 1.487512 2.361020 -0.792696
v 1.447371 2.323876 -0.858868
v 1.451277 2.361020 -0.860486
v 1.424817 2.323876 -0.933218
v 1.428964 2.361020 -0.934043
v 1.417202 2.323876 -1.010540
v 1.421429 2.361020 -1.010540
v 1.424817 2.323876 -1.087861
v 1.428964 2.361020 -1.087036
v 1.447371 2.323876 -1.162211
v 1.451277 2.361020 -1.160593
v 1.483996 2.323876 -1.230733
v 1.487512 2.361020 -1.228384
v 1.533286 2.323876 -1.290792
v 1.536275 2.361020 -1.287803
v 1.593345 2.323876 -1.340082
v 1.595694 2.361020 -1.336566
v 1.661867 2.323876 -1.376707
v 1.663485 2.361020 -1.372801
v 1.736217 2.323876 -1.399261
v 1.737042 2.361020 -1.395114
v 1.813538 2.323876 -1.425540
v 1.894501 2.323876 -1.417566
v 1.894501 2.361020 -1.417566
v 1.813538 2.361020 -1.425540
v 1.972352 2.323876 -1.393950
v 1.972352 2.361020 -1.393950
v 2.044100 2.323876 -1.355600
v 2.044100 2.361020 -1.355600
v 2.106987 2.323876 -1.303989
v 2.106987 2.361020 -1.303989
v 2.158598 2.323876 -1.241101
v 2.158598 2.361020 -1.241101
v 2.196948 2.323876 -1.169353
v 2.196948 2.361020 -1.169353
v 2.220564 2.323876 -1.091502
v 2.220564 2.361020 -1.091502
v 2.228538 2.323876 -1.010540
v 2.228538 2.361020 -1.010540
v 2.220564 2.323876 -0.929577
v 2.220564 2.361020 -0.929577
v 2.196948 2.323876 -0.851726
v 2.196948 2.361020 -0.851726
v 2.158598 2.323876 -0.779978
v 2.158598 2.361020 -0.779978
v 2.106987 2.323876 -0.717090
v 2.106987 2.361020 -0.717090
v 2.044100 2.323876 -0.665480
v 2.044100 2.361020 -0.665480
v 1.972352 2.323876 -0.627130
v 1.972352 2.361020 -0.627130
v 1.894501 2.323876 -0.603514
v 1.894501 2.361020 -0.603514
v 1.813538 2.323876 -0.595540
v 1.813538 2.361020 -0.595540
v 1.732576 2.323876 -0.603514
v 1.732576 2.361020 -0.603514
v 1.654725 2.323876 -0.627130
v 1.654725 2.361020 -0.627130
v 1.582977 2.323876 -0.665480
v 1.582977 2.361020 -0.665480
v 1.520089 2.323876 -0.717090
v 1.520089 2.361020 -0.717090
v 1.468478 2.323876 -0.779978
v 1.468478 2.361020 -0.779978
v 1.430128 2.323876 -0.851726
v 1.430128 2.361020 -0.851726
v 1.406512 2.323876 -0.929577
v 1.406512 2.361020 -0.929577
v 1.398538 2.323876 -1.010540
v 1.398538 2.361020 -1.010540
v 1.406512 2.323876 -1.091502
v 1.406512 2.361020 -1.091502
v 1.430128 2.323876 -1.169353
v 1.430128 2.361020 -1.169353
v 1.468478 2.323876 -1.241101
v 1.468478 2.361020 -1.241101
v 1.520089 2.323876 -1.303989
v 1.520089 2.361020 -1.303989
v 1.582977 2.323876 -1.355600
v 1.582977 2.361020 -1.355600
v 1.654725 2.323876 -1.393950
v 1.654725 2.361020 -1.393950
v 1.732576 2.323876 -1.417566
v 1.732576 2.361020 -1.417566
v -0.064347 2.323876 -1.406877
v -0.064347 2.361020 -1.402649
v -0.141668 2.323876 -1.399261
v -0.140844 2.361020 -1.395114
v -0.216018 2.323876 -1.376707
v -0.214401 2.361020 -1.372801
v -0.284540 2.323876 -1.340082
v -0.282191 2.361020 -1.336566
v -0.344599 2.323876 -1.290792
v -0.341610 2.361020 -1.287803
v -0.393889 2.323876 -1.230733
v -0.390374 2.361020 -1.228384
v -0.430514 2.323876 -1.162211
v -0.426609 2.361020 -1.160593
v -0.453068 2.323876 -1.087861
v -0.448922 2.361020 -1.087036
v -0.460684 2.323876 -1.010540
v -0.456456 2.361020 -1.010540
v -0.453068 2.323876 -0.933218
v -0.448922 2.361020 -0.934043
v -0.430514 2.323876 -0.858868
v -0.426609 2.361020 -0.860486
v -0.393889 2.323876 -0.790347
v -0.390374 2.361020 -0.792696
v -0.344599 2.323876 -0.730287
v -0.341610 2.361020 -0.733277
v -0.284540 2.323876 -0.680998
v -0.282191 2.361020 -0.684513
v -0.216018 2.323876 -0.644372
v -0.214401 2.361020 -0.648278
v -0.141668 2.323876 -0.621818
v -0.140844 2.361020 -0.625965
v -0.064347 2.323876 -0.614203
v -0.064347 2.361020 -0.618431
v 0.012975 2.323876 -0.621818
v 0.012150 2.361020 -0.625965
v 0.087325 2.323876 -0.644372
v 0.085707 2.361020 -0.648278
v 0.155846 2.323876 -0.680998
v 0.153497 2.361020 -0.684513
v 0.215905 2.323876 -0.730287
v 0.212916 2.361020 -0.733277
v 0.265195 2.323876 -0.790347
v 0.261680 2.361020 -0.792696
v 0.301821 2.323876 -0.858868
v 0.297915 2.361020 -0.860486
v 0.324374 2.323876 -0.933218
v 0.320228 2.361020 -0.934043
v 0.331990 2.323876 -1.010540
v 0.327762 2.361020 -1.010540
v 0.324374 2.323876 -1.087861
v 0.320228 2.361020 -1.087036
v 0.301821 2.323876 -1.162211
v 0.297915 2.361020 -1.160593
v 0.265195 2.323876 -1.230733
v 0.261680 2.361020 -1.228384
v 0.215905 2.323876 -1.290792
v 0.212916 2.361020 -1.287803
v 0.155846 2.323876 -1.340082
v 0.153497 2.361020 -1.336566
v 0.087325 2.323876 -1.376707
v 0.085707 2.361020 -1.372801
v 0.012975 2.323876 -1.399261
v 0.012150 2.361020 -1.395114
v -0.064347 2.323876 -1.425540
v -0.145309 2.323876 -1.417566
v -0.145309 2.361020 -1.417566
v -0.064347 2.361020 -1.425540
v -0.223161 2.323876 -1.393950
v -0.223161 2.361020 -1.393950
v -0.294909 2.323876 -1.355600
v -0.294909 2.361020 -1.355600
v -0.357796 2.323876 -1.303989
v -0.357796 2.361020 -1.303989
v -0.409407 2.323876 -1.241101
v -0.409407 2.361020 -1.241101
v -0.447757 2.323876 -1.169353
v -0.447757 2.361020 -1.169353
v -0.471373 2.323876 -1.091502
v -0.471373 2.361020 -1.091502
v -0.479347 2.323876 -1.010540
v -0.479347 2.361020 -1.010540
v -0.471373 2.323876 -0.929577
v -0.471373 2.361020 -0.929577
v -0.447757 2.323876 -0.851726
v -0.447757 2.361020 -0.851726
v -0.409407 2.323876 -0.779978
v -0.409407 2.361020 -0.779978
v -0.357796 2.323876 -0.717090
v -0.357796 2.361020 -0.717090
v -0.294909 2.323876 -0.665480
v -0.294909 2.361020 -0.665480
v -0.223161 2.323876 -0.627130
v -0.223161 2.361020 -0.627130
v -0.145309 2.323876 -0.603514
v -0.145309 2.361020 -0.603514
v -0.064347 2.323876 -0.595540
v -0.064347 2.361020 -0.595540
v 0.016616 2.323876 -0.603514
v 0.016616 2.361020 -0.603514
v 0.094467 2.323876 -0.627130
v 0.094467 2.361020 -0.627130
v 0.166215 2.323876 -0.665480
v 0.166215 2.361020 -0.665480
v 0.229102 2.323876 -0.717090
v 0.229102 2.361020 -0.717090
v 0.280713 2.323876 -0.779978
v 0.280713 2.361020 -0.779978
v 0.319063 2.323876 -0.851726
v 0.319063 2.361020 -0.851726
v 0.342679 2.323876 -0.929577
v 0.342679 2.361020 -0.929577
v 0.350653 2.323876 -1.010540
v 0.350653 2.361020 -1.010540
v 0.342679 2.323876 -1.091502
v 0.342679 2.361020 -1.091502
v 0.319063 2.323876 -1.169353
v 0.319063 2.361020 -1.169353
v 0.280713 2.323876 -1.241101
v 0.280713 2.361020 -1.241101
v 0.229102 2.323876 -1.303989
v 0.229102 2.361020 -1.303989
v 0.166215 2.323876 -1.355600
v 0.166215 2.361020 -1.355600
v 0.094467 2.323876 -1.393950
v 0.094467 2.361020 -1.393950
v 0.016616 2.323876 -1.417566
v 0.016616 2.361020 -1.417566
v 0.874596 2.323876 -1.406877
v 0.874596 2.361020 -1.402649
v 0.951917 2.323876 -1.399261
v 0.951092 2.361020 -1.395114
v 1.026267 2.323876 -1.376707
v 1.024649 2.361020 -1.372801
v 1.094789 2.323876 -1.340082
v 1.092440 2.361020 -1.336566
v 1.154848 2.323876 -1.290792
v 1.151859 2.361020 -1.287803
v 1.204138 2.323876 -1.230733
v 1.200622 2.361020 -1.228384
v 1.240763 2.323876 -1.162211
v 1.236857 2.361020 -1.160593
v 1.263317 2.323876 -1.087861
v 1.259171 2.361020 -1.087036
v 1.270932 2.323876 -1.010540
v 1.266705 2.361020 -1.010540
v 1.263317 2.323876 -0.933218
v 1.259171 2.361020 -0.934043
v 1.240763 2.323876 -0.858868
v 1.236857 2.361020 -0.860486
v 1.204138 2.323876 -0.790347
v 1.200622 2.361020 -0.792696
v 1.154848 2.323876 -0.730287
v 1.151859 2.361020 -0.733277
v 1.094789 2.323876 -0.680998
v 1.092440 2.361020 -0.684513
v 1.026267 2.323876 -0.644372
v 1.024649 2.361020 -0.648278
v 0.951917 2.323876 -0.621818
v 0.951092 2.361020 -0.625965
v 0.874596 2.323876 -0.614203
v 0.874596 2.361020 -0.618431
v 0.797274 2.323876 -0.621818
v 0.798099 2.361020 -0.625965
v 0.722924 2.323876 -0.644372
v 0.724542 2.361020 -0.648278
v 0.654403 2.323876 -0.680998
v 0.656752 2.361020 -0.684513
v 0.594343 2.323876 -0.730287
v 0.597333 2.361020 -0.733277
v 0.545054 2.323876 -0.790347
v 0.548569 2.361020 -0.792696
v 0.508428 2.323876 -0.858868
v 0.512334 2.361020 -0.860486
v 0.485874 2.323876 -0.933218
v 0.490021 2.361020 -0.934043
v 0.478259 2.323876 -1.010540
v 0.482487 2.361020 -1.010540
v 0.485874 2.323876 -1.087861
v 0.490021 2.361020 -1.087036
v 0.508428 2.323876 -1.162211
v 0.512334 2.361020 -1.160593
v 0.545054 2.323876 -1.230733
v 0.548569 2.361020 -1.228384
v 0.594343 2.323876 -1.290792
v 0.597333 2.361020 -1.287803
v 0.654403 2.323876 -1.340082
v 0.656752 2.361020 -1.336566
v 0.722924 2.323876 -1.376707
v 0.724542 2.361020 -1.372801
v 0.797274 2.323876 -1.399261
v 0.798099 2.361020 -1.395114
v 0.874596 2.323876 -1.425540
v 0.955558 2.323876 -1.417566
v 0.955558 2.361020 -1.417566
v 0.874596 2.361020 -1.425540
v 1.033409 2.323876 -1.393950
v 1.033409 2.361020 -1.393950
v 1.105157 2.323876 -1.355600
v 1.105157 2.361020 -1.355600
v 1.168045 2.323876 -1.303989
v 1.168045 2.361020 -1.303989
v 1.219656 2.323876 -1.241101
v 1.219656 2.361020 -1.241101
v 1.258006 2.323876 -1.169353
v 1.258006 2.361020 -1.169353
v 1.281621 2.323876 -1.091502
v 1.281621 2.361020 -1.091502
v 1.289596 2.323876 -1.010540
v 1.289596 2.361020 -1.010540
v 1.281621 2.323876 -0.929577
v 1.281621 2.361020 -0.929577
v 1.258006 2.323876 -0.851726
v 1.258006 2.361020 -0.851726
v 1.219656 2.323876 -0.779978
v 1.219656 2.361020 -0.779978
v 1.168045 2.323876 -0.717090
v 1.168045 2.361020 -0.717090
v 1.105157 2.323876 -0.665480
v 1.105157 2.361020 -0.665480
v 1.033409 2.323876 -0.627130
v 1.033409 2.361020 -0.627130
v 0.955558 2.323876 -0.603514
v 0.955558 2.361020 -0.603514
v 0.874596 2.323876 -0.595540
v 0.874596 2.361020 -0.595540
v 0.793633 2.323876 -0.603514
v 0.793633 2.361020 -0.603514
v 0.715782 2.323876 -0.627130
v 0.715782 2.361020 -0.627130
v 0.644034 2.323876 -0.665480
v 0.644034 2.361020 -0.665480
v 0.581146 2.323876 -0.717090
v 0.581146 2.361020 -0.717090
v 0.529536 2.323876 -0.779978
v 0.529536 2.361020 -0.779978
v 0.491186 2.323876 -0.851726
v 0.491186 2.361020 -0.851726
v 0.467570 2.323876 -0.929577
v 0.467570 2.361020 -0.929577
v 0.459596 2.323876 -1.010540
v 0.459596 2.361020 -1.010540
v 0.467570 2.323876 -1.091502
v 0.467570 2.361020 -1.091502
v 0.491186 2.323876 -1.169353
v 0.491186 2.361020 -1.169353
v 0.529536 2.323876 -1.241101
v 0.529536 2.361020 -1.241101
v 0.581146 2.323876 -1.303989
v 0.581146 2.361020 -1.303989
v 0.644034 2.323876 -1.355600
v 0.644034 2.361020 -1.355600
v 0.715782 2.323876 -1.393950
v 0.715782 2.361020 -1.393950
v 0.793633 2.323876 -1.417566
v 0.793633 2.361020 -1.417566
v 0.284302 1.977872 -0.426382
v 0.197630 2.027673 -0.426382
v 0.223701 1.931172 -0.426382
v 0.263674 1.941971 -0.426382
v 0.266456 2.012414 -0.426382
v 0.236459 2.029650 -0.426382
v 0.185824 1.990629 -0.426382
v 0.194847 1.957230 -0.426382
v 0.224844 1.939994 -0.426382
v 0.273503 2.017844 -0.426382
v 0.237602 2.038472 -0.426382
v 0.177001 1.991772 -0.426382
v 0.187801 1.951800 -0.426382
v 0.275479 1.979015 -0.426382
v 0.203060 2.020627 -0.426382
v 0.258243 1.949017 -0.426382
v 0.273503 2.017844 -0.433508
v 0.284302 1.977872 -0.433508
v 0.237602 2.038472 -0.433508
v 0.197630 2.027673 -0.433508
v 0.177001 1.991772 -0.433508
v 0.187801 1.951800 -0.433508
v 0.223701 1.931172 -0.433508
v 0.263674 1.941971 -0.433508
v 0.266456 2.012414 -0.433508
v 0.275479 1.979015 -0.433508
v 0.236459 2.029650 -0.433508
v 0.203060 2.020627 -0.433508
v 0.185824 1.990629 -0.433508
v 0.194847 1.957230 -0.433508
v 0.224844 1.939994 -0.433508
v 0.258243 1.949017 -0.433508
v 0.238335 1.982013 -0.482168
v 0.241706 1.980076 -0.436354
v 0.233372 1.978188 -0.482168
v 0.234386 1.974435 -0.436354
v 0.227158 1.978993 -0.482168
v 0.225222 1.975623 -0.436354
v 0.223334 1.983956 -0.482168
v 0.219581 1.982942 -0.436354
v 0.224139 1.990169 -0.482168
v 0.220768 1.992106 -0.436354
v 0.229102 1.993994 -0.482168
v 0.228088 1.997747 -0.436354
v 0.235315 1.993189 -0.482168
v 0.237252 1.996560 -0.436354
v 0.239140 1.988226 -0.482168
v 0.242893 1.989240 -0.436354
v 0.238335 1.982013 -0.447749
v 0.233372 1.978188 -0.447749
v 0.227158 1.978993 -0.447749
v 0.223334 1.983956 -0.447749
v 0.224139 1.990169 -0.447749
v 0.229102 1.993994 -0.447749
v 0.235315 1.993189 -0.447749
v 0.239140 1.988226 -0.447749
v 0.236036 1.968329 -0.436354
v 0.247190 1.976925 -0.436354
v 0.222070 1.970138 -0.436354
v 0.213475 1.981292 -0.436354
v 0.215284 1.995258 -0.436354
v 0.226438 2.003853 -0.436354
v 0.240403 2.002044 -0.436354
v 0.248999 1.990890 -0.436354
v 0.247190 1.976925 -0.447749
v 0.236036 1.968329 -0.447749
v 0.222070 1.970138 -0.447749
v 0.213475 1.981292 -0.447749
v 0.215284 1.995258 -0.447749
v 0.226438 2.003853 -0.447749
v 0.240403 2.002044 -0.447749
v 0.248999 1.990890 -0.447749
v 0.234079 1.975571 -0.429810
v 0.240685 1.980662 -0.429810
v 0.225808 1.976642 -0.429810
v 0.220717 1.983249 -0.429810
v 0.221788 1.991520 -0.429810
v 0.228395 1.996611 -0.429810
v 0.236666 1.995540 -0.429810
v 0.241757 1.988933 -0.429810
v 0.217001 1.931008 -0.418287
v 0.230966 1.929199 -0.418287
v 0.176154 2.000327 -0.419948
v 0.174345 1.986361 -0.419948
v 0.245473 2.041174 -0.418450
v 0.231507 2.042983 -0.418450
v 0.286320 1.971856 -0.418407
v 0.288129 1.985821 -0.418407
v 0.286320 1.971856 -0.433299
v 0.230966 1.929199 -0.433179
v 0.217001 1.931008 -0.433179
v 0.174345 1.986361 -0.434839
v 0.176154 2.000327 -0.434839
v 0.231507 2.042983 -0.433342
v 0.245473 2.041174 -0.433342
v 0.288129 1.985821 -0.433299
v 1.867010 1.745064 -0.482052
v 1.780338 1.794865 -0.482052
v 1.806410 1.698364 -0.482052
v 1.846382 1.709163 -0.482052
v 1.849164 1.779606 -0.482052
v 1.819167 1.796842 -0.482052
v 1.768532 1.757821 -0.482052
v 1.777555 1.724423 -0.482052
v 1.807552 1.707186 -0.482052
v 1.856211 1.785036 -0.482052
v 1.820310 1.805664 -0.482052
v 1.759710 1.758964 -0.482052
v 1.770509 1.718992 -0.482052
v 1.858187 1.746207 -0.482052
v 1.785768 1.787818 -0.482052
v 1.840951 1.716210 -0.482052
v 1.856211 1.785036 -0.489178
v 1.867010 1.745064 -0.489178
v 1.820310 1.805664 -0.489178
v 1.780338 1.794865 -0.489178
v 1.759710 1.758964 -0.489178
v 1.770509 1.718992 -0.489178
v 1.806410 1.698364 -0.489178
v 1.846382 1.709163 -0.489178
v 1.849164 1.779606 -0.489178
v 1.858187 1.746207 -0.489178
v 1.819167 1.796842 -0.489178
v 1.785768 1.787818 -0.489178
v 1.768532 1.757821 -0.489178
v 1.777555 1.724423 -0.489178
v 1.807552 1.707186 -0.489178
v 1.840951 1.716210 -0.489178
v 1.821043 1.749205 -0.537838
v 1.824414 1.747268 -0.492024
v 1.816080 1.745381 -0.537838
v 1.817094 1.741627 -0.492024
v 1.809866 1.746185 -0.537838
v 1.807930 1.742815 -0.492024
v 1.806042 1.751148 -0.537838
v 1.802289 1.750134 -0.492024
v 1.806847 1.757362 -0.537838
v 1.803476 1.759299 -0.492024
v 1.811810 1.761186 -0.537838
v 1.810796 1.764939 -0.492024
v 1.818023 1.760381 -0.537838
v 1.819960 1.763752 -0.492024
v 1.821848 1.755418 -0.537838
v 1.825601 1.756432 -0.492024
v 1.821043 1.749205 -0.503419
v 1.816080 1.745381 -0.503419
v 1.809866 1.746185 -0.503419
v 1.806042 1.751148 -0.503419
v 1.806847 1.757362 -0.503419
v 1.811810 1.761186 -0.503419
v 1.818023 1.760381 -0.503419
v 1.821848 1.755418 -0.503419
v 1.818744 1.735521 -0.492024
v 1.829898 1.744117 -0.492024
v 1.804778 1.737330 -0.492024
v 1.796183 1.748484 -0.492024
v 1.797992 1.762450 -0.492024
v 1.809146 1.771045 -0.492024
v 1.823111 1.769236 -0.492024
v 1.831707 1.758082 -0.492024
v 1.829898 1.744117 -0.503419
v 1.818744 1.735521 -0.503419
v 1.804778 1.737330 -0.503419
v 1.796183 1.748484 -0.503419
v 1.797992 1.762450 -0.503419
v 1.809146 1.771045 -0.503419
v 1.823111 1.769236 -0.503419
v 1.831707 1.758082 -0.503419
v 1.816787 1.742763 -0.485480
v 1.823394 1.747854 -0.485480
v 1.808516 1.743835 -0.485480
v 1.803425 1.750441 -0.485480
v 1.804496 1.758712 -0.485480
v 1.811103 1.763803 -0.485480
v 1.819374 1.762732 -0.485480
v 1.824465 1.756126 -0.485480
v 1.799709 1.698200 -0.473957
v 1.813674 1.696391 -0.473957
v 1.758862 1.767519 -0.475618
v 1.757053 1.753554 -0.475618
v 1.828181 1.808366 -0.474120
v 1.814215 1.810175 -0.474120
v 1.869028 1.739048 -0.474077
v 1.870837 1.753013 -0.474077
v 1.869028 1.739048 -0.488969
v 1.813674 1.696391 -0.488849
v 1.799709 1.698200 -0.488849
v 1.757053 1.753554 -0.490509
v 1.758862 1.767519 -0.490509
v 1.814215 1.810175 -0.489012
v 1.828181 1.808366 -0.489012
v 1.870837 1.753013 -0.488969
v 0.874326 0.139313 -1.369179
v 0.944293 0.139313 -1.362287
v 0.944293 0.074616 -1.362287
v 0.874326 0.074616 -1.369179
v 1.011571 0.139313 -1.341879
v 1.011571 0.074616 -1.341879
v 1.073575 0.139313 -1.308737
v 1.073575 0.074616 -1.308737
v 1.127922 0.139313 -1.264136
v 1.127922 0.074616 -1.264136
v 1.172523 0.139313 -1.209789
v 1.172523 0.074616 -1.209789
v 1.205665 0.139313 -1.147785
v 1.205665 0.074616 -1.147785
v 1.226074 0.139313 -1.080507
v 1.226074 0.074616 -1.080507
v 1.232965 0.139313 -1.010540
v 1.232965 0.074616 -1.010540
v 1.226074 0.139313 -0.940573
v 1.226074 0.074616 -0.940573
v 1.205665 0.139313 -0.873295
v 1.205665 0.074616 -0.873295
v 1.172523 0.139313 -0.811291
v 1.172523 0.074616 -0.811291
v 1.127922 0.139313 -0.756944
v 1.127922 0.074616 -0.756944
v 1.073575 0.139313 -0.712343
v 1.073575 0.074616 -0.712343
v 1.011571 0.139313 -0.679201
v 1.011571 0.074616 -0.679201
v 0.944293 0.139313 -0.658792
v 0.944293 0.074616 -0.658792
v 0.874326 0.139313 -0.651901
v 0.874326 0.074616 -0.651901
v 0.804359 0.139313 -0.658792
v 0.804359 0.074616 -0.658792
v 0.737081 0.139313 -0.679201
v 0.737081 0.074616 -0.679201
v 0.675077 0.139313 -0.712343
v 0.675077 0.074616 -0.712343
v 0.620730 0.139313 -0.756944
v 0.620730 0.074616 -0.756944
v 0.576129 0.139313 -0.811291
v 0.576129 0.074616 -0.811291
v 0.542987 0.139313 -0.873295
v 0.542987 0.074616 -0.873295
v 0.522578 0.139313 -0.940573
v 0.522578 0.074616 -0.940573
v 0.515687 0.139313 -1.010540
v 0.515687 0.074616 -1.010540
v 0.522578 0.139313 -1.080507
v 0.522578 0.074616 -1.080507
v 0.542987 0.139313 -1.147785
v 0.542987 0.074616 -1.147785
v 0.576129 0.139313 -1.209789
v 0.576129 0.074616 -1.209789
v 0.620730 0.139313 -1.264136
v 0.620730 0.074616 -1.264136
v 0.675077 0.139313 -1.308737
v 0.675077 0.074616 -1.308737
v 0.737081 0.139313 -1.341879
v 0.737081 0.074616 -1.341879
v 0.804359 0.139313 -1.362287
v 0.804359 0.074616 -1.362287
v 0.900713 0.139313 -1.278455
v 1.001232 0.139313 -1.247963
v 1.082430 0.139313 -1.181326
v 1.131946 0.139313 -1.088688
v 1.142241 0.139313 -0.984152
v 1.111750 0.139313 -0.883634
v 1.045112 0.139313 -0.802436
v 0.952474 0.139313 -0.752920
v 0.847939 0.139313 -0.742624
v 0.747420 0.139313 -0.773116
v 0.666223 0.139313 -0.839754
v 0.616706 0.139313 -0.932392
v 0.606411 0.139313 -1.036927
v 0.636902 0.139313 -1.137445
v 0.703540 0.139313 -1.218643
v 0.796178 0.139313 -1.268159
v 0.900713 0.074616 -1.278455
v 1.001232 0.074616 -1.247963
v 1.082430 0.074616 -1.181326
v 1.131946 0.074616 -1.088688
v 1.142241 0.074616 -0.984152
v 1.111750 0.074616 -0.883634
v 1.045112 0.074616 -0.802436
v 0.952474 0.074616 -0.752920
v 0.847939 0.074616 -0.742624
v 0.747420 0.074616 -0.773116
v 0.666223 0.074616 -0.839754
v 0.616706 0.074616 -0.932392
v 0.606411 0.074616 -1.036927
v 0.636902 0.074616 -1.137445
v 0.703540 0.074616 -1.218643
v 0.796178 0.074616 -1.268159
v -0.014932 0.189081 -0.755617
v -0.066592 0.189081 -0.750529
v -0.022519 0.164680 -0.779711
v -0.063852 0.164680 -0.775640
v -0.007521 0.138264 -0.680370
v -0.018467 0.138249 -0.738570
v -0.059181 0.138264 -0.675282
v -0.059800 0.138249 -0.734499
v -0.261431 0.189081 -0.838515
v -0.291667 0.189081 -0.880709
v -0.244358 0.164680 -0.857132
v -0.268550 0.164680 -0.890892
v -0.322891 0.138264 -0.794473
v -0.277961 0.138249 -0.833052
v -0.353127 0.138264 -0.836667
v -0.302153 0.138249 -0.866812
v -0.312889 0.189081 -1.093438
v -0.291465 0.189081 -1.140720
v -0.288229 0.164680 -1.087961
v -0.271088 0.164680 -1.125791
v -0.381760 0.138264 -1.124643
v -0.325884 0.138249 -1.105022
v -0.360337 0.138264 -1.171925
v -0.308744 0.138249 -1.142853
v -0.117848 0.189081 -1.265463
v -0.066188 0.189081 -1.270551
v -0.110261 0.164680 -1.241368
v -0.068929 0.164680 -1.245439
v -0.125259 0.138264 -1.340710
v -0.114313 0.138249 -1.282510
v -0.073599 0.138264 -1.345798
v -0.072981 0.138249 -1.286580
v 0.128651 0.189081 -1.182565
v 0.158887 0.189081 -1.140370
v 0.111578 0.164680 -1.163947
v 0.135770 0.164680 -1.130188
v 0.190111 0.138264 -1.226607
v 0.145181 0.138249 -1.188027
v 0.220347 0.138264 -1.184412
v 0.169373 0.138249 -1.154268
v 0.180108 0.189081 -0.927642
v 0.158685 0.189081 -0.880359
v 0.155449 0.164680 -0.933119
v 0.138308 0.164680 -0.895288
v 0.248980 0.138264 -0.896437
v 0.193104 0.138249 -0.916057
v 0.227556 0.138264 -0.849154
v 0.175963 0.138249 -0.878227
v 1.852057 0.189081 -0.755617
v 1.800398 0.189081 -0.750529
v 1.844471 0.164680 -0.779711
v 1.803138 0.164680 -0.775640
v 1.859469 0.138264 -0.680370
v 1.848523 0.138249 -0.738570
v 1.807809 0.138264 -0.675282
v 1.807190 0.138249 -0.734499
v 1.605559 0.189081 -0.838515
v 1.575323 0.189081 -0.880709
v 1.622632 0.164680 -0.857132
v 1.598440 0.164680 -0.890892
v 1.544099 0.138264 -0.794473
v 1.589029 0.138249 -0.833052
v 1.513863 0.138264 -0.836667
v 1.564837 0.138249 -0.866812
v 1.554101 0.189081 -1.093438
v 1.575525 0.189081 -1.140720
v 1.578761 0.164680 -1.087961
v 1.595901 0.164680 -1.125791
v 1.485230 0.138264 -1.124643
v 1.541106 0.138249 -1.105022
v 1.506653 0.138264 -1.171925
v 1.558246 0.138249 -1.142853
v 1.749142 0.189081 -1.265463
v 1.800802 0.189081 -1.270551
v 1.756729 0.164680 -1.241368
v 1.798061 0.164680 -1.245439
v 1.741731 0.138264 -1.340710
v 1.752677 0.138249 -1.282510
v 1.793391 0.138264 -1.345798
v 1.794009 0.138249 -1.286580
v 1.995641 0.189081 -1.182565
v 2.025877 0.189081 -1.140370
v 1.978568 0.164680 -1.163947
v 2.002759 0.164680 -1.130188
v 2.057101 0.138264 -1.226607
v 2.012171 0.138249 -1.188027
v 2.087337 0.138264 -1.184412
v 2.036363 0.138249 -1.154268
v 2.047098 0.189081 -0.927642
v 2.025675 0.189081 -0.880359
v 2.022439 0.164680 -0.933119
v 2.005298 0.164680 -0.895288
v 2.115970 0.138264 -0.896437
v 2.060094 0.138249 -0.916057
v 2.094546 0.138264 -0.849154
v 2.042953 0.138249 -0.878227
v -0.066664 0.139313 -1.369178
v 0.003303 0.139313 -1.362287
v 0.003303 0.074616 -1.362287
v -0.066664 0.074616 -1.369178
v 0.070581 0.139313 -1.341879
v 0.070581 0.074616 -1.341879
v 0.132585 0.139313 -1.308737
v 0.132585 0.074616 -1.308737
v 0.186932 0.139313 -1.264136
v 0.186932 0.074616 -1.264136
v 0.231533 0.139313 -1.209789
v 0.231533 0.074616 -1.209789
v 0.264675 0.139313 -1.147785
v 0.264675 0.074616 -1.147785
v 0.285084 0.139313 -1.080507
v 0.285084 0.074616 -1.080507
v 0.291975 0.139313 -1.010540
v 0.291975 0.074616 -1.010540
v 0.285084 0.139313 -0.940573
v 0.285084 0.074616 -0.940573
v 0.264675 0.139313 -0.873295
v 0.264675 0.074616 -0.873295
v 0.231533 0.139313 -0.811291
v 0.231533 0.074616 -0.811291
v 0.186932 0.139313 -0.756944
v 0.186932 0.074616 -0.756944
v 0.132585 0.139313 -0.712343
v 0.132585 0.074616 -0.712343
v 0.070581 0.139313 -0.679201
v 0.070581 0.074616 -0.679201
v 0.003303 0.139313 -0.658792
v 0.003303 0.074616 -0.658792
v -0.066664 0.139313 -0.651901
v -0.066664 0.074616 -0.651901
v -0.136631 0.139313 -0.658792
v -0.136631 0.074616 -0.658792
v -0.203909 0.139313 -0.679201
v -0.203909 0.074616 -0.679201
v -0.265913 0.139313 -0.712343
v -0.265913 0.074616 -0.712343
v -0.320260 0.139313 -0.756944
v -0.320260 0.074616 -0.756944
v -0.364861 0.139313 -0.811291
v -0.364861 0.074616 -0.811291
v -0.398003 0.139313 -0.873295
v -0.398003 0.074616 -0.873295
v -0.418411 0.139313 -0.940573
v -0.418411 0.074616 -0.940573
v -0.425303 0.139313 -1.010540
v -0.425303 0.074616 -1.010540
v -0.418411 0.139313 -1.080507
v -0.418411 0.074616 -1.080507
v -0.398003 0.139313 -1.147785
v -0.398003 0.074616 -1.147785
v -0.364861 0.139313 -1.209789
v -0.364861 0.074616 -1.209789
v -0.320260 0.139313 -1.264136
v -0.320260 0.074616 -1.264136
v -0.265913 0.139313 -1.308737
v -0.265913 0.074616 -1.308737
v -0.203909 0.139313 -1.341879
v -0.203909 0.074616 -1.341879
v -0.136631 0.139313 -1.362287
v -0.136631 0.074616 -1.362287
v -0.040276 0.139313 -1.278455
v 0.060242 0.139313 -1.247963
v 0.141440 0.139313 -1.181326
v 0.190956 0.139313 -1.088688
v 0.201252 0.139313 -0.984152
v 0.170760 0.139313 -0.883634
v 0.104122 0.139313 -0.802436
v 0.011484 0.139313 -0.752920
v -0.093051 0.139313 -0.742624
v -0.193569 0.139313 -0.773116
v -0.274767 0.139313 -0.839754
v -0.324283 0.139313 -0.932392
v -0.334579 0.139313 -1.036927
v -0.304087 0.139313 -1.137445
v -0.237450 0.139313 -1.218643
v -0.144812 0.139313 -1.268159
v -0.040276 0.074616 -1.278455
v 0.060242 0.074616 -1.247963
v 0.141440 0.074616 -1.181326
v 0.190956 0.074616 -1.088688
v 0.201252 0.074616 -0.984152
v 0.170760 0.074616 -0.883634
v 0.104122 0.074616 -0.802436
v 0.011484 0.074616 -0.752920
v -0.093051 0.074616 -0.742624
v -0.193569 0.074616 -0.773116
v -0.274767 0.074616 -0.839754
v -0.324283 0.074616 -0.932392
v -0.334579 0.074616 -1.036927
v -0.304087 0.074616 -1.137445
v -0.237450 0.074616 -1.218643
v -0.144812 0.074616 -1.268159
v 1.815586 0.139313 -1.369178
v 1.885553 0.139313 -1.362287
v 1.885553 0.074616 -1.362287
v 1.815586 0.074616 -1.369178
v 1.952832 0.139313 -1.341879
v 1.952832 0.074616 -1.341879
v 2.014835 0.139313 -1.308737
v 2.014835 0.074616 -1.308737
v 2.069182 0.139313 -1.264136
v 2.069182 0.074616 -1.264136
v 2.113783 0.139313 -1.209789
v 2.113783 0.074616 -1.209789
v 2.146925 0.139313 -1.147785
v 2.146925 0.074616 -1.147785
v 2.167334 0.139313 -1.080507
v 2.167334 0.074616 -1.080507
v 2.174225 0.139313 -1.010540
v 2.174225 0.074616 -1.010540
v 2.167334 0.139313 -0.940573
v 2.167334 0.074616 -0.940573
v 2.146925 0.139313 -0.873295
v 2.146925 0.074616 -0.873295
v 2.113783 0.139313 -0.811291
v 2.113783 0.074616 -0.811291
v 2.069182 0.139313 -0.756944
v 2.069182 0.074616 -0.756944
v 2.014835 0.139313 -0.712343
v 2.014835 0.074616 -0.712343
v 1.952832 0.139313 -0.679201
v 1.952832 0.074616 -0.679201
v 1.885553 0.139313 -0.658792
v 1.885553 0.074616 -0.658792
v 1.815586 0.139313 -0.651901
v 1.815586 0.074616 -0.651901
v 1.745620 0.139313 -0.658792
v 1.745620 0.074616 -0.658792
v 1.678341 0.139313 -0.679201
v 1.678341 0.074616 -0.679201
v 1.616338 0.139313 -0.712343
v 1.616338 0.074616 -0.712343
v 1.561990 0.139313 -0.756944
v 1.561990 0.074616 -0.756944
v 1.517389 0.139313 -0.811291
v 1.517389 0.074616 -0.811291
v 1.484247 0.139313 -0.873295
v 1.484247 0.074616 -0.873295
v 1.463839 0.139313 -0.940573
v 1.463839 0.074616 -0.940573
v 1.456948 0.139313 -1.010540
v 1.456948 0.074616 -1.010540
v 1.463839 0.139313 -1.080507
v 1.463839 0.074616 -1.080507
v 1.484247 0.139313 -1.147785
v 1.484247 0.074616 -1.147785
v 1.517389 0.139313 -1.209789
v 1.517389 0.074616 -1.209789
v 1.561990 0.139313 -1.264136
v 1.561990 0.074616 -1.264136
v 1.616338 0.139313 -1.308737
v 1.616338 0.074616 -1.308737
v 1.678341 0.139313 -1.341879
v 1.678341 0.074616 -1.341879
v 1.745620 0.139313 -1.362287
v 1.745620 0.074616 -1.362287
v 1.893734 0.139313 -1.268159
v 1.986373 0.139313 -1.218643
v 2.053010 0.139313 -1.137445
v 2.083502 0.139313 -1.036927
v 2.073206 0.139313 -0.932392
v 2.023690 0.139313 -0.839754
v 1.942492 0.139313 -0.773116
v 1.841974 0.139313 -0.742624
v 1.737438 0.139313 -0.752920
v 1.644800 0.139313 -0.802436
v 1.578163 0.139313 -0.883634
v 1.547671 0.139313 -0.984152
v 1.557967 0.139313 -1.088688
v 1.607483 0.139313 -1.181326
v 1.688681 0.139313 -1.247963
v 1.789199 0.139313 -1.278455
v 1.893734 0.074616 -1.268159
v 1.986373 0.074616 -1.218643
v 2.053010 0.074616 -1.137445
v 2.083502 0.074616 -1.036927
v 2.073206 0.074616 -0.932392
v 2.023690 0.074616 -0.839754
v 1.942492 0.074616 -0.773116
v 1.841974 0.074616 -0.742624
v 1.737438 0.074616 -0.752920
v 1.644800 0.074616 -0.802436
v 1.578163 0.074616 -0.883634
v 1.547671 0.074616 -0.984152
v 1.557967 0.074616 -1.088688
v 1.607483 0.074616 -1.181326
v 1.688681 0.074616 -1.247963
v 1.789199 0.074616 -1.278455
v 0.924856 0.189081 -0.755617
v 0.873197 0.189081 -0.750529
v 0.917270 0.164680 -0.779711
v 0.875937 0.164680 -0.775640
v 0.932268 0.138264 -0.680370
v 0.921322 0.138249 -0.738570
v 0.880608 0.138264 -0.675282
v 0.879989 0.138249 -0.734499
v 0.678358 0.189081 -0.838515
v 0.648122 0.189081 -0.880709
v 0.695431 0.164680 -0.857132
v 0.671239 0.164680 -0.890892
v 0.616898 0.138264 -0.794473
v 0.661828 0.138249 -0.833052
v 0.586662 0.138264 -0.836667
v 0.637636 0.138249 -0.866812
v 0.626900 0.189081 -1.093438
v 0.648324 0.189081 -1.140720
v 0.651560 0.164680 -1.087961
v 0.668701 0.164680 -1.125791
v 0.558029 0.138264 -1.124643
v 0.613905 0.138249 -1.105022
v 0.579452 0.138264 -1.171925
v 0.631045 0.138249 -1.142853
v 0.821941 0.189081 -1.265463
v 0.873601 0.189081 -1.270551
v 0.829528 0.164680 -1.241368
v 0.870860 0.164680 -1.245439
v 0.814530 0.138264 -1.340710
v 0.825476 0.138249 -1.282510
v 0.866190 0.138264 -1.345798
v 0.866808 0.138249 -1.286580
v 1.068440 0.189081 -1.182565
v 1.098676 0.189081 -1.140370
v 1.051367 0.164680 -1.163947
v 1.075558 0.164680 -1.130188
v 1.129900 0.138264 -1.226607
v 1.084970 0.138249 -1.188027
v 1.160136 0.138264 -1.184412
v 1.109162 0.138249 -1.154268
v 1.119898 0.189081 -0.927642
v 1.098474 0.189081 -0.880359
v 1.095238 0.164680 -0.933119
v 1.078097 0.164680 -0.895288
v 1.188769 0.138264 -0.896437
v 1.132893 0.138249 -0.916057
v 1.167345 0.138264 -0.849154
v 1.115752 0.138249 -0.878227
v 0.332848 0.817853 -0.962377
v 0.482597 0.817853 -0.962377
v 0.332848 0.786603 -0.983257
v 0.482597 0.786603 -0.983257
v 0.332848 0.779270 -1.020120
v 0.482597 0.779270 -1.020120
v 0.332848 0.800151 -1.051371
v 0.482597 0.800151 -1.051371
v 0.332848 0.837014 -1.058703
v 0.482597 0.837014 -1.058703
v 0.332848 0.868264 -1.037822
v 0.482597 0.868264 -1.037822
v 0.332848 0.875597 -1.000960
v 0.482597 0.875597 -1.000960
v 0.332848 0.854716 -0.969709
v 0.482597 0.854716 -0.969709
v 0.874596 0.713153 -1.404631
v 0.951479 0.713153 -1.397059
v 1.025408 0.713153 -1.374633
v 1.093541 0.713153 -1.338215
v 1.153260 0.713153 -1.289204
v 1.202271 0.713153 -1.229485
v 1.238689 0.713153 -1.161352
v 1.261115 0.713153 -1.087423
v 1.268687 0.713153 -1.010540
v 1.261115 0.713153 -0.933656
v 1.238689 0.713153 -0.859728
v 1.202271 0.713153 -0.791594
v 1.153260 0.713153 -0.731875
v 1.093541 0.713153 -0.682865
v 1.025408 0.713153 -0.646447
v 0.951479 0.713153 -0.624021
v 0.874596 0.713153 -0.616448
v 0.797712 0.713153 -0.624021
v 0.723783 0.713153 -0.646447
v 0.655650 0.713153 -0.682865
v 0.595931 0.713153 -0.731875
v 0.546921 0.713153 -0.791594
v 0.510503 0.713153 -0.859728
v 0.488077 0.713153 -0.933656
v 0.480504 0.713153 -1.010540
v 0.488077 0.713153 -1.087423
v 0.510503 0.713153 -1.161352
v 0.546921 0.713153 -1.229485
v 0.595931 0.713153 -1.289204
v 0.655650 0.713153 -1.338215
v 0.723783 0.713153 -1.374633
v 0.797712 0.713153 -1.397059
v 0.874596 0.669017 -1.404744
v 0.951501 0.669017 -1.397170
v 0.797690 0.669017 -1.397170
v 1.025451 0.669017 -1.374737
v 1.093604 0.669017 -1.338309
v 1.153341 0.669017 -1.289284
v 1.202365 0.669017 -1.229548
v 1.238793 0.669017 -1.161395
v 1.261226 0.669017 -1.087445
v 1.268800 0.669017 -1.010540
v 1.261226 0.669017 -0.933634
v 1.238793 0.669017 -0.859684
v 1.202365 0.669017 -0.791532
v 1.153341 0.669017 -0.731795
v 1.093604 0.669017 -0.682771
v 1.025451 0.669017 -0.646342
v 0.951501 0.669017 -0.623910
v 0.874596 0.669017 -0.616335
v 0.797690 0.669017 -0.623910
v 0.723740 0.669017 -0.646342
v 0.655587 0.669017 -0.682771
v 0.595851 0.669017 -0.731795
v 0.546827 0.669017 -0.791532
v 0.510398 0.669017 -0.859684
v 0.487966 0.669017 -0.933634
v 0.480391 0.669017 -1.010540
v 0.487966 0.669017 -1.087445
v 0.510398 0.669017 -1.161395
v 0.546827 0.669017 -1.229548
v 0.595851 0.669017 -1.289284
v 0.655587 0.669017 -1.338309
v 0.723740 0.669017 -1.374737
v 0.874596 0.713153 -1.418757
v 0.874596 0.706403 -1.425540
v 0.955558 0.706403 -1.417566
v 0.954235 0.713153 -1.410913
v 1.033409 0.706403 -1.393950
v 1.030814 0.713153 -1.387683
v 1.105157 0.706403 -1.355600
v 1.101389 0.713153 -1.349960
v 1.168045 0.706403 -1.303989
v 1.163249 0.713153 -1.299193
v 1.219656 0.706403 -1.241101
v 1.214016 0.713153 -1.237333
v 1.258006 0.706403 -1.169353
v 1.251739 0.713153 -1.166758
v 1.281622 0.706403 -1.091502
v 1.274969 0.713153 -1.090179
v 1.289596 0.706403 -1.010540
v 1.282813 0.713153 -1.010540
v 1.281622 0.706403 -0.929577
v 1.274969 0.713153 -0.930900
v 1.258006 0.706403 -0.851726
v 1.251739 0.713153 -0.854322
v 1.219656 0.706403 -0.779978
v 1.214016 0.713153 -0.783746
v 1.168045 0.706403 -0.717090
v 1.163249 0.713153 -0.721887
v 1.105157 0.706403 -0.665480
v 1.101389 0.713153 -0.671119
v 1.033409 0.706403 -0.627130
v 1.030814 0.713153 -0.633396
v 0.955558 0.706403 -0.603514
v 0.954235 0.713153 -0.610166
v 0.874596 0.706403 -0.595540
v 0.874596 0.713153 -0.602322
v 0.793633 0.706403 -0.603514
v 0.794956 0.713153 -0.610166
v 0.715782 0.706403 -0.627130
v 0.718378 0.713153 -0.633396
v 0.644034 0.706403 -0.665480
v 0.647802 0.713153 -0.671119
v 0.581146 0.706403 -0.717090
v 0.585942 0.713153 -0.721887
v 0.529536 0.706403 -0.779978
v 0.535175 0.713153 -0.783746
v 0.491186 0.706403 -0.851726
v 0.497452 0.713153 -0.854322
v 0.467570 0.706403 -0.929577
v 0.474222 0.713153 -0.930900
v 0.459596 0.706403 -1.010540
v 0.466378 0.713153 -1.010540
v 0.467570 0.706403 -1.091502
v 0.474222 0.713153 -1.090179
v 0.491186 0.706403 -1.169353
v 0.497452 0.713153 -1.166758
v 0.529536 0.706403 -1.241101
v 0.535175 0.713153 -1.237333
v 0.581146 0.706403 -1.303989
v 0.585942 0.713153 -1.299193
v 0.644034 0.706403 -1.355600
v 0.647802 0.713153 -1.349960
v 0.715782 0.706403 -1.393950
v 0.718378 0.713153 -1.387683
v 0.793633 0.706403 -1.417566
v 0.794956 0.713153 -1.410913
v 0.874596 0.669017 -1.418757
v 0.874596 0.675767 -1.425540
v 0.954235 0.669017 -1.410913
v 0.955558 0.675767 -1.417566
v 0.793633 0.675767 -1.417566
v 0.794956 0.669017 -1.410913
v 1.033409 0.675767 -1.393950
v 1.030814 0.669017 -1.387683
v 1.101389 0.669017 -1.349960
v 1.105157 0.675767 -1.355600
v 1.163249 0.669017 -1.299193
v 1.168045 0.675767 -1.303989
v 1.214016 0.669017 -1.237333
v 1.219656 0.675767 -1.241101
v 1.251739 0.669017 -1.166758
v 1.258006 0.675767 -1.169353
v 1.274969 0.669017 -1.090179
v 1.281622 0.675767 -1.091502
v 1.282813 0.669017 -1.010540
v 1.289596 0.675767 -1.010540
v 1.274969 0.669017 -0.930900
v 1.281622 0.675767 -0.929577
v 1.251739 0.669017 -0.854322
v 1.258006 0.675767 -0.851726
v 1.214016 0.669017 -0.783746
v 1.219656 0.675767 -0.779978
v 1.163249 0.669017 -0.721887
v 1.168045 0.675767 -0.717090
v 1.101389 0.669017 -0.671119
v 1.105157 0.675767 -0.665480
v 1.030814 0.669017 -0.633396
v 1.033409 0.675767 -0.627130
v 0.954235 0.669017 -0.610166
v 0.955558 0.675767 -0.603514
v 0.874596 0.669017 -0.602322
v 0.874596 0.675767 -0.595540
v 0.794956 0.669017 -0.610166
v 0.793633 0.675767 -0.603514
v 0.718378 0.669017 -0.633396
v 0.715782 0.675767 -0.627130
v 0.647802 0.669017 -0.671119
v 0.644034 0.675767 -0.665480
v 0.585942 0.669017 -0.721887
v 0.581146 0.675767 -0.717090
v 0.535175 0.669017 -0.783746
v 0.529536 0.675767 -0.779978
v 0.497452 0.669017 -0.854322
v 0.491186 0.675767 -0.851726
v 0.474222 0.669017 -0.930900
v 0.467570 0.675767 -0.929577
v 0.466378 0.669017 -1.010540
v 0.459596 0.675767 -1.010540
v 0.474222 0.669017 -1.090179
v 0.467570 0.675767 -1.091502
v 0.497452 0.669017 -1.166758
v 0.491186 0.675767 -1.169353
v 0.535175 0.669017 -1.237333
v 0.529536 0.675767 -1.241101
v 0.585942 0.669017 -1.299193
v 0.581146 0.675767 -1.303989
v 0.647802 0.669017 -1.349960
v 0.644034 0.675767 -1.355600
v 0.718378 0.669017 -1.387683
v 0.715782 0.675767 -1.393950
v 1.355519 0.814700 -0.969819
v 1.362907 0.808459 -0.719282
v 1.341670 0.807548 -0.969819
v 1.342482 0.797911 -0.719282
v 1.326821 0.812284 -0.969819
v 1.320580 0.804895 -0.719282
v 1.319669 0.826132 -0.969819
v 1.310032 0.825321 -0.719282
v 1.324405 0.840982 -0.969819
v 1.317017 0.847223 -0.719282
v 1.338253 0.848133 -0.969819
v 1.337442 0.857771 -0.719282
v 1.353103 0.843398 -0.969819
v 1.359344 0.850786 -0.719282
v 1.360255 0.829549 -0.969819
v 1.369892 0.830360 -0.719282
v 1.355519 0.814700 -0.747629
v 1.341670 0.807548 -0.747629
v 1.326821 0.812284 -0.747629
v 1.319669 0.826132 -0.747629
v 1.324405 0.840982 -0.747629
v 1.338253 0.848133 -0.747629
v 1.353103 0.843398 -0.747629
v 1.360255 0.829549 -0.747629
v 1.340290 0.783351 -0.719282
v 1.343801 0.782231 -0.722891
v 1.374928 0.798305 -0.722891
v 1.376048 0.801817 -0.719282
v 1.310426 0.792875 -0.722899
v 1.313938 0.791755 -0.719282
v 1.295472 0.827513 -0.719282
v 1.294352 0.824001 -0.722900
v 1.304996 0.857377 -0.722919
v 1.303876 0.853865 -0.719282
v 1.339634 0.872330 -0.719282
v 1.336122 0.873450 -0.722920
v 1.369498 0.862806 -0.722911
v 1.365986 0.863926 -0.719282
v 1.384452 0.828168 -0.719282
v 1.385571 0.831680 -0.722909
v 1.376048 0.801817 -0.747629
v 1.374928 0.798305 -0.744088
v 1.343801 0.782231 -0.744088
v 1.340290 0.783351 -0.747629
v 1.313938 0.791755 -0.747629
v 1.310426 0.792875 -0.744081
v 1.294352 0.824001 -0.744080
v 1.295472 0.827513 -0.747629
v 1.303876 0.853865 -0.747629
v 1.304996 0.857377 -0.744064
v 1.336122 0.873450 -0.744063
v 1.339634 0.872330 -0.747629
v 1.365986 0.863926 -0.747629
v 1.369498 0.862806 -0.744070
v 1.385571 0.831680 -0.744072
v 1.384452 0.828168 -0.747629
v 1.341927 0.804494 -0.703001
v 1.342287 0.800226 -0.706355
v 1.361132 0.809958 -0.706355
v 1.357860 0.812722 -0.703001
v 1.324843 0.809942 -0.703001
v 1.322079 0.806670 -0.706355
v 1.316616 0.825875 -0.703001
v 1.312348 0.825516 -0.706355
v 1.322064 0.842959 -0.703001
v 1.318792 0.845723 -0.706355
v 1.337996 0.851187 -0.703001
v 1.337637 0.855455 -0.706355
v 1.355081 0.845739 -0.703001
v 1.357844 0.849011 -0.706355
v 1.363308 0.829806 -0.703001
v 1.367576 0.830165 -0.706355
v 1.285044 0.701188 -0.675752
v 1.281636 0.702598 -0.679515
v 1.283842 0.698326 -0.677736
v 1.311416 0.692777 -0.675752
v 1.310739 0.689748 -0.677736
v 1.315012 0.691955 -0.679507
v 1.213289 0.882765 -0.674024
v 1.214720 0.886166 -0.677823
v 1.210447 0.883960 -0.675963
v 1.204878 0.856392 -0.674024
v 1.201870 0.857063 -0.675963
v 1.204076 0.852791 -0.677805
v 1.394897 0.954547 -0.671305
v 1.398288 0.953083 -0.675124
v 1.396081 0.957355 -0.673173
v 1.368524 0.962957 -0.671304
v 1.369184 0.965933 -0.673173
v 1.364912 0.963727 -0.675132
v 1.466611 0.772923 -0.676043
v 1.465204 0.769515 -0.679796
v 1.469476 0.771721 -0.678036
v 1.475022 0.799296 -0.676043
v 1.478054 0.798618 -0.678036
v 1.475848 0.802890 -0.679813
v 1.465204 0.769515 -0.709382
v 1.466518 0.772953 -0.712850
v 1.469476 0.771721 -0.708281
v 1.315012 0.691955 -0.709093
v 1.310739 0.689748 -0.707982
v 1.311446 0.692871 -0.712560
v 1.281636 0.702598 -0.709086
v 1.285074 0.701281 -0.712560
v 1.283842 0.698326 -0.707982
v 1.204076 0.852791 -0.707373
v 1.201870 0.857063 -0.706209
v 1.204974 0.856362 -0.710837
v 1.214720 0.886166 -0.707357
v 1.213384 0.882735 -0.710837
v 1.210447 0.883960 -0.706209
v 1.364912 0.963727 -0.704662
v 1.369184 0.965933 -0.703419
v 1.368493 0.962858 -0.708124
v 1.398288 0.953083 -0.704669
v 1.394866 0.954448 -0.708124
v 1.396081 0.957355 -0.703419
v 1.475848 0.802890 -0.709367
v 1.478054 0.798618 -0.708281
v 1.474929 0.799326 -0.712850
v 1.797531 1.502907 -0.562296
v 1.804296 1.504708 -0.568817
v 1.813538 1.505368 -0.571204
v 1.822780 1.504708 -0.568817
v 1.829546 1.502907 -0.562296
v 1.832022 1.500446 -0.553388
v 1.829546 1.497985 -0.544479
v 1.822780 1.496183 -0.537958
v 1.813538 1.495524 -0.535571
v 1.804296 1.496183 -0.537958
v 1.797531 1.497985 -0.544479
v 1.795054 1.500446 -0.553388
v 1.797531 1.494668 -0.567148
v 1.804296 1.499452 -0.571932
v 1.813538 1.501203 -0.573683
v 1.822780 1.499452 -0.571932
v 1.829546 1.494668 -0.567148
v 1.832022 1.488133 -0.560613
v 1.829546 1.481598 -0.554078
v 1.822780 1.476814 -0.549294
v 1.813538 1.475063 -0.547543
v 1.804296 1.476814 -0.549294
v 1.797531 1.481598 -0.554078
v 1.795054 1.488133 -0.560613
v 1.797531 1.489816 -0.575387
v 1.804296 1.496337 -0.577188
v 1.813538 1.498724 -0.577848
v 1.822780 1.496337 -0.577188
v 1.829546 1.489816 -0.575387
v 1.832022 1.480908 -0.572926
v 1.829546 1.471999 -0.570465
v 1.822780 1.465478 -0.568663
v 1.813538 1.463091 -0.568004
v 1.804296 1.465478 -0.568663
v 1.797531 1.471999 -0.570465
v 1.795054 1.480908 -0.572926
v 1.797531 1.489128 -0.580289
v 1.804296 1.495882 -0.580289
v 1.813538 1.498355 -0.580289
v 1.822780 1.495882 -0.580289
v 1.829546 1.489128 -0.580289
v 1.832022 1.479900 -0.580289
v 1.829546 1.470673 -0.580289
v 1.822780 1.463918 -0.580289
v 1.813538 1.461445 -0.580289
v 1.804296 1.463918 -0.580289
v 1.797531 1.470673 -0.580289
v 1.795054 1.479900 -0.580289
v 1.790841 1.492895 -0.580289
v 1.800420 1.502496 -0.580289
v 1.813538 1.506014 -0.580289
v 1.826657 1.502496 -0.580289
v 1.836236 1.492895 -0.580289
v 1.839705 1.479814 -0.580289
v 1.836161 1.466776 -0.580289
v 1.826582 1.457261 -0.580289
v 1.787371 1.479814 -0.580289
v 1.790879 1.492988 -0.599300
v 1.800459 1.502564 -0.599292
v 1.813538 1.506067 -0.599288
v 1.826618 1.502564 -0.599292
v 1.836197 1.492988 -0.599300
v 1.839705 1.479900 -0.599304
v 1.836198 1.466812 -0.599300
v 1.826618 1.457236 -0.599293
v 1.813538 1.453784 -0.580289
v 1.813538 1.453733 -0.599290
v 1.800458 1.457236 -0.599293
v 1.790915 1.466776 -0.580289
v 1.790879 1.466812 -0.599300
v 1.787371 1.479900 -0.599304
v 1.800494 1.457260 -0.580289
v 1.829545 1.892924 -0.543138
v 1.822780 1.892924 -0.536372
v 1.813538 1.892924 -0.533896
v 1.804296 1.892924 -0.536372
v 1.797531 1.892924 -0.543138
v 1.795054 1.892924 -0.552380
v 1.797531 1.892924 -0.561622
v 1.804296 1.892924 -0.568388
v 1.813538 1.892924 -0.570864
v 1.822780 1.892924 -0.568388
v 1.829545 1.892924 -0.561622
v 1.832022 1.892924 -0.552380
v 1.793405 1.896543 -0.564004
v 1.801914 1.896543 -0.572513
v 1.813538 1.896543 -0.575627
v 1.825162 1.896543 -0.572513
v 1.833671 1.896543 -0.564004
v 1.836785 1.896543 -0.552380
v 1.833671 1.896543 -0.540756
v 1.825162 1.896543 -0.532247
v 1.813538 1.896543 -0.529133
v 1.801914 1.896543 -0.532247
v 1.793406 1.896543 -0.540756
v 1.790291 1.896543 -0.552380
v 1.793405 1.924023 -0.564004
v 1.801914 1.924023 -0.572513
v 1.813538 1.924023 -0.575627
v 1.825162 1.924023 -0.572513
v 1.833671 1.924023 -0.564004
v 1.836785 1.924023 -0.552380
v 1.833671 1.924023 -0.540756
v 1.825162 1.924023 -0.532247
v 1.813538 1.924023 -0.529133
v 1.801914 1.924023 -0.532247
v 1.793406 1.924023 -0.540756
v 1.790291 1.924023 -0.552380
v 1.792018 1.925522 -0.564805
v 1.801113 1.925522 -0.573900
v 1.813538 1.925522 -0.577229
v 1.825963 1.925522 -0.573900
v 1.835058 1.925522 -0.564805
v 1.838387 1.925522 -0.552380
v 1.835058 1.925522 -0.539955
v 1.825963 1.925522 -0.530860
v 1.813538 1.925522 -0.527531
v 1.801113 1.925522 -0.530860
v 1.792018 1.925522 -0.539955
v 1.788689 1.925522 -0.552380
v 1.792018 1.952131 -0.564805
v 1.801113 1.952131 -0.573900
v 1.813538 1.952131 -0.577229
v 1.825963 1.952131 -0.573900
v 1.835058 1.952131 -0.564805
v 1.838387 1.952131 -0.552380
v 1.835058 1.952131 -0.539955
v 1.825963 1.952131 -0.530860
v 1.813538 1.952131 -0.527531
v 1.801113 1.952131 -0.530860
v 1.792018 1.952131 -0.539955
v 1.788689 1.952131 -0.552380
v 1.797532 1.955764 -0.561621
v 1.804297 1.955764 -0.568387
v 1.813538 1.955764 -0.570863
v 1.822779 1.955764 -0.568387
v 1.829545 1.955764 -0.561621
v 1.832021 1.955764 -0.552380
v 1.829545 1.955764 -0.543139
v 1.822779 1.955764 -0.536373
v 1.813538 1.955764 -0.533897
v 1.804297 1.955764 -0.536373
v 1.797532 1.955764 -0.543139
v 1.795055 1.955764 -0.552380
v 1.797530 2.283650 -0.561622
v 1.804296 2.283650 -0.568388
v 1.813538 2.283650 -0.570864
v 1.822780 2.283650 -0.568388
v 1.829546 2.283650 -0.561622
v 1.832022 2.283650 -0.552380
v 1.829546 2.283650 -0.543138
v 1.822780 2.283650 -0.536372
v 1.813538 2.283650 -0.533896
v 1.804296 2.283650 -0.536372
v 1.797530 2.283650 -0.543138
v 1.795054 2.283650 -0.552380
v 1.801411 2.293493 -0.559382
v 1.806537 2.293493 -0.564507
v 1.813538 2.293493 -0.566383
v 1.820540 2.293493 -0.564507
v 1.825665 2.293493 -0.559382
v 1.827542 2.293493 -0.552380
v 1.825665 2.293493 -0.545378
v 1.820540 2.293493 -0.540253
v 1.813538 2.293493 -0.538377
v 1.806537 2.293493 -0.540253
v 1.801411 2.293493 -0.545378
v 1.799535 2.293493 -0.552380
v 1.795008 2.283650 -0.563078
v 1.802840 2.283650 -0.570910
v 1.813538 2.283650 -0.573776
v 1.824236 2.283650 -0.570910
v 1.832068 2.283650 -0.563078
v 1.834935 2.283650 -0.552380
v 1.832068 2.283650 -0.541682
v 1.824236 2.283650 -0.533850
v 1.813538 2.283650 -0.530984
v 1.802840 2.283650 -0.533850
v 1.792142 2.283650 -0.552380
v 1.795008 2.283650 -0.541682
v 1.795008 2.293493 -0.563078
v 1.802840 2.293493 -0.570910
v 1.813538 2.293493 -0.573776
v 1.824236 2.293493 -0.570910
v 1.832068 2.293493 -0.563078
v 1.834935 2.293493 -0.552380
v 1.832068 2.293493 -0.541682
v 1.824236 2.293493 -0.533850
v 1.813538 2.293493 -0.530984
v 1.802840 2.293493 -0.533850
v 1.792142 2.293493 -0.552380
v 1.795008 2.293493 -0.541682
v 1.781966 2.306230 -0.570608
v 1.795310 2.306230 -0.583952
v 1.813538 2.306230 -0.588837
v 1.831766 2.306230 -0.583952
v 1.845110 2.306230 -0.570608
v 1.849995 2.306230 -0.552380
v 1.845110 2.306230 -0.534152
v 1.831766 2.306230 -0.520808
v 1.813538 2.306230 -0.515923
v 1.795310 2.306230 -0.520808
v 1.781966 2.306230 -0.534152
v 1.777082 2.306230 -0.552380
v 1.778120 2.299406 -0.552380
v 1.782865 2.299406 -0.534671
v 1.831247 2.299406 -0.521707
v 1.844211 2.299406 -0.534671
v 1.813538 2.299406 -0.516962
v 1.795829 2.299406 -0.583053
v 1.782865 2.299406 -0.570089
v 1.813538 2.299406 -0.587798
v 1.795829 2.299406 -0.521707
v 1.831247 2.299406 -0.583053
v 1.844211 2.299406 -0.570089
v 1.848956 2.299406 -0.552380
v 1.785887 2.306230 -0.568344
v 1.797574 2.306230 -0.580031
v 1.813538 2.306230 -0.584309
v 1.829502 2.306230 -0.580031
v 1.841189 2.306230 -0.568344
v 1.845466 2.306230 -0.552380
v 1.841189 2.306230 -0.536416
v 1.829502 2.306230 -0.524729
v 1.813538 2.306230 -0.520451
v 1.797574 2.306230 -0.524729
v 1.785887 2.306230 -0.536416
v 1.781610 2.306230 -0.552380
v 1.781264 2.447912 -0.533747
v 1.776271 2.447912 -0.552380
v 1.781264 2.447912 -0.571013
v 1.794905 2.447912 -0.584654
v 1.813538 2.447912 -0.589647
v 1.832171 2.447912 -0.584654
v 1.845812 2.447912 -0.571013
v 1.850805 2.447912 -0.552380
v 1.845812 2.447912 -0.533747
v 1.832171 2.447912 -0.520106
v 1.813538 2.447912 -0.515113
v 1.794905 2.447912 -0.520106
v 1.781264 2.438142 -0.533747
v 1.776271 2.438142 -0.552380
v 1.794905 2.438142 -0.520106
v 1.813538 2.438142 -0.515113
v 1.832171 2.438142 -0.520106
v 1.845812 2.438142 -0.533747
v 1.850805 2.438142 -0.552380
v 1.845812 2.438142 -0.571013
v 1.832171 2.438142 -0.584654
v 1.813538 2.438142 -0.589647
v 1.794905 2.438142 -0.584654
v 1.781264 2.438142 -0.571013
v 1.785887 2.438142 -0.568344
v 1.813538 2.447912 -0.552380
v 1.797574 2.438142 -0.580031
v 1.813538 2.438142 -0.584309
v 1.829502 2.438142 -0.580031
v 1.841189 2.438142 -0.568344
v 1.845466 2.438142 -0.552380
v 1.841189 2.438142 -0.536416
v 1.829502 2.438142 -0.524729
v 1.813538 2.438142 -0.520451
v 1.797574 2.438142 -0.524729
v 1.781610 2.438142 -0.552380
v 1.785887 2.438142 -0.536416
v -0.535796 -0.014534 -0.586730
v -0.547568 -0.014534 -0.598235
v -0.535796 0.063766 -0.586730
v -0.535796 0.074616 -0.598235
v -0.547568 0.063766 -0.598235
v -0.547568 -0.014534 -1.423162
v -0.535796 -0.014534 -1.434667
v -0.535796 0.074616 -1.423162
v -0.535796 0.063766 -1.434667
v -0.547568 0.063766 -1.423162
v 2.296490 -0.014534 -0.598235
v 2.284718 -0.014534 -0.586730
v 2.284718 0.074616 -0.598235
v 2.284718 0.063766 -0.586730
v 2.296490 0.063766 -0.598235
v 2.284718 -0.014534 -1.434667
v 2.296490 -0.014534 -1.423162
v 2.284718 0.074616 -1.423162
v 2.296490 0.063766 -1.423162
v 2.284718 0.063766 -1.434667
v 0.536685 0.860252 -0.696175
v 0.534067 0.868532 -0.696175
v 0.532063 0.868274 -0.694474
v 0.534897 0.859311 -0.694474
v 0.292946 0.889436 -0.696175
v 0.288942 0.881729 -0.696175
v 0.290542 0.880495 -0.694475
v 0.294876 0.888836 -0.694475
v 0.452940 0.699069 -0.696175
v 0.452681 0.701072 -0.694474
v 0.443719 0.698238 -0.694474
v 0.444659 0.696451 -0.696175
v 0.524596 0.759292 -0.696175
v 0.528600 0.766999 -0.696175
v 0.527001 0.768233 -0.694474
v 0.522667 0.759891 -0.694474
v 0.455933 0.924554 -0.696175
v 0.463640 0.920550 -0.696175
v 0.464737 0.921887 -0.694474
v 0.456396 0.926220 -0.694474
v 0.379555 0.931176 -0.696175
v 0.379386 0.932897 -0.694474
v 0.370423 0.930063 -0.694474
v 0.371274 0.928558 -0.696175
v 0.304578 0.786867 -0.696175
v 0.301960 0.795148 -0.696175
v 0.300239 0.794979 -0.694474
v 0.303072 0.786016 -0.694474
v 0.353903 0.728178 -0.696175
v 0.352805 0.726841 -0.694474
v 0.361147 0.722507 -0.694474
v 0.361609 0.724174 -0.696175
v 0.437988 0.717552 -0.696175
v 0.438156 0.715831 -0.694474
v 0.447119 0.718665 -0.694474
v 0.446268 0.720170 -0.696175
v 0.464903 0.942593 -0.694474
v 0.473244 0.938260 -0.694474
v 0.473843 0.940189 -0.696175
v 0.466137 0.944193 -0.696175
v 0.373824 0.950489 -0.694474
v 0.372883 0.952277 -0.696175
v 0.364603 0.949659 -0.696175
v 0.364861 0.947656 -0.694474
v 0.285480 0.780454 -0.694475
v 0.282646 0.789416 -0.694475
v 0.280858 0.788476 -0.696175
v 0.283476 0.780195 -0.696175
v 0.344299 0.710468 -0.694475
v 0.343700 0.708539 -0.696175
v 0.351406 0.704535 -0.696175
v 0.352640 0.706134 -0.694475
v 0.517304 0.853749 -0.694474
v 0.514470 0.862712 -0.694474
v 0.512965 0.861861 -0.696175
v 0.515583 0.853580 -0.696175
v 0.308581 0.871526 -0.696175
v 0.312585 0.879232 -0.696175
v 0.311249 0.880330 -0.694474
v 0.306915 0.871988 -0.694474
v 0.510628 0.776739 -0.694474
v 0.508962 0.777202 -0.696175
v 0.504958 0.769496 -0.696175
v 0.506294 0.768398 -0.694474
v 0.473843 0.940189 -0.710501
v 0.473244 0.938260 -0.712201
v 0.464903 0.942593 -0.712201
v 0.466137 0.944193 -0.710501
v 0.534067 0.868532 -0.710501
v 0.536685 0.860252 -0.710501
v 0.534897 0.859311 -0.712201
v 0.532063 0.868274 -0.712201
v 0.372883 0.952277 -0.710501
v 0.373824 0.950489 -0.712201
v 0.364861 0.947656 -0.712201
v 0.364603 0.949659 -0.710501
v 0.292946 0.889436 -0.710501
v 0.294876 0.888836 -0.712201
v 0.290542 0.880495 -0.712201
v 0.288942 0.881729 -0.710501
v 0.283476 0.780195 -0.710501
v 0.280858 0.788476 -0.710501
v 0.282646 0.789416 -0.712201
v 0.285480 0.780454 -0.712201
v 0.351406 0.704535 -0.710501
v 0.343700 0.708539 -0.710501
v 0.344299 0.710468 -0.712201
v 0.352640 0.706134 -0.712201
v 0.444659 0.696451 -0.710501
v 0.443719 0.698238 -0.712201
v 0.452681 0.701072 -0.712201
v 0.452940 0.699069 -0.710501
v 0.524596 0.759292 -0.710501
v 0.522667 0.759891 -0.712201
v 0.527001 0.768233 -0.712201
v 0.528600 0.766999 -0.710501
v 0.463640 0.920550 -0.710501
v 0.455933 0.924554 -0.710501
v 0.456396 0.926220 -0.712201
v 0.464737 0.921887 -0.712201
v 0.512965 0.861861 -0.710501
v 0.514470 0.862712 -0.712201
v 0.517304 0.853749 -0.712201
v 0.515583 0.853580 -0.710501
v 0.379555 0.931176 -0.710501
v 0.371274 0.928558 -0.710501
v 0.370423 0.930063 -0.712201
v 0.379386 0.932897 -0.712201
v 0.312585 0.879232 -0.710501
v 0.308581 0.871526 -0.710501
v 0.306915 0.871988 -0.712201
v 0.311249 0.880330 -0.712201
v 0.301960 0.795148 -0.710501
v 0.304578 0.786867 -0.710501
v 0.303072 0.786016 -0.712201
v 0.300239 0.794979 -0.712201
v 0.353903 0.728178 -0.710501
v 0.361609 0.724174 -0.710501
v 0.361147 0.722507 -0.712201
v 0.352805 0.726841 -0.712201
v 0.437988 0.717552 -0.710501
v 0.446268 0.720170 -0.710501
v 0.447119 0.718665 -0.712201
v 0.438156 0.715831 -0.712201
v 0.508962 0.777202 -0.710501
v 0.510628 0.776739 -0.712201
v 0.506294 0.768398 -0.712201
v 0.504958 0.769496 -0.710501
v 0.423917 0.814700 -0.969819
v 0.431306 0.808459 -0.719282
v 0.410069 0.807548 -0.969819
v 0.410880 0.797911 -0.719282
v 0.395219 0.812284 -0.969819
v 0.388978 0.804895 -0.719282
v 0.388067 0.826132 -0.969819
v 0.378430 0.825321 -0.719282
v 0.392803 0.840982 -0.969819
v 0.385415 0.847223 -0.719282
v 0.406652 0.848133 -0.969819
v 0.405841 0.857771 -0.719282
v 0.421501 0.843398 -0.969819
v 0.427742 0.850786 -0.719282
v 0.428653 0.829549 -0.969819
v 0.438290 0.830360 -0.719282
v 0.423917 0.814700 -0.747629
v 0.410069 0.807548 -0.747629
v 0.395219 0.812284 -0.747629
v 0.388067 0.826132 -0.747629
v 0.392803 0.840982 -0.747629
v 0.406652 0.848133 -0.747629
v 0.421501 0.843398 -0.747629
v 0.428653 0.829549 -0.747629
v 0.408688 0.783351 -0.719282
v 0.412200 0.782231 -0.722891
v 0.443326 0.798305 -0.722891
v 0.444446 0.801817 -0.719282
v 0.378824 0.792875 -0.722899
v 0.382336 0.791755 -0.719282
v 0.363871 0.827513 -0.719282
v 0.362751 0.824001 -0.722900
v 0.373394 0.857377 -0.722919
v 0.372274 0.853865 -0.719282
v 0.408032 0.872330 -0.719282
v 0.404521 0.873450 -0.722920
v 0.437896 0.862806 -0.722911
v 0.434384 0.863926 -0.719282
v 0.452850 0.828168 -0.719282
v 0.453970 0.831680 -0.722909
v 0.444446 0.801817 -0.747629
v 0.443326 0.798305 -0.744088
v 0.412200 0.782231 -0.744088
v 0.408688 0.783351 -0.747629
v 0.382336 0.791755 -0.747629
v 0.378824 0.792875 -0.744081
v 0.362751 0.824001 -0.744080
v 0.363871 0.827513 -0.747629
v 0.372274 0.853865 -0.747629
v 0.373394 0.857377 -0.744064
v 0.404521 0.873450 -0.744063
v 0.408032 0.872330 -0.747629
v 0.434384 0.863926 -0.747629
v 0.437896 0.862806 -0.744070
v 0.453970 0.831680 -0.744072
v 0.452850 0.828168 -0.747629
v 0.410326 0.804494 -0.703001
v 0.410685 0.800226 -0.706355
v 0.429530 0.809958 -0.706355
v 0.426258 0.812722 -0.703001
v 0.393242 0.809942 -0.703001
v 0.390478 0.806670 -0.706355
v 0.385014 0.825875 -0.703001
v 0.380746 0.825516 -0.706355
v 0.390462 0.842959 -0.703001
v 0.387190 0.845723 -0.706355
v 0.406395 0.851187 -0.703001
v 0.406036 0.855455 -0.706355
v 0.423479 0.845739 -0.703001
v 0.426243 0.849011 -0.706355
v 0.431707 0.829806 -0.703001
v 0.435975 0.830165 -0.706355
v 0.353442 0.701188 -0.675752
v 0.350034 0.702598 -0.679515
v 0.352241 0.698326 -0.677736
v 0.379815 0.692777 -0.675752
v 0.379138 0.689748 -0.677736
v 0.383410 0.691955 -0.679507
v 0.281687 0.882765 -0.674024
v 0.283118 0.886166 -0.677823
v 0.278846 0.883960 -0.675963
v 0.273276 0.856392 -0.674024
v 0.270268 0.857063 -0.675963
v 0.272474 0.852791 -0.677805
v 0.463295 0.954547 -0.671305
v 0.466686 0.953083 -0.675124
v 0.464480 0.957355 -0.673173
v 0.436923 0.962957 -0.671304
v 0.437583 0.965933 -0.673173
v 0.433311 0.963727 -0.675132
v 0.535010 0.772923 -0.676043
v 0.533602 0.769515 -0.679796
v 0.537875 0.771721 -0.678036
v 0.543420 0.799296 -0.676043
v 0.546452 0.798618 -0.678036
v 0.544246 0.802890 -0.679813
v 0.533602 0.769515 -0.709382
v 0.534917 0.772953 -0.712850
v 0.537875 0.771721 -0.708281
v 0.383410 0.691955 -0.709093
v 0.379138 0.689748 -0.707982
v 0.379845 0.692871 -0.712560
v 0.350034 0.702598 -0.709086
v 0.353472 0.701281 -0.712560
v 0.352241 0.698326 -0.707982
v 0.272474 0.852791 -0.707373
v 0.270268 0.857063 -0.706209
v 0.273372 0.856362 -0.710837
v 0.283118 0.886166 -0.707357
v 0.281783 0.882735 -0.710837
v 0.278846 0.883960 -0.706209
v 0.433311 0.963727 -0.704662
v 0.437583 0.965933 -0.703419
v 0.436891 0.962858 -0.708124
v 0.466686 0.953083 -0.704669
v 0.463264 0.954448 -0.708124
v 0.464480 0.957355 -0.703419
v 0.544246 0.802890 -0.709367
v 0.546452 0.798618 -0.708281
v 0.543327 0.799326 -0.712850
vn -0.0864 -0.9963 -0.0000
vn -0.0000 -0.0000 1.0000
vn -0.7655 -0.6434 -0.0000
vn 0.9963 -0.0864 -0.0000
vn -0.9963 0.0864 -0.0000
vn 0.7655 0.6434 -0.0000
vn -0.6434 0.7655 -0.0000
vn 0.0864 0.9963 -0.0000
vn -0.0000 -0.0000 -1.0000
vn 0.6434 -0.7655 -0.0000
vn 0.9963 -0.0863 -0.0000
vn -0.0863 -0.9963 -0.0000
vn 0.6434 -0.7656 -0.0000
vn 0.0001 -0.0000 1.0000
vn 0.0863 0.9963 -0.0000
vn 0.0865 0.9963 -0.0000
vn -0.6433 0.7656 -0.0000
vn -0.9963 0.0863 -0.0000
vn -0.7656 -0.6434 -0.0000
vn -0.0865 -0.9963 -0.0000
vn -0.0000 0.0001 1.0000
vn -0.0000 -0.0001 1.0000
vn 0.7656 0.6434 -0.0000
vn -0.0001 -0.0000 -1.0000
vn -0.0000 -0.0001 -1.0000
vn 0.0001 -0.0000 -1.0000
vn -0.6434 0.7656 -0.0000
vn 0.0864 0.9963 0.0002
vn 0.7071 0.0037 -0.7071
vn 0.8315 -0.0015 -0.5556
vn 0.7071 -0.0015 -0.7071
vn 0.3840 0.8862 0.2592
vn -0.0000 0.9751 0.2217
vn 0.8315 0.0037 -0.5556
vn 0.9239 -0.0014 -0.3827
vn 0.9808 0.0037 -0.1951
vn 1.0000 -0.0015 -0.0000
vn 0.9808 -0.0014 -0.1951
vn -0.0000 -0.9930 -0.1182
vn 0.3924 -0.9064 -0.1562
vn 0.3626 -0.9213 -0.1406
vn 0.9808 -0.0014 0.1951
vn 0.9239 0.0037 0.3827
vn 0.9239 -0.0015 0.3827
vn 0.8315 0.0037 0.5556
vn 0.7071 -0.0014 0.7071
vn 0.8315 -0.0015 0.5556
vn -0.3551 0.9022 0.2449
vn -0.6799 0.6426 0.3532
vn -0.3840 0.8862 0.2592
vn 0.5559 0.0038 0.8313
vn 0.3826 0.0036 0.9239
vn 0.3829 0.0022 0.9238
vn 0.7027 -0.6613 -0.2625
vn 0.6699 -0.7115 -0.2119
vn -0.5556 -0.0014 0.8315
vn -0.3828 0.0023 0.9238
vn -0.5556 0.0037 0.8315
vn 0.1266 -0.0090 0.9919
vn 0.3832 -0.0006 0.9237
vn 0.2712 0.0008 0.9625
vn 0.3546 0.0014 0.9350
vn -0.1959 -0.0003 0.9806
vn -0.0000 0.0017 1.0000
vn -0.1270 -0.0089 0.9919
vn -0.0106 0.0106 0.9999
vn -0.0138 0.0057 0.9999
vn -0.7071 -0.0014 0.7071
vn -0.8315 0.0037 0.5556
vn -0.9239 -0.0015 0.3827
vn -0.8315 -0.0015 0.5556
vn 0.8608 -0.3191 -0.3964
vn 0.8610 -0.3887 -0.3281
vn -0.9808 0.0037 0.1951
vn -1.0000 -0.0015 -0.0000
vn -0.9808 -0.0015 0.1951
vn -0.9808 -0.0014 -0.1951
vn -0.9239 0.0037 -0.3827
vn -0.9239 -0.0015 -0.3827
vn -0.0150 -0.0000 0.9999
vn -0.8315 0.0037 -0.5556
vn -0.7071 -0.0015 -0.7071
vn -0.8315 -0.0014 -0.5556
vn 0.8582 0.0281 -0.5125
vn 0.8866 -0.0208 -0.4621
vn -0.7071 0.0037 -0.7071
vn -0.5556 -0.0015 -0.8315
vn -0.5556 0.0037 -0.8315
vn -0.3827 -0.0014 -0.9239
vn -0.3827 0.0037 -0.9239
vn -0.1951 -0.0015 -0.9808
vn -0.9145 -0.2177 0.3410
vn -0.9999 0.0002 0.0116
vn -0.8964 0.0132 0.4430
vn 0.1951 0.0037 -0.9808
vn 0.3827 -0.0014 -0.9239
vn 0.1951 -0.0015 -0.9808
vn 0.0670 0.8928 0.4455
vn -0.3836 0.9234 0.0156
vn -0.0001 0.9999 0.0165
vn 0.7337 0.3221 -0.5983
vn 0.7606 0.3028 -0.5743
vn 0.5001 -0.7625 0.4104
vn 0.6642 -0.6850 0.2994
vn 0.6179 -0.6850 0.3859
vn -0.7061 -0.0535 0.7061
vn -0.5544 -0.0659 0.8297
vn -0.5548 -0.0535 0.8303
vn 0.8303 -0.0535 0.5548
vn 0.7056 -0.0659 0.7056
vn 0.8297 -0.0659 0.5544
vn -0.1951 0.0037 -0.9808
vn -0.0000 -0.0015 -1.0000
vn 0.1948 -0.0535 -0.9794
vn -0.0000 -0.0659 -0.9978
vn -0.0000 -0.0535 -0.9986
vn 0.7061 -0.0535 0.7061
vn 0.5544 -0.0659 0.8297
vn -0.9226 -0.0535 -0.3821
vn -0.8297 -0.0659 -0.5544
vn -0.9219 -0.0659 -0.3819
vn -0.5182 -0.5126 0.6846
vn -0.2630 -0.6417 0.7204
vn -0.5069 -0.5164 0.6902
vn -0.8303 -0.0535 -0.5548
vn -0.7056 -0.0659 -0.7056
vn 0.3821 -0.0535 0.9226
vn 0.1947 -0.0659 0.9787
vn 0.3819 -0.0659 0.9219
vn -0.0000 -0.0150 0.9999
vn 0.0057 -0.0138 0.9999
vn 0.1948 -0.0535 0.9794
vn -0.0000 -0.0659 0.9978
vn -0.3821 -0.0535 -0.9226
vn -0.5544 -0.0659 -0.8297
vn -0.5548 -0.0535 -0.8303
vn 0.5416 0.5342 -0.6491
vn 0.2736 0.6685 -0.6916
vn 0.2788 0.6681 -0.6899
vn 0.3821 -0.0535 -0.9226
vn 0.1947 -0.0659 -0.9787
vn -0.0000 0.7116 -0.7026
vn -0.2788 0.6681 -0.6899
vn -0.1948 -0.0535 0.9794
vn -0.3819 -0.0659 0.9219
vn -0.1947 -0.0659 0.9787
vn 0.8303 -0.0535 -0.5548
vn 0.7056 -0.0659 -0.7056
vn 0.7061 -0.0535 -0.7061
vn 0.4009 -0.7882 0.4670
vn 0.7080 -0.7061 0.0134
vn 0.3836 -0.9234 0.0155
vn -0.3821 -0.0535 0.9226
vn -0.7701 -0.5348 0.3478
vn -0.9241 -0.3819 0.0122
vn -0.3837 -0.9233 0.0156
vn -0.0957 -0.9190 0.3825
vn 0.0001 -0.9999 0.0164
vn -0.0138 -0.0057 0.9999
vn -0.0106 -0.0106 0.9999
vn -0.8303 -0.0535 0.5548
vn -0.7056 -0.0659 0.7056
vn 0.9986 -0.0535 -0.0000
vn 0.9787 -0.0659 -0.1947
vn 0.9794 -0.0535 -0.1948
vn 0.5548 -0.0535 -0.8303
vn 0.5544 -0.0659 -0.8297
vn -0.0057 -0.0138 0.9999
vn 0.5272 0.5386 -0.6573
vn 0.9226 -0.0535 0.3821
vn 0.9787 -0.0659 0.1947
vn 0.9794 -0.0535 0.1948
vn -0.9794 -0.0535 0.1948
vn -0.9978 -0.0659 -0.0000
vn -0.9787 -0.0659 0.1947
vn 0.9219 -0.0659 0.3819
vn -0.9986 -0.0535 -0.0000
vn -0.9787 -0.0659 -0.1947
vn 0.0634 -0.7624 0.6440
vn 0.1640 -0.6850 0.7098
vn -0.0224 -0.6850 0.7282
vn -0.2736 0.6685 -0.6916
vn -0.5416 0.5342 -0.6491
vn 0.6439 -0.7624 -0.0634
vn 0.7186 -0.6850 0.1201
vn 0.6190 -0.7626 0.1878
vn 0.3050 -0.7625 0.5706
vn 0.4232 -0.6850 0.5930
vn 0.2580 -0.6850 0.6813
vn 0.6343 -0.6837 0.3608
vn 0.9242 -0.3818 0.0118
vn -0.1878 -0.7626 0.6190
vn -0.1201 -0.6850 0.7186
vn -0.2994 -0.6850 0.6642
vn 0.4990 -0.6850 0.5308
vn 0.0106 -0.0106 0.9999
vn 0.0138 -0.0057 0.9999
vn -0.6439 -0.7625 0.0634
vn -0.7098 -0.6850 0.1640
vn -0.7282 -0.6850 -0.0224
vn -0.5272 0.5386 -0.6573
vn -0.7606 0.3028 -0.5743
vn -0.4105 -0.7624 0.5002
vn -0.3859 -0.6850 0.6179
vn -0.5307 -0.6850 0.4991
vn 0.8388 -0.4144 0.3530
vn 0.9999 -0.0002 0.0116
vn -0.0634 -0.7625 -0.6438
vn -0.2579 -0.6850 -0.6813
vn -0.1640 -0.6850 -0.7098
vn 0.1201 -0.6850 -0.7186
vn 0.1878 -0.7625 -0.6191
vn 0.7059 -0.3072 0.6382
vn 0.8487 0.0155 0.5286
vn 0.8259 -0.0227 0.5633
vn -0.7337 0.3221 -0.5983
vn -0.8866 -0.0208 -0.4621
vn -0.6192 -0.7624 -0.1878
vn -0.6179 -0.6850 -0.3859
vn -0.5000 -0.7626 -0.4103
vn -0.4991 -0.6850 -0.5307
vn 0.9146 0.2171 0.3410
vn 0.9328 -0.1068 0.3441
vn -0.3051 -0.7624 -0.5707
vn -0.4232 -0.6850 -0.5930
vn 0.0150 -0.0000 0.9999
vn 0.0138 0.0057 0.9999
vn -0.7186 -0.6850 -0.1201
vn -0.6642 -0.6850 -0.2994
vn -0.6813 -0.6850 0.2579
vn -0.8582 0.0281 -0.5125
vn -0.8610 -0.3887 -0.3281
vn 0.5707 -0.7624 -0.3051
vn 0.5308 -0.6850 -0.4990
vn 0.5930 -0.6850 -0.4232
vn 0.7703 0.5343 0.3480
vn 0.9241 0.3818 0.0121
vn 0.2994 -0.6850 -0.6642
vn 0.0224 -0.6850 -0.7282
vn 0.0106 0.0106 0.9999
vn -0.8608 -0.3191 -0.3964
vn -0.6700 -0.7115 -0.2119
vn -0.0000 -1.0000 -0.0000
vn 0.7080 0.7061 0.0137
vn 0.4805 0.8184 0.3152
vn 0.3837 0.9233 0.0156
vn 0.6799 0.6426 0.3532
vn 0.3551 0.9022 0.2449
vn -0.7027 -0.6613 -0.2625
vn -0.3626 -0.9213 -0.1406
vn 0.5558 -0.0014 0.8313
vn -0.9239 0.0037 0.3827
vn 0.5556 -0.0015 -0.8315
vn 0.9808 0.0037 0.1951
vn 0.0002 0.0046 1.0000
vn -0.1721 0.0038 0.9851
vn -0.1474 0.0026 0.9891
vn -1.0000 0.0037 -0.0000
vn -0.3825 0.0036 0.9240
vn -0.2726 0.0014 0.9621
vn -0.1739 -0.4529 -0.8744
vn -0.3446 -0.4351 -0.8318
vn -0.3409 -0.4529 -0.8238
vn 0.9226 -0.0535 -0.3821
vn 0.8297 -0.0659 -0.5544
vn 0.1959 -0.0003 0.9806
vn -0.3411 -0.4529 0.8238
vn -0.1756 -0.4351 0.8831
vn -0.1743 -0.4528 0.8744
vn -0.0000 -0.4351 0.9004
vn -0.0004 -0.4528 0.8916
vn 0.1736 -0.4528 0.8745
vn 0.1757 -0.4351 0.8831
vn 0.3446 -0.4351 0.8318
vn 0.3409 -0.4529 0.8238
vn 0.1671 0.0044 0.9859
vn 0.1656 -0.0059 0.9862
vn -0.5706 -0.7625 0.3050
vn -0.5930 -0.6850 0.4232
vn 0.2734 0.0015 0.9619
vn 0.3568 0.0031 0.9342
vn -0.9794 -0.0535 -0.1949
vn -0.4085 -0.7834 0.4685
vn -0.7080 -0.7061 0.0136
vn -0.3511 0.8832 0.3108
vn -0.7080 0.7060 0.0135
vn 0.0057 0.0138 0.9999
vn -0.0000 0.0150 0.9999
vn -0.0057 0.0138 0.9999
vn -0.3833 -0.0007 0.9236
vn -0.2464 -0.0270 0.9688
vn -0.1948 -0.0535 -0.9794
vn -0.1947 -0.0659 -0.9787
vn 0.9219 -0.0659 -0.3819
vn -0.9226 -0.0535 0.3821
vn -0.8297 -0.0659 0.5544
vn -0.7061 -0.0535 -0.7061
vn 0.6813 -0.6850 -0.2580
vn 0.7098 -0.6850 -0.1640
vn 0.7282 -0.6850 0.0224
vn -0.6532 0.6902 0.3115
vn -0.8283 0.3120 0.4653
vn -0.8312 0.3698 0.4151
vn -0.8260 -0.0227 0.5633
vn -0.8487 0.0155 0.5286
vn -0.7059 -0.3072 0.6382
vn -0.7266 -0.2919 0.6219
vn 0.5548 -0.0535 0.8303
vn -0.2672 -0.6412 0.7193
vn -0.0000 -0.6830 0.7304
vn 0.2672 -0.6412 0.7193
vn 0.2630 -0.6417 0.7204
vn 0.5181 -0.5126 0.6846
vn 0.5069 -0.5164 0.6902
vn 0.7266 -0.2919 0.6219
vn 0.8312 0.3698 0.4151
vn 0.8283 0.3120 0.4653
vn 0.6532 0.6902 0.3114
vn 0.3859 -0.6850 -0.6179
vn 0.4106 -0.7623 -0.5003
vn -0.3924 -0.9064 -0.1562
vn 0.9239 0.0037 -0.3827
vn 0.3819 -0.0659 -0.9219
vn 0.9978 -0.0659 -0.0000
vn -0.0000 -0.0535 0.9986
vn -0.9219 -0.0659 0.3819
vn -0.3819 -0.0659 -0.9219
vn -0.3564 0.0030 0.9343
vn -0.6349 0.6833 0.3607
vn -0.9242 0.3818 0.0118
vn -0.8744 -0.4529 -0.1739
vn -0.9004 -0.4351 -0.0000
vn -0.8916 -0.4529 -0.0004
vn 0.7413 -0.4529 0.4953
vn 0.8319 -0.4351 0.3445
vn 0.8236 -0.4529 0.3415
vn -0.6304 -0.4529 -0.6304
vn -0.7486 -0.4351 -0.5002
vn -0.7411 -0.4529 -0.4956
vn 0.8744 -0.4529 0.1739
vn 0.9004 -0.4351 -0.0000
vn 0.8916 -0.4529 0.0004
vn 0.3415 -0.4529 -0.8236
vn 0.5000 -0.4351 -0.7488
vn 0.3445 -0.4351 -0.8319
vn -0.4956 -0.4529 0.7411
vn -0.6365 -0.4351 0.6369
vn -0.5002 -0.4351 0.7487
vn 0.8237 -0.4529 -0.3412
vn 0.7486 -0.4351 -0.5002
vn 0.7415 -0.4529 -0.4950
vn 0.5002 -0.4351 0.7486
vn 0.4950 -0.4529 0.7415
vn -0.8319 -0.4351 -0.3443
vn -0.8831 -0.4351 -0.1754
vn 0.6304 -0.4529 0.6304
vn 0.7488 -0.4351 0.5000
vn -0.5005 -0.4351 -0.7485
vn -0.6369 -0.4351 -0.6365
vn -0.8744 -0.4529 0.1739
vn -0.8318 -0.4351 0.3446
vn -0.8238 -0.4529 0.3409
vn -0.8237 -0.4529 -0.3412
vn 0.6304 -0.4529 -0.6304
vn 0.4953 -0.4529 -0.7413
vn -0.7413 -0.4529 0.4953
vn -0.6304 -0.4529 0.6304
vn 0.8744 -0.4529 -0.1739
vn 0.8317 -0.4351 -0.3448
vn -0.8830 -0.4351 0.1759
vn -0.0003 -0.4351 -0.9004
vn -0.1759 -0.4351 -0.8830
vn 0.6369 -0.4351 0.6365
vn -0.4953 -0.4529 -0.7413
vn 0.1739 -0.4529 -0.8744
vn -0.0000 -0.4529 -0.8916
vn 0.8831 -0.4351 0.1754
vn -0.7485 -0.4351 0.5004
vn 0.8830 -0.4351 -0.1759
vn 0.1754 -0.4351 -0.8831
vn -0.3546 0.0013 0.9350
vn 0.6365 -0.4351 -0.6369
vn -0.3443 -0.4351 0.8320
vn -0.8391 0.4138 0.3530
vn -0.1021 0.9940 -0.0382
vn -0.2960 0.9120 -0.2840
vn -0.3822 0.9120 -0.1490
vn -0.6872 0.6788 -0.2589
vn -0.7687 0.3813 -0.5136
vn -0.8540 0.3815 -0.3538
vn 0.1167 0.9931 -0.0115
vn 0.3757 0.9120 -0.1649
vn 0.0991 0.9940 -0.0458
vn 0.4102 0.9120 -0.0086
vn 0.6690 0.6788 -0.3028
vn 0.7339 0.6788 -0.0237
vn 0.8541 0.3813 -0.3538
vn 0.9067 0.3813 -0.1804
vn 0.0115 0.9931 0.1164
vn 0.1654 0.9112 0.3773
vn 0.0454 0.9940 0.0992
vn 0.0051 0.9133 0.4073
vn 0.3038 0.6772 0.6702
vn 0.0200 0.6823 0.7308
vn 0.3546 0.3815 0.8537
vn 0.1643 0.3826 0.9092
vn -0.0990 0.9940 0.0459
vn -0.4102 0.9119 0.0086
vn -0.3757 0.9119 0.1650
vn -0.7342 0.6785 0.0239
vn -0.6691 0.6784 0.3034
vn -0.8542 0.3811 0.3538
vn -0.9068 0.3811 0.1804
vn -0.0458 0.9940 -0.0990
vn -0.0085 0.9120 -0.4101
vn -0.1649 0.9120 -0.3757
vn -0.0240 0.6786 -0.7341
vn -0.3027 0.6788 -0.6690
vn -0.1804 0.3812 -0.9067
vn -0.3538 0.3814 -0.8540
vn 0.9245 0.3811 -0.0000
vn -0.0000 0.3816 0.9243
vn -0.9245 0.3813 -0.0000
vn -0.0000 0.3811 -0.9245
vn -0.0000 0.0037 -1.0000
vn 0.1803 0.3814 -0.9067
vn 0.2586 0.6784 -0.6877
vn 0.1490 0.9120 -0.3823
vn -0.0114 0.9932 -0.1160
vn 0.0340 0.9931 -0.1122
vn 0.3538 0.3811 -0.8542
vn -0.1481 0.9114 0.3839
vn -0.2634 0.6800 0.6842
vn -0.1643 0.3826 0.9092
vn -0.0000 0.0052 1.0000
vn -0.1163 0.9931 0.0115
vn -0.9068 0.3811 -0.1804
vn -0.9808 0.0037 -0.1951
vn -0.3547 0.3812 0.8538
vn 0.6876 0.6785 0.2587
vn 0.8541 0.3811 0.3538
vn 0.9068 0.3811 0.1803
vn 0.2839 0.9120 -0.2961
vn 0.5022 0.6785 -0.5362
vn 0.5136 0.3814 -0.7686
vn 0.3827 0.0037 -0.9239
vn 0.1025 0.9940 0.0375
vn 0.3102 0.9078 0.2823
vn 0.3822 0.9120 0.1490
vn 0.5358 0.6788 0.5022
vn 0.7687 0.3811 0.5136
vn -0.0342 0.9931 0.1125
vn -0.2805 0.9151 0.2896
vn -0.5022 0.6798 0.5345
vn -0.5135 0.3815 0.7686
vn -0.0000 -0.0010 1.0000
vn 0.6537 0.3814 -0.6537
vn 0.5556 0.0037 -0.8314
vn 0.6537 0.3811 0.6537
vn 1.0000 0.0037 -0.0000
vn -0.6536 0.3815 0.6536
vn -0.7071 0.0037 0.7071
vn -0.5357 0.6788 -0.5022
vn -0.6537 0.3814 -0.6537
vn -0.5136 0.3813 -0.7687
vn 0.0742 0.9931 -0.0904
vn 0.7686 0.3814 -0.5136
vn 0.0905 0.9931 0.0742
vn 0.5136 0.3811 0.7687
vn 0.7071 0.0037 0.7071
vn -0.0743 0.9931 0.0907
vn -0.7687 0.3812 0.5136
vn -0.0904 0.9931 -0.0742
vn -0.0000 1.0000 -0.0000
vn -0.3837 0.9235 -0.0035
vn -0.7080 0.7062 -0.0055
vn -0.9242 0.3818 -0.0069
vn -0.9242 -0.3818 -0.0067
vn -1.0000 0.0002 -0.0072
vn 0.3836 0.9235 -0.0034
vn -0.7079 -0.7063 -0.0053
vn -0.0001 1.0000 -0.0027
vn 0.0001 -1.0000 -0.0027
vn 0.3837 -0.9235 -0.0035
vn -0.3836 -0.9235 -0.0034
vn 0.7080 -0.7062 -0.0055
vn 0.9242 -0.3818 -0.0069
vn 0.9242 0.3818 -0.0067
vn 1.0000 -0.0002 -0.0072
vn 0.7079 0.7063 -0.0053
vn 0.3840 0.8862 0.2593
vn -0.0000 -0.9930 -0.1183
vn 0.5550 0.0038 0.8318
vn 0.3821 0.0034 0.9241
vn 0.3810 0.0023 0.9246
vn -0.5548 -0.0014 0.8320
vn -0.3810 0.0025 0.9246
vn -0.5554 0.0037 0.8316
vn 0.1455 0.0009 0.9894
vn 0.3818 -0.0012 0.9243
vn 0.2707 0.0015 0.9627
vn 0.3539 0.0017 0.9353
vn -0.1946 -0.0010 0.9809
vn -0.0000 0.0014 1.0000
vn -0.1457 0.0009 0.9893
vn -0.3837 0.9233 0.0156
vn -0.0001 0.9999 0.0164
vn 0.6192 -0.7624 0.1878
vn 0.5000 -0.7626 0.4103
vn -0.0000 -0.0014 -1.0000
vn 0.3822 -0.0535 -0.9225
vn 0.8303 -0.0535 -0.5547
vn 0.3837 -0.9233 0.0154
vn -0.9240 -0.3822 0.0124
vn -0.3837 -0.9233 0.0155
vn 0.0634 -0.7625 0.6439
vn 0.6438 -0.7626 -0.0634
vn -0.1878 -0.7627 0.6189
vn -0.4103 -0.7626 0.5000
vn -0.5308 -0.6850 0.4991
vn -0.0634 -0.7625 -0.6439
vn 0.1878 -0.7627 -0.6189
vn -0.6191 -0.7625 -0.1878
vn -0.4991 -0.6850 -0.5308
vn -0.3050 -0.7626 -0.5705
vn 0.5704 -0.7627 -0.3049
vn 0.9241 0.3819 0.0122
vn 0.7080 0.7061 0.0136
vn 0.3837 0.9233 0.0157
vn 0.3551 0.9022 0.2450
vn 0.5549 -0.0014 0.8319
vn 0.5706 -0.8193 -0.0562
vn 0.5057 -0.8193 -0.2703
vn -0.5487 -0.8193 -0.1665
vn -0.4432 -0.8193 -0.3638
vn -0.1665 -0.8193 0.5487
vn 0.0562 -0.8193 0.5706
vn 0.0003 0.0040 1.0000
vn -0.1710 0.0035 0.9853
vn -0.1472 0.0025 0.9891
vn -0.5706 -0.8193 0.0562
vn -0.5057 -0.8193 0.2703
vn -0.3821 0.0035 0.9241
vn -0.2719 0.0016 0.9623
vn 0.1931 -0.0010 0.9812
vn 0.1670 0.0040 0.9859
vn 0.1607 -0.0039 0.9870
vn -0.5705 -0.7626 0.3049
vn 0.2724 0.0016 0.9622
vn 0.3558 0.0026 0.9346
vn -0.9794 -0.0535 -0.1948
vn -0.7079 -0.7062 0.0137
vn -0.7081 0.7060 0.0134
vn -0.3818 -0.0012 0.9242
vn -0.2692 -0.0002 0.9631
vn -0.6532 0.6902 0.3114
vn -0.8259 -0.0227 0.5633
vn 0.6532 0.6902 0.3115
vn 0.4105 -0.7625 -0.5002
vn -0.3555 0.0026 0.9347
vn -0.9241 0.3820 0.0120
vn -0.7487 -0.4351 -0.5002
vn 0.8916 -0.4528 0.0004
vn 0.3446 -0.4351 -0.8319
vn -0.5002 -0.4351 0.7486
vn -0.8320 -0.4351 -0.3443
vn -0.6304 -0.4529 0.6305
vn 0.8745 -0.4529 -0.1739
vn 0.6305 -0.4529 0.6304
vn -0.3539 0.0016 0.9353
vn -0.3443 -0.4351 0.8319
vn -0.2703 -0.8193 -0.5057
vn 0.5487 -0.8193 0.1665
vn 0.1665 -0.8193 -0.5487
vn 0.3638 -0.8193 -0.4433
vn -0.0562 -0.8193 -0.5706
vn -0.0980 -0.0114 -0.9951
vn 0.2903 -0.0114 -0.9569
vn -0.3638 -0.8193 0.4432
vn 0.4433 -0.8193 0.3638
vn 0.2703 -0.8193 0.5057
vn -0.9951 -0.0114 0.0980
vn -0.8819 -0.0114 0.4714
vn -0.2903 -0.0114 0.9569
vn 0.0980 -0.0114 0.9951
vn 0.6344 -0.0114 -0.7730
vn 0.8819 -0.0114 -0.4714
vn 0.9951 -0.0114 -0.0980
vn 0.9569 -0.0114 0.2903
vn -0.6344 -0.0114 0.7730
vn -0.4714 -0.0114 -0.8819
vn 0.7730 -0.0114 0.6344
vn 0.4714 -0.0114 0.8819
vn -0.7730 -0.0114 -0.6344
vn -0.9569 -0.0114 -0.2903
vn -0.8819 0.0100 0.4714
vn -0.9951 0.0100 0.0980
vn 0.8819 0.0100 -0.4714
vn 0.9951 0.0100 -0.0980
vn 0.7730 0.0100 0.6344
vn 0.4714 0.0100 0.8819
vn 0.6344 0.0100 -0.7730
vn -0.7730 0.0100 -0.6344
vn -0.4714 0.0100 -0.8819
vn -0.2903 0.0100 0.9569
vn -0.6344 0.0100 0.7730
vn 0.0980 0.0100 0.9951
vn 0.9569 0.0100 0.2903
vn 0.2903 0.0100 -0.9569
vn -0.9569 0.0100 -0.2903
vn -0.0980 0.0100 -0.9951
vn -0.1748 0.9832 -0.0530
vn -0.3278 0.9197 -0.2161
vn -0.3617 0.9198 -0.1525
vn -0.6553 0.7049 -0.2715
vn -0.8540 0.3814 -0.3538
vn 0.1827 0.9830 -0.0180
vn 0.3638 0.9197 -0.1480
vn 0.1619 0.9830 -0.0865
vn 0.3847 0.9197 -0.0791
vn 0.6555 0.7047 -0.2715
vn 0.6958 0.7047 -0.1384
vn 0.8541 0.3812 -0.3538
vn 0.9067 0.3812 -0.1804
vn 0.0180 0.9831 0.1821
vn 0.1476 0.9190 0.3656
vn 0.0860 0.9831 0.1613
vn 0.0790 0.9193 0.3857
vn 0.2719 0.7046 0.6554
vn 0.1320 0.7051 0.6967
vn -0.1619 0.9830 0.0865
vn -0.3847 0.9197 0.0791
vn -0.3638 0.9197 0.1480
vn -0.6557 0.7045 0.2716
vn -0.9068 0.3810 0.1804
vn -0.0865 0.9830 -0.1619
vn -0.0790 0.9197 -0.3846
vn -0.1480 0.9197 -0.3638
vn -0.1384 0.7047 -0.6959
vn -0.2715 0.7047 -0.6555
vn -0.3538 0.3814 -0.8541
vn -0.1804 0.3809 -0.9068
vn 0.3927 0.9197 0.0025
vn 0.7095 0.7047 -0.0000
vn 0.9246 0.3811 -0.0000
vn -0.0029 0.9202 0.3915
vn -0.0000 0.7045 0.7097
vn -0.1827 0.9830 0.0180
vn -0.3928 0.9196 -0.0025
vn -0.7097 0.7045 -0.0000
vn -0.6958 0.7047 0.1384
vn -0.9245 0.3812 -0.0000
vn -0.0000 0.7045 -0.7097
vn 0.0025 0.9197 -0.3927
vn -0.0180 0.9830 -0.1827
vn 0.1804 0.3813 -0.9067
vn 0.1384 0.7047 -0.6959
vn 0.0742 0.9197 -0.3856
vn 0.0533 0.9830 -0.1756
vn 0.1526 0.9197 -0.3619
vn 0.2716 0.7044 -0.6558
vn 0.3538 0.3810 -0.8542
vn -0.0738 0.9194 0.3863
vn -0.1319 0.7054 0.6964
vn -0.1643 0.3825 0.9092
vn -0.0000 0.0045 1.0000
vn -0.3857 0.9197 -0.0742
vn -0.6959 0.7047 -0.1384
vn -0.0530 0.9832 0.1746
vn -0.1520 0.9192 0.3632
vn -0.2719 0.7045 0.6556
vn -0.3547 0.3812 0.8537
vn 0.1756 0.9830 0.0533
vn 0.3619 0.9196 0.1526
vn 0.3857 0.9197 0.0742
vn 0.6554 0.7048 0.2715
vn 0.6963 0.7043 0.1385
vn 0.9068 0.3811 0.1804
vn 0.8542 0.3811 0.3538
vn -0.9067 0.3813 -0.1803
vn 0.1164 0.9830 -0.1419
vn 0.3944 0.7043 -0.5902
vn 0.5556 0.0037 -0.8315
vn 0.3826 0.0037 -0.9239
vn 0.3278 0.9197 0.2161
vn 0.5899 0.7047 0.3942
vn 0.7687 0.3812 0.5136
vn -0.1158 0.9832 0.1411
vn -0.2161 0.9197 0.3277
vn -0.3942 0.7047 0.5899
vn -0.5136 0.3814 0.7686
vn -0.0000 -0.0011 1.0000
vn 0.2795 0.9197 -0.2759
vn 0.2161 0.9196 -0.3279
vn 0.5017 0.7047 -0.5017
vn 0.6537 0.3813 -0.6537
vn 0.5136 0.3812 -0.7687
vn 0.1413 0.9832 0.1160
vn 0.2759 0.9196 0.2795
vn 0.5017 0.7047 0.5017
vn -0.2794 0.9197 0.2759
vn -0.5017 0.7047 0.5017
vn -0.1419 0.9830 -0.1164
vn -0.2759 0.9197 -0.2794
vn -0.5017 0.7047 -0.5017
vn -0.5899 0.7047 -0.3942
vn -0.6537 0.3813 -0.6537
vn -0.2202 0.9197 -0.3251
vn -0.3942 0.7047 -0.5899
vn 0.3251 0.9197 -0.2202
vn 0.5899 0.7047 -0.3942
vn 0.7687 0.3813 -0.5136
vn 0.2203 0.9197 0.3251
vn 0.3942 0.7047 0.5899
vn -0.3252 0.9196 0.2203
vn -0.5900 0.7047 0.3942
vn -0.7687 0.3811 0.5137
vn 0.0001 -1.0000 -0.0028
vn 0.3837 -0.9235 -0.0036
vn -0.3836 -0.9235 -0.0035
vn -0.3837 0.9233 0.0155
vn 0.5003 -0.7623 0.4106
vn -0.9241 -0.3818 0.0121
vn -0.3838 -0.9233 0.0155
vn 0.0634 -0.7623 0.6441
vn 0.6441 -0.7623 -0.0634
vn 0.6193 -0.7624 0.1879
vn 0.3049 -0.7626 0.5705
vn 0.9242 -0.3817 0.0117
vn -0.6437 -0.7626 0.0634
vn -0.4106 -0.7623 0.5003
vn -0.3050 -0.7624 -0.5707
vn -0.0634 -0.7626 -0.6438
vn 0.1877 -0.7627 -0.6189
vn -0.6193 -0.7624 -0.1879
vn -0.4990 -0.6850 -0.5307
vn 0.5707 -0.7624 -0.3050
vn 0.9240 0.3822 0.0125
vn 0.7081 0.7060 0.0135
vn -0.0000 0.0046 1.0000
vn -0.7060 -0.0535 -0.7061
vn 0.4106 -0.7622 -0.5004
vn 0.3446 -0.4351 -0.8318
vn -0.8319 -0.4351 0.3446
vn 0.8318 -0.4351 -0.3448
vn -0.7485 -0.4351 0.5005
vn 0.9067 0.3812 -0.1803
vn -0.3537 0.3814 -0.8540
vn 0.2587 0.6784 -0.6877
vn -0.1164 0.9931 0.0115
vn -0.9067 0.3812 -0.1804
vn 0.5021 0.6785 -0.5362
vn 0.5136 0.3813 -0.7686
vn 0.1025 0.9940 0.0376
vn -0.5136 0.3815 0.7686
vn 0.1166 0.9931 -0.0115
vn -0.5136 0.3812 -0.7687
vn 0.0741 0.9931 -0.0903
vn 0.7080 -0.7062 -0.0056
vn 0.9654 0.2608 -0.0000
vn 0.8671 -0.4982 -0.0000
vn -0.2608 0.9654 -0.0000
vn 0.2608 -0.9654 -0.0000
vn 0.4982 0.8671 -0.0000
vn -0.4982 -0.8671 -0.0000
vn -0.9654 -0.2608 -0.0000
vn -0.8671 0.4982 -0.0000
vn 0.4895 -0.8720 -0.0000
vn -0.2705 -0.9627 -0.0000
vn 0.8720 0.4895 -0.0000
vn -0.8720 -0.4895 -0.0000
vn 0.9627 -0.2705 -0.0000
vn -0.9627 0.2705 -0.0000
vn -0.4895 0.8720 -0.0000
vn 0.2705 0.9627 -0.0000
vn -0.9558 -0.2939 -0.0000
vn -0.8837 0.4681 -0.0000
vn 0.2939 -0.9558 -0.0000
vn -0.2939 0.9558 -0.0000
vn -0.4681 -0.8837 -0.0000
vn 0.4681 0.8837 -0.0000
vn 0.9558 0.2939 -0.0000
vn 0.8837 -0.4681 -0.0000
vn -0.9209 -0.3898 -0.0000
vn -0.9268 0.3755 -0.0000
vn 0.3898 -0.9209 -0.0000
vn -0.3898 0.9209 -0.0000
vn -0.3755 -0.9268 -0.0000
vn 0.3755 0.9268 -0.0000
vn 0.9209 0.3898 -0.0000
vn 0.9268 -0.3755 -0.0000
vn -1.0000 -0.0000 -0.0000
vn 1.0000 -0.0000 -0.0000
vn 0.0001 -1.0000 -0.0000
vn -1.0000 -0.0001 -0.0001
vn -0.0000 1.0000 0.0001
vn 0.0001 1.0000 -0.0000
vn 1.0000 -0.0000 -0.0001
vn -0.0000 -1.0000 -0.0001
vn -0.0000 -1.0000 -0.0003
vn -1.0000 0.0004 -0.0000
vn -0.0000 1.0000 -0.0003
vn 1.0000 -0.0003 -0.0000
vn -0.0004 -1.0000 -0.0000
vn 0.0004 -0.0000 1.0000
vn -0.0000 -1.0000 0.0002
vn 1.0000 -0.0000 -0.0003
vn 0.8527 0.5217 -0.0266
vn 0.8796 -0.0010 -0.4758
vn 0.9993 0.0003 -0.0379
vn 0.4569 0.8863 -0.0751
vn 0.4745 0.8802 -0.0073
vn 0.0001 1.0000 0.0001
vn -0.5008 0.8656 0.0006
vn -0.0314 0.9995 0.0096
vn -0.8666 0.4990 0.0016
vn -0.5163 0.8494 0.1090
vn -1.0000 -0.0000 0.0023
vn -0.8575 0.4829 0.1773
vn -0.8572 -0.4831 0.1782
vn -0.8666 -0.4990 0.0016
vn -0.5160 -0.8494 0.1109
vn -0.5008 -0.8656 0.0006
vn -0.0314 -0.9994 0.0119
vn 0.0001 -1.0000 0.0001
vn 0.4569 -0.8865 -0.0734
vn 0.4746 -0.8802 -0.0073
vn 0.8529 -0.5214 -0.0266
vn 0.2862 0.9093 -0.3020
vn 0.2280 0.5661 -0.7922
vn 0.7217 0.5758 -0.3841
vn -0.9796 -0.0001 0.2010
vn -0.6215 0.4804 0.6188
vn -0.6198 -0.4779 0.6225
vn -0.3801 -0.8411 0.3848
vn -0.0432 -0.9979 0.0488
vn 0.2893 -0.9107 -0.2950
vn 0.7224 -0.5770 -0.3810
vn -0.1792 0.4866 0.8551
vn -0.3831 0.8427 0.3784
vn -0.0152 0.9995 0.0259
vn -0.0472 0.9980 0.0416
vn -0.1135 0.8515 0.5119
vn -0.2000 0.0043 0.9798
vn -0.7071 0.0013 0.7071
vn -0.1748 -0.4790 0.8602
vn -0.1058 -0.8469 0.5211
vn -0.0062 -0.9993 0.0369
vn 0.2326 -0.5722 -0.7864
vn 0.3146 -0.0037 -0.9492
vn -0.1571 0.5515 -0.8193
vn -0.0542 0.8918 -0.4491
vn 0.0936 0.8973 -0.4314
vn -0.0045 0.9999 0.0141
vn 0.0561 0.8601 0.5071
vn 0.1008 0.4963 0.8623
vn 0.1196 0.0060 0.9928
vn 0.1085 -0.4858 0.8673
vn 0.0696 -0.8538 0.5159
vn 0.1015 -0.9009 -0.4221
vn 0.0115 -0.9996 0.0252
vn -0.0392 -0.8960 -0.4423
vn -0.1544 -0.5626 -0.8122
vn -0.1850 0.9074 -0.3774
vn -0.5168 0.5421 -0.6625
vn 0.3555 0.4953 0.7927
vn 0.3687 -0.4801 0.7960
vn 0.2282 -0.8481 0.4782
vn 0.0264 -0.9991 0.0317
vn -0.1629 -0.9128 -0.3746
vn 0.5748 0.5020 0.6462
vn 0.2050 0.8574 0.4721
vn -0.0063 0.9999 0.0149
vn -0.0010 0.9997 0.0241
vn 0.3287 0.8635 0.3825
vn 0.6708 0.0126 0.7416
vn 0.4148 0.0087 0.9099
vn 0.5931 -0.4800 0.6464
vn 0.3606 -0.8504 0.3832
vn 0.0313 -0.9994 0.0161
vn -0.4989 -0.5626 -0.6592
vn -0.2329 -0.0125 -0.9724
vn -0.6641 0.4868 -0.5674
vn -0.5873 -0.0160 -0.8092
vn -0.3955 0.8582 -0.3272
vn -0.3061 0.8886 -0.3416
vn -0.0204 0.9998 0.0011
vn 0.3599 0.8730 0.3291
vn 0.6434 0.5126 0.5686
vn 0.7547 0.0147 0.6560
vn 0.6638 -0.4872 0.5675
vn 0.3951 -0.8585 0.3270
vn -0.2753 -0.8986 -0.3416
vn 0.0204 -0.9998 -0.0011
vn -0.3600 -0.8730 -0.3290
vn -0.6436 -0.5126 -0.5684
vn 0.5456 -0.0003 -0.8380
vn 0.5510 -0.0003 0.8345
vn 0.0007 -1.0000 -0.0000
vn -0.0010 1.0000 -0.0000
vn -0.5136 -0.0003 -0.8581
vn -0.5185 -0.0003 0.8551
vn -0.0006 -1.0000 -0.0000
vn 0.0007 1.0000 0.0001
vn 0.9820 -0.1890 0.0007
vn 0.7166 -0.6975 0.0015
vn 0.2023 0.9793 0.0007
vn 0.7166 0.6975 0.0016
vn -0.9820 -0.1890 0.0007
vn -0.9821 0.1881 0.0007
vn -0.9820 0.1890 0.0007
vn -0.7166 0.6975 -0.0020
vn -0.9820 0.1891 -0.0009
vn 0.7166 0.6975 -0.0020
vn 0.9820 0.1891 -0.0009
vn 0.9822 0.1880 -0.0009
vn 0.9820 -0.1891 -0.0009
vn 0.7166 -0.6975 -0.0020
vn 0.9822 -0.1880 -0.0009
vn -0.2023 0.9793 0.0007
vn 0.2014 0.9795 0.0007
vn 0.2024 -0.9793 -0.0010
vn 0.9820 0.1890 0.0007
vn 0.9821 0.1881 0.0007
vn -0.2024 -0.9793 -0.0010
vn -0.7166 -0.6975 -0.0020
vn -0.2012 -0.9795 -0.0010
vn 0.2023 -0.9793 0.0007
vn 0.2014 -0.9795 0.0007
vn -0.2024 0.9793 -0.0010
vn -0.2012 0.9795 -0.0010
vn -0.2023 -0.9793 0.0007
vn -0.2014 -0.9795 0.0007
vn 0.2024 0.9793 -0.0010
vn 0.2012 0.9795 -0.0010
vn -0.9822 -0.1880 -0.0009
vn -0.9822 0.1880 -0.0009
vn -0.7166 -0.6975 0.0015
vn 0.2012 -0.9795 -0.0010
vn -0.9820 -0.1891 -0.0009
vn -0.7166 0.6975 0.0016
vn -0.9821 -0.1881 0.0007
vn 0.9821 -0.1881 0.0007
vn -0.9817 0.1895 -0.0175
vn -0.2028 0.9790 -0.0195
vn -0.7150 0.6963 -0.0625
vn 0.9817 0.1895 -0.0174
vn 0.7150 0.6963 -0.0625
vn 0.2028 0.9790 -0.0195
vn 0.2028 -0.9790 -0.0195
vn 0.7150 -0.6963 -0.0625
vn 0.9817 -0.1895 -0.0174
vn -0.9817 -0.1895 -0.0174
vn -0.7150 -0.6963 -0.0625
vn -0.2028 -0.9790 -0.0195
vn 0.7153 0.6957 -0.0658
vn 0.2003 0.9795 -0.0225
vn 0.7153 -0.6957 -0.0658
vn 0.9821 -0.1870 -0.0205
vn -0.7153 -0.6957 -0.0659
vn -0.2003 -0.9795 -0.0225
vn -0.7153 0.6957 -0.0658
vn -0.9821 0.1870 -0.0205
vn -0.2003 0.9795 -0.0225
vn 0.2003 -0.9795 -0.0225
vn 0.0013 0.0069 1.0000
vn 0.9286 -0.3712 0.0014
vn 0.9190 0.3941 -0.0039
vn 0.3941 -0.9190 0.0059
vn -0.3712 -0.9285 0.0069
vn -0.9190 -0.3941 0.0039
vn -0.9286 0.3712 -0.0014
vn -0.9191 -0.3941 0.0039
vn -0.3941 0.9190 -0.0059
vn 0.3712 0.9285 -0.0069
vn -0.0000 -0.1951 0.9808
vn -0.0000 -0.8315 0.5556
vn -0.0000 -0.9808 -0.1951
vn -0.0000 -0.5556 -0.8315
vn -0.0000 0.1951 -0.9808
vn -0.0000 0.8315 -0.5556
vn -0.0000 0.9808 0.1951
vn -0.0000 0.5556 0.8315
vn -0.6482 -0.1951 0.7360
vn -0.3672 -0.8315 0.4169
vn 0.7504 -0.0000 0.6609
vn -0.1289 0.9808 0.1464
vn -0.5495 0.5556 0.6240
vn 0.3672 0.8315 -0.4169
vn 0.6482 0.1951 -0.7360
vn 0.5496 -0.5556 -0.6240
vn 0.1289 -0.9808 -0.1464
vn 0.6482 -0.1951 0.7360
vn 0.3672 -0.8315 0.4169
vn -0.7504 -0.0000 0.6609
vn 0.5496 0.5556 0.6240
vn 0.1289 0.9808 0.1464
vn -0.3672 0.8315 -0.4169
vn -0.6482 0.1951 -0.7360
vn -0.5496 -0.5556 -0.6240
vn -0.1289 -0.9808 -0.1464
vn -0.7188 0.0227 0.6948
vn 0.6472 0.3869 0.6569
vn 0.2780 0.9254 0.2575
vn 0.6372 -0.3783 0.6715
vn 0.2539 -0.9218 0.2928
vn -0.2780 -0.9254 -0.2575
vn -0.6472 -0.3869 -0.6569
vn -0.6372 0.3783 -0.6715
vn -0.2539 0.9218 -0.2928
vn 0.2366 0.0042 0.9716
vn 0.0225 0.9997 -0.0028
vn -0.6399 0.7673 0.0433
vn -0.6869 0.7253 0.0466
vn 0.7349 0.6763 -0.0516
vn 0.1058 0.9944 -0.0085
vn 0.9955 -0.0658 -0.0687
vn 0.7698 0.6360 -0.0539
vn 0.6869 -0.7253 -0.0466
vn 0.6398 -0.7673 -0.0433
vn -0.0225 -0.9997 0.0028
vn -0.1058 -0.9944 0.0085
vn -0.7348 -0.6763 0.0516
vn -0.7698 -0.6360 0.0539
vn -0.9955 0.0658 0.0687
vn -0.9959 0.0592 0.0687
vn -0.2366 0.0042 0.9716
vn -0.0225 0.9997 -0.0028
vn 0.6398 0.7673 0.0432
vn -0.1058 0.9944 -0.0085
vn -0.7349 0.6763 -0.0516
vn -0.7698 0.6360 -0.0539
vn -0.9955 -0.0658 -0.0687
vn -0.9959 -0.0592 -0.0687
vn -0.6869 -0.7253 -0.0466
vn -0.6398 -0.7673 -0.0433
vn 0.0225 -0.9997 0.0028
vn 0.1058 -0.9944 0.0085
vn 0.7349 -0.6763 0.0516
vn 0.7698 -0.6360 0.0539
vn 0.9955 0.0658 0.0687
vn 0.9959 0.0592 0.0687
vn 0.6869 0.7253 0.0466
vn -0.9807 -0.1951 -0.0095
vn -0.5555 -0.8315 -0.0054
vn -0.0097 -0.0000 1.0000
vn -0.1951 0.9808 -0.0019
vn -0.8314 0.5556 -0.0080
vn 0.5555 0.8315 0.0054
vn 0.9807 0.1951 0.0095
vn 0.8314 -0.5556 0.0080
vn 0.1951 -0.9808 0.0019
vn 0.5555 -0.8315 -0.0054
vn 0.9807 -0.1951 -0.0095
vn 0.0097 -0.0000 1.0000
vn 0.1951 0.9808 -0.0019
vn 0.8314 0.5556 -0.0080
vn -0.5555 0.8315 0.0054
vn -0.9807 0.1951 0.0095
vn -0.8314 -0.5556 0.0080
vn -0.1951 -0.9808 0.0019
vn -0.1958 -0.9806 -0.0017
vn -0.8316 -0.5553 -0.0072
vn -0.8319 -0.5548 -0.0072
vn 0.5557 -0.8314 0.0048
vn -0.1948 -0.9808 -0.0017
vn 0.9808 -0.1949 0.0085
vn 0.5564 -0.8309 0.0048
vn 0.8319 0.5548 0.0072
vn 0.9808 -0.1947 0.0085
vn 0.8316 0.5553 0.0072
vn 0.1958 0.9806 0.0017
vn 0.1948 0.9808 0.0017
vn -0.5557 0.8314 -0.0048
vn -0.5564 0.8309 -0.0048
vn -0.9808 0.1949 -0.0085
vn -0.0108 -0.0000 0.9999
vn -0.1951 -0.0000 -0.9808
vn -0.9808 -0.0000 -0.1951
vn 0.9239 -0.0000 0.3827
vn 0.8315 -0.0000 0.5556
vn -0.9808 -0.0000 0.1951
vn 0.9808 -0.0000 0.1951
vn -0.9239 -0.0000 0.3827
vn -0.8315 -0.0000 0.5556
vn 0.9808 -0.0000 -0.1951
vn -0.7071 -0.0000 0.7071
vn 0.9239 -0.0000 -0.3827
vn -0.5556 -0.0000 0.8315
vn 0.8315 -0.0000 -0.5556
vn -0.3827 -0.0000 0.9239
vn 0.1951 -0.0000 -0.9808
vn 0.7071 -0.0000 -0.7071
vn -0.1951 -0.0000 0.9808
vn -0.3827 -0.0000 -0.9239
vn 0.5556 -0.0000 -0.8315
vn -0.5556 -0.0000 -0.8315
vn 0.3827 -0.0000 -0.9239
vn 0.1951 -0.0000 0.9808
vn -0.7071 -0.0000 -0.7071
vn 0.3827 -0.0000 0.9239
vn -0.8315 -0.0000 -0.5556
vn 0.5556 -0.0000 0.8315
vn -0.9239 -0.0000 -0.3827
vn 0.7071 -0.0000 0.7071
vn -0.1951 -0.0048 -0.9808
vn -0.0000 -0.0048 -1.0000
vn -0.3827 -0.0048 -0.9239
vn -0.7071 -0.0048 -0.7071
vn -0.5556 -0.0048 -0.8314
vn -0.8315 -0.0048 -0.5555
vn -0.9239 -0.0048 -0.3826
vn -0.9808 -0.0048 -0.1951
vn -0.9808 -0.0048 0.1951
vn -1.0000 -0.0048 -0.0000
vn -0.9239 -0.0048 0.3827
vn -0.8314 -0.0048 0.5556
vn -0.7071 -0.0048 0.7071
vn -0.3826 -0.0048 0.9239
vn -0.5555 -0.0048 0.8315
vn -0.1951 -0.0048 0.9808
vn 0.1951 -0.0048 0.9808
vn -0.0000 -0.0048 1.0000
vn 0.3827 -0.0048 0.9239
vn 0.7071 -0.0048 0.7071
vn 0.5556 -0.0048 0.8314
vn 0.8315 -0.0048 0.5555
vn 0.9239 -0.0048 0.3826
vn 0.9808 -0.0048 0.1951
vn 0.9808 -0.0048 -0.1951
vn 1.0000 -0.0048 -0.0000
vn 0.9239 -0.0048 -0.3827
vn 0.8314 -0.0048 -0.5556
vn 0.7071 -0.0048 -0.7071
vn 0.3826 -0.0048 -0.9239
vn 0.5555 -0.0048 -0.8315
vn 0.1951 -0.0048 -0.9808
vn 0.1951 0.0048 -0.9808
vn -0.0000 0.0048 -1.0000
vn -0.3826 0.0048 -0.9239
vn -0.5555 0.0048 -0.8315
vn -0.7071 0.0048 -0.7071
vn -0.8314 0.0048 -0.5556
vn -0.9239 0.0048 -0.3827
vn -0.9808 0.0048 -0.1951
vn -1.0000 0.0048 -0.0000
vn -0.9808 0.0048 0.1951
vn -0.9239 0.0048 0.3826
vn -0.8315 0.0048 0.5555
vn -0.7071 0.0048 0.7071
vn -0.5556 0.0048 0.8314
vn -0.3827 0.0048 0.9239
vn -0.1951 0.0048 0.9808
vn -0.0000 0.0048 1.0000
vn 0.1951 0.0048 0.9808
vn 0.3826 0.0048 0.9239
vn 0.5555 0.0048 0.8315
vn 0.7071 0.0048 0.7071
vn 0.8314 0.0048 0.5556
vn 0.9239 0.0048 0.3827
vn 0.9808 0.0048 0.1951
vn 1.0000 0.0048 -0.0000
vn 0.9808 0.0048 -0.1951
vn 0.9239 0.0048 -0.3826
vn 0.8315 0.0048 -0.5555
vn 0.7071 0.0048 -0.7071
vn 0.5556 0.0048 -0.8314
vn 0.3827 0.0048 -0.9239
vn -0.1951 0.0048 -0.9808
vn 0.4904 0.8534 0.1769
vn 0.9502 0.2567 0.1769
vn 0.0179 0.1381 -0.9903
vn 0.1552 -0.0201 0.9877
vn 0.1385 -0.0179 -0.9902
vn -0.0217 -0.1676 0.9856
vn 0.0219 0.1689 0.9854
vn -0.1679 0.0218 0.9856
vn -0.0181 -0.1395 -0.9901
vn -0.0531 -0.4098 0.9106
vn 0.4547 0.8907 -0.0000
vn 0.9506 0.3106 -0.0000
vn 0.9771 0.2128 -0.0000
vn -0.2160 0.9764 -0.0000
vn 0.1285 0.9917 -0.0000
vn -0.8906 0.4548 -0.0000
vn -0.3052 0.9523 -0.0000
vn -0.4577 -0.8891 -0.0000
vn -0.1285 -0.9917 -0.0000
vn -0.5378 -0.8431 -0.0000
vn -0.9504 -0.3111 -0.0000
vn -0.9772 -0.2125 -0.0000
vn 0.0441 0.3402 -0.9393
vn 0.6104 -0.7921 -0.0000
vn -0.1249 0.0162 -0.9920
vn 0.2567 -0.9502 0.1769
vn -0.4903 -0.8534 0.1769
vn -0.8534 0.4903 0.1769
vn -0.2567 0.9502 0.1769
vn 0.8534 -0.4903 0.1769
vn -0.9502 -0.2567 0.1769
vn 0.4903 0.8534 0.1769
vn 0.9917 -0.1285 -0.0000
vn -0.9917 0.1285 -0.0000
vn -0.3084 0.0400 -0.9504
vn -0.8400 0.5425 -0.0000
vn -0.4106 0.0532 0.9103
vn -0.0445 -0.3435 -0.9381
vn 0.5427 0.8400 -0.0000
vn 0.0535 0.4129 0.9092
vn 0.3410 -0.0442 -0.9390
vn 0.3808 -0.0493 0.9234
vn 0.4818 -0.8583 0.1769
vn 0.9475 -0.2662 0.1769
vn 0.1383 0.0165 -0.9903
vn 0.0185 -0.1554 0.9877
vn 0.0165 -0.1386 -0.9902
vn -0.1678 -0.0200 0.9856
vn 0.1691 0.0202 0.9854
vn -0.0201 0.1681 0.9856
vn -0.1397 -0.0167 -0.9901
vn -0.4103 -0.0490 0.9106
vn 0.9749 -0.2225 -0.0000
vn 0.7859 -0.6183 -0.0000
vn 0.8937 0.4487 -0.0000
vn 0.9930 0.1185 -0.0000
vn 0.2226 0.9749 -0.0000
vn 0.8484 0.5293 -0.0000
vn -0.9742 0.2258 -0.0000
vn -0.9930 -0.1185 -0.0000
vn -0.9492 0.3148 -0.0000
vn -0.4455 0.8953 -0.0000
vn -0.5346 0.8451 -0.0000
vn 0.3406 0.0407 -0.9393
vn -0.2223 -0.9750 -0.0000
vn -0.8454 -0.5342 -0.0000
vn -0.8952 -0.4457 -0.0000
vn -0.0149 0.1250 -0.9920
vn -0.8583 -0.4818 0.1769
vn -0.9475 0.2662 0.1769
vn 0.8583 0.4818 0.1769
vn 0.2662 0.9475 0.1769
vn -0.2662 -0.9475 0.1769
vn -0.4818 0.8583 0.1769
vn 0.1185 -0.9930 -0.0000
vn -0.1185 0.9930 -0.0000
vn -0.0369 0.3088 -0.9504
vn 0.3201 0.9474 -0.0000
vn -0.0491 0.4111 0.9103
vn -0.3440 -0.0411 -0.9381
vn 0.9473 -0.3202 -0.0000
vn 0.4134 0.0493 0.9092
vn 0.0408 -0.3415 -0.9390
vn -0.3206 -0.9472 -0.0000
vn 0.0455 -0.3812 0.9234
vn -0.8837 0.4680 -0.0000
vn 0.8837 -0.4680 -0.0000
vn -0.4607 -0.8698 0.1769
vn -0.9408 -0.2893 0.1769
vn -0.0131 -0.1386 -0.9903
vn -0.1558 0.0147 0.9877
vn -0.1390 0.0132 -0.9902
vn 0.0159 0.1682 0.9856
vn 0.1685 -0.0160 0.9856
vn 0.0133 0.1400 -0.9901
vn 0.0389 0.4114 0.9106
vn -0.4238 -0.9058 -0.0000
vn -0.9393 -0.3431 -0.0000
vn -0.9692 -0.2463 -0.0000
vn 0.2495 -0.9684 -0.0000
vn -0.0943 -0.9955 -0.0000
vn 0.9057 -0.4238 -0.0000
vn 0.3378 -0.9412 -0.0000
vn 0.4268 0.9043 -0.0000
vn 0.0943 0.9955 -0.0000
vn 0.5085 0.8611 -0.0000
vn 0.9391 0.3437 -0.0000
vn 0.9693 0.2460 -0.0000
vn -0.0323 -0.3415 -0.9393
vn -0.2462 0.9692 -0.0000
vn -0.8579 0.5138 -0.0000
vn -0.3432 0.9392 -0.0000
vn -0.0161 -0.1695 0.9854
vn 0.1253 -0.0119 -0.9920
vn -0.2893 0.9408 0.1769
vn 0.4607 0.8698 0.1769
vn 0.8698 -0.4607 0.1769
vn 0.2893 -0.9408 0.1769
vn -0.8698 0.4607 0.1769
vn 0.9408 0.2893 0.1769
vn -0.9955 0.0943 -0.0000
vn 0.9955 -0.0943 -0.0000
vn 0.0942 0.9955 -0.0000
vn 0.3096 -0.0293 -0.9504
vn 0.8582 -0.5133 -0.0000
vn 0.4122 -0.0390 0.9103
vn 0.0326 0.3449 -0.9381
vn -0.5134 -0.8581 -0.0000
vn -0.0392 -0.4145 0.9092
vn -0.3424 0.0324 -0.9390
vn -0.9059 0.4235 -0.0000
vn -0.3822 0.0362 0.9234
vn -0.3696 -0.9122 0.1769
vn -0.9064 -0.3837 0.1769
vn 0.0011 -0.1392 -0.9903
vn -0.1565 -0.0012 0.9877
vn -0.1396 -0.0011 -0.9902
vn -0.0013 0.1689 0.9856
vn 0.0013 -0.1703 0.9854
vn 0.1693 0.0013 0.9856
vn -0.0011 0.1407 -0.9901
vn -0.0032 0.4132 0.9106
vn -0.3292 -0.9443 -0.0000
vn -0.8994 -0.4371 -0.0000
vn -0.9390 -0.3439 -0.0000
vn 0.3469 -0.9379 -0.0000
vn 0.0077 -1.0000 -0.0000
vn 0.9442 -0.3293 -0.0000
vn 0.4320 -0.9019 -0.0000
vn 0.3324 0.9431 -0.0000
vn -0.0077 1.0000 -0.0000
vn 0.4180 0.9084 -0.0000
vn 0.8992 0.4376 -0.0000
vn 0.9391 0.3435 -0.0000
vn 0.0027 -0.3430 -0.9393
vn -0.3438 0.9391 -0.0000
vn -0.9058 0.4237 -0.0000
vn -0.4372 0.8994 -0.0000
vn 0.1259 0.0010 -0.9920
vn -0.3837 0.9064 0.1769
vn 0.3696 0.9122 0.1769
vn 0.9122 -0.3696 0.1769
vn 0.3837 -0.9064 0.1769
vn -0.9122 0.3696 0.1769
vn 0.9064 0.3837 0.1769
vn -1.0000 -0.0077 -0.0000
vn 1.0000 0.0077 -0.0000
vn 0.3110 0.0024 -0.9504
vn 0.9061 -0.4231 -0.0000
vn 0.4140 0.0032 0.9103
vn -0.0027 0.3464 -0.9381
vn -0.4232 -0.9060 -0.0000
vn 0.0032 -0.4163 0.9092
vn -0.3439 -0.0027 -0.9390
vn -0.9443 0.3290 -0.0000
vn -0.3839 -0.0030 0.9234
vn 0.3826 0.9237 0.0201
vn 0.7070 0.7070 0.0201
vn 0.0262 0.0262 0.9993
vn 0.0142 0.0343 0.9993
vn 0.0343 0.0142 0.9993
vn 0.0371 -0.0000 0.9993
vn 0.0343 -0.0142 0.9993
vn 0.0262 -0.0262 0.9993
vn 0.0142 -0.0343 0.9993
vn -0.0000 -0.0371 0.9993
vn -0.0142 -0.0343 0.9993
vn -0.0262 -0.0262 0.9993
vn -0.0343 -0.0142 0.9993
vn -0.0371 -0.0000 0.9993
vn -0.0343 0.0142 0.9993
vn -0.0262 0.0262 0.9993
vn -0.0142 0.0343 0.9993
vn -0.0000 0.0371 0.9993
vn -0.0000 0.9998 0.0201
vn -0.3826 0.9237 0.0201
vn 0.9237 0.3826 0.0201
vn 0.9998 -0.0000 0.0201
vn 0.9237 -0.3826 0.0201
vn 0.7070 -0.7070 0.0201
vn 0.3826 -0.9237 0.0201
vn -0.0000 -0.9998 0.0201
vn -0.3826 -0.9237 0.0201
vn -0.7070 -0.7070 0.0201
vn -0.9237 -0.3826 0.0201
vn -0.9998 -0.0000 0.0201
vn -0.9237 0.3826 0.0201
vn -0.7070 0.7070 0.0201
vn -0.0000 1.0000 0.0003
vn 0.3826 0.9239 0.0004
vn 0.0263 0.0262 0.9993
vn 0.7071 0.7071 0.0004
vn 0.0342 0.0142 0.9993
vn 0.9239 0.3827 0.0003
vn 1.0000 -0.0000 0.0003
vn 0.0342 -0.0142 0.9993
vn 0.9239 -0.3827 0.0003
vn 0.7071 -0.7071 0.0003
vn 0.0262 -0.0263 0.9993
vn 0.3827 -0.9239 0.0003
vn -0.0000 -1.0000 0.0003
vn -0.3827 -0.9239 0.0003
vn -0.0263 -0.0262 0.9993
vn -0.7071 -0.7071 0.0003
vn -0.0342 -0.0141 0.9993
vn -0.9239 -0.3827 0.0003
vn -1.0000 -0.0000 0.0004
vn -0.9239 0.3826 0.0003
vn -0.0342 0.0142 0.9993
vn -0.7071 0.7071 0.0004
vn -0.0262 0.0263 0.9993
vn -0.3827 0.9239 0.0004
vn -0.0142 0.0342 0.9993
vn -1.0000 -0.0000 0.0003
vn -0.0342 -0.0142 0.9993
vn 0.3827 0.9239 0.0004
vn 0.0142 0.0342 0.9993
vn -0.8933 -0.3894 -0.2244
vn -0.2803 -0.1714 0.9445
vn -0.3369 -0.1199 0.9339
vn 0.8033 0.5180 0.2939
vn 0.1745 0.0489 -0.9834
vn 0.8736 0.3830 0.3000
vn 0.1625 0.1017 -0.9815
vn 0.6238 0.7281 0.2842
vn -0.8130 -0.5307 -0.2394
vn -0.1910 -0.2523 0.9486
vn 0.1241 0.1740 -0.9769
vn 0.4159 0.8625 0.2882
vn -0.6293 -0.7357 -0.2506
vn -0.1200 -0.3039 0.9451
vn 0.0711 0.2021 -0.9768
vn 0.1585 0.9433 0.2917
vn -0.4190 -0.8709 -0.2570
vn -0.0411 -0.3331 0.9420
vn 0.0210 0.2130 -0.9768
vn -0.1259 0.9486 0.2905
vn 0.0367 -0.3362 0.9411
vn -0.1594 -0.9514 -0.2635
vn 0.1266 -0.9555 -0.2663
vn -0.0513 0.2066 -0.9771
vn -0.0203 0.2121 -0.9770
vn 0.1007 -0.3157 0.9435
vn 0.3993 -0.8786 -0.2621
vn -0.3979 0.8732 0.2813
vn -0.0863 0.2211 -0.9714
vn 0.1233 -0.2703 0.9548
vn 0.5803 -0.7732 -0.2558
vn 0.6582 -0.7102 -0.2499
vn -0.5793 0.7708 0.2653
vn -0.1115 0.2242 -0.9682
vn -0.7215 0.6431 0.2566
vn -0.6575 0.7081 0.2575
vn -0.1201 0.1953 -0.9734
vn 0.1608 -0.2307 0.9597
vn 0.1290 -0.2427 0.9615
vn 0.7987 -0.5547 -0.2332
vn 0.7236 -0.6474 -0.2393
vn 0.1843 -0.1984 0.9626
vn -0.8510 0.4660 0.2419
vn -0.7958 0.5522 0.2485
vn -0.1439 0.1697 -0.9749
vn 0.8535 -0.4682 -0.2288
vn -0.1641 0.1471 -0.9754
vn 0.1992 -0.1663 0.9657
vn -0.8921 0.3839 0.2383
vn 0.8949 -0.3858 -0.2242
vn -0.1769 0.1208 -0.9768
vn 0.2220 -0.1067 0.9692
vn 0.2142 -0.1368 0.9672
vn 0.9253 -0.3072 -0.2224
vn -0.1907 0.0961 -0.9769
vn 0.2135 -0.0869 0.9731
vn -0.9228 0.3061 0.2341
vn 0.9372 -0.2657 -0.2257
vn -0.2090 0.0856 -0.9742
vn 0.2036 -0.0850 0.9754
vn -0.9367 0.2655 0.2280
vn 0.9332 -0.2771 -0.2288
vn -0.2183 0.0895 -0.9718
vn 0.1721 -0.0935 0.9806
vn -0.9339 0.2773 0.2256
vn 0.8999 -0.3658 -0.2375
vn -0.2341 0.1221 -0.9645
vn 0.0726 -0.0613 0.9955
vn -0.9033 0.3673 0.2215
vn 0.8640 -0.4309 -0.2602
vn -0.3228 0.1900 -0.9272
vn 0.2581 0.0059 0.9661
vn 0.9625 0.1338 -0.2358
vn 0.9672 0.1011 -0.2331
vn -0.9679 -0.1011 0.2302
vn 0.2172 0.0112 0.9761
vn -0.2460 -0.0150 -0.9692
vn -0.2066 -0.0005 -0.9784
vn 0.0429 0.1000 0.9941
vn 0.2358 0.9542 -0.1838
vn 0.1010 0.0931 0.9905
vn 0.9497 0.2088 -0.2333
vn -0.9646 -0.1341 0.2271
vn 0.2104 0.0260 0.9773
vn -0.2471 -0.0341 -0.9684
vn 0.9221 0.3096 -0.2321
vn -0.9512 -0.2090 0.2270
vn 0.1986 0.0377 0.9793
vn -0.2498 -0.0550 -0.9667
vn 0.8672 0.4424 -0.2287
vn -0.9241 -0.3100 0.2236
vn 0.1835 0.0501 0.9817
vn -0.2478 -0.0830 -0.9652
vn 0.7704 0.5978 -0.2217
vn -0.8695 -0.4432 0.2179
vn 0.1663 0.0620 0.9841
vn -0.2364 -0.1165 -0.9646
vn 0.6256 0.7515 -0.2096
vn -0.7731 -0.5990 0.2088
vn 0.1494 0.0736 0.9860
vn -0.2119 -0.1486 -0.9659
vn -0.1773 -0.1703 -0.9693
vn 0.1341 0.0861 0.9872
vn -0.4485 -0.8754 0.1802
vn -0.6281 -0.7531 0.1958
vn 0.4463 0.8737 -0.1933
vn -0.1230 -0.1948 -0.9731
vn -0.2424 -0.9576 0.1555
vn -0.0085 -0.9903 0.1389
vn -0.0409 -0.2057 -0.9778
vn -0.0168 0.0973 0.9951
vn 0.0045 0.9848 -0.1735
vn 0.2233 -0.9650 0.1376
vn 0.0395 -0.1958 -0.9799
vn -0.4498 0.8773 -0.1674
vn -0.2227 0.9607 -0.1654
vn -0.0603 0.0736 0.9955
vn 0.1105 -0.1802 -0.9774
vn 0.6381 -0.7538 0.1568
vn 0.4554 -0.8790 0.1410
vn 0.1401 -0.1416 -0.9799
vn 0.7413 -0.6489 0.1715
vn -0.6372 0.7538 -0.1606
vn 0.1189 -0.1447 -0.9823
vn -0.0887 0.0795 0.9929
vn 0.1033 -0.1639 -0.9811
vn -0.7432 0.6525 -0.1479
vn 0.7760 -0.6040 0.1818
vn -0.0820 0.1113 0.9904
vn -0.7799 0.6110 -0.1358
vn -0.9915 0.1117 -0.0668
vn -0.8368 0.0004 -0.5476
vn -0.9984 0.0002 -0.0569
vn -0.8998 0.0609 0.4319
vn -0.8933 0.0001 0.4494
vn -0.5743 0.0006 0.8186
vn -0.5595 -0.0013 0.8288
vn -0.0642 -0.0068 0.9979
vn 0.3721 -0.3567 0.8569
vn 0.4593 -0.0110 0.8882
vn 0.7767 -0.3928 0.4924
vn 0.8357 -0.0112 0.5490
vn 0.9992 -0.0077 0.0382
vn 0.8752 -0.0388 -0.4823
vn 0.8825 -0.0020 -0.4704
vn 0.5457 -0.0000 -0.8379
vn 0.0535 0.0001 -0.9986
vn 0.5269 0.0171 -0.8498
vn -0.4523 0.0003 -0.8919
vn 0.0374 0.0807 -0.9960
vn -0.4553 0.1228 -0.8818
vn -0.6725 0.7189 0.1758
vn -0.8615 0.2314 0.4521
vn -0.7313 0.3966 0.5549
vn 0.5207 0.0690 -0.8509
vn 0.0830 0.3046 -0.9489
vn -0.3694 0.4609 -0.8069
vn -0.8285 0.1336 -0.5438
vn -0.7282 0.5023 -0.4662
vn -0.1658 -0.1819 0.9692
vn 0.0173 -0.8179 0.5751
vn -0.3699 -0.4617 0.8062
vn 0.3544 -0.9194 0.1707
vn 0.5992 -0.7180 -0.3541
vn 0.8063 -0.1800 -0.5634
vn 0.9592 -0.2747 -0.0664
vn 0.7248 -0.2843 -0.6275
vn -0.9076 0.4197 -0.0102
vn -0.6135 -0.0128 0.7896
vn -0.6089 -0.0069 0.7932
vn -0.4168 0.8186 0.3952
vn -0.5688 0.4376 0.6964
vn 0.5591 0.1178 -0.8207
vn 0.2535 0.5223 -0.8142
vn -0.1123 0.7898 -0.6030
vn -0.4474 0.8605 -0.2439
vn 0.5612 -0.3797 -0.7354
vn 0.5609 0.1140 -0.8200
vn -0.5732 -0.0467 0.8181
vn 0.3989 0.5900 -0.7019
vn 0.1365 0.9047 -0.4035
vn -0.1597 0.9872 -0.0050
vn -0.2322 0.8220 0.5200
vn -0.4679 0.4424 0.7651
vn -0.5708 -0.0471 0.8197
vn -0.6539 -0.4754 0.5885
vn -0.5308 -0.8363 0.1374
vn -0.2467 -0.9148 -0.3199
vn 0.1726 -0.6997 -0.6933
vn 0.5014 -0.3735 -0.7805
vn 0.5325 0.5852 -0.6115
vn 0.3387 0.9024 -0.2663
vn 0.0606 0.9876 0.1446
vn -0.0124 0.7194 0.6945
vn -0.2383 0.2314 0.9432
vn 0.2220 0.4197 0.8801
vn 0.6672 0.1176 -0.7356
vn 0.5892 0.1121 -0.8002
vn 0.7321 0.5219 -0.4378
vn 0.6129 0.7894 -0.0336
vn -0.9226 -0.3507 -0.1604
vn -0.9040 -0.1790 0.3883
vn -0.6632 -0.3891 -0.6394
vn -0.1591 -0.2729 -0.9488
vn 0.4422 -0.2838 -0.8508
vn 0.3602 -0.1800 -0.9153
vn 0.7058 0.0691 -0.7051
vn 0.3429 0.8606 0.3767
vn -0.6293 -0.0074 0.7771
vn -0.3679 0.3968 0.8409
vn -0.6246 -0.0128 0.7809
vn 0.2968 0.1116 0.9484
vn 0.8709 0.4609 0.1707
vn 0.9032 0.3045 -0.3026
vn 0.2644 -0.0378 -0.9637
vn 0.7032 0.0171 -0.7108
vn 0.6235 0.5024 0.5990
vn -0.2094 0.0609 0.9759
vn -0.6611 0.0012 0.7503
vn 0.9598 0.0806 -0.2690
vn 0.9638 0.1225 0.2367
vn 0.7224 0.1334 0.6785
vn 0.6134 0.3840 -0.6901
vn 0.2408 0.0042 -0.9706
vn 0.6888 0.0046 -0.7249
vn 0.2880 0.0001 0.9576
vn -0.2288 -0.0000 0.9735
vn -0.2287 -0.0000 0.9735
vn -0.6845 -0.0000 0.7290
vn -0.2403 -0.1037 0.9651
vn -0.2303 -0.0000 0.9731
vn -0.9476 -0.1273 0.2931
vn -0.9570 -0.0000 0.2901
vn -0.9732 -0.0907 -0.2113
vn -0.9742 -0.0000 -0.2259
vn -0.7459 -0.0319 -0.6653
vn -0.7330 0.0002 -0.6802
vn -0.2879 0.0021 -0.9577
vn 0.1417 0.2885 -0.9469
vn 0.9582 -0.0000 -0.2861
vn 0.9730 -0.0000 0.2309
vn 0.9581 -0.0001 -0.2863
vn 0.6865 -0.0000 -0.7271
vn 0.6863 -0.0001 -0.7274
vn 0.9631 0.0654 0.2611
vn 0.9642 0.0033 -0.2653
vn 0.9673 0.0010 0.2536
vn 0.7272 -0.0000 0.6865
vn 0.3951 -0.3194 0.8613
vn -0.1706 -0.3906 0.9046
vn 0.0551 -0.6694 0.7408
vn 0.9287 0.3296 -0.1697
vn 0.8771 0.3029 0.3728
vn 0.7115 0.0194 0.7024
vn 0.6793 0.0688 0.7307
vn -0.5721 -0.8197 0.0266
vn -0.9059 -0.3423 -0.2495
vn -0.7082 -0.5866 -0.3930
vn -0.7384 -0.1194 -0.6637
vn -0.4561 0.2449 -0.8556
vn -0.6667 -0.2075 -0.7158
vn -0.3699 0.0957 -0.9241
vn -0.1280 0.6538 -0.7458
vn 0.2676 -0.0486 0.9623
vn 0.2873 -0.1862 0.9396
vn -0.5820 -0.4962 0.6443
vn -0.2955 -0.8495 0.4372
vn 0.2548 -0.7598 0.5981
vn 0.4672 -0.3463 0.8135
vn 0.2141 0.8877 -0.4075
vn 0.5049 0.8536 0.1281
vn 0.7249 0.4908 0.4834
vn 0.6371 0.1204 0.7613
vn -0.2924 -0.9367 -0.1925
vn -0.4907 -0.6601 -0.5688
vn -0.5579 -0.1996 -0.8056
vn -0.0213 -0.9726 0.2316
vn -0.6812 -0.1317 0.7202
vn 0.4833 0.6310 0.6068
vn 0.5564 0.1689 0.8135
vn -0.8484 -0.4785 0.2265
vn 0.4699 -0.3246 0.8209
vn 0.3180 -0.7475 0.5833
vn 0.0812 -0.9781 0.1918
vn -0.1793 -0.9504 -0.2540
vn -0.3927 -0.6660 -0.6342
vn -0.5023 -0.1860 -0.8444
vn -0.4666 0.3347 -0.8187
vn -0.2994 0.7607 -0.5759
vn -0.0503 0.9835 -0.1739
vn 0.2210 0.9280 0.2999
vn 0.4132 0.6215 0.6656
vn -0.9739 -0.0000 -0.2271
vn -0.7298 -0.0000 -0.6837
vn -0.9739 -0.0000 -0.2269
vn 0.7276 -0.0000 0.6860
vn 0.7275 -0.0000 0.6861
vn -0.6843 -0.0000 0.7292
vn -0.6844 -0.0001 0.7291
vn 0.7275 0.0001 0.6861
vn -0.2889 0.0001 -0.9574
vn 0.2295 -0.0000 -0.9733
vn -0.2892 -0.0000 -0.9573
vn -0.7296 0.0001 -0.6839
vn -0.9570 -0.0000 0.2900
vn -0.9571 -0.0000 0.2899
vn 0.2298 -0.0000 -0.9732
vn 0.2865 -0.0000 0.9581
vn 0.7280 -0.0000 0.6856
vn 0.9728 -0.0000 0.2316
vn 0.9586 -0.0000 -0.2848
vn 0.6875 -0.0000 -0.7262
vn -0.2722 -0.0017 -0.9622
vn -0.9712 -0.0024 -0.2384
vn -0.9554 -0.0015 0.2953
vn -0.2276 -0.0000 0.9738
vn 0.2891 -0.0000 0.9573
vn 0.1003 0.8998 -0.4245
vn -0.1260 0.8999 -0.4176
vn 0.1338 0.8852 0.4455
vn 0.3384 0.8852 0.3192
vn 0.3192 -0.8852 -0.3384
vn 0.4457 -0.8852 -0.1333
vn -0.2985 -0.8999 0.3181
vn -0.4175 -0.8999 0.1265
vn 0.1068 0.8852 -0.4528
vn -0.1345 0.8852 -0.4453
vn 0.4526 -0.8852 0.1074
vn 0.3384 -0.8852 0.3192
vn 0.1337 -0.8852 0.4456
vn -0.3182 0.8999 -0.2983
vn -0.4248 0.8999 -0.0991
vn -0.1346 -0.8852 -0.4453
vn 0.1067 -0.8852 -0.4528
vn 0.1256 -0.8998 0.4177
vn -0.0998 -0.8998 0.4246
vn -0.0998 -0.8999 0.4246
vn -0.3395 0.8852 -0.3180
vn -0.4531 0.8852 -0.1055
vn -0.4531 0.8852 -0.1056
vn 0.4180 -0.8999 -0.1248
vn 0.4244 -0.8998 0.1008
vn -0.4175 0.8999 0.1264
vn -0.2985 0.8998 0.3181
vn -0.4531 -0.8852 -0.1055
vn -0.3396 -0.8852 -0.3180
vn -0.4452 0.8852 0.1349
vn -0.3184 0.8852 0.3392
vn 0.1002 -0.8999 -0.4245
vn 0.2994 -0.8999 -0.3172
vn -0.0997 0.8999 0.4246
vn 0.1256 0.8999 0.4177
vn 0.4244 0.8999 0.1008
vn 0.4180 0.8998 -0.1247
vn -0.3184 -0.8852 0.3391
vn -0.4452 -0.8852 0.1349
vn -0.1066 0.8852 0.4528
vn 0.1338 0.8852 0.4456
vn -0.3183 -0.8998 -0.2983
vn -0.1260 -0.8998 -0.4176
vn 0.4526 0.8852 0.1074
vn 0.4457 0.8852 -0.1332
vn 0.2995 0.8998 -0.3172
vn -0.1066 -0.8852 0.4528
vn 0.2879 0.0001 0.9577
vn 0.7276 0.0001 0.6860
vn 0.9729 -0.0000 0.2311
vn 0.9581 -0.0000 -0.2864
vn 0.9581 -0.0001 -0.2865
vn 0.9582 -0.0000 -0.2860
vn 0.6862 -0.0000 -0.7274
vn 0.6861 -0.0001 -0.7275
vn 0.9582 -0.0001 -0.2861
vn 0.6866 -0.0000 -0.7271
vn 0.2293 -0.0001 -0.9733
vn 0.6865 -0.0001 -0.7272
vn 0.2299 -0.0000 -0.9732
vn -0.2892 0.0001 -0.9573
vn -0.2894 -0.0000 -0.9572
vn -0.2888 0.0001 -0.9574
vn -0.7298 0.0001 -0.6837
vn -0.7299 -0.0000 -0.6835
vn -0.2889 -0.0000 -0.9574
vn -0.7295 0.0001 -0.6840
vn -0.9739 0.0001 -0.2269
vn -0.9739 -0.0000 -0.2268
vn -0.7296 -0.0000 -0.6839
vn -0.9738 -0.0000 -0.2273
vn -0.9739 -0.0000 -0.2272
vn -0.6845 -0.0001 0.7290
vn -0.6843 -0.0001 0.7292
vn -0.2292 -0.0001 0.9734
vn 0.2875 -0.0000 0.9578
vn -0.2291 -0.0000 0.9734
vn 0.2879 -0.0000 0.9577
vn 0.2876 0.0001 0.9577
vn 0.4458 0.8852 -0.1332
vn 0.3193 0.8852 -0.3384
vn -0.4248 -0.8998 -0.0991
vn 0.3174 0.8999 0.2992
vn 0.3174 -0.8998 0.2993
vn -0.1066 0.8852 0.4529
vn -0.4175 -0.8998 0.1265
vn 0.8369 0.0003 -0.5473
vn 0.9915 0.1116 -0.0667
vn 0.9984 0.0002 -0.0571
vn 0.8998 0.0608 0.4320
vn 0.8933 0.0001 0.4494
vn 0.5743 0.0006 0.8186
vn 0.5595 -0.0013 0.8288
vn 0.0642 -0.0068 0.9979
vn 0.1657 -0.1819 0.9693
vn -0.3721 -0.3567 0.8569
vn -0.4593 -0.0110 0.8882
vn -0.7767 -0.3929 0.4924
vn -0.8357 -0.0112 0.5490
vn -0.9992 -0.0077 0.0382
vn -0.9592 -0.2747 -0.0664
vn -0.8752 -0.0388 -0.4823
vn -0.8825 -0.0020 -0.4704
vn -0.5458 -0.0000 -0.8379
vn -0.5269 0.0170 -0.8497
vn -0.0536 0.0001 -0.9986
vn -0.0374 0.0808 -0.9960
vn 0.4522 0.0003 -0.8919
vn 0.4551 0.1224 -0.8820
vn 0.8285 0.1336 -0.5438
vn 0.6725 0.7189 0.1759
vn 0.8614 0.2314 0.4521
vn 0.9076 0.4198 -0.0103
vn -0.5208 0.0690 -0.8509
vn -0.0832 0.3045 -0.9489
vn 0.3696 0.4610 -0.8068
vn -0.0174 -0.8179 0.5751
vn 0.3699 -0.4617 0.8062
vn -0.3544 -0.9194 0.1708
vn -0.5992 -0.7180 -0.3541
vn -0.8063 -0.1800 -0.5634
vn -0.7248 -0.2847 -0.6274
vn 0.7281 0.5024 -0.4663
vn 0.7313 0.3966 0.5549
vn 0.6135 -0.0128 0.7896
vn 0.6091 -0.0066 0.7931
vn 0.4168 0.8186 0.3952
vn -0.5592 0.1177 -0.8206
vn -0.2535 0.5223 -0.8142
vn 0.4474 0.8605 -0.2438
vn 0.1118 0.7898 -0.6030
vn -0.5612 -0.3797 -0.7354
vn -0.5609 0.1140 -0.8200
vn 0.5688 0.4376 0.6964
vn 0.5732 -0.0467 0.8181
vn -0.3989 0.5901 -0.7019
vn -0.1365 0.9047 -0.4035
vn 0.1597 0.9871 -0.0049
vn 0.2323 0.8219 0.5201
vn 0.4680 0.4423 0.7651
vn 0.5708 -0.0471 0.8197
vn 0.6539 -0.4755 0.5885
vn 0.5308 -0.8363 0.1373
vn 0.2467 -0.9148 -0.3199
vn -0.1726 -0.6997 -0.6933
vn -0.5014 -0.3735 -0.7805
vn -0.5893 0.1120 -0.8001
vn -0.5326 0.5853 -0.6114
vn -0.3387 0.9024 -0.2663
vn -0.0606 0.9876 0.1446
vn 0.0124 0.7194 0.6945
vn 0.2383 0.2313 0.9432
vn 0.3678 0.3969 0.8409
vn -0.6672 0.1177 -0.7355
vn -0.7321 0.5219 -0.4378
vn -0.6129 0.7894 -0.0336
vn 0.9226 -0.3507 -0.1604
vn 0.6632 -0.3891 -0.6394
vn 0.1592 -0.2729 -0.9488
vn -0.4422 -0.2838 -0.8508
vn -0.7057 0.0690 -0.7051
vn -0.3598 -0.1800 -0.9155
vn 0.6293 -0.0074 0.7771
vn 0.6248 -0.0131 0.7806
vn -0.2969 0.1116 0.9484
vn -0.2220 0.4197 0.8801
vn -0.8709 0.4609 0.1707
vn -0.3429 0.8606 0.3767
vn -0.2644 -0.0378 -0.9637
vn -0.7032 0.0171 -0.7108
vn -0.6236 0.5026 0.5988
vn 0.2094 0.0609 0.9759
vn 0.6611 0.0012 0.7503
vn 0.9039 -0.1792 0.3884
vn -0.9598 0.0806 -0.2690
vn -0.9032 0.3045 -0.3026
vn -0.9638 0.1225 0.2367
vn -0.7222 0.1339 0.6785
vn -0.2408 0.0042 -0.9706
vn -0.6134 0.3840 -0.6901
vn -0.6888 0.0046 -0.7249
vn -0.2876 -0.0000 0.9577
vn 0.2288 -0.0000 0.9735
vn -0.2879 0.0001 0.9577
vn 0.6849 -0.0000 0.7287
vn 0.2404 -0.1038 0.9651
vn 0.6812 -0.1317 0.7202
vn 0.9476 -0.1273 0.2931
vn 0.9569 -0.0000 0.2904
vn 0.9732 -0.0908 -0.2112
vn 0.9742 -0.0000 -0.2258
vn 0.7458 -0.0320 -0.6654
vn 0.7330 0.0002 -0.6802
vn 0.2879 0.0021 -0.9577
vn 0.3699 0.0957 -0.9241
vn -0.1417 0.2885 -0.9469
vn -0.9730 -0.0000 0.2310
vn -0.9582 -0.0000 -0.2861
vn -0.9581 -0.0001 -0.2863
vn -0.6865 -0.0000 -0.7271
vn -0.6863 -0.0001 -0.7274
vn -0.9642 0.0033 -0.2653
vn -0.9631 0.0654 0.2611
vn -0.9673 0.0010 0.2536
vn -0.7272 -0.0000 0.6864
vn -0.7116 0.0196 0.7023
vn -0.3951 -0.3194 0.8613
vn 0.1706 -0.3907 0.9046
vn -0.2873 -0.1862 0.9396
vn -0.9287 0.3296 -0.1697
vn -0.8771 0.3029 0.3728
vn 0.5722 -0.8197 0.0264
vn 0.9059 -0.3423 -0.2495
vn 0.8483 -0.4785 0.2267
vn 0.7082 -0.5866 -0.3929
vn 0.7384 -0.1194 -0.6637
vn 0.4756 0.2465 -0.8444
vn 0.1425 0.6633 -0.7346
vn -0.6793 0.0688 0.7307
vn -0.2675 -0.0487 0.9623
vn -0.0551 -0.6694 0.7408
vn 0.5816 -0.4958 0.6449
vn 0.2954 -0.8495 0.4372
vn -0.2745 -0.7588 0.5907
vn -0.4969 -0.3456 0.7960
vn -0.2164 0.8898 -0.4017
vn -0.7249 0.4909 0.4834
vn -0.5162 0.8478 0.1216
vn 0.3030 -0.9363 -0.1777
vn 0.5143 -0.6603 -0.5472
vn 0.6667 -0.2074 -0.7159
vn 0.5926 -0.2067 -0.7785
vn -0.6374 0.1206 0.7611
vn 0.0162 -0.9716 0.2359
vn -0.5122 0.6301 0.5836
vn -0.5884 0.1672 0.7911
vn -0.5650 0.1798 0.8053
vn -0.5262 -0.3331 0.7824
vn -0.3484 -0.7568 0.5530
vn -0.0790 -0.9808 0.1785
vn 0.2118 -0.9465 -0.2437
vn 0.4473 -0.6607 -0.6028
vn 0.5640 -0.1957 -0.8022
vn 0.5227 0.3229 -0.7890
vn 0.3325 0.7587 -0.5602
vn 0.0573 0.9815 -0.1825
vn -0.2425 0.9338 0.2631
vn -0.4639 0.6311 0.6216
vn 0.7298 -0.0000 -0.6837
vn 0.9739 -0.0000 -0.2271
vn 0.9739 -0.0000 -0.2272
vn -0.7276 -0.0000 0.6860
vn -0.9729 -0.0000 0.2311
vn 0.2290 -0.0000 0.9734
vn 0.6843 -0.0000 0.7292
vn -0.9730 -0.0000 0.2309
vn -0.7275 0.0001 0.6861
vn -0.2295 -0.0000 -0.9733
vn 0.2889 0.0001 -0.9574
vn 0.2892 -0.0000 -0.9573
vn 0.7296 0.0001 -0.6839
vn 0.9570 -0.0000 0.2900
vn 0.9571 -0.0000 0.2899
vn 0.6844 -0.0001 0.7291
vn -0.2298 -0.0000 -0.9732
vn 0.2303 -0.0000 0.9731
vn -0.9728 -0.0000 0.2317
vn -0.9585 -0.0000 -0.2850
vn -0.6874 -0.0000 -0.7263
vn 0.2722 -0.0017 -0.9622
vn -0.2514 -0.0005 -0.9679
vn 0.9712 -0.0024 -0.2384
vn 0.7302 -0.0025 -0.6832
vn 0.9554 -0.0015 0.2952
vn 0.2275 -0.0000 0.9738
vn 0.6740 -0.0003 0.7387
vn -0.2891 -0.0000 0.9573
vn -0.2865 -0.0000 0.9581
vn 0.1260 0.8999 -0.4176
vn -0.1003 0.8998 -0.4245
vn -0.1338 0.8852 0.4455
vn -0.3384 0.8852 0.3192
vn -0.1338 0.8852 0.4456
vn -0.3192 -0.8852 -0.3384
vn -0.4457 -0.8852 -0.1333
vn 0.4175 -0.8999 0.1265
vn 0.2985 -0.8999 0.3181
vn 0.1345 0.8852 -0.4453
vn -0.1068 0.8852 -0.4528
vn -0.3384 -0.8852 0.3192
vn -0.4526 -0.8852 0.1074
vn -0.1337 -0.8852 0.4456
vn 0.3182 0.8999 -0.2983
vn 0.4248 0.8999 -0.0991
vn -0.1067 -0.8852 -0.4528
vn 0.1346 -0.8852 -0.4453
vn -0.1256 -0.8998 0.4177
vn 0.0998 -0.8998 0.4246
vn 0.3395 0.8852 -0.3180
vn 0.4531 0.8852 -0.1055
vn -0.4180 -0.8999 -0.1248
vn -0.4244 -0.8998 0.1008
vn 0.4175 0.8999 0.1264
vn 0.2985 0.8998 0.3181
vn 0.3396 -0.8852 -0.3180
vn 0.4531 -0.8852 -0.1055
vn 0.4452 0.8852 0.1349
vn 0.3184 0.8852 0.3392
vn -0.1002 -0.8999 -0.4245
vn -0.2994 -0.8999 -0.3172
vn 0.0997 0.8999 0.4246
vn -0.1256 0.8999 0.4177
vn -0.4180 0.8998 -0.1247
vn -0.4244 0.8998 0.1008
vn -0.4244 0.8999 0.1008
vn 0.4452 -0.8852 0.1349
vn 0.3184 -0.8852 0.3391
vn 0.1066 0.8852 0.4528
vn 0.1260 -0.8998 -0.4176
vn 0.3183 -0.8998 -0.2983
vn -0.4457 0.8852 -0.1332
vn -0.4526 0.8852 0.1074
vn -0.2995 0.8998 -0.3172
vn 0.1066 -0.8852 0.4528
vn -0.7275 -0.0000 0.6861
vn -0.7276 0.0001 0.6860
vn -0.9581 -0.0000 -0.2864
vn -0.9581 -0.0001 -0.2865
vn -0.9582 -0.0000 -0.2860
vn -0.6862 -0.0000 -0.7274
vn -0.6861 -0.0001 -0.7275
vn -0.6866 -0.0000 -0.7271
vn -0.9582 -0.0001 -0.2861
vn -0.2293 -0.0001 -0.9733
vn -0.2299 -0.0000 -0.9732
vn -0.6865 -0.0001 -0.7272
vn 0.2892 0.0001 -0.9573
vn 0.2894 -0.0000 -0.9572
vn 0.2888 0.0001 -0.9574
vn 0.7298 0.0001 -0.6837
vn 0.7299 -0.0000 -0.6835
vn 0.7295 0.0001 -0.6840
vn 0.2889 -0.0000 -0.9574
vn 0.9739 0.0001 -0.2269
vn 0.9739 -0.0000 -0.2268
vn 0.9738 -0.0000 -0.2273
vn 0.7296 -0.0000 -0.6839
vn 0.9570 -0.0001 0.2900
vn 0.6845 -0.0001 0.7290
vn 0.6843 -0.0001 0.7292
vn 0.2292 -0.0001 0.9734
vn 0.2291 -0.0000 0.9734
vn 0.2287 -0.0000 0.9735
vn -0.2875 -0.0000 0.9578
vn -0.2876 0.0001 0.9577
vn -0.2879 -0.0000 0.9577
vn -0.2880 0.0001 0.9576
vn -0.3193 0.8852 -0.3384
vn -0.4458 0.8852 -0.1332
vn 0.4248 -0.8998 -0.0991
vn -0.3174 0.8999 0.2992
vn -0.3174 -0.8998 0.2993
vn 0.4531 0.8852 -0.1056
vn 0.0998 -0.8999 0.4246
vn 0.4175 -0.8998 0.1265
vn 0.8655 0.5009 0.0007
vn 0.9994 0.0314 0.0109
vn 1.0000 -0.0001 0.0002
vn 0.4990 0.8666 0.0019
vn 0.8494 0.5161 0.1101
vn -0.0000 1.0000 0.0027
vn 0.4830 0.8573 0.1781
vn -0.4830 0.8573 0.1781
vn -0.4991 0.8665 0.0018
vn -0.8494 0.5162 0.1102
vn -0.8655 0.5010 0.0008
vn -0.9995 0.0313 0.0108
vn -1.0000 -0.0001 0.0002
vn -0.8899 -0.4453 -0.0988
vn -0.8654 -0.5011 0.0008
vn -0.5498 -0.8028 -0.2306
vn -0.4990 -0.8666 0.0020
vn -0.0000 -0.9487 -0.3160
vn -0.0000 -1.0000 0.0029
vn 0.4990 -0.8666 0.0020
vn 0.8654 -0.5010 0.0008
vn 0.5498 -0.8028 -0.2306
vn 0.8899 -0.4453 -0.0988
vn 0.4831 0.1773 0.8574
vn 0.8419 0.3816 0.3816
vn 0.4791 0.6207 0.6207
vn -0.9979 0.0453 0.0453
vn -0.9088 -0.2993 -0.2907
vn -0.5776 -0.3797 -0.7227
vn 0.5772 -0.3797 -0.7230
vn 0.9088 -0.2993 -0.2906
vn -0.8419 0.3816 0.3816
vn -0.4826 0.1773 0.8577
vn -0.4791 0.6207 0.6207
vn 0.9979 0.0453 0.0453
vn 0.0002 0.2006 0.9797
vn -0.0000 0.7071 0.7071
vn -0.0000 0.9795 0.2014
vn -0.8491 0.1097 0.5167
vn -0.9994 0.0106 0.0317
vn -0.8855 -0.0738 -0.4588
vn 0.8851 -0.0738 -0.4595
vn 0.9995 0.0105 0.0310
vn 0.8495 0.1097 0.5161
vn 0.8658 -0.0001 0.5004
vn -1.0000 -0.0005 0.0024
vn -0.8650 -0.0002 0.5018
vn -1.0000 -0.0004 0.0018
vn -0.8671 -0.0002 -0.4982
vn -0.5018 0.0003 -0.8650
vn -0.4980 0.0002 0.8672
vn 0.4977 0.0003 -0.8673
vn -0.0020 0.0006 -1.0000
vn 0.4982 0.0004 -0.8670
vn 0.8649 -0.0001 -0.5020
vn 0.8650 -0.0002 -0.5018
vn 1.0000 -0.0005 -0.0025
vn 1.0000 -0.0005 -0.0022
vn -0.0004 -0.4686 -0.8834
vn -0.5174 -0.0138 -0.8556
vn 0.0027 0.0004 1.0000
vn 0.5020 0.0003 0.8649
vn 0.0021 0.0006 1.0000
vn -0.4977 0.0003 0.8673
vn -0.4982 0.0003 0.8671
vn 0.7899 0.3284 0.5178
vn 0.9788 0.2049 -0.0045
vn 0.8461 0.1726 0.5043
vn 0.4462 0.1709 0.8785
vn 0.4773 0.0928 0.8738
vn -0.0208 -0.0072 0.9998
vn -0.0254 -0.0039 0.9997
vn -0.4864 -0.1724 0.8566
vn -0.5158 -0.0917 0.8518
vn -0.8208 -0.2899 0.4922
vn -0.8610 -0.1516 0.4855
vn -0.9383 -0.3452 -0.0209
vn -0.9850 -0.1726 0.0043
vn -0.8651 -0.1524 -0.4780
vn -0.5230 -0.0931 -0.8472
vn -0.8031 -0.3163 -0.5049
vn -0.0344 -0.0055 -0.9994
vn -0.4895 -0.2036 -0.8479
vn 0.4694 0.0913 -0.8783
vn -0.0360 -0.0165 -0.9992
vn 0.8416 0.1717 -0.5121
vn 0.4335 0.1831 -0.8824
vn 0.7862 0.3385 -0.5171
vn 0.5760 0.6255 0.5263
vn 0.9172 0.3984 -0.0046
vn 0.3786 0.2935 0.8778
vn -0.0163 -0.0126 0.9998
vn -0.4074 -0.3152 0.8572
vn -0.6881 -0.5323 0.4931
vn -0.7979 -0.6020 -0.0302
vn -0.5943 -0.6257 -0.5053
vn -0.3660 -0.3850 -0.8472
vn -0.0273 -0.0280 -0.9992
vn 0.3210 0.3450 -0.8820
vn 0.5790 0.6297 -0.5179
vn 0.2648 0.3932 0.8805
vn -0.0131 -0.0182 0.9997
vn -0.2914 -0.4245 0.8573
vn -0.4925 -0.7168 0.4937
vn -0.5581 -0.8293 -0.0299
vn 0.4108 0.7500 0.5184
vn 0.6746 0.7382 -0.0046
vn -0.0046 -0.0072 1.0000
vn -0.2183 -0.4602 0.8606
vn -0.3746 -0.7841 0.4949
vn -0.4610 -0.8863 -0.0450
vn -0.4321 -0.7362 -0.5209
vn -0.2831 -0.4564 -0.8435
vn -0.0202 -0.0308 -0.9993
vn 0.2455 0.4152 -0.8760
vn 0.4318 0.7462 -0.5068
vn 0.2442 0.8295 0.5023
vn 0.2884 0.9565 0.0438
vn 0.2820 0.9593 0.0169
vn 0.1395 0.4736 0.8696
vn 0.3340 0.7885 0.5165
vn 0.1932 -0.0542 0.9797
vn -0.0023 -0.0084 1.0000
vn 0.0405 -0.5132 0.8573
vn -0.1428 -0.4854 0.8626
vn -0.1226 -0.8479 0.5158
vn -0.2450 -0.8322 0.4974
vn -0.2571 -0.9659 0.0312
vn -0.2825 -0.9593 0.0023
vn -0.3064 -0.8340 -0.4588
vn -0.2496 -0.8454 -0.4722
vn -0.1503 -0.5026 -0.8513
vn -0.4464 0.1160 -0.8873
vn -0.0066 -0.0106 -0.9999
vn 0.1277 0.4470 -0.8853
vn 0.2408 0.8276 -0.5070
vn -0.2379 0.6127 -0.7537
vn 0.9521 0.2484 0.1786
vn 0.5830 0.7164 0.3833
vn 0.7219 0.3037 0.6218
vn -0.2094 -0.9769 0.0432
vn -0.5189 -0.8031 -0.2930
vn -0.5127 -0.4629 -0.7231
vn 0.3012 0.9518 0.0578
vn 0.0526 0.9255 -0.3752
vn 0.1547 -0.9120 0.3798
vn 0.7059 -0.6857 0.1779
vn 0.4777 -0.6229 0.6195
vn 0.9470 -0.2497 0.2019
vn 0.6833 -0.1821 0.7071
vn 0.3009 0.4174 0.8575
vn 0.2826 -0.9530 0.1095
vn -0.2245 -0.9744 0.0101
vn -0.9161 -0.3270 -0.2321
vn -0.9169 0.2436 -0.3163
vn -0.6574 0.7022 -0.2734
vn -0.1885 0.9743 -0.1236
vn 0.7156 0.6897 0.1108
vn 0.7050 0.7092 0.0008
vn 0.2972 0.9548 0.0105
vn 0.9652 0.2616 0.0021
vn 0.9669 -0.2551 0.0026
vn 0.7107 -0.7035 0.0021
vn 0.2635 -0.9647 0.0008
vn -0.6570 -0.7472 -0.0997
vn -0.2552 -0.9669 0.0002
vn -0.7052 -0.7091 0.0009
vn -0.9652 -0.2615 0.0023
vn -0.7107 0.7035 0.0023
vn -0.2638 0.9646 0.0009
vn 0.2549 0.9670 0.0002
vn 0.0007 0.0004 1.0000
vn -0.4813 0.8765 -0.0027
vn -0.5095 0.7951 -0.3289
vn -0.5099 0.7932 -0.3329
vn 1.0000 -0.0003 -0.0009
vn 0.5162 -0.0138 -0.8564
vn -0.4532 -0.8914 0.0020
vn -0.3923 -0.8914 0.2270
vn -1.0000 -0.0003 0.0007
vn -0.8649 -0.0001 0.5019
vn 0.4995 0.0002 0.8663
vn 1.0000 -0.0006 -0.0031
vn 0.8649 -0.0002 -0.5020
vn 1.0000 -0.0005 -0.0028
vn -0.3943 -0.8914 -0.2235
vn -0.3937 -0.8914 -0.2244
vn 0.3919 0.8913 -0.2282
vn 0.2268 0.8911 -0.3932
vn 0.2251 0.8912 -0.3937
vn -0.0023 0.0006 -1.0000
vn 0.4027 -0.9153 0.0014
vn 0.4322 -0.8267 0.3603
vn 0.4027 -0.9153 0.0009
vn 0.2297 -0.8910 0.3915
vn 0.3942 -0.8910 0.2252
vn 0.2282 -0.8910 0.3925
vn 0.0026 -0.8912 0.4537
vn 0.0005 -0.8910 0.4540
vn -0.8647 -0.0002 0.5023
vn -0.0023 0.8911 -0.4538
vn -0.2279 0.8911 -0.3925
vn -0.2295 0.8911 -0.3916
vn 0.4329 -0.8241 0.3653
vn 0.5138 -0.5804 0.6317
vn -0.5075 0.7965 0.3287
vn -0.5808 0.5769 0.5744
vn -0.5068 0.7984 0.3250
vn 0.8671 -0.0002 0.4982
vn 0.8671 -0.0002 0.4981
vn -0.8020 -0.0772 -0.5923
vn -0.8816 -0.3186 -0.3482
vn -0.8825 -0.3210 -0.3437
vn 0.5019 0.0003 0.8649
vn -0.1632 0.9458 -0.2806
vn -0.0009 0.9459 -0.3245
vn -0.1633 0.9458 -0.2807
vn -0.2531 0.9562 0.1468
vn -0.1457 0.9563 0.2535
vn -0.1456 0.9563 0.2535
vn -0.0010 -0.9457 -0.3250
vn -0.1634 -0.9457 -0.2809
vn -0.0010 -0.9457 -0.3251
vn -0.2810 0.9458 0.1631
vn -0.1617 0.9458 0.2816
vn -0.1616 0.9458 0.2816
vn 0.1458 -0.9562 -0.2538
vn -0.0005 -0.9562 -0.2928
vn 0.1457 -0.9562 -0.2538
vn 0.2534 -0.9563 0.1459
vn 0.2923 -0.9563 -0.0005
vn 0.2534 -0.9563 0.1460
vn 0.1456 0.9563 -0.2535
vn -0.0004 0.9563 -0.2923
vn -0.0004 0.9564 -0.2922
vn -0.1617 -0.9457 0.2818
vn -0.2808 -0.9458 0.1631
vn 0.2927 0.9562 -0.0004
vn 0.2536 0.9562 0.1461
vn -0.2923 -0.9563 0.0005
vn -0.2529 -0.9563 0.1468
vn 0.3250 0.9457 -0.0009
vn 0.2819 0.9457 0.1615
vn 0.1617 0.9458 -0.2815
vn -0.2927 0.9562 0.0004
vn 0.2818 -0.9458 0.1614
vn 0.3246 -0.9458 -0.0010
vn 0.1466 -0.9562 0.2533
vn 0.1617 -0.9457 -0.2819
vn 0.1617 -0.9457 -0.2818
vn -0.3250 0.9457 0.0009
vn 0.2535 0.9562 0.1461
vn 0.1464 0.9563 0.2531
vn 0.2529 -0.9563 -0.1468
vn 0.2531 0.9562 -0.1468
vn 0.1457 0.9563 -0.2535
vn -0.3246 -0.9458 0.0010
vn -0.3246 -0.9459 0.0010
vn 0.2818 0.9458 0.1615
vn 0.1633 0.9458 0.2807
vn -0.2534 -0.9563 -0.1459
vn -0.2534 -0.9563 -0.1460
vn 0.2810 0.9458 -0.1631
vn 0.1616 0.9458 -0.2816
vn -0.2536 0.9562 -0.1461
vn 0.1634 -0.9457 0.2808
vn 0.1634 -0.9457 0.2809
vn -0.2284 -0.8913 -0.3917
vn -0.0036 -0.8910 -0.4540
vn -0.0015 -0.8912 -0.4537
vn 0.8650 -0.0002 -0.5017
vn 1.0000 -0.0006 -0.0018
vn 0.8648 -0.0003 -0.5021
vn 0.8646 -0.0003 -0.5024
vn 0.4980 0.0004 -0.8672
vn 0.4983 0.0004 -0.8670
vn 0.4980 0.0003 -0.8672
vn 0.4976 0.0003 -0.8674
vn -0.0029 0.0005 -1.0000
vn -0.0014 0.0007 -1.0000
vn -0.0017 0.0006 -1.0000
vn -0.0031 0.0006 -1.0000
vn -0.5027 0.0005 -0.8645
vn -0.5007 0.0005 -0.8656
vn -0.5009 0.0002 -0.8655
vn -0.5029 0.0002 -0.8644
vn -0.8676 -0.0001 -0.4973
vn -0.8665 -0.0001 -0.4993
vn -0.8666 -0.0004 -0.4991
vn -1.0000 -0.0005 0.0027
vn -1.0000 -0.0004 0.0014
vn -1.0000 -0.0006 0.0018
vn -1.0000 -0.0006 0.0031
vn -0.8649 -0.0002 0.5020
vn -0.8650 -0.0002 0.5017
vn -0.8648 -0.0003 0.5021
vn -0.8646 -0.0003 0.5024
vn -0.4980 0.0004 0.8672
vn -0.4983 0.0004 0.8670
vn -0.4980 0.0003 0.8672
vn -0.4976 0.0003 0.8674
vn 0.0027 0.0007 1.0000
vn 0.0014 0.0007 1.0000
vn 0.0017 0.0005 1.0000
vn 0.0030 0.0006 1.0000
vn 0.5029 0.0002 0.8644
vn 0.5010 -0.0000 0.8655
vn 0.5009 0.0002 0.8655
vn 0.5029 0.0002 0.8643
vn 0.8676 -0.0001 0.4973
vn 0.8665 -0.0001 0.4992
vn 0.8676 -0.0001 0.4972
vn 1.0000 -0.0005 -0.0014
vn -0.1457 -0.9562 0.2538
vn 0.0010 -0.9457 0.3250
vn -0.1617 -0.9457 0.2819
vn -0.1464 0.9563 -0.2531
vn -0.1466 -0.9562 -0.2534
vn 0.0009 0.9459 0.3245
vn -0.1634 -0.9457 -0.2808
vn -0.2818 -0.9458 -0.1615
vn 0.2808 -0.9458 -0.1631
vn 0.3246 -0.9459 -0.0010
vn 0.0004 0.9563 0.2923
vn 0.0004 0.9563 0.2922
vn -0.2818 0.9458 -0.1615
vn -0.2819 0.9457 -0.1615
vn -0.1458 -0.9562 0.2538
vn 0.0005 -0.9562 0.2928
vn -0.2535 0.9562 -0.1461
vn -0.1466 -0.9562 -0.2533
vn 0.1632 0.9458 0.2806
vn -0.2817 -0.9458 -0.1614
vn -0.5848 0.5720 -0.5752
vn -0.5872 0.5656 -0.5790
vn -0.3941 0.8910 -0.2253
vn -0.3945 0.8910 -0.2247
vn 0.5162 -0.5727 0.6368
vn 0.6285 -0.2330 0.7421
vn -0.3919 -0.8913 0.2282
vn -0.2269 -0.8913 0.3926
vn -0.4542 0.8909 0.0019
vn -0.4540 0.8910 0.0019
vn 0.6318 -0.2224 0.7425
vn 0.7468 0.1271 0.6528
vn -0.6890 0.2531 0.6791
vn -0.7958 -0.0668 0.6018
vn -0.6860 0.2620 0.6788
vn -0.9114 -0.4115 0.0033
vn -0.9115 -0.4113 0.0033
vn -0.2261 0.8910 0.3936
vn -0.3922 0.8910 0.2286
vn -0.2250 0.8910 0.3943
vn 0.7493 0.1352 0.6483
vn 0.8357 0.3978 0.3786
vn 0.0014 0.8911 0.4537
vn 0.0033 0.8911 0.4537
vn 0.8363 0.4006 0.3743
vn 0.8681 0.4963 -0.0057
vn 0.5038 0.0002 0.8638
vn 0.8683 -0.0002 0.4960
vn 0.8683 -0.0002 0.4961
vn 1.0000 -0.0003 -0.0034
vn 0.0037 0.0004 1.0000
vn 0.0034 0.0005 1.0000
vn -0.4974 0.0002 0.8675
vn -0.4979 0.0003 0.8672
vn -0.8645 -0.0002 0.5026
vn -0.8648 -0.0001 0.5021
vn -0.8683 -0.0002 -0.4961
vn -1.0000 -0.0003 0.0034
vn -0.8682 -0.0001 -0.4963
vn -0.5039 0.0002 -0.8638
vn -0.5041 0.0002 -0.8637
vn -0.0036 0.0004 -1.0000
vn 0.8645 -0.0002 -0.5026
vn 0.4976 0.0002 -0.8674
vn 0.8648 -0.0001 -0.5021
vn 1.0000 -0.0004 -0.0037
vn -1.0000 -0.0004 0.0037
vn 0.4974 0.0002 -0.8675
vn 0.4958 -0.0001 -0.8684
vn -0.0028 0.0005 -1.0000
vn 0.4986 -0.0001 -0.8668
vn -1.0000 0.0001 0.0042
vn -0.8650 0.0003 0.5018
vn -0.8642 0.0006 0.5031
vn 1.0000 -0.0011 -0.0044
vn 0.8650 -0.0008 -0.5017
vn 1.0000 -0.0011 -0.0042
vn 0.8639 -0.0011 -0.5037
vn -0.0063 0.0006 -1.0000
vn -0.5039 0.0006 -0.8638
vn -0.5063 0.0006 -0.8623
vn -0.8685 0.0003 -0.4957
vn -0.8693 0.0003 -0.4942
vn -0.4987 0.0006 0.8668
vn -0.4966 0.0007 0.8680
vn 0.0025 0.0005 1.0000
vn 0.0056 0.0005 1.0000
vn 0.5036 -0.0000 0.8640
vn 0.5060 -0.0000 0.8625
vn 0.8692 -0.0008 0.4945
vn 0.8685 -0.0007 0.4958
vn 0.2458 0.8359 0.4908
vn 0.2821 0.9594 -0.0045
vn 0.2442 0.8306 0.5005
vn 0.1450 0.4922 0.8583
vn 0.1399 0.4755 0.8685
vn 0.0048 0.0153 0.9999
vn -0.0020 -0.0074 1.0000
vn -0.1373 -0.4682 0.8729
vn -0.1428 -0.4857 0.8624
vn -0.2429 -0.8262 0.5084
vn -0.2448 -0.8321 0.4976
vn -0.2823 -0.9593 0.0050
vn -0.2825 -0.9592 0.0043
vn -0.2461 -0.8362 -0.4901
vn -0.1449 -0.4929 -0.8580
vn -0.2447 -0.8310 -0.4996
vn -0.0044 -0.0159 -0.9999
vn -0.1400 -0.4762 -0.8681
vn 0.1380 0.4681 -0.8728
vn 0.0022 0.0068 -1.0000
vn 0.2429 0.8262 -0.5083
vn 0.1430 0.4855 -0.8624
vn 0.2448 0.8323 -0.4973
vn -0.8804 -0.3196 0.3502
vn -0.8797 -0.3171 0.3544
vn 0.4320 -0.8276 -0.3584
vn 0.4326 -0.8255 -0.3625
vn 0.4535 0.8913 -0.0019
vn 0.3922 0.8914 -0.2271
vn 0.2262 -0.8910 -0.3936
vn 0.3922 -0.8910 -0.2288
vn 0.3928 -0.8909 -0.2281
vn -0.2253 -0.8913 0.3935
vn 0.2242 -0.8911 -0.3946
vn 0.5133 -0.5835 -0.6294
vn 0.5154 -0.5763 -0.6342
vn -0.3927 0.8909 0.2282
vn -0.7982 -0.0741 0.5978
vn -0.2304 -0.8913 -0.3906
vn 0.3948 -0.8909 0.2246
vn 0.4543 -0.8909 -0.0020
vn -0.6909 0.2575 -0.6755
vn -0.6936 0.2483 -0.6762
vn 0.6270 -0.2392 -0.7414
vn 0.6303 -0.2286 -0.7419
vn -0.0005 0.8911 -0.4537
vn 0.4542 -0.8909 -0.0020
vn -0.4810 0.8767 -0.0026
vn 0.7451 0.1188 -0.6563
vn 0.7477 0.1275 -0.6517
vn -0.7997 -0.0703 -0.5963
vn 0.8342 0.3919 -0.3879
vn 0.8351 0.3953 -0.3827
vn 0.3938 0.8913 0.2249
vn 0.2300 0.8913 0.3908
vn 0.3942 0.8913 0.2239
vn 0.8680 0.4965 -0.0052
vn 0.4533 0.8914 -0.0019
vn 0.2283 0.8912 0.3918
vn -0.5830 0.5704 0.5786
vn -0.8655 0.5009 0.0007
vn -0.9994 0.0314 0.0109
vn -0.8494 0.5161 0.1101
vn -0.0000 1.0000 0.0028
vn 0.4993 0.8664 0.0018
vn 0.8655 0.5010 0.0008
vn 0.8655 -0.5009 0.0008
vn 0.4991 -0.8666 0.0021
vn -0.4832 0.1772 0.8574
vn -0.4792 0.6206 0.6206
vn 0.5776 -0.3797 -0.7227
vn 0.0004 -0.4686 -0.8834
vn -0.5772 -0.3797 -0.7230
vn -0.9088 -0.2992 -0.2907
vn 0.4826 0.1773 0.8577
vn 0.8491 0.1097 0.5167
vn -0.0002 0.2006 0.9797
vn 0.4792 0.6206 0.6206
vn 0.9994 0.0106 0.0317
vn 0.8855 -0.0738 -0.4588
vn -0.8851 -0.0738 -0.4595
vn -0.9995 0.0106 0.0311
vn -0.8494 0.1097 0.5162
vn -0.8657 -0.0001 0.5005
vn 1.0000 -0.0005 0.0024
vn 0.8650 -0.0002 0.5018
vn 0.8647 -0.0002 0.5023
vn 0.8671 -0.0002 -0.4981
vn 1.0000 -0.0005 0.0022
vn 0.5018 0.0003 -0.8650
vn 0.5019 0.0003 -0.8649
vn 0.4983 0.0002 0.8670
vn 0.8649 -0.0001 0.5020
vn -0.4977 0.0003 -0.8673
vn 0.0020 0.0006 -1.0000
vn 0.0027 0.0005 -1.0000
vn -0.8649 -0.0001 -0.5020
vn -0.4982 0.0004 -0.8670
vn -1.0000 -0.0005 -0.0025
vn -0.8650 -0.0002 -0.5018
vn 0.5175 -0.0138 -0.8556
vn 0.0008 -0.0194 -0.9998
vn -0.0027 0.0004 1.0000
vn -0.5018 0.0003 0.8650
vn 0.4977 0.0003 0.8673
vn -0.0021 0.0006 1.0000
vn -0.9788 0.2049 -0.0045
vn -0.7900 0.3284 0.5178
vn -0.8460 0.1729 0.5043
vn -0.4462 0.1709 0.8785
vn -0.4773 0.0928 0.8738
vn 0.0208 -0.0072 0.9998
vn 0.0254 -0.0039 0.9997
vn 0.4864 -0.1724 0.8566
vn 0.5157 -0.0917 0.8518
vn 0.8208 -0.2899 0.4922
vn 0.8609 -0.1517 0.4857
vn 0.9383 -0.3452 -0.0209
vn 0.9849 -0.1730 0.0043
vn 0.8651 -0.1524 -0.4780
vn 0.8031 -0.3163 -0.5049
vn 0.5231 -0.0930 -0.8472
vn 0.4894 -0.2037 -0.8480
vn 0.0345 -0.0054 -0.9994
vn 0.0357 -0.0167 -0.9992
vn -0.4694 0.0912 -0.8782
vn -0.4335 0.1831 -0.8824
vn -0.8415 0.1718 -0.5122
vn -0.7862 0.3385 -0.5171
vn -0.9172 0.3983 -0.0046
vn -0.5760 0.6255 0.5263
vn -0.3786 0.2935 0.8778
vn 0.0163 -0.0126 0.9998
vn 0.4072 -0.3150 0.8573
vn 0.6881 -0.5323 0.4931
vn 0.7979 -0.6020 -0.0302
vn 0.5943 -0.6257 -0.5053
vn 0.3661 -0.3850 -0.8472
vn 0.0270 -0.0279 -0.9992
vn -0.3209 0.3450 -0.8820
vn -0.5791 0.6297 -0.5179
vn -0.6746 0.7382 -0.0046
vn -0.2648 0.3932 0.8805
vn 0.0131 -0.0182 0.9997
vn 0.2914 -0.4245 0.8573
vn 0.4924 -0.7167 0.4938
vn 0.5581 -0.8293 -0.0299
vn -0.4108 0.7500 0.5184
vn -0.2165 0.4328 0.8751
vn 0.0046 -0.0072 1.0000
vn 0.2183 -0.4602 0.8605
vn 0.3746 -0.7841 0.4948
vn 0.4610 -0.8863 -0.0450
vn 0.4321 -0.7362 -0.5209
vn 0.2830 -0.4564 -0.8436
vn 0.0202 -0.0308 -0.9993
vn -0.2456 0.4152 -0.8760
vn -0.4318 0.7462 -0.5067
vn -0.4968 0.8679 -0.0045
vn -0.2442 0.8295 0.5023
vn -0.2884 0.9565 0.0438
vn -0.3340 0.7885 0.5165
vn -0.1395 0.4736 0.8696
vn -0.3008 0.4173 0.8575
vn -0.1932 -0.0542 0.9797
vn 0.0023 -0.0084 1.0000
vn -0.0406 -0.5132 0.8573
vn 0.1428 -0.4855 0.8625
vn 0.1226 -0.8479 0.5158
vn 0.2450 -0.8322 0.4974
vn 0.2571 -0.9659 0.0312
vn 0.2825 -0.9593 0.0024
vn 0.3064 -0.8340 -0.4588
vn 0.2493 -0.8455 -0.4722
vn 0.1503 -0.5027 -0.8513
vn 0.5127 -0.4629 -0.7231
vn 0.4464 0.1160 -0.8873
vn 0.0066 -0.0106 -0.9999
vn -0.1277 0.4470 -0.8853
vn 0.2379 0.6127 -0.7537
vn -0.2409 0.8276 -0.5070
vn -0.0526 0.9255 -0.3752
vn -0.5830 0.7164 0.3833
vn -0.9520 0.2485 0.1785
vn -0.7219 0.3037 0.6218
vn 0.2094 -0.9769 0.0432
vn 0.5188 -0.8031 -0.2930
vn -0.3012 0.9518 0.0579
vn -0.1547 -0.9120 0.3798
vn -0.7059 -0.6856 0.1779
vn -0.2825 -0.9530 0.1095
vn -0.9470 -0.2497 0.2021
vn -0.6833 -0.1821 0.7071
vn -0.4777 -0.6229 0.6195
vn 0.2246 -0.9744 0.0100
vn 0.6570 -0.7472 -0.0997
vn 0.9161 -0.3270 -0.2321
vn 0.9169 0.2437 -0.3160
vn 0.6574 0.7022 -0.2734
vn 0.1885 0.9743 -0.1236
vn -0.2972 0.9548 0.0105
vn -0.7156 0.6896 0.1109
vn -0.7050 0.7092 0.0008
vn -0.9651 0.2617 0.0020
vn -0.9669 -0.2550 0.0030
vn -0.7106 -0.7036 0.0021
vn -0.2636 -0.9646 0.0008
vn 0.2552 -0.9669 0.0002
vn 0.7050 -0.7092 0.0010
vn 0.9652 -0.2615 0.0023
vn 0.9669 0.2550 0.0028
vn 0.7106 0.7036 0.0023
vn 0.2636 0.9646 0.0009
vn -0.2549 0.9670 0.0002
vn -0.0007 0.0004 1.0000
vn 0.5096 0.7951 -0.3289
vn 0.4813 0.8765 -0.0027
vn 0.5099 0.7932 -0.3329
vn -1.0000 -0.0003 -0.0009
vn -0.5162 -0.0138 -0.8564
vn -0.8784 -0.0041 -0.4779
vn 0.4532 -0.8914 0.0020
vn 0.3927 -0.8911 0.2273
vn 0.3919 -0.8913 0.2282
vn 1.0000 -0.0003 0.0007
vn 0.8791 -0.0040 -0.4766
vn -0.4996 0.0002 0.8663
vn -1.0000 -0.0006 -0.0031
vn -0.8649 -0.0002 -0.5020
vn -0.8646 -0.0003 -0.5024
vn 0.3945 -0.8913 -0.2236
vn 0.3937 -0.8914 -0.2244
vn -0.2267 0.8913 -0.3926
vn -0.3919 0.8913 -0.2282
vn -0.2251 0.8912 -0.3937
vn -0.4027 -0.9153 0.0014
vn -0.4322 -0.8267 0.3603
vn -0.4329 -0.8241 0.3653
vn -0.2298 -0.8911 0.3914
vn -0.3942 -0.8910 0.2253
vn -0.3947 -0.8910 0.2244
vn -0.0025 -0.8912 0.4537
vn -0.2277 -0.8911 0.3926
vn 0.4982 0.0003 0.8671
vn 0.2283 0.8910 -0.3925
vn 0.0023 0.8911 -0.4538
vn 0.2294 0.8910 -0.3918
vn -0.5138 -0.5804 0.6317
vn -0.5162 -0.5727 0.6368
vn 0.5075 0.7964 0.3290
vn 0.5811 0.5769 0.5740
vn 0.5827 0.5708 0.5784
vn -0.8672 -0.0002 0.4980
vn -1.0000 -0.0005 -0.0022
vn 0.8816 -0.3186 -0.3482
vn 0.8020 -0.0772 -0.5923
vn 0.8824 -0.3211 -0.3439
vn 0.1632 0.9458 -0.2806
vn 0.0009 0.9459 -0.3245
vn 0.1457 0.9563 0.2535
vn 0.2531 0.9562 0.1468
vn 0.1456 0.9563 0.2535
vn 0.0010 -0.9457 -0.3250
vn 0.1634 -0.9457 -0.2809
vn 0.1634 -0.9457 -0.2808
vn 0.1617 0.9458 0.2816
vn 0.2810 0.9458 0.1631
vn 0.1616 0.9458 0.2816
vn -0.1458 -0.9562 -0.2538
vn 0.0005 -0.9562 -0.2928
vn -0.2534 -0.9563 0.1459
vn -0.2923 -0.9563 -0.0005
vn 0.0004 0.9563 -0.2923
vn -0.1456 0.9563 -0.2535
vn 0.0004 0.9564 -0.2922
vn 0.2808 -0.9458 0.1632
vn 0.1617 -0.9457 0.2818
vn 0.2808 -0.9458 0.1631
vn -0.2927 0.9562 -0.0004
vn -0.2536 0.9562 0.1461
vn -0.2535 0.9562 0.1461
vn 0.2923 -0.9563 0.0005
vn 0.2529 -0.9563 0.1468
vn -0.3250 0.9457 -0.0009
vn -0.2819 0.9457 0.1615
vn -0.2818 0.9458 0.1615
vn -0.1617 0.9458 -0.2815
vn -0.1616 0.9458 -0.2816
vn 0.2927 0.9562 0.0004
vn -0.2817 -0.9458 0.1614
vn -0.3246 -0.9458 -0.0010
vn -0.3246 -0.9459 -0.0010
vn -0.1466 -0.9562 0.2533
vn -0.2534 -0.9563 0.1460
vn -0.1617 -0.9457 -0.2819
vn -0.1617 -0.9457 -0.2818
vn 0.3250 0.9457 0.0009
vn -0.1464 0.9563 0.2531
vn -0.2529 -0.9563 -0.1468
vn -0.1457 -0.9562 -0.2538
vn -0.1457 0.9563 -0.2535
vn -0.2531 0.9562 -0.1468
vn 0.3246 -0.9458 0.0010
vn 0.3246 -0.9459 0.0010
vn -0.1633 0.9458 0.2807
vn -0.1632 0.9458 0.2806
vn 0.2534 -0.9563 -0.1459
vn -0.2810 0.9458 -0.1631
vn 0.2536 0.9562 -0.1461
vn 0.2535 0.9562 -0.1461
vn -0.1634 -0.9457 0.2808
vn -0.2818 -0.9458 0.1614
vn 0.0039 -0.8912 -0.4536
vn 0.2288 -0.8913 -0.3915
vn 0.0013 -0.8912 -0.4536
vn -0.8650 -0.0002 -0.5017
vn -1.0000 -0.0003 -0.0016
vn -1.0000 -0.0005 -0.0014
vn -0.4980 0.0004 -0.8672
vn -0.4976 0.0003 -0.8674
vn -0.4983 0.0004 -0.8670
vn -0.8648 -0.0003 -0.5021
vn 0.0029 0.0005 -1.0000
vn 0.0031 0.0006 -1.0000
vn 0.0014 0.0007 -1.0000
vn -0.4980 0.0003 -0.8672
vn 0.5027 0.0005 -0.8645
vn 0.5029 0.0002 -0.8644
vn 0.5007 0.0005 -0.8656
vn 0.0017 0.0006 -1.0000
vn 0.8676 -0.0001 -0.4973
vn 0.8677 -0.0004 -0.4971
vn 0.8665 -0.0001 -0.4993
vn 0.5009 0.0002 -0.8655
vn 1.0000 -0.0005 0.0027
vn 1.0000 -0.0006 0.0031
vn 1.0000 -0.0004 0.0014
vn 0.8666 -0.0004 -0.4991
vn 0.8649 -0.0002 0.5020
vn 0.8646 -0.0003 0.5024
vn 0.8650 -0.0002 0.5017
vn 1.0000 -0.0006 0.0018
vn 0.4980 0.0004 0.8672
vn 0.4976 0.0003 0.8674
vn 0.4983 0.0004 0.8670
vn 0.8648 -0.0003 0.5021
vn -0.0027 0.0007 1.0000
vn -0.0030 0.0006 1.0000
vn -0.0014 0.0007 1.0000
vn 0.4980 0.0003 0.8672
vn -0.5029 0.0002 0.8644
vn -0.5029 0.0002 0.8643
vn -0.5007 0.0004 0.8656
vn -0.0017 0.0005 1.0000
vn -0.8676 -0.0001 0.4973
vn -0.8676 -0.0001 0.4972
vn -0.8665 -0.0001 0.4992
vn -0.5009 0.0002 0.8655
vn -1.0000 -0.0005 -0.0028
vn -0.8666 -0.0004 0.4990
vn 0.1457 -0.9562 0.2538
vn 0.1458 -0.9562 0.2538
vn 0.1617 -0.9457 0.2819
vn -0.0010 -0.9457 0.3250
vn 0.1463 0.9563 -0.2531
vn 0.1466 -0.9562 -0.2534
vn 0.1466 -0.9562 -0.2533
vn -0.0009 0.9459 0.3245
vn 0.2818 -0.9458 -0.1615
vn 0.2817 -0.9458 -0.1614
vn -0.2808 -0.9458 -0.1631
vn -0.0004 0.9563 0.2923
vn -0.0004 0.9563 0.2922
vn 0.2818 0.9458 -0.1615
vn 0.1633 0.9458 -0.2807
vn -0.0005 -0.9562 0.2928
vn -0.1634 -0.9457 0.2809
vn 0.1464 0.9563 -0.2531
vn 0.2534 -0.9563 -0.1460
vn 0.2819 0.9457 -0.1615
vn -0.2808 -0.9458 -0.1632
vn 0.5849 0.5719 -0.5751
vn 0.5872 0.5656 -0.5790
vn 0.3941 0.8910 -0.2253
vn 0.3946 0.8909 -0.2248
vn -0.6285 -0.2330 0.7421
vn -0.6322 -0.2222 0.7423
vn 0.2269 -0.8913 0.3925
vn 0.2248 -0.8913 0.3937
vn 0.4543 0.8908 0.0019
vn 0.4542 0.8909 0.0019
vn -0.7468 0.1271 0.6528
vn -0.7495 0.1352 0.6480
vn 0.6890 0.2531 0.6791
vn 0.7959 -0.0668 0.6018
vn 0.7981 -0.0740 0.5979
vn 0.9116 -0.4111 0.0035
vn 0.9115 -0.4112 0.0034
vn 0.2261 0.8910 0.3936
vn 0.3922 0.8910 0.2286
vn 0.3926 0.8910 0.2279
vn -0.8355 0.3981 0.3788
vn -0.8363 0.4006 0.3743
vn -0.0015 0.8911 0.4538
vn 0.2250 0.8910 0.3943
vn -0.8680 0.4966 -0.0060
vn -0.8681 0.4964 -0.0052
vn -0.5038 0.0002 0.8638
vn -0.8682 -0.0002 0.4961
vn -0.5040 0.0002 0.8637
vn -1.0000 -0.0003 -0.0034
vn -0.8683 -0.0002 0.4961
vn -0.0038 0.0004 1.0000
vn -0.0034 0.0005 1.0000
vn 0.4974 0.0002 0.8675
vn 0.4979 0.0003 0.8672
vn 0.8645 -0.0002 0.5026
vn 0.8648 -0.0001 0.5021
vn 1.0000 -0.0003 0.0034
vn 0.8682 -0.0002 -0.4961
vn 0.8682 -0.0002 -0.4962
vn 0.5038 0.0002 -0.8638
vn 0.5040 0.0002 -0.8637
vn 0.0036 0.0004 -1.0000
vn -0.4975 0.0002 -0.8675
vn -0.8645 -0.0002 -0.5026
vn -0.8648 -0.0001 -0.5021
vn -1.0000 -0.0004 -0.0037
vn 1.0000 -0.0004 0.0038
vn -0.4974 0.0002 -0.8675
vn 0.0028 0.0005 -1.0000
vn -0.4959 -0.0000 -0.8684
vn -0.4986 -0.0001 -0.8668
vn 1.0000 0.0001 0.0042
vn 0.8650 0.0003 0.5018
vn 1.0000 0.0001 0.0044
vn -0.8650 -0.0008 -0.5017
vn -1.0000 -0.0011 -0.0044
vn -1.0000 -0.0011 -0.0042
vn -0.8640 -0.0008 -0.5035
vn 0.5039 0.0006 -0.8638
vn 0.0063 0.0006 -1.0000
vn 0.8684 0.0007 -0.4959
vn 0.5063 0.0007 -0.8623
vn 0.8693 0.0003 -0.4942
vn 0.8642 0.0006 0.5031
vn 0.4987 0.0006 0.8668
vn 0.4966 0.0006 0.8680
vn -0.0025 0.0005 1.0000
vn -0.0056 0.0005 1.0000
vn -0.5034 -0.0002 0.8640
vn -0.8692 -0.0008 0.4945
vn -0.8683 -0.0009 0.4960
vn -0.5060 -0.0000 0.8626
vn -0.2821 0.9594 -0.0045
vn -0.2458 0.8359 0.4908
vn -0.2442 0.8306 0.5005
vn -0.1451 0.4923 0.8582
vn -0.1401 0.4756 0.8684
vn -0.0048 0.0153 0.9999
vn 0.0020 -0.0074 1.0000
vn 0.1373 -0.4682 0.8729
vn 0.1429 -0.4857 0.8624
vn 0.2429 -0.8262 0.5084
vn 0.2452 -0.8322 0.4973
vn 0.2823 -0.9593 0.0050
vn 0.2825 -0.9592 0.0043
vn 0.2460 -0.8362 -0.4901
vn 0.2443 -0.8309 -0.4999
vn 0.1452 -0.4930 -0.8578
vn 0.1399 -0.4762 -0.8681
vn 0.0044 -0.0159 -0.9999
vn -0.0022 0.0068 -1.0000
vn -0.1377 0.4680 -0.8729
vn -0.1429 0.4855 -0.8625
vn -0.2429 0.8262 -0.5083
vn -0.2449 0.8323 -0.4972
vn -0.2823 0.9593 -0.0037
vn 0.8803 -0.3198 0.3504
vn -0.4320 -0.8276 -0.3584
vn -0.4326 -0.8255 -0.3625
vn -0.3926 0.8912 -0.2274
vn -0.4535 0.8913 -0.0019
vn -0.3922 -0.8910 -0.2288
vn -0.2263 -0.8911 -0.3934
vn -0.3928 -0.8909 -0.2281
vn -0.0005 -0.8910 0.4540
vn -0.2247 -0.8910 -0.3945
vn -0.5133 -0.5835 -0.6294
vn -0.5157 -0.5761 -0.6341
vn 0.8796 -0.3172 0.3546
vn 0.2304 -0.8913 -0.3906
vn -0.4540 -0.8910 -0.0020
vn -0.4542 -0.8909 -0.0020
vn 0.6909 0.2575 -0.6755
vn 0.6936 0.2482 -0.6762
vn -0.6273 -0.2393 -0.7411
vn -0.6306 -0.2288 -0.7416
vn 0.0007 0.8910 -0.4540
vn 0.5071 0.7983 0.3249
vn -0.7451 0.1188 -0.6563
vn -0.7477 0.1275 -0.6517
vn 0.7998 -0.0698 -0.5962
vn -0.8342 0.3919 -0.3879
vn -0.8353 0.3952 -0.3823
vn -0.3938 0.8913 0.2249
vn -0.2300 0.8913 0.3908
vn -0.2283 0.8912 0.3918
vn -0.3942 0.8913 0.2239
vn -0.0034 0.8912 0.4536
vn 0.6862 0.2622 0.6785
vn -0.2818 0.9593 0.0169
vn 0.4982 0.8670 -0.0000
vn 0.4903 0.8534 0.1770
vn -0.0217 -0.1675 0.9856
vn 0.8908 -0.4545 -0.0000
vn 0.3107 -0.9505 -0.0000
vn 0.2127 -0.9771 -0.0000
vn -0.4904 -0.8534 0.1769
vn 0.8534 -0.4904 0.1769
vn -0.3084 0.0399 -0.9504
vn 0.8397 -0.5430 -0.0000
vn -0.1679 0.0217 0.9856
vn 0.9506 0.3105 -0.0000
vn 0.9952 -0.0000 0.0980
vn 0.8819 -0.0000 0.4714
vn -0.6344 -0.0000 -0.7730
vn -0.2903 -0.0000 -0.9569
vn 0.6344 -0.0000 0.7730
vn -0.0980 -0.0000 0.9952
vn -0.4714 -0.0000 0.8819
vn 0.0980 -0.0000 -0.9952
vn 0.2903 -0.0000 0.9569
vn -0.7730 -0.0000 0.6344
vn 0.4714 -0.0000 -0.8819
vn -0.9569 -0.0000 0.2903
vn 0.7730 -0.0000 -0.6344
vn -0.9952 -0.0000 -0.0980
vn 0.9569 -0.0000 -0.2903
vn -0.8819 -0.0000 -0.4714
vn -0.9916 -0.1286 0.0123
vn 0.0547 0.8300 0.5551
vn -0.0528 -0.8425 -0.5361
vn 0.9750 -0.1286 -0.1814
vn -0.5065 -0.1286 -0.8526
vn -0.5064 -0.1286 -0.8526
vn -0.4534 0.8300 0.3249
vn 0.4379 -0.8425 -0.3138
vn 0.6446 -0.1286 0.7536
vn 0.4852 -0.1286 -0.8649
vn 0.4853 -0.1287 -0.8648
vn -0.5081 0.8300 -0.2302
vn 0.4907 -0.8425 0.2223
vn -0.3304 -0.1286 0.9350
vn -0.3303 -0.1287 0.9351
vn 0.9916 -0.1286 -0.0123
vn 0.9916 -0.1287 -0.0121
vn -0.0547 0.8300 -0.5551
vn 0.0528 -0.8425 0.5361
vn -0.9750 -0.1286 0.1813
vn -0.9749 -0.1287 0.1815
vn -0.9750 -0.1286 0.1814
vn 0.5065 -0.1286 0.8526
vn 0.4534 0.8300 -0.3249
vn -0.4379 -0.8425 0.3138
vn -0.6446 -0.1286 -0.7536
vn -0.4851 -0.1286 0.8649
vn -0.4856 -0.1288 0.8647
vn -0.4852 -0.1286 0.8649
vn 0.5081 0.8300 0.2302
vn -0.4907 -0.8425 -0.2223
vn 0.3304 -0.1286 -0.9350
vn 0.3299 -0.1288 -0.9352
vn -0.9916 -0.1286 0.0124
vn -0.9916 -0.1287 0.0122
vn 0.9750 -0.1286 -0.1813
vn -0.3305 -0.1286 0.9350
vn 0.9916 -0.1286 -0.0124
vn 0.5064 -0.1287 0.8527
vn 0.5064 -0.1286 0.8526
vn -0.6447 -0.1287 -0.7535
vn -0.4853 -0.1287 0.8648
vn 0.3303 -0.1286 -0.9351
vn 0.3305 -0.1286 -0.9350
vn -0.7730 -0.0000 -0.6344
vn -0.4714 -0.0000 -0.8819
vn 0.9569 -0.0000 0.2903
vn 0.7730 -0.0000 0.6344
vn 0.0980 -0.0000 0.9952
vn -0.2903 -0.0000 0.9569
vn -0.0980 -0.0000 -0.9952
vn 0.4714 -0.0000 0.8819
vn -0.6344 -0.0000 0.7730
vn 0.2903 -0.0000 -0.9569
vn -0.8819 -0.0000 0.4714
vn 0.6344 -0.0000 -0.7730
vn -0.9952 -0.0000 0.0980
vn 0.8819 -0.0000 -0.4714
vn -0.9569 -0.0000 -0.2903
vn 0.9952 -0.0000 -0.0980
vn -0.9916 -0.1287 0.0121
vn 0.9749 -0.1287 -0.1815
vn 0.6447 -0.1287 0.7535
vn 0.4851 -0.1286 -0.8649
vn -0.6445 -0.1286 -0.7537
vn -0.1948 -0.0587 -0.9791
vn -0.0000 -0.0587 -0.9983
vn -0.3821 -0.0587 -0.9223
vn -0.5546 -0.0587 -0.8300
vn -0.7059 -0.0587 -0.7059
vn -0.8301 -0.0587 -0.5546
vn -0.9223 -0.0587 -0.3820
vn -0.9791 -0.0587 -0.1947
vn -0.9983 -0.0587 -0.0000
vn -0.9791 -0.0587 0.1948
vn -0.9223 -0.0587 0.3821
vn -0.8300 -0.0587 0.5546
vn -0.7059 -0.0587 0.7059
vn -0.5546 -0.0587 0.8301
vn -0.3820 -0.0587 0.9223
vn -0.1947 -0.0587 0.9791
vn -0.0000 -0.0587 0.9983
vn 0.1948 -0.0587 0.9791
vn 0.3821 -0.0587 0.9223
vn 0.5546 -0.0587 0.8300
vn 0.7059 -0.0587 0.7059
vn 0.8301 -0.0587 0.5546
vn 0.9223 -0.0587 0.3820
vn 0.9791 -0.0587 0.1947
vn 0.9983 -0.0587 -0.0000
vn 0.9791 -0.0587 -0.1948
vn 0.9223 -0.0587 -0.3821
vn 0.8300 -0.0587 -0.5546
vn 0.7059 -0.0587 -0.7059
vn 0.5546 -0.0587 -0.8301
vn 0.3820 -0.0587 -0.9223
vn 0.1947 -0.0587 -0.9791
vn 0.3821 0.0587 -0.9223
vn 0.1948 0.0587 -0.9791
vn -0.0000 0.0587 -0.9983
vn -0.1947 0.0587 -0.9791
vn -0.3820 0.0587 -0.9223
vn -0.5546 0.0587 -0.8301
vn -0.7059 0.0586 -0.7059
vn -0.8300 0.0587 -0.5546
vn -0.9223 0.0587 -0.3821
vn -0.9791 0.0587 -0.1948
vn -0.9983 0.0587 -0.0000
vn -0.9791 0.0587 0.1947
vn -0.9223 0.0587 0.3820
vn -0.8301 0.0587 0.5546
vn -0.7059 0.0587 0.7059
vn -0.5546 0.0587 0.8300
vn -0.3821 0.0587 0.9223
vn -0.1948 0.0587 0.9791
vn -0.0000 0.0587 0.9983
vn 0.1947 0.0587 0.9791
vn 0.3820 0.0587 0.9223
vn 0.5546 0.0587 0.8301
vn 0.7059 0.0587 0.7059
vn 0.8300 0.0587 0.5546
vn 0.9223 0.0587 0.3821
vn 0.9791 0.0587 0.1948
vn 0.9983 0.0587 -0.0000
vn 0.9791 0.0587 -0.1947
vn 0.9223 0.0587 -0.3820
vn 0.8301 0.0587 -0.5546
vn 0.7059 0.0587 -0.7059
vn 0.5546 0.0587 -0.8300
vn 0.0839 -0.9965 -0.0000
vn 0.7639 -0.6453 -0.0000
vn -0.6453 -0.7639 -0.0000
vn -0.9965 -0.0839 -0.0000
vn -0.7639 0.6453 -0.0000
vn -0.0839 0.9965 -0.0000
vn 0.6453 0.7639 -0.0000
vn 0.9965 0.0839 -0.0000
vn -0.3038 -0.9527 -0.0000
vn 0.1330 -0.0424 -0.9902
vn -0.6053 -0.7960 -0.0000
vn -0.6864 -0.7272 -0.0000
vn 0.3276 -0.1045 -0.9390
vn -0.0562 -0.1762 0.9827
vn -0.1368 -0.4291 0.8929
vn 0.0517 0.1622 0.9854
vn 0.1265 0.3967 0.9092
vn -0.0427 -0.1340 -0.9901
vn -0.1053 -0.3300 -0.9381
vn -0.7974 0.6035 -0.0000
vn -0.9527 0.3038 -0.0000
vn -0.7243 0.6895 -0.0000
vn 0.9995 0.0304 -0.0000
vn 0.9527 -0.3038 -0.0000
vn -0.0327 0.9995 -0.0000
vn 0.3038 0.9527 -0.0000
vn 0.1677 -0.0535 0.9844
vn -0.9994 -0.0342 -0.0000
vn 0.0475 0.1491 -0.9877
vn 0.7951 -0.6065 -0.0000
vn 0.7290 -0.6845 -0.0000
vn -0.1613 0.0514 0.9856
vn 0.6842 0.7293 -0.0000
vn 0.9897 0.1428 -0.0000
vn 0.1166 0.3658 -0.9234
vn -0.1399 0.0446 -0.9892
vn -0.1387 0.9903 -0.0000
vn -0.3441 0.1097 -0.9325
vn -0.9907 -0.1361 -0.0000
vn 0.0345 -0.9994 -0.0000
vn 0.7519 -0.6351 0.1769
vn 0.0826 -0.9808 0.1769
vn -0.0826 0.9808 0.1769
vn 0.6351 0.7519 0.1769
vn -0.6351 -0.7519 0.1769
vn -0.9808 -0.0826 0.1769
vn -0.7519 0.6351 0.1769
vn 0.9808 0.0826 0.1769
vn 0.6067 0.7949 -0.0000
vn -0.3945 0.1258 0.9103
vn 0.1356 -0.9908 -0.0000
vn 0.4095 -0.1306 0.9029
vn 0.1265 0.3966 0.9092
vn -0.1369 -0.4291 0.8928
vn -0.1368 -0.4290 0.8929
vn 0.3039 0.9527 -0.0000
vn -0.1052 -0.3300 -0.9381
vn 0.1166 0.3657 -0.9234
vn 0.7625 -0.6424 -0.0770
vn -0.1909 0.0842 0.9780
vn 0.0419 0.2056 0.9777
vn -0.9936 -0.0824 -0.0772
vn 0.2128 -0.0426 0.9762
vn -0.6423 -0.7626 -0.0771
vn -0.0822 0.9936 -0.0775
vn -0.0436 -0.2239 0.9736
vn -0.7628 0.6420 -0.0774
vn 0.6424 0.7624 -0.0774
vn -0.0941 -0.2077 0.9736
vn -0.2044 0.0419 0.9780
vn 0.0411 0.1992 -0.9791
vn 0.6551 0.7509 0.0833
vn 0.1661 -0.0706 -0.9836
vn 0.0818 0.1862 -0.9791
vn -0.0999 0.9915 0.0837
vn -0.7500 0.6561 0.0841
vn -0.1748 0.0754 -0.9817
vn -0.9916 -0.0994 0.0832
vn -0.6555 -0.7506 0.0834
vn 0.1764 -0.0386 -0.9836
vn 0.7509 -0.6551 0.0830
vn -0.0714 -0.1674 -0.9833
vn 0.0835 -0.9917 0.0982
vn -0.6421 -0.7603 0.0982
vn -0.9917 -0.0835 0.0982
vn -0.7603 0.6421 0.0982
vn -0.0835 0.9917 0.0982
vn 0.6421 0.7603 0.0982
vn 0.9916 0.0835 0.0983
vn 0.7603 -0.6421 0.0983
vn 0.9914 0.1007 0.0839
vn -0.1861 0.0398 -0.9817
vn 0.1983 -0.0884 0.9762
vn 0.9936 0.0820 -0.0772
vn 0.0824 -0.9936 -0.0770
vn 0.0993 -0.9916 0.0830
vn 0.0848 0.1920 0.9777
vn 0.4940 -0.0034 0.8695
vn 0.8493 -0.1397 0.5091
vn 0.8624 -0.0018 0.5062
vn -0.5232 0.2260 -0.8217
vn -0.8838 0.3308 -0.3308
vn -0.8865 0.1228 -0.4462
vn -0.0000 0.2654 -0.9641
vn -0.5183 0.6047 -0.6047
vn -0.5134 0.8084 -0.2879
vn 0.5183 0.6047 -0.6047
vn 0.5232 0.2260 -0.8217
vn 0.8838 0.3308 -0.3308
vn 0.8865 0.1228 -0.4462
vn 0.9991 -0.0296 0.0296
vn 0.9991 -0.0113 0.0415
vn 0.8478 -0.3749 0.3749
vn 0.4827 -0.6193 0.6193
vn 0.4852 -0.2309 0.8433
vn -0.0000 -0.7071 0.7071
vn -0.0000 -0.2641 0.9645
vn -0.4852 -0.2310 0.8433
vn -0.8493 -0.1397 0.5091
vn -0.4827 -0.6193 0.6193
vn -0.9991 -0.0296 0.0296
vn -0.9991 -0.0113 0.0414
vn -0.0000 0.9413 -0.3375
vn -0.0000 0.7071 -0.7071
vn -0.8478 -0.3749 0.3749
vn 0.5133 0.8085 -0.2876
vn 0.8796 0.4490 -0.1570
vn 0.9995 -0.0301 0.0126
vn 0.8515 -0.4952 0.1725
vn 0.4859 -0.8267 0.2838
vn -0.4859 -0.8267 0.2838
vn -0.8515 -0.4952 0.1725
vn -0.8795 0.4494 -0.1567
vn -0.9995 -0.0301 0.0126
vn -0.8739 0.4813 -0.0680
vn -0.5069 0.8530 -0.1245
vn -0.0000 0.9891 -0.1472
vn 0.5069 0.8530 -0.1244
vn 0.8739 0.4813 -0.0680
vn 0.9997 -0.0223 0.0029
vn 0.4870 -0.8656 0.1163
vn -0.0000 -0.9911 0.1329
vn -0.0000 -0.9462 0.3234
vn -0.4870 -0.8656 0.1163
vn -0.9997 -0.0223 0.0029
vn -0.8669 0.4985 0.0009
vn -1.0000 -0.0008 0.0002
vn -1.0000 -0.0022 0.0001
vn -0.5009 0.8655 0.0024
vn -0.8660 0.5000 0.0009
vn -0.0000 1.0000 0.0029
vn -0.4999 0.8661 0.0024
vn 0.4998 0.8662 0.0022
vn 0.5009 0.8655 0.0024
vn 0.8661 0.4999 0.0010
vn 0.8669 0.4985 0.0010
vn 1.0000 -0.0008 0.0002
vn 1.0000 -0.0022 0.0001
vn 0.8654 -0.5011 0.0006
vn 0.8649 -0.5019 0.0006
vn 0.4991 -0.8666 0.0018
vn 0.4988 -0.8667 0.0017
vn -0.0000 -1.0000 0.0021
vn -0.0000 -1.0000 0.0024
vn -0.4988 -0.8667 0.0017
vn -0.8649 -0.5019 0.0006
vn -0.4991 -0.8665 0.0017
vn -0.8654 -0.5011 0.0006
vn 0.3025 -0.7963 0.5239
vn 0.5239 -0.7963 0.3025
vn 0.6049 -0.7963 -0.0000
vn 0.5239 -0.7963 -0.3025
vn 0.3025 -0.7963 -0.5239
vn -0.0000 -0.7963 -0.6049
vn -0.3025 -0.7963 -0.5239
vn -0.5239 -0.7963 -0.3025
vn -0.6049 -0.7963 -0.0000
vn -0.5239 -0.7963 0.3025
vn -0.3025 -0.7963 0.5239
vn -0.0000 -0.7963 0.6049
vn -0.5000 -0.0000 0.8660
vn -0.8660 -0.0000 0.5000
vn 0.5000 -0.0000 -0.8660
vn 0.8660 -0.0000 -0.5000
vn -0.8660 -0.0000 -0.5000
vn 0.8660 -0.0000 0.5000
vn 0.5000 -0.0000 0.8660
vn -0.5000 -0.0000 -0.8660
vn -0.3416 -0.7302 0.5917
vn -0.0000 -0.7302 0.6832
vn -0.5917 -0.7302 0.3416
vn 0.3416 -0.7302 -0.5917
vn -0.0000 -0.7302 -0.6832
vn 0.5917 -0.7302 -0.3416
vn -0.6832 -0.7302 -0.0000
vn -0.5917 -0.7302 -0.3416
vn 0.6832 -0.7302 -0.0000
vn 0.5917 -0.7302 0.3416
vn 0.3416 -0.7302 0.5917
vn -0.3416 -0.7302 -0.5917
vn -0.2478 0.8685 -0.4292
vn -0.4292 0.8685 -0.2478
vn -0.0000 0.8685 -0.4956
vn -0.0000 0.8685 0.4956
vn -0.2478 0.8685 0.4292
vn -0.4292 0.8685 0.2478
vn 0.2478 0.8685 -0.4292
vn 0.4292 0.8685 -0.2478
vn -0.4956 0.8685 -0.0000
vn 0.4956 0.8685 -0.0000
vn 0.4292 0.8685 0.2478
vn 0.2478 0.8685 0.4292
vn -0.4940 -0.0034 0.8695
vn -0.8624 -0.0018 0.5062
vn -1.0000 -0.0001 0.0004
vn -0.8628 0.0008 -0.5056
vn -0.4942 0.0010 -0.8693
vn -0.0000 0.0009 -1.0000
vn 0.4942 0.0010 -0.8693
vn 0.8628 0.0008 -0.5056
vn 1.0000 -0.0001 0.0004
vn -0.0000 -0.0044 1.0000
vn -0.8562 -0.1505 0.4943
vn -0.9886 -0.1505 -0.0000
vn 0.4943 -0.1505 0.8562
vn 0.8562 -0.1505 0.4943
vn -0.0000 -0.1505 0.9886
vn -0.4943 -0.1505 -0.8562
vn -0.8562 -0.1505 -0.4943
vn -0.0000 -0.1505 -0.9886
vn -0.4943 -0.1505 0.8562
vn 0.4943 -0.1505 -0.8562
vn 0.8562 -0.1505 -0.4943
vn 0.9886 -0.1505 -0.0000
vn 0.2661 -0.9639 -0.0000
vn 0.2305 -0.9639 0.1331
vn 0.2305 -0.9639 -0.1331
vn -0.2661 -0.9639 -0.0000
vn -0.2305 -0.9639 -0.1331
vn 0.1331 -0.9639 -0.2305
vn -0.0000 -0.9639 -0.2661
vn -0.2305 -0.9639 0.1331
vn -0.1331 -0.9639 0.2305
vn -0.0000 -0.9639 0.2661
vn -0.1331 -0.9639 -0.2305
vn 0.1331 -0.9639 0.2305
vn 0.0074 0.0171 0.9998
vn 0.0223 0.9996 -0.0154
vn -0.9997 0.0230 0.0055
vn 0.0223 0.9996 0.0154
vn 0.0074 0.0171 -0.9998
vn -0.9997 0.0230 -0.0055
vn -0.0223 0.9996 -0.0154
vn -0.0074 0.0171 0.9998
vn 0.9997 0.0230 0.0055
vn -0.0224 0.9996 0.0154
vn 0.9997 0.0230 -0.0055
vn -0.0074 0.0171 -0.9998
vn -0.9999 0.0003 0.0115
vn 0.0115 -0.0000 0.9999
vn 0.0115 -0.0000 -0.9999
vn 0.9999 -0.0000 -0.0115
vn -0.0115 -0.0000 0.9999
vn -0.6435 0.7655 -0.0000
vn 0.0001 -0.0001 1.0000
vn 0.0001 0.0001 1.0000
vn -0.0001 -0.0001 1.0000
vn -0.0000 0.0001 -1.0000
vn -0.0001 -0.0000 1.0000
vn 0.3277 -0.1045 -0.9390
vn -0.1909 0.0843 0.9780
vn -0.2044 0.0420 0.9780
vn -0.9963 0.0865 -0.0000
vn 0.9963 -0.0865 -0.0000
vn -0.0001 0.0001 1.0000
vn -0.0001 0.0001 -1.0000
vn -0.6434 0.7655 -0.0001
vn -0.7549 -0.0147 -0.6556
vn 0.5511 -0.0003 0.8344
vn 0.0008 -1.0000 0.0001
vn -0.0008 1.0000 0.0001
vn -0.5136 -0.0003 -0.8580
vn -0.5186 -0.0003 0.8550
vn -0.0005 -1.0000 -0.0000
vn 0.0006 1.0000 0.0001
vn -0.2014 0.9795 0.0007
vn 0.9821 0.1870 -0.0205
vn -0.9821 -0.1870 -0.0205
vn 0.9959 -0.0592 -0.0687
vn -0.9808 0.1947 -0.0085
vn -0.8761 0.4421 0.1924
vn -0.0639 0.1331 0.9890
vn 0.5000 0.1807 0.8470
vn 0.2514 -0.0005 -0.9679
vn -0.7302 -0.0025 -0.6832
vn -0.6740 -0.0003 0.7387
vn -0.0008 -0.0194 -0.9998
vn 0.4967 0.8679 -0.0045
vn 0.2165 0.4328 0.8751
vn -0.9669 0.2550 0.0028
vn 0.8784 -0.0041 -0.4779
vn -0.8791 -0.0040 -0.4766
vn 0.5039 0.0002 0.8638
vn -1.0000 0.0003 0.0044
vn 0.2819 0.9594 -0.0038
vn 0.8671 -0.0002 -0.4982
vn 0.4809 0.8768 -0.0026
vn -0.4027 -0.9153 0.0009
vn -0.8671 -0.0002 0.4982
vn 0.0010 -0.9457 -0.3251
vn -0.4531 0.8914 -0.0019
vn 0.6445 -0.1286 0.7537
vn -0.3303 -0.1286 0.9351
vn -0.6446 -0.1286 -0.7537
vn -0.0387 -0.1778 -0.9833
vn 0.8542 -0.5152 0.0695
vn -0.8542 -0.5152 0.0695
vn -0.0000 1.0000 0.0031
vn -0.9999 -0.0000 -0.0115
vn -0.0115 -0.0000 -0.9999
vn 0.9999 -0.0000 0.0115
vn 0.0001 -0.0001 -1.0000
vn 0.0001 0.0001 -1.0000
vn -0.0001 -0.0001 -1.0000
vn -0.7655 -0.6434 0.0001
vn 0.7655 0.6434 -0.0001
vt 0.293443 0.738705
vt 0.320573 0.734553
vt 0.320573 0.738705
vt 0.346983 0.859693
vt 0.323403 0.864853
vt 0.323403 0.859693
vt 0.294573 0.864853
vt 0.270993 0.859693
vt 0.294573 0.859693
vt 0.192363 0.859693
vt 0.215943 0.864853
vt 0.192363 0.864853
vt 0.373193 0.864853
vt 0.349613 0.859693
vt 0.373193 0.859693
vt 0.234147 0.734553
vt 0.261278 0.738705
vt 0.234147 0.738705
vt 0.244783 0.859693
vt 0.268363 0.864853
vt 0.244783 0.864853
vt 0.382386 0.734553
vt 0.409517 0.738705
vt 0.382386 0.738705
vt 0.204499 0.738705
vt 0.231630 0.734553
vt 0.231630 0.738705
vt 0.270993 0.864853
vt 0.412034 0.734553
vt 0.439165 0.738705
vt 0.412034 0.738705
vt 0.218573 0.859693
vt 0.242153 0.864853
vt 0.218573 0.864853
vt 0.242153 0.859693
vt 0.320773 0.864853
vt 0.297193 0.859693
vt 0.320773 0.859693
vt 0.375823 0.859693
vt 0.399403 0.864853
vt 0.375823 0.864853
vt 0.268363 0.859693
vt 0.268026 0.888839
vt 0.291590 0.883685
vt 0.291590 0.888839
vt 0.215645 0.888839
vt 0.239210 0.883685
vt 0.239210 0.888839
vt 0.294216 0.888839
vt 0.317780 0.883685
vt 0.317780 0.888839
vt 0.241835 0.888839
vt 0.265400 0.883685
vt 0.265400 0.888839
vt 0.189456 0.888839
vt 0.213020 0.883685
vt 0.213020 0.888839
vt 0.346595 0.883685
vt 0.370160 0.888839
vt 0.346595 0.888839
vt 0.372785 0.883685
vt 0.396350 0.888839
vt 0.372785 0.888839
vt 0.320405 0.883685
vt 0.343969 0.888839
vt 0.320405 0.888839
vt 0.263795 0.734553
vt 0.290926 0.738705
vt 0.263795 0.738705
vt 0.297193 0.864853
vt 0.349613 0.864853
vt 0.399403 0.859693
vt 0.323091 0.734553
vt 0.350221 0.738705
vt 0.323091 0.738705
vt 0.215943 0.859693
vt 0.263166 0.914885
vt 0.265666 0.915615
vt 0.263166 0.915615
vt 0.349966 0.914885
vt 0.347466 0.915615
vt 0.347466 0.914885
vt 0.209466 0.915615
vt 0.206966 0.914885
vt 0.209466 0.914885
vt 0.237566 0.914885
vt 0.235066 0.915615
vt 0.235066 0.914885
vt 0.291266 0.914885
vt 0.293766 0.915615
vt 0.291266 0.915615
vt 0.265666 0.914885
vt 0.206966 0.915615
vt 0.406156 0.915615
vt 0.403656 0.914885
vt 0.406156 0.914885
vt 0.378066 0.914885
vt 0.375556 0.915615
vt 0.375556 0.914885
vt 0.293766 0.914885
vt 0.319366 0.915615
vt 0.321866 0.914885
vt 0.321866 0.915615
vt 0.378066 0.915615
vt 0.403656 0.915615
vt 0.237566 0.915615
vt 0.349966 0.915615
vt 0.319366 0.914885
vt 0.431756 0.915615
vt 0.261278 0.734553
vt 0.290926 0.734553
vt 0.431756 0.914885
vt 0.241835 0.883685
vt 0.268026 0.883685
vt 0.179399 0.384885
vt 0.182129 0.379525
vt 0.182129 0.384885
vt 0.343969 0.883685
vt 0.370160 0.883685
vt 0.409517 0.734553
vt 0.179399 0.379525
vt 0.346983 0.864853
vt 0.189733 0.864853
vt 0.352739 0.734553
vt 0.352739 0.738705
vt 0.189733 0.859693
vt 0.379869 0.734553
vt 0.379869 0.738705
vt 0.060264 0.376049
vt 0.036852 -0.136043
vt 0.059449 -0.136077
vt 0.364789 1.103747
vt 0.352430 1.106542
vt 0.352430 1.103747
vt 0.037594 0.376082
vt 0.014255 -0.136012
vt -0.007744 0.376142
vt -0.030938 -0.135959
vt -0.008341 -0.135984
vt 0.806989 1.115760
vt 0.795285 1.118371
vt 0.795285 1.115760
vt -0.053534 -0.135938
vt -0.075753 0.376207
vt -0.076131 -0.135920
vt -0.044961 1.047872
vt -0.058884 1.043756
vt -0.044961 1.043756
vt -0.098422 0.376222
vt -0.121324 -0.135893
vt -0.098728 -0.135904
vt 0.537813 1.106542
vt 0.525455 1.103747
vt 0.537813 1.103747
vt -0.143761 0.376243
vt -0.166258 0.376245
vt -0.166533 -0.019175
vt 0.783582 1.118371
vt 0.783582 1.115760
vt -0.279428 -0.135884
vt -0.256816 -0.019175
vt -0.279588 0.376242
vt -0.194751 -0.060088
vt -0.166508 -0.135880
vt -0.180183 -0.050551
vt -0.170088 -0.036159
vt -0.234196 -0.135902
vt -0.211675 -0.063440
vt -0.228616 -0.060107
vt 0.599094 1.175751
vt 0.587205 1.177610
vt 0.587205 1.175751
vt -0.302024 -0.135892
vt -0.324926 0.376221
vt -0.347218 -0.135919
vt -0.324622 -0.135904
vt 0.771878 1.118371
vt 0.771878 1.115760
vt -0.370266 0.376188
vt -0.392411 -0.135959
vt -0.369815 -0.135938
vt 0.122120 1.047872
vt 0.136043 1.043756
vt 0.136043 1.047872
vt -0.415008 -0.135984
vt -0.438274 0.376114
vt -0.437604 -0.136012
vt 0.575315 1.175751
vt -0.460943 0.376081
vt -0.482798 -0.136077
vt -0.460201 -0.136043
vt 0.760175 1.118371
vt 0.760175 1.115760
vt -0.483613 0.376047
vt -0.505394 -0.136115
vt -0.506282 0.376009
vt -0.527990 -0.136156
vt -0.528952 0.375969
vt -0.550587 -0.136200
vt 0.592691 0.572230
vt 0.576122 0.554048
vt 0.576226 0.573351
vt 0.128273 0.375926
vt 0.104642 -0.136156
vt 0.127238 -0.136200
vt 0.510266 0.564960
vt 0.526871 0.553969
vt 0.510445 0.553761
vt 0.080350 1.047872
vt 0.094274 1.043756
vt 0.094274 1.047872
vt 0.748471 1.118371
vt 0.748471 1.115760
vt 1.324301 0.516442
vt 1.349136 0.534303
vt 1.332662 0.537452
vt 0.365801 0.378741
vt 0.382403 0.329674
vt 0.382403 0.378741
vt -0.031037 1.047872
vt -0.031037 1.043756
vt 0.515220 0.378741
vt 0.498617 0.329674
vt 0.515220 0.329674
vt -0.551621 0.375925
vt -0.573183 -0.136247
vt 0.681240 0.378741
vt 0.697843 0.329674
vt 0.697843 0.378741
vt 0.066427 1.047872
vt 0.052503 1.043756
vt 0.066427 1.043756
vt 0.498617 0.378741
vt 0.482016 0.329674
vt 0.266189 0.378740
vt 0.249587 0.329674
vt 0.266189 0.329674
vt 0.476019 1.106542
vt 0.463660 1.103747
vt 0.476019 1.103747
vt 0.249587 0.378740
vt 0.232985 0.329673
vt 0.465413 0.378741
vt 0.448811 0.329674
vt 0.465413 0.329674
vt 0.527757 1.177610
vt 0.515867 1.175751
vt 0.527757 1.175751
vt 0.448811 0.378741
vt 0.432209 0.329674
vt 0.199782 0.378740
vt 0.216383 0.329673
vt 0.216383 0.378740
vt 0.736768 1.115760
vt 0.725064 1.118371
vt 0.725064 1.115760
vt 0.664639 0.378741
vt 0.681240 0.329674
vt 0.713360 1.118371
vt 0.701657 1.115760
vt 0.713360 1.115760
vt 0.415607 0.378741
vt 0.399005 0.329674
vt 0.415607 0.329674
vt 0.614832 0.378741
vt 0.631435 0.329674
vt 0.631435 0.378741
vt 0.658653 0.565384
vt 0.674619 0.551949
vt 0.658212 0.552549
vt 0.399005 0.378741
vt 0.609186 0.569259
vt 0.592534 0.553926
vt 0.625372 0.553437
vt 0.642098 0.564323
vt 0.641793 0.553048
vt 0.563425 1.177610
vt 0.551536 1.175751
vt 0.563425 1.175751
vt 0.349200 0.378741
vt 0.365801 0.329674
vt 0.565027 0.378741
vt 0.581629 0.329674
vt 0.581628 0.378741
vt 0.648037 0.378741
vt 0.648037 0.329674
vt 0.539647 1.177610
vt 0.539647 1.175751
vt 0.736768 1.118371
vt 0.531823 0.378741
vt 0.548424 0.329674
vt 0.548424 0.378741
vt 0.315995 0.378741
vt 0.299394 0.329674
vt 0.315995 0.329674
vt 0.531823 0.329674
vt 0.299393 0.378741
vt 0.282791 0.329674
vt 0.149836 -0.136247
vt 1.279113 0.497865
vt 1.270107 0.518609
vt 1.258339 0.506797
vt 0.888913 1.118371
vt 0.877209 1.115760
vt 0.888913 1.115760
vt 1.369508 0.497770
vt 1.364595 0.527873
vt 1.348739 0.511632
vt 1.299872 0.511649
vt 1.299475 0.534265
vt 1.284072 0.527827
vt 0.675226 0.567471
vt 0.691026 0.551264
vt 1.265158 0.477196
vt 1.248942 0.492978
vt 1.242529 0.477598
vt 1.315932 0.537441
vt 0.503978 1.175751
vt 0.492089 1.177610
vt 0.492089 1.175751
vt 1.278679 0.407403
vt 1.257760 0.398470
vt 1.269537 0.386510
vt 0.877209 1.118371
vt 0.865507 1.115760
vt 1.260285 0.452759
vt 1.239320 0.461187
vt 1.239250 0.444483
vt 0.427637 0.569594
vt 0.444792 0.551923
vt 0.428393 0.551264
vt 1.369138 0.407365
vt 1.364101 0.377224
vt 1.377965 0.386549
vt 1.399122 0.412176
vt 1.383020 0.428056
vt 0.414224 1.103747
vt 0.401865 1.106542
vt 0.401865 1.103747
vt 0.865507 1.118371
vt 0.853803 1.115760
vt 1.299476 0.393557
vt 1.315551 0.367740
vt 1.323928 0.388750
vt 1.332265 0.367740
vt 0.460560 0.570771
vt 0.444061 0.571211
vt 1.348393 0.393521
vt 1.348693 0.370882
vt 0.670431 1.175751
vt 0.658542 1.177611
vt 0.658542 1.175751
vt 1.283617 0.377303
vt 1.299082 0.370883
vt 1.248652 0.412551
vt 0.853803 1.118371
vt 0.842099 1.115760
vt 1.383240 0.476921
vt 1.408972 0.460721
vt 1.405889 0.477197
vt 0.477171 0.568487
vt 0.461194 0.552507
vt 1.405634 0.427551
vt 1.389835 0.398257
vt 0.646652 1.175751
vt 0.842099 1.118371
vt 0.830395 1.115760
vt 0.515867 1.177610
vt -0.258611 0.576664
vt -0.203592 0.539874
vt -0.193702 0.563729
vt 0.477610 0.553017
vt 0.493725 0.566234
vt 0.494022 0.553440
vt -0.193693 0.589554
vt -0.203568 0.613417
vt 0.377148 1.103747
vt 0.364789 1.106542
vt -0.221822 0.631684
vt 0.830395 1.118371
vt 0.818692 1.115760
vt -0.245678 0.641575
vt -0.271502 0.641584
vt -0.295366 0.631709
vt -0.313632 0.613453
vt -0.323523 0.589598
vt -0.323532 0.563774
vt -0.313658 0.539911
vt -0.295403 0.521644
vt -0.271547 0.511752
vt -0.245722 0.511744
vt -0.221859 0.521619
vt -0.143921 -0.135884
vt -0.347597 0.376206
vt 0.082045 -0.136115
vt -0.053084 0.376189
vt -0.211674 0.025084
vt -0.231137 0.376259
vt -0.228577 0.021732
vt -0.392935 0.376166
vt -0.257097 0.376248
vt -0.243140 0.012210
vt 0.777683 0.240116
vt 0.757965 0.300439
vt 0.757965 0.240115
vt 0.598231 0.378741
vt 0.614832 0.329674
vt -0.189153 -0.135903
vt 0.521350 0.240115
vt 0.501617 0.300439
vt 0.501617 0.240115
vt 0.481915 0.300439
vt 0.481915 0.240115
vt 0.462211 0.240115
vt 0.462211 0.300439
vt 0.442478 0.300439
vt 0.442478 0.240115
vt -0.192207 0.376260
vt -0.194750 0.021755
vt 1.264975 0.428287
vt 1.242322 0.428018
vt -0.180169 0.012238
vt -0.170092 -0.002192
vt 0.282791 0.378741
vt -0.017113 1.043756
vt -0.017113 1.047872
vt -0.058884 1.047872
vt -0.072808 1.043756
vt -0.072808 1.047872
vt -0.086730 1.043756
vt 0.108196 1.047872
vt 0.122120 1.043756
vt 0.625629 0.566305
vt 0.608955 0.553724
vt 0.108196 1.043756
vt 0.080350 1.043756
vt 0.052503 1.047872
vt 0.038580 1.043756
vt 0.038580 1.047872
vt 0.024656 1.043756
vt 0.010733 1.047872
vt 0.024656 1.047872
vt -0.003190 1.047872
vt 0.010733 1.043756
vt -0.003190 1.043756
vt 0.526759 0.566736
vt 0.543288 0.554078
vt 0.634762 1.177611
vt 0.622873 1.175751
vt 0.634762 1.175751
vt 0.610983 1.175751
vt 0.599094 1.177610
vt -0.256842 -0.135879
vt -0.243198 -0.050573
vt 0.183179 0.378740
vt 0.166577 0.329673
vt 0.183179 0.329673
vt 0.598231 0.329674
vt 0.551536 1.177610
vt 0.332597 0.378741
vt 0.349200 0.329674
vt 0.232985 0.378740
vt 1.399543 0.492657
vt 0.480199 1.177610
vt 0.480199 1.175751
vt 1.390424 0.506715
vt 1.378654 0.518662
vt 0.646652 1.177611
vt 0.550172 1.106542
vt 0.550172 1.103747
vt 0.525455 1.106542
vt 0.513095 1.103747
vt 0.513095 1.106542
vt 0.500737 1.103747
vt 0.500737 1.106542
vt 0.488377 1.103747
vt 0.488377 1.106542
vt 0.482016 0.378741
vt 0.463660 1.106542
vt 0.451301 1.103747
vt 0.438943 1.106542
vt 0.438943 1.103747
vt 0.426583 1.106542
vt 0.426583 1.103747
vt 0.414224 1.106542
vt 0.389506 1.106542
vt 0.389506 1.103747
vt 0.377148 1.106542
vt 0.610983 1.177611
vt 1.394934 -0.215632
vt 1.403484 -0.207083
vt 1.377723 -0.189868
vt 1.408111 -0.195915
vt 1.408112 -0.183826
vt 1.403486 -0.172657
vt 1.394938 -0.164107
vt 1.383770 -0.159479
vt 1.371681 -0.159478
vt 1.360510 -0.164104
vt 1.351961 -0.172652
vt 1.347334 -0.183821
vt 1.347333 -0.195911
vt 1.351959 -0.207081
vt 1.360506 -0.215630
vt 1.371675 -0.220257
vt 1.383765 -0.220258
vt 1.408886 0.443995
vt 1.387932 0.452460
vt 0.818692 1.118371
vt 0.014926 0.376114
vt 0.664639 0.329675
vt 0.565027 0.329674
vt 0.432209 0.378741
vt 0.332597 0.329674
vt 0.199782 0.329673
vt -0.253257 -0.002192
vt 0.543226 0.569552
vt 0.559709 0.554100
vt 0.659375 0.240115
vt 0.639658 0.300439
vt 0.639658 0.240115
vt 0.383325 0.240115
vt 0.363607 0.300438
vt 0.363607 0.240115
vt 0.718529 0.240115
vt 0.698812 0.300439
vt 0.698812 0.240115
vt 0.343889 0.240115
vt 0.324171 0.300438
vt 0.324171 0.240115
vt 0.205863 0.240115
vt 0.225581 0.300438
vt 0.205862 0.300438
vt 0.541068 0.240115
vt 0.560786 0.300439
vt 0.541068 0.300439
vt 0.284735 0.240115
vt 0.265017 0.300438
vt 0.265017 0.240115
vt 0.422761 0.300439
vt 0.422761 0.240115
vt 0.679094 0.300439
vt 0.659375 0.300439
vt 0.403042 0.240115
vt 0.383325 0.300439
vt 0.738247 0.300439
vt 0.718529 0.300439
vt 0.619939 0.240115
vt 0.600222 0.300439
vt 0.600222 0.240115
vt 0.679094 0.240115
vt 0.245299 0.240115
vt 0.225581 0.240115
vt 0.580504 0.240115
vt 0.560786 0.240115
vt 0.304453 0.240115
vt 0.284735 0.300438
vt 0.619939 0.300439
vt 0.797401 0.300439
vt 0.777683 0.300439
vt 0.403042 0.300439
vt 0.738247 0.240115
vt 0.186145 0.240115
vt 0.166427 0.300439
vt 0.166427 0.240115
vt 0.343889 0.300438
vt 0.580504 0.300439
vt 0.304453 0.300438
vt 0.186145 0.300439
vt -0.253261 -0.036159
vt 0.245299 0.300438
vt 0.575315 1.177610
vt 0.521350 0.300439
vt -0.574300 0.748906
vt -0.557758 0.743758
vt -0.557758 0.748906
vt -0.541215 0.748906
vt -0.541215 0.743758
vt -0.408160 0.748906
vt -0.424702 0.743758
vt -0.408160 0.743758
vt -0.441244 0.748906
vt -0.441244 0.743758
vt -0.507760 0.743758
vt -0.491238 0.748906
vt -0.507760 0.748906
vt -0.391382 0.748906
vt -0.391382 0.743758
vt -0.524424 0.748906
vt -0.524424 0.743758
vt -0.324981 0.748906
vt -0.308202 0.743758
vt -0.308202 0.748906
vt -0.341651 0.748906
vt -0.324981 0.743758
vt -0.341651 0.743758
vt -0.358188 0.748906
vt -0.358188 0.743758
vt -0.374717 0.743758
vt -0.374717 0.748906
vt -0.474705 0.743758
vt -0.491238 0.743758
vt -0.458036 0.743758
vt -0.474705 0.748906
vt 0.559748 0.572411
vt 0.600222 0.231754
vt 0.580504 0.231754
vt 0.659375 0.231754
vt 0.679094 0.231754
vt 0.166427 0.231753
vt 0.186145 0.231753
vt 0.324171 0.231753
vt 0.343889 0.231753
vt 0.639658 0.306678
vt 0.225581 0.306678
vt 0.284735 0.306678
vt 0.648037 0.323745
vt 0.565027 0.323745
vt 1.325508 -0.362972
vt 1.348776 -0.339971
vt 1.342205 -0.370346
vt 1.359340 -0.377911
vt 1.386096 -0.352093
vt 1.381609 -0.374850
vt 1.407707 -0.354240
vt 1.402544 -0.381206
vt 1.227290 -0.293129
vt 1.241298 -0.263401
vt 1.247651 -0.280461
vt 1.214772 -0.279829
vt 1.234866 -0.245947
vt 1.201987 -0.266159
vt 1.217459 -0.231836
vt 1.197422 -0.243980
vt 1.208157 -0.212030
vt 1.225037 -0.379731
vt 1.195534 -0.366047
vt 1.212318 -0.359574
vt 1.212089 -0.392146
vt 1.178474 -0.372642
vt 1.199063 -0.404963
vt 1.165181 -0.390050
vt 1.178740 -0.410836
vt 1.146250 -0.399728
vt 1.291255 -0.395177
vt 1.324164 -0.395909
vt 1.297581 -0.412190
vt 1.336984 -0.409625
vt 1.303973 -0.429608
vt 1.321540 -0.443646
vt 1.341728 -0.431744
vt 1.330804 -0.463567
vt 1.326593 -0.316080
vt 1.326931 -0.283588
vt 1.343353 -0.309602
vt 1.340167 -0.270994
vt 1.360412 -0.302974
vt 1.361544 -0.266242
vt 1.373681 -0.285438
vt 1.392652 -0.275736
vt 0.422761 0.231753
vt 0.403042 0.231753
vt 0.777683 0.231753
vt 0.797401 0.240116
vt 0.245299 0.231753
vt 0.265017 0.231753
vt 0.363607 0.231753
vt 0.481915 0.306678
vt 0.718529 0.306678
vt 0.324171 0.306678
vt 0.383325 0.306678
vt 0.482016 0.323744
vt 0.415607 0.323744
vt 0.332597 0.323744
vt 0.282791 0.323744
vt 0.681240 0.323745
vt 0.631435 0.323745
vt 1.180052 -0.260041
vt 1.184104 -0.226092
vt 1.192912 -0.425725
vt 1.162936 -0.425028
vt 1.358972 -0.415678
vt 1.376151 -0.430629
vt 1.354936 -0.449615
vt 1.378263 -0.253216
vt 1.346020 -0.249907
vt 1.359895 -0.233912
vt 0.442478 0.231753
vt 0.521350 0.231754
vt 0.501617 0.231754
vt 0.284735 0.231753
vt 0.541068 0.231754
vt 0.560786 0.306678
vt 0.245299 0.306678
vt 0.422761 0.306678
vt 0.183180 0.323744
vt 0.166577 0.323744
vt 0.199782 0.323744
vt 0.614832 0.323745
vt 1.338144 -0.218452
vt 1.327502 -0.236845
vt 1.309415 -0.249173
vt 1.301888 -0.265751
vt 1.313888 -0.295918
vt 1.294486 -0.282091
vt 1.306868 -0.227388
vt 1.236946 -0.409806
vt 1.229192 -0.426209
vt 1.209774 -0.437647
vt 1.197870 -0.455313
vt 1.178983 -0.441805
vt 1.311634 -0.382553
vt 1.372547 -0.396309
vt 1.392054 -0.406992
vt 0.619940 0.231754
vt 0.548424 0.323744
vt 0.698812 0.231754
vt 0.205863 0.231753
vt 0.462211 0.231754
vt 0.501617 0.306678
vt 0.738247 0.306678
vt 0.265017 0.306678
vt 1.232226 -0.448276
vt 1.225227 -0.468372
vt 0.521350 0.306678
vt 0.465413 0.323744
vt 0.399005 0.323744
vt 0.266189 0.323744
vt 0.448811 0.323744
vt 1.179663 -0.297808
vt 1.157401 -0.300843
vt 1.166485 -0.279409
vt 1.147003 -0.268697
vt 0.639658 0.231754
vt 0.718529 0.231754
vt 0.225581 0.231753
vt 0.304453 0.231753
vt 0.659375 0.306678
vt 0.777683 0.306678
vt 0.797401 0.306678
vt 0.166427 0.306678
vt 0.315995 0.323744
vt 0.531823 0.323744
vt 1.271920 -0.258637
vt 1.272672 -0.240286
vt 1.284762 -0.221866
vt 1.313887 -0.207264
vt 1.213436 -0.312691
vt 1.190162 -0.335654
vt 1.196780 -0.305318
vt 1.171773 -0.335360
vt 1.152883 -0.323591
vt 1.136482 -0.294459
vt 1.244433 -0.393548
vt 1.266982 -0.417027
vt 1.266248 -0.435364
vt 1.254189 -0.453753
vt 0.383325 0.231753
vt 0.560786 0.231754
vt 0.481915 0.231754
vt 0.600222 0.306678
vt 0.698812 0.306678
vt 0.757965 0.306678
vt 0.363607 0.306678
vt 0.249587 0.323744
vt 0.664639 0.323745
vt 0.581629 0.323745
vt 1.261958 -0.220879
vt 1.287869 -0.200753
vt 1.152722 -0.346610
vt 1.131279 -0.321407
vt 1.162884 -0.245061
vt 1.276970 -0.454732
vt 1.277957 -0.476233
vt 1.251054 -0.474845
vt 1.367188 -0.340330
vt 1.386256 -0.329052
vt 1.407707 -0.327087
vt 1.382119 -0.306522
vt 1.402629 -0.300602
vt 0.738247 0.231754
vt 0.442478 0.306678
vt 0.205862 0.306678
vt 0.432209 0.323744
vt 0.382403 0.323744
vt 0.216383 0.323744
vt 0.515219 0.323744
vt 1.271258 -0.276648
vt 1.239173 -0.224090
vt 1.260973 -0.199376
vt 1.208223 -0.336050
vt 1.156836 -0.369104
vt 1.131287 -0.348551
vt 1.267647 -0.399005
vt 1.299759 -0.451491
vt 1.304870 -0.472523
vt 1.330710 -0.339594
vt 0.462211 0.306678
vt 0.757965 0.231753
vt 0.619940 0.306678
vt 0.349199 0.323744
vt 1.234069 -0.203074
vt 1.136356 -0.375036
vt 0.541068 0.306678
vt -0.458036 0.748906
vt 0.105603 0.375969
vt 1.269460 -0.337827
vt 0.542645 0.550777
vt 0.575449 0.550753
vt 0.560358 0.550801
vt 0.576760 0.550747
vt 0.509843 0.550451
vt 0.494755 0.550157
vt 0.624651 0.550153
vt 0.609562 0.550416
vt 0.526243 0.550664
vt 0.657443 0.549273
vt 0.642359 0.549733
vt 0.673834 0.548679
vt 0.658754 0.549230
vt 0.593162 0.550620
vt 0.641048 0.549768
vt 0.625962 0.550126
vt 0.690223 0.547998
vt 0.675145 0.548628
vt 0.444262 0.548602
vt 0.429184 0.547997
vt 0.445572 0.548651
vt 0.461964 0.549233
vt 0.493444 0.550128
vt 0.478358 0.549738
vt 0.559047 0.550802
vt 0.256211 -0.664155
vt 0.279562 -0.152069
vt 0.256966 -0.152037
vt 0.274388 1.106527
vt 0.286873 1.103745
vt 0.286873 1.106527
vt 0.278880 -0.664187
vt 0.302159 -0.152098
vt 0.324219 -0.664242
vt 0.347351 -0.152146
vt 0.324755 -0.152123
vt 0.477557 1.155753
vt 0.465887 1.158357
vt 0.465887 1.155753
vt 0.369557 -0.664282
vt 0.392544 -0.152179
vt 0.369948 -0.152164
vt 0.596858 1.043757
vt 0.610780 1.047872
vt 0.596858 1.047872
vt 0.414895 -0.664310
vt 0.437736 -0.152201
vt 0.415140 -0.152192
vt 0.299357 1.103745
vt 0.311842 1.106527
vt 0.299357 1.106527
vt 0.460233 -0.664325
vt 0.482717 -0.664326
vt 0.482942 -0.508660
vt 0.454216 1.158357
vt 0.454216 1.155753
vt 0.595862 -0.152208
vt 0.573253 -0.508660
vt 0.595962 -0.664324
vt 0.511174 -0.467754
vt 0.482921 -0.152208
vt 0.496601 -0.477285
vt 0.486501 -0.491676
vt 0.550623 -0.152201
vt 0.528098 -0.464401
vt 0.545038 -0.467736
vt 0.852469 1.181609
vt 0.840583 1.179750
vt 0.852469 1.179750
vt 0.618458 -0.152202
vt 0.641299 -0.664309
vt 0.663650 -0.152179
vt 0.641054 -0.152192
vt 0.442545 1.158357
vt 0.442545 1.155753
vt 0.686638 -0.664281
vt 0.708843 -0.152146
vt 0.686247 -0.152165
vt 0.429798 1.043757
vt 0.415877 1.047872
vt 0.415877 1.043757
vt 0.731439 -0.152123
vt 0.754644 -0.664214
vt 0.754035 -0.152098
vt 0.840583 1.181609
vt 0.828697 1.179750
vt 0.777314 -0.664186
vt 0.799228 -0.152037
vt 0.776631 -0.152069
vt 0.430875 1.158356
vt 0.430875 1.155753
vt 0.799983 -0.664153
vt 0.821823 -0.152003
vt 0.822652 -0.664118
vt 0.844419 -0.151964
vt 0.845321 -0.664081
vt 0.867016 -0.151923
vt 0.244299 0.847242
vt 0.261161 0.829328
vt 0.260746 0.848629
vt 0.188204 -0.664041
vt 0.211774 -0.151964
vt 0.189177 -0.151923
vt 0.326840 0.841304
vt 0.310413 0.830047
vt 0.326841 0.830104
vt 0.471563 1.043757
vt 0.457641 1.047872
vt 0.457641 1.043757
vt 0.419204 1.158356
vt 0.419204 1.155753
vt 1.301217 -0.520343
vt 1.285138 -0.494522
vt 1.276776 -0.515534
vt -0.375087 0.450740
vt -0.358485 0.401674
vt -0.358485 0.450740
vt 0.582936 1.043757
vt 0.582936 1.047872
vt -0.225667 0.450740
vt -0.242269 0.401674
vt -0.225667 0.401674
vt 0.867990 -0.664039
vt 0.889612 -0.151878
vt -0.059646 0.450740
vt -0.043043 0.401674
vt -0.043043 0.450740
vt 0.485485 1.043757
vt 0.499407 1.047872
vt 0.485485 1.047873
vt -0.242269 0.450740
vt -0.258872 0.401674
vt -0.491302 0.450740
vt -0.474700 0.401674
vt -0.474700 0.450740
vt 0.162023 1.103745
vt 0.174508 1.106527
vt 0.162023 1.106527
vt -0.507904 0.401674
vt -0.491302 0.401674
vt -0.275474 0.450740
vt -0.292076 0.401674
vt -0.275474 0.401674
vt 0.781150 1.181609
vt 0.769264 1.179750
vt 0.781150 1.179750
vt -0.292076 0.450740
vt -0.308678 0.401674
vt -0.541109 0.450740
vt -0.524506 0.401674
vt -0.524506 0.450740
vt 0.407534 1.155753
vt 0.395863 1.158356
vt 0.395863 1.155753
vt -0.076248 0.450740
vt -0.059646 0.401674
vt 0.384192 1.158356
vt 0.372522 1.155753
vt 0.384192 1.155753
vt -0.325281 0.450740
vt -0.341883 0.401674
vt -0.325281 0.401674
vt -0.126054 0.450740
vt -0.109452 0.401674
vt -0.109452 0.450740
vt 0.442218 0.840753
vt 0.425347 0.828469
vt 0.441757 0.827917
vt -0.341883 0.450740
vt 0.227852 0.844002
vt 0.244752 0.828939
vt 0.211923 0.827920
vt 0.195022 0.838535
vt 0.195509 0.827266
vt 0.816810 1.181609
vt 0.804924 1.179750
vt 0.816810 1.179750
vt -0.391689 0.450740
vt -0.375087 0.401674
vt -0.175861 0.450740
vt -0.159259 0.401674
vt -0.159259 0.450740
vt -0.092851 0.450740
vt -0.092851 0.401674
vt 0.793037 1.181609
vt 0.793037 1.179750
vt 0.407534 1.158356
vt -0.209065 0.450740
vt -0.192463 0.401674
vt -0.192463 0.450740
vt -0.424893 0.450740
vt -0.441496 0.401674
vt -0.424893 0.401674
vt -0.209065 0.401674
vt -0.441496 0.450740
vt -0.458098 0.401674
vt 0.166582 -0.151878
vt 1.231589 -0.534111
vt 1.222582 -0.513366
vt 1.210813 -0.525177
vt 0.372522 1.158356
vt 0.360851 1.155753
vt 1.321987 -0.534206
vt 1.317073 -0.504102
vt 1.252347 -0.520326
vt 1.251950 -0.497710
vt 1.236547 -0.504148
vt 0.425829 0.843997
vt 0.408930 0.828935
vt 1.217632 -0.554781
vt 1.201415 -0.538999
vt 1.195002 -0.554378
vt 1.268407 -0.494534
vt 0.757378 1.179750
vt 0.745491 1.181609
vt 0.745491 1.179750
vt 1.231155 -0.624576
vt 1.210235 -0.633510
vt 1.222011 -0.645470
vt 0.360851 1.158356
vt 0.349181 1.155753
vt 1.212760 -0.579219
vt 1.191793 -0.570791
vt 1.191723 -0.587496
vt 0.409389 0.847276
vt 0.392522 0.829328
vt 1.321615 -0.624615
vt 1.316578 -0.654756
vt 1.330443 -0.645433
vt 1.351601 -0.619802
vt 1.335500 -0.603923
vt 0.224447 1.106527
vt 0.236933 1.103745
vt 0.236933 1.106527
vt 0.349181 1.158356
vt 0.337510 1.155753
vt 1.251951 -0.638423
vt 1.268028 -0.664240
vt 1.276405 -0.643230
vt 1.284742 -0.664240
vt 0.376448 0.847920
vt 0.392940 0.848629
vt 1.300870 -0.638460
vt 1.301170 -0.661100
vt 0.733605 1.179750
vt 0.721718 1.181609
vt 0.721718 1.179750
vt 1.236092 -0.654678
vt 1.251558 -0.661098
vt 1.201126 -0.619428
vt 0.337510 1.158356
vt 0.325839 1.155753
vt 1.335718 -0.555055
vt 1.361451 -0.571257
vt 1.358369 -0.554780
vt 0.359876 0.845369
vt 0.376110 0.829648
vt 1.358114 -0.604428
vt 1.342314 -0.633723
vt 0.709832 1.179750
vt 0.325839 1.158356
vt 0.314169 1.155753
vt 0.757378 1.181609
vt 1.187134 0.552662
vt 1.174219 0.617578
vt 1.150359 0.607695
vt 0.359687 0.829892
vt 0.343358 0.842846
vt 0.343268 0.830049
vt 1.132098 0.589434
vt 1.122216 0.565574
vt 0.261903 1.106527
vt 0.274388 1.103745
vt 1.122215 0.539748
vt 0.500898 1.158357
vt 0.489228 1.155753
vt 0.500898 1.155753
vt 1.132100 0.515887
vt 1.150361 0.497627
vt 1.174221 0.487744
vt 1.200047 0.487745
vt 1.223907 0.497628
vt 1.242168 0.515890
vt 1.252050 0.539750
vt 1.252049 0.565575
vt 1.242166 0.589435
vt 1.223904 0.607696
vt 1.200044 0.617579
vt 0.460333 -0.152207
vt 1.404022 0.624976
vt 1.408559 0.598668
vt 1.408559 0.624976
vt 0.663968 -0.664296
vt 1.404022 0.861745
vt 1.408559 0.888053
vt 1.404022 0.888053
vt 1.404022 0.756514
vt 1.408559 0.730206
vt 1.408559 0.756514
vt 0.234370 -0.152002
vt 0.528098 -0.552930
vt 0.547541 -0.664342
vt 0.545004 -0.549578
vt 0.709307 -0.664262
vt 1.404022 0.835437
vt 1.408559 0.809129
vt 1.408559 0.835437
vt 0.573484 -0.664328
vt 0.559570 -0.540052
vt 0.225399 0.206323
vt 0.245119 0.145993
vt 0.245119 0.206323
vt -0.142656 0.450740
vt -0.126054 0.401674
vt 0.505571 -0.152201
vt 0.481763 0.206323
vt 0.501499 0.145993
vt 0.501499 0.206323
vt 0.521203 0.145993
vt 0.521203 0.206323
vt 0.540909 0.206323
vt 0.540909 0.145993
vt 0.560644 0.145993
vt 0.560644 0.206323
vt 1.301615 -0.497672
vt 0.508648 -0.664343
vt 0.511170 -0.549601
vt 1.217449 -0.603692
vt 1.194795 -0.603961
vt 0.496586 -0.540080
vt 0.486505 -0.525647
vt -0.458098 0.450740
vt 0.569016 1.047872
vt 0.569016 1.043757
vt 0.610780 1.043757
vt 0.624701 1.047872
vt 0.401955 1.043757
vt 0.401955 1.047872
vt 0.443720 1.043757
vt 0.429798 1.047872
vt 0.211458 0.840784
vt 0.228334 0.828472
vt 0.443720 1.047872
vt 0.458658 0.838535
vt 0.458172 0.827266
vt 0.471563 1.047872
vt 0.499407 1.043757
vt 0.513329 1.047872
vt 0.513329 1.043757
vt 0.527250 1.047872
vt 0.541172 1.043757
vt 0.527250 1.043757
vt 0.555093 1.043757
vt 0.541172 1.047872
vt 0.555093 1.047872
vt 0.310319 0.842816
vt 0.293994 0.829890
vt 0.697945 1.181609
vt 0.686059 1.179750
vt 0.697945 1.179750
vt 0.864355 1.181609
vt 0.864355 1.179750
vt 0.573273 -0.152208
vt 0.559626 -0.477263
vt -0.574313 0.450740
vt -0.557711 0.401674
vt -0.557711 0.450740
vt -0.142656 0.401674
vt 0.804924 1.181609
vt -0.408291 0.401674
vt -0.391689 0.401674
vt -0.507904 0.450740
vt 1.352022 -0.539318
vt 0.733605 1.181609
vt 1.342903 -0.525261
vt 1.331133 -0.513314
vt 0.709832 1.181609
vt 0.311842 1.103745
vt 0.324327 1.106527
vt 0.324327 1.103745
vt 0.336812 1.106527
vt 0.137053 1.103745
vt 0.149538 1.106527
vt 0.137053 1.106527
vt 0.149538 1.103745
vt -0.258872 0.450740
vt 0.174508 1.103745
vt 0.186993 1.106527
vt 0.199478 1.103745
vt 0.199478 1.106527
vt 0.211963 1.103745
vt 0.211963 1.106527
vt 0.224447 1.103745
vt 0.249418 1.103745
vt 0.249418 1.106527
vt 0.261903 1.103745
vt 0.876242 1.181609
vt 0.876242 1.179750
vt 1.111917 -0.191819
vt 1.111917 -0.203908
vt 1.142304 -0.197865
vt 1.116543 -0.215077
vt 1.125091 -0.223625
vt 1.136261 -0.228252
vt 1.148350 -0.228252
vt 1.159519 -0.223626
vt 1.168067 -0.215076
vt 1.172692 -0.203908
vt 1.172692 -0.191819
vt 1.168067 -0.180649
vt 1.159519 -0.172102
vt 1.148349 -0.167475
vt 1.136261 -0.167475
vt 1.125092 -0.172102
vt 1.116543 -0.180650
vt 1.361366 -0.587983
vt 1.340411 -0.579517
vt 0.489228 1.158357
vt 0.301549 -0.664216
vt -0.076248 0.401674
vt -0.175861 0.401674
vt -0.308678 0.450740
vt -0.408291 0.450740
vt -0.541109 0.401674
vt 0.569691 -0.525647
vt 0.293805 0.845364
vt 0.277573 0.829646
vt 0.343721 0.206323
vt 0.363442 0.145993
vt 0.363442 0.206323
vt 0.619805 0.206323
vt 0.639525 0.145993
vt 0.639525 0.206323
vt 0.284560 0.206323
vt 0.304280 0.145993
vt 0.304280 0.206323
vt 0.659245 0.206323
vt 0.678966 0.145993
vt 0.678966 0.206324
vt 0.797287 0.206324
vt 0.777567 0.145993
vt 0.797287 0.145993
vt 0.462044 0.206323
vt 0.442323 0.145993
vt 0.462044 0.145993
vt 0.738126 0.206324
vt 0.718406 0.145993
vt 0.738126 0.145993
vt 0.580364 0.145993
vt 0.580364 0.206323
vt 0.324001 0.145993
vt 0.343721 0.145993
vt 0.600084 0.145993
vt 0.619805 0.145993
vt 0.264840 0.145993
vt 0.284561 0.145993
vt 0.383162 0.206323
vt 0.402883 0.145993
vt 0.402882 0.206323
vt 0.324001 0.206323
vt 0.757846 0.206324
vt 0.777567 0.206324
vt 0.422602 0.206323
vt 0.442323 0.206323
vt 0.698686 0.206324
vt 0.718406 0.206324
vt 0.383162 0.145993
vt 0.205679 0.145993
vt 0.225399 0.145993
vt 0.600084 0.206323
vt 0.264840 0.206323
vt 0.185958 0.206324
vt 0.205679 0.206324
vt 0.659245 0.145993
vt 0.422602 0.145993
vt 0.698686 0.145993
vt 0.166238 0.145993
vt 0.185958 0.145993
vt 0.569694 -0.491675
vt 0.757847 0.145993
vt 0.828697 1.181609
vt 0.481763 0.145993
vt 1.127002 0.935758
vt 1.110455 0.940905
vt 1.110455 0.935758
vt 1.093907 0.935758
vt 1.093907 0.940905
vt 0.960807 0.935758
vt 0.977353 0.940905
vt 0.960807 0.940905
vt 0.993902 0.935758
vt 0.993902 0.940905
vt 1.060441 0.940905
vt 1.043913 0.935758
vt 1.060441 0.935758
vt 0.944023 0.935758
vt 0.944023 0.940905
vt 1.077109 0.935758
vt 1.077109 0.940905
vt 1.143785 0.935758
vt 1.127002 0.940906
vt 1.160460 0.935758
vt 1.143785 0.940906
vt 1.160460 0.940906
vt 1.177003 0.935759
vt 1.177003 0.940906
vt 0.927353 0.940905
vt 0.910817 0.935758
vt 0.927353 0.935758
vt 1.027375 0.940905
vt 1.043913 0.940905
vt 1.010700 0.940905
vt 1.027375 0.935758
vt 0.277239 0.847957
vt 1.408559 0.914360
vt 1.404022 0.914360
vt 1.404022 0.651283
vt 1.408559 0.651283
vt 1.408559 0.861745
vt 1.404022 0.546053
vt 1.408559 0.572361
vt 1.404022 0.572361
vt 1.408558 0.940668
vt 1.404021 0.940668
vt 0.982778 0.700014
vt 0.957726 0.718782
vt 0.957168 0.700867
vt 1.404022 0.598668
vt 1.408559 0.782822
vt 1.404022 0.782822
vt 1.404022 0.677591
vt 1.408559 0.677591
vt 1.404022 0.703898
vt 1.408559 0.703898
vt 1.404022 0.809129
vt 1.404022 0.730206
vt 0.675339 0.702745
vt 0.700722 0.721065
vt 0.675021 0.720666
vt 1.404022 0.519746
vt 1.408559 0.546053
vt 0.752206 0.703598
vt 0.777831 0.721579
vt 0.752127 0.721522
vt 0.931555 0.701607
vt 0.906337 0.720151
vt 0.905939 0.702233
vt 0.880319 0.702744
vt 0.854939 0.721065
vt 0.854699 0.703143
vt 0.726583 0.703428
vt 0.726424 0.721350
vt 0.598491 0.700867
vt 0.572245 0.717927
vt 0.572882 0.700014
vt 0.829236 0.721350
vt 0.829077 0.703427
vt 0.932033 0.719524
vt 0.803453 0.703598
vt 0.777831 0.703655
vt 0.624104 0.701607
vt 0.597934 0.718783
vt 0.880638 0.720665
vt 0.700960 0.703143
vt 0.649323 0.720151
vt 0.623627 0.719524
vt 0.803533 0.721522
vt 0.649721 0.702233
vt 0.975849 0.748600
vt 0.948548 0.736610
vt 0.975704 0.736238
vt 1.192726 0.749451
vt 1.165814 0.736610
vt 1.192968 0.737089
vt 1.111499 0.735972
vt 1.084291 0.748176
vt 1.084340 0.735812
vt 1.219831 0.750035
vt 1.220122 0.737675
vt 0.894530 0.750035
vt 0.867088 0.738368
vt 0.894239 0.737675
vt 1.030070 0.748176
vt 1.002862 0.735972
vt 1.030021 0.735812
vt 1.057181 0.748122
vt 1.057181 0.735759
vt 1.138657 0.736238
vt 1.111402 0.748335
vt 1.002959 0.748335
vt 1.246934 0.750726
vt 1.247272 0.738367
vt 0.921634 0.749451
vt 0.921392 0.737089
vt 0.867428 0.750726
vt 0.839941 0.739164
vt 0.948742 0.748973
vt 1.138511 0.748600
vt 1.274032 0.751523
vt 1.274420 0.739164
vt 0.402882 0.214687
vt 0.422602 0.214687
vt 0.324001 0.214687
vt 0.343721 0.214687
vt 0.185958 0.214687
vt 0.205679 0.214687
vt 0.678966 0.214687
vt 0.659245 0.214687
vt 0.363442 0.139752
vt 0.777567 0.139753
vt 0.698686 0.139753
vt -0.109452 0.395745
vt -0.192463 0.395745
vt 1.280340 -0.098908
vt 1.268674 -0.123439
vt 1.283136 -0.118138
vt 1.291115 -0.134651
vt 1.277883 -0.159807
vt 1.299426 -0.152205
vt 1.308535 -0.171812
vt 1.199090 -0.012581
vt 1.173810 -0.022671
vt 1.189540 -0.034083
vt 1.180036 -0.008524
vt 1.156349 -0.017017
vt 1.163978 0.000550
vt 1.137812 -0.011162
vt 1.146820 0.010107
vt 1.117135 -0.004799
vt 1.283063 0.001027
vt 1.273250 0.026137
vt 1.261747 0.010741
vt 1.287310 0.019636
vt 1.279100 0.043165
vt 1.296859 0.034783
vt 1.285273 0.061072
vt 1.307261 0.050532
vt 1.292199 0.080791
vt 1.307047 -0.061333
vt 1.316540 -0.086856
vt 1.322765 -0.072724
vt 1.340217 -0.078382
vt 1.349700 -0.105500
vt 1.358733 -0.084263
vt 1.368963 -0.116030
vt 1.379397 -0.090593
vt 1.234852 -0.106220
vt 1.209460 -0.115284
vt 1.223342 -0.121609
vt 1.200451 -0.130841
vt 1.217462 -0.138622
vt 1.211219 -0.156534
vt 1.190925 -0.147189
vt 1.204289 -0.176323
vt 0.600084 0.214687
vt 0.580364 0.214687
vt 0.225399 0.214687
vt 0.738126 0.214687
vt 0.757846 0.214687
vt 0.639525 0.214687
vt 0.521203 0.139753
vt 0.284561 0.139752
vt 0.678966 0.139753
vt 0.600084 0.139753
vt -0.258872 0.395745
vt -0.325281 0.395745
vt -0.408291 0.395745
vt -0.458098 0.395745
vt -0.059646 0.395745
vt -0.126054 0.395745
vt 1.188996 0.004096
vt 1.175074 0.016267
vt 1.160149 0.029259
vt 1.127550 0.020673
vt 1.299496 0.010905
vt 1.311301 0.024419
vt 1.323734 0.038657
vt 1.319029 0.067832
vt 1.297500 -0.082815
vt 1.307600 -0.099488
vt 1.321548 -0.111655
vt 1.332576 -0.095923
vt 1.336433 -0.124641
vt 1.180424 -0.165264
vt 1.172811 -0.134203
vt 1.159099 -0.149949
vt 1.185247 -0.119953
vt 1.197074 -0.106406
vt 1.213520 -0.096514
vt 0.560644 0.214687
vt 0.481763 0.214687
vt 0.501499 0.214687
vt 0.718406 0.214687
vt 0.462044 0.214687
vt 0.422603 0.139753
vt 0.757847 0.139753
vt 0.580364 0.139753
vt -0.557711 0.395744
vt -0.574313 0.401674
vt -0.574313 0.395744
vt -0.541109 0.395745
vt 1.157501 -0.118013
vt 1.141039 -0.130888
vt 1.172400 -0.106361
vt 1.186596 -0.095324
vt 1.197446 -0.079463
vt 1.178452 -0.082427
vt 1.162376 -0.090555
vt 1.145483 -0.099195
vt 1.309795 0.000000
vt 1.323514 0.011507
vt 1.337715 0.023937
vt 1.353268 0.037931
vt 1.337524 0.054446
vt 1.296300 -0.110048
vt 1.307456 -0.124712
vt 1.332336 -0.158044
vt 1.353289 -0.139338
vt 0.383162 0.214687
vt -0.209065 0.395745
vt 0.304280 0.214687
vt 0.166238 0.214687
vt 0.540909 0.214687
vt 0.264840 0.139752
vt 1.299121 -0.016013
vt 1.318121 -0.013051
vt 1.334207 -0.004967
vt 1.351117 0.003559
vt 1.369717 0.013079
vt 0.501499 0.139753
vt -0.275474 0.395745
vt -0.341883 0.395745
vt -0.491302 0.395745
vt -0.292076 0.395745
vt -0.358485 0.395745
vt 1.216263 0.003502
vt 1.213483 0.022709
vt 1.200308 0.014649
vt 1.205542 0.039216
vt 1.189164 0.029343
vt 1.177345 0.045005
vt 1.197211 0.056777
vt 1.164277 0.062664
vt 1.319265 -0.140392
vt 0.363442 0.214687
vt 0.284560 0.214687
vt 0.777567 0.214688
vt 0.797287 0.214687
vt 0.698686 0.214687
vt 0.324001 0.139752
vt 0.205679 0.139753
vt 0.225399 0.139753
vt -0.424894 0.395745
vt 1.189005 -0.057580
vt 1.155523 -0.073089
vt 1.116983 -0.084248
vt 1.126823 -0.108751
vt 1.227945 0.027994
vt 1.223445 0.045672
vt 1.218773 0.064378
vt 1.188115 0.076411
vt 1.307579 -0.037871
vt 1.323644 -0.027277
vt 1.341009 -0.022375
vt 1.359295 -0.017134
vt 0.619805 0.214687
vt 0.442323 0.214687
vt 0.521203 0.214687
vt 0.402883 0.139753
vt 0.304280 0.139752
vt 0.738126 0.139753
vt 0.659245 0.139753
vt -0.441496 0.395745
vt -0.507904 0.395745
vt -0.092851 0.395745
vt -0.142656 0.395745
vt 1.170215 -0.053114
vt 1.172913 -0.068190
vt 1.152108 -0.054565
vt 1.133030 -0.056212
vt 1.137212 -0.078349
vt 1.238306 0.011639
vt 1.243124 0.030343
vt 1.242156 0.048450
vt 1.240291 0.088716
vt 1.213755 0.085158
vt 1.143265 0.043985
vt 1.326345 -0.042336
vt 1.344424 -0.040871
vt 1.363474 -0.039232
vt 1.379477 -0.011215
vt 1.258305 -0.107097
vt 1.253496 -0.125815
vt 1.254496 -0.143946
vt 1.273216 -0.141102
vt 1.255457 -0.163068
vt 1.256400 -0.184229
vt 1.282917 -0.180578
vt 1.238187 -0.125174
vt 1.235680 -0.143069
vt 1.232975 -0.161917
vt 1.229895 -0.182742
vt 0.264840 0.214687
vt 0.560644 0.139753
vt 0.481763 0.139753
vt 0.639525 0.139753
vt 0.185958 0.139753
vt -0.308678 0.395745
vt -0.375087 0.395745
vt -0.159259 0.395745
vt -0.225667 0.395745
vt 1.170497 -0.037740
vt 1.152367 -0.035631
vt 1.133204 -0.033550
vt 1.111932 -0.058172
vt 1.258416 0.029687
vt 1.260938 0.047553
vt 1.241203 0.067555
vt 1.263666 0.066373
vt 1.326053 -0.057682
vt 1.344145 -0.059777
vt 1.363297 -0.061880
vt 1.384548 -0.037260
vt 0.540909 0.139753
vt 0.245119 0.214687
vt -0.524506 0.395745
vt -0.391689 0.395745
vt 1.111932 -0.031390
vt 1.266793 0.087174
vt 1.384561 -0.064020
vt 0.462044 0.139753
vt 1.010700 0.935758
vt 0.344993 0.535903
vt 0.413142 0.549459
vt 0.402767 0.574506
vt 0.276844 0.522346
vt 0.287219 0.497299
vt 0.331436 0.604051
vt 0.306390 0.593677
vt 0.413143 0.522347
vt 0.331437 0.467754
vt 0.358549 0.467753
vt 0.276844 0.549457
vt 0.402768 0.497299
vt 0.306391 0.478128
vt 0.287218 0.574505
vt 0.383597 0.478129
vt 0.383596 0.593677
vt 0.358548 0.604052
vt 0.210873 -0.664082
vt 0.294690 0.826599
vt 0.261887 0.826046
vt 0.276977 0.826336
vt 0.260576 0.826017
vt 0.327497 0.826805
vt 0.342588 0.826754
vt 0.212698 0.824648
vt 0.227780 0.825155
vt 0.311093 0.826752
vt 0.442295 0.824596
vt 0.457375 0.823998
vt 0.425900 0.825152
vt 0.440984 0.824645
vt 0.244178 0.825624
vt 0.196307 0.823998
vt 0.211387 0.824599
vt 0.409503 0.825621
vt 0.424590 0.825192
vt 0.393105 0.826017
vt 0.408193 0.825654
vt 0.391794 0.826045
vt 0.375393 0.826362
vt 0.343900 0.826746
vt 0.358991 0.826602
vt 0.278289 0.826359
vt 0.060268 -0.151935
vt 0.036856 -0.664026
vt 0.059452 -0.664060
vt 0.022297 1.103745
vt 0.009906 1.106553
vt 0.009906 1.103745
vt 0.037599 -0.151901
vt 0.014260 -0.663995
vt -0.007739 -0.151842
vt -0.030933 -0.663942
vt -0.008336 -0.663967
vt 0.610230 1.158354
vt 0.621942 1.155742
vt 0.621942 1.158354
vt -0.053530 -0.663920
vt -0.075749 -0.151777
vt -0.076126 -0.663902
vt 0.849179 1.047872
vt 0.835256 1.043756
vt 0.849179 1.043756
vt -0.098418 -0.151762
vt -0.121320 -0.663875
vt -0.098723 -0.663887
vt -0.002486 1.106553
vt -0.014877 1.103745
vt -0.002486 1.103745
vt -0.143757 -0.151741
vt -0.166254 -0.151738
vt -0.166530 -0.547158
vt 0.633653 1.155742
vt 0.633653 1.158354
vt -0.279424 -0.663866
vt -0.256811 -0.547158
vt -0.279584 -0.151742
vt -0.194747 -0.588071
vt -0.166504 -0.663862
vt -0.180178 -0.578534
vt -0.170084 -0.564142
vt -0.234191 -0.663885
vt -0.211670 -0.591423
vt -0.228612 -0.588089
vt 0.452692 1.175752
vt 0.464571 1.177609
vt 0.452692 1.177609
vt -0.302021 -0.663875
vt -0.324922 -0.151762
vt -0.347213 -0.663902
vt -0.324617 -0.663887
vt 0.645364 1.155742
vt 0.645364 1.158354
vt -0.370261 -0.151796
vt -0.392406 -0.663942
vt -0.369810 -0.663920
vt 0.793488 1.047872
vt 0.807411 1.043756
vt 0.807411 1.047872
vt -0.415002 -0.663966
vt -0.438269 -0.151870
vt -0.437599 -0.663994
vt 0.274519 1.175752
vt 0.286398 1.177609
vt 0.274519 1.177609
vt -0.460938 -0.151902
vt -0.482792 -0.664060
vt -0.460196 -0.664026
vt 0.657075 1.155742
vt 0.657075 1.158354
vt -0.483608 -0.151936
vt -0.505389 -0.664098
vt -0.506277 -0.151974
vt -0.527986 -0.664138
vt -0.528946 -0.152015
vt -0.550582 -0.664183
vt 1.062572 0.832230
vt 1.079141 0.814048
vt 1.079038 0.833352
vt 0.128276 -0.152058
vt 0.104646 -0.664139
vt 0.127242 -0.664183
vt 1.145003 0.824959
vt 1.128396 0.813969
vt 1.144822 0.813760
vt 0.751720 1.047872
vt 0.765643 1.043756
vt 0.765643 1.047872
vt 0.668786 1.155742
vt 0.668786 1.158354
vt 0.775942 0.536451
vt 0.800779 0.554313
vt 0.784303 0.557464
vt 0.171809 0.450738
vt 0.188411 0.401672
vt 0.188411 0.450738
vt 0.863102 1.047872
vt 0.863102 1.043756
vt 0.321230 0.450738
vt 0.304627 0.401672
vt 0.321230 0.401672
vt -0.551616 -0.152059
vt -0.573178 -0.664230
vt 0.487254 0.450738
vt 0.503856 0.401673
vt 0.503856 0.450738
vt 0.737797 1.047872
vt 0.723874 1.043756
vt 0.737797 1.043756
vt 0.304627 0.450738
vt 0.288026 0.401672
vt 0.055593 0.450738
vt 0.072195 0.401672
vt 0.072196 0.450738
vt -0.064444 1.106552
vt -0.076836 1.103745
vt -0.064444 1.103745
vt 0.038991 0.401672
vt 0.055593 0.401672
vt 0.254822 0.450738
vt 0.271423 0.401672
vt 0.271423 0.450738
vt 0.333910 1.175752
vt 0.345788 1.177609
vt 0.333910 1.177609
vt 0.238218 0.401672
vt 0.254822 0.401672
vt 0.022389 0.450738
vt 0.005787 0.401672
vt 0.022389 0.401672
vt 0.680496 1.158354
vt 0.692208 1.155742
vt 0.692208 1.158354
vt 0.470652 0.401673
vt 0.487254 0.401673
vt 0.516541 1.155742
vt 0.528253 1.158354
vt 0.516541 1.158354
vt 0.221616 0.450738
vt 0.205014 0.401672
vt 0.221616 0.401672
vt 0.420845 0.450738
vt 0.437447 0.401673
vt 0.437447 0.450738
vt 0.996605 0.825383
vt 0.980639 0.811949
vt 0.997046 0.812548
vt 0.205014 0.450738
vt 1.046074 0.829258
vt 1.062729 0.813925
vt 1.029887 0.813436
vt 1.013161 0.824324
vt 1.013465 0.813048
vt 0.298275 1.175752
vt 0.310154 1.177609
vt 0.298275 1.177609
vt 0.155207 0.450738
vt 0.171810 0.401672
vt 0.371037 0.450738
vt 0.387640 0.401672
vt 0.387640 0.450738
vt 0.454049 0.401673
vt 0.454049 0.450738
vt 0.322032 1.177609
vt 0.680496 1.155742
vt 0.703920 1.155742
vt 0.703920 1.158354
vt 0.337833 0.450738
vt 0.354435 0.401672
vt 0.354435 0.450738
vt 0.122003 0.450738
vt 0.105400 0.401672
vt 0.122003 0.401672
vt 0.337833 0.401672
vt 0.105400 0.450738
vt 0.088798 0.401672
vt 0.149839 -0.664230
vt 0.730753 0.517875
vt 0.721746 0.538619
vt 0.709977 0.526808
vt 0.528253 1.155742
vt 0.539964 1.158354
vt 0.821152 0.517781
vt 0.816238 0.547884
vt 0.800382 0.531644
vt 0.751512 0.531659
vt 0.751114 0.554276
vt 0.735711 0.547838
vt 0.980030 0.827472
vt 0.964230 0.811264
vt 0.716796 0.497204
vt 0.700580 0.512988
vt 0.694167 0.497608
vt 0.767572 0.557452
vt 0.357667 1.177609
vt 0.369545 1.175752
vt 0.369545 1.177609
vt 0.730319 0.427408
vt 0.709399 0.418476
vt 0.721175 0.406516
vt 0.539964 1.155742
vt 0.551675 1.158354
vt 0.711924 0.472767
vt 0.690957 0.481195
vt 0.690886 0.464489
vt 1.227636 0.829595
vt 1.210480 0.811922
vt 1.226880 0.811265
vt 0.800036 0.413525
vt 0.829608 0.406552
vt 0.820780 0.427370
vt 0.850767 0.432183
vt 0.834665 0.448062
vt 0.071864 1.103745
vt 0.059474 1.106553
vt 0.059474 1.103745
vt 0.551675 1.155742
vt 0.563386 1.158354
vt 0.751115 0.413562
vt 0.767194 0.387744
vt 0.775568 0.408756
vt 0.783907 0.387744
vt 1.194711 0.830771
vt 1.211211 0.831213
vt 0.800334 0.390886
vt 0.815743 0.397228
vt 0.381423 1.177609
vt 0.393302 1.175752
vt 0.393302 1.177609
vt 0.735257 0.397307
vt 0.750722 0.390886
vt 0.700290 0.432558
vt 0.563386 1.155742
vt 0.575097 1.158354
vt 0.834884 0.496929
vt 0.860616 0.480729
vt 0.857535 0.497205
vt 1.178100 0.828488
vt 1.194077 0.812507
vt 0.857279 0.447557
vt 0.841479 0.418262
vt 0.405180 1.177609
vt 0.575097 1.155742
vt 0.586808 1.158354
vt 0.345788 1.175752
vt 1.316419 0.620658
vt 1.303505 0.685573
vt 1.279646 0.675690
vt 1.177661 0.813017
vt 1.161544 0.826234
vt 1.161246 0.813439
vt 1.261385 0.657429
vt 1.251502 0.633568
vt 0.034689 1.103745
vt 0.022297 1.106553
vt 1.251503 0.607744
vt 0.586808 1.155742
vt 0.598519 1.158354
vt 1.261386 0.583885
vt 1.279648 0.565623
vt 1.303507 0.555741
vt 1.329333 0.555741
vt 1.353193 0.565625
vt 1.371453 0.583886
vt 1.381336 0.607746
vt 1.381335 0.633570
vt 1.371452 0.657430
vt 1.353190 0.675692
vt 1.329331 0.685573
vt -0.143916 -0.663867
vt -0.347591 -0.151778
vt 0.082050 -0.664098
vt -0.053080 -0.151795
vt -0.211669 -0.502899
vt -0.231132 -0.151724
vt -0.228572 -0.506251
vt -0.392930 -0.151817
vt -0.257092 -0.151735
vt -0.243136 -0.515772
vt 1.029731 -0.348539
vt 1.090062 -0.328819
vt 1.029731 -0.328819
vt 0.404242 0.450738
vt 0.420845 0.401673
vt -0.189150 -0.663885
vt 1.029731 -0.092177
vt 1.090062 -0.072441
vt 1.029731 -0.072441
vt 1.090062 -0.052736
vt 1.029731 -0.052736
vt 1.029731 -0.033032
vt 1.090062 -0.033032
vt 1.090062 -0.013296
vt 1.029731 -0.013296
vt -0.192203 -0.151724
vt -0.194745 -0.506227
vt 0.716614 0.448293
vt 0.693960 0.448024
vt -0.180165 -0.515745
vt -0.170087 -0.530175
vt 0.088798 0.450738
vt 0.640338 1.047871
vt 0.654261 1.043756
vt 0.654261 1.047871
vt 0.835256 1.047872
vt 0.821334 1.043756
vt 0.821334 1.047872
vt 0.779565 1.047872
vt 0.793488 1.043756
vt 1.029631 0.826306
vt 1.046305 0.813722
vt 0.779565 1.043756
vt 0.751720 1.043756
vt 0.723874 1.047872
vt 0.709951 1.043756
vt 0.709951 1.047872
vt 0.696029 1.043756
vt 0.682107 1.047872
vt 0.696029 1.047872
vt 0.668183 1.047872
vt 0.682107 1.043756
vt 0.668183 1.043756
vt 1.128508 0.826737
vt 1.111978 0.814077
vt 0.417058 1.175752
vt 0.428936 1.177609
vt 0.417058 1.177609
vt 0.440814 1.177609
vt -0.256836 -0.663862
vt -0.243193 -0.578555
vt -0.027418 0.450738
vt -0.010815 0.401672
vt -0.010816 0.450738
vt 0.404243 0.401673
vt 0.322032 1.175752
vt 0.138605 0.401672
vt 0.155207 0.401672
vt 0.038991 0.450738
vt 0.851187 0.512667
vt 0.381423 1.175752
vt 0.842067 0.526725
vt 0.830298 0.538672
vt 0.405180 1.175752
vt -0.014877 1.106552
vt -0.027269 1.103745
vt -0.027269 1.106552
vt -0.039661 1.103745
vt -0.039661 1.106552
vt -0.052052 1.103745
vt -0.052052 1.106552
vt 0.288026 0.450738
vt 0.121431 1.106553
vt 0.109039 1.103745
vt 0.121431 1.103745
vt 0.096649 1.106553
vt 0.096649 1.103745
vt 0.084256 1.106553
vt 0.084256 1.103745
vt 0.071864 1.106553
vt 0.047081 1.106553
vt 0.047081 1.103745
vt 0.034689 1.106553
vt 0.440814 1.175752
vt 1.406146 0.320091
vt 1.406147 0.332181
vt 1.375758 0.326138
vt 1.401522 0.343351
vt 1.392974 0.351901
vt 1.381805 0.356528
vt 1.369715 0.356529
vt 1.358546 0.351903
vt 1.349996 0.343355
vt 1.345369 0.332186
vt 1.345368 0.320097
vt 1.349993 0.308927
vt 1.358540 0.300377
vt 1.369710 0.295750
vt 1.381799 0.295749
vt 1.392969 0.300374
vt 1.401519 0.308921
vt 0.860532 0.464003
vt 0.839577 0.472469
vt 0.598519 1.155742
vt 0.014929 -0.151869
vt 0.470651 0.450738
vt 0.371037 0.401672
vt 0.238218 0.450738
vt 0.138605 0.450738
vt 0.005787 0.450738
vt -0.253253 -0.530175
vt 1.112040 0.829553
vt 1.095554 0.814099
vt 1.029731 -0.210498
vt 1.090062 -0.230217
vt 1.090062 -0.210498
vt 1.029731 0.065585
vt 1.090062 0.045864
vt 1.090062 0.065585
vt 1.029731 -0.289378
vt 1.090062 -0.269658
vt 1.029731 -0.269658
vt 1.029731 0.085305
vt 1.090062 0.105025
vt 1.029731 0.105025
vt 1.029731 0.223346
vt 1.090062 0.203626
vt 1.090062 0.223346
vt 1.029731 -0.111897
vt 1.090062 -0.131617
vt 1.090062 -0.111896
vt 1.029731 0.144465
vt 1.090062 0.164185
vt 1.029731 0.164186
vt 1.029731 0.006424
vt 1.090062 0.006424
vt 1.029731 -0.249938
vt 1.029731 -0.230218
vt 1.029731 0.026144
vt 1.029731 0.045864
vt 1.090062 -0.309098
vt 1.090062 -0.289378
vt 1.029731 -0.171057
vt 1.090062 -0.190778
vt 1.090062 -0.171057
vt 1.090062 -0.249938
vt 1.029731 0.183906
vt 1.029731 0.203626
vt 1.029731 -0.151337
vt 1.029731 -0.131617
vt 1.029731 0.124745
vt 1.090062 0.144465
vt 1.029731 -0.190778
vt 1.090063 -0.368259
vt 1.090063 -0.348539
vt 1.090062 0.026144
vt 1.029731 -0.309098
vt 1.029731 0.243066
vt 1.090062 0.262787
vt 1.029731 0.262787
vt 1.090062 0.085305
vt 1.090062 -0.151337
vt 1.090062 0.124745
vt 1.090062 0.243067
vt -0.253256 -0.564142
vt 1.090062 0.183906
vt 0.286398 1.175752
vt 1.090062 -0.092177
vt 0.741214 0.823750
vt 0.724615 0.828888
vt 0.724615 0.823750
vt 0.708014 0.823750
vt 0.708014 0.828889
vt 0.574495 0.823750
vt 0.591094 0.828888
vt 0.574495 0.828888
vt 0.607695 0.823750
vt 0.607695 0.828889
vt 0.674442 0.828889
vt 0.657861 0.823750
vt 0.674442 0.823750
vt 0.557659 0.823750
vt 0.557659 0.828888
vt 0.691164 0.823750
vt 0.691164 0.828889
vt 0.491024 0.823750
vt 0.474189 0.828888
vt 0.474189 0.823750
vt 0.507753 0.823750
vt 0.491024 0.828888
vt 0.507753 0.828888
vt 0.524347 0.823750
vt 0.524347 0.828888
vt 0.540935 0.828888
vt 0.540935 0.823750
vt 0.641271 0.828889
vt 0.657861 0.828888
vt 0.624545 0.828889
vt 0.641271 0.823750
vt 1.095517 0.832413
vt 1.021368 -0.171057
vt 1.021368 -0.151337
vt 1.021368 -0.249938
vt 1.021368 -0.230218
vt 1.021368 0.262787
vt 1.021367 0.243066
vt 1.021368 0.105025
vt 1.021368 0.085305
vt 1.096302 -0.210498
vt 1.096302 0.223346
vt 1.096302 0.144465
vt 0.437447 0.395742
vt 0.371037 0.395742
vt 1.019154 -0.758918
vt 1.042157 -0.782186
vt 1.011780 -0.775615
vt 1.004215 -0.792750
vt 1.030034 -0.819507
vt 1.007277 -0.815018
vt 1.000920 -0.835954
vt 1.101667 -0.681060
vt 1.102299 -0.648180
vt 1.118727 -0.674707
vt 1.115969 -0.635395
vt 1.136182 -0.668275
vt 1.150293 -0.650866
vt 1.138149 -0.630831
vt 1.170100 -0.641565
vt 1.002396 -0.658445
vt 1.016080 -0.628942
vt 1.022553 -0.645726
vt 0.989980 -0.645497
vt 1.009485 -0.611882
vt 0.977164 -0.632471
vt 0.992077 -0.598587
vt 0.971291 -0.612147
vt 0.982399 -0.579656
vt 0.986949 -0.724664
vt 0.986216 -0.757574
vt 0.969936 -0.730991
vt 0.972502 -0.770393
vt 0.952516 -0.737382
vt 0.938480 -0.754949
vt 0.932510 -0.788345
vt 0.918559 -0.764212
vt 1.086209 -0.747297
vt 1.072525 -0.776762
vt 1.066048 -0.760002
vt 1.111134 -0.773576
vt 1.079154 -0.793822
vt 1.115886 -0.794954
vt 1.096690 -0.807092
vt 1.106391 -0.826062
vt 1.021368 0.006424
vt 1.021368 0.026144
vt 1.021368 -0.348539
vt 1.029731 -0.368259
vt 1.021368 0.183906
vt 1.021368 0.164186
vt 1.021368 0.065585
vt 1.096302 -0.052736
vt 1.096302 -0.289378
vt 1.096302 0.105025
vt 1.096302 0.045864
vt 0.304627 0.395742
vt 0.238218 0.395742
vt 0.138605 0.395742
vt 0.088798 0.395742
vt 0.503856 0.395742
vt 1.122087 -0.613459
vt 1.137068 -0.596291
vt 1.156037 -0.617512
vt 0.956402 -0.626318
vt 0.957098 -0.596342
vt 0.966448 -0.792382
vt 0.950381 -0.775137
vt 1.148216 -0.793304
vt 1.132221 -0.779429
vt 1.021368 -0.013296
vt 1.021368 -0.092177
vt 1.021368 -0.072441
vt 1.021368 0.144465
vt 1.021368 -0.111897
vt 1.096302 -0.131617
vt 1.096302 0.203626
vt 1.096302 0.006424
vt -0.027417 0.395742
vt -0.010816 0.395742
vt 0.404242 0.395742
vt 1.163677 -0.771554
vt 1.145283 -0.760911
vt 1.132955 -0.742824
vt 1.116377 -0.735297
vt 1.098540 -0.760340
vt 1.100037 -0.727895
vt 1.154740 -0.740278
vt 0.972321 -0.670353
vt 0.955917 -0.662600
vt 0.944479 -0.643181
vt 0.926813 -0.631278
vt 0.940320 -0.612390
vt 0.999573 -0.745043
vt 0.985817 -0.805957
vt 0.975135 -0.825464
vt 0.951496 -0.809561
vt 1.021368 -0.190778
vt 0.354435 0.395742
vt 1.021368 -0.269658
vt 1.021368 0.223346
vt 1.021368 -0.033032
vt 1.096302 -0.309098
vt 1.096302 0.164185
vt 0.933850 -0.665634
vt 0.913754 -0.658634
vt 1.096302 -0.072441
vt 0.288026 0.395742
vt 0.221616 0.395742
vt 0.055593 0.395742
vt 0.254822 0.395742
vt 0.188411 0.395742
vt 1.084320 -0.613070
vt 1.081284 -0.590806
vt 1.102720 -0.599892
vt 1.113431 -0.580410
vt 1.021368 -0.210497
vt 1.021368 -0.289378
vt 1.021368 0.203626
vt 1.021368 0.124745
vt 1.096302 -0.230217
vt 1.096302 -0.368259
vt 1.096302 -0.348539
vt 1.096302 0.262787
vt 0.122003 0.395742
vt 0.487254 0.395742
vt 0.337833 0.395742
vt 1.123491 -0.705330
vt 1.141842 -0.706080
vt 1.160262 -0.718170
vt 1.174866 -0.747296
vt 1.069437 -0.646845
vt 1.046474 -0.623571
vt 1.076810 -0.630187
vt 1.046767 -0.605181
vt 1.060721 -0.564687
vt 1.087669 -0.569888
vt 0.988578 -0.677841
vt 0.965099 -0.700390
vt 0.946761 -0.699656
vt 0.928372 -0.687599
vt 1.021368 0.045864
vt 1.021368 -0.131617
vt 1.021368 -0.052736
vt 1.096302 -0.151337
vt 1.096302 -0.269658
vt 1.096302 0.065585
vt 0.038991 0.395742
vt 0.454049 0.395742
vt 0.387640 0.395742
vt 1.161251 -0.695368
vt 1.182753 -0.694381
vt 1.181378 -0.721279
vt 1.035517 -0.586129
vt 1.058537 -0.586290
vt 1.088999 -0.660698
vt 0.927394 -0.710379
vt 0.907279 -0.684462
vt 1.041796 -0.800598
vt 1.053075 -0.819666
vt 1.055041 -0.841118
vt 1.027887 -0.841118
vt 1.075605 -0.815529
vt 1.081526 -0.836040
vt 1.021368 -0.309099
vt 1.096302 -0.013296
vt 1.096302 -0.092177
vt 1.096302 0.243067
vt 0.171810 0.395742
vt 0.321230 0.395742
vt 1.105479 -0.704668
vt 1.158039 -0.672580
vt 1.046078 -0.641630
vt 1.013023 -0.590243
vt 1.033576 -0.564694
vt 0.983121 -0.701055
vt 0.930634 -0.733168
vt 0.905893 -0.711366
vt 1.042533 -0.764118
vt 1.096302 -0.033032
vt 1.021368 -0.328819
vt 1.096302 -0.190778
vt 0.022389 0.395742
vt 1.179055 -0.667477
vt 1.007090 -0.569763
vt 0.909603 -0.738279
vt 1.096302 -0.111896
vt 0.624545 0.823750
vt 0.105607 -0.152014
vt 1.044301 -0.702869
vt 1.112620 0.810776
vt 1.079815 0.810753
vt 1.094905 0.810801
vt 1.078503 0.810746
vt 1.145425 0.810450
vt 1.160514 0.810156
vt 1.030609 0.810151
vt 1.045698 0.810415
vt 1.129023 0.810664
vt 0.997816 0.809273
vt 1.012900 0.809732
vt 0.981423 0.808678
vt 0.996505 0.809229
vt 1.062101 0.810619
vt 1.014211 0.809768
vt 1.029298 0.810125
vt 0.965034 0.807997
vt 0.980113 0.808626
vt 1.211010 0.808602
vt 1.226089 0.807997
vt 1.209699 0.808651
vt 1.193307 0.809232
vt 1.161825 0.810127
vt 1.176912 0.809739
vt 1.096217 0.810802
vt 0.263357 0.776945
vt 0.252757 0.774465
vt 0.263357 0.774465
vt 0.273957 0.776945
vt 0.284547 0.774465
vt 0.284547 0.776945
vt 0.305747 0.776945
vt 0.295147 0.774465
vt 0.305747 0.774465
vt 0.252757 0.776945
vt 0.242157 0.774465
vt 0.273957 0.774465
vt 0.295147 0.776945
vt 0.316337 0.774465
vt 0.316337 0.776945
vt 0.326937 0.774465
vt 0.326937 0.776945
vt 0.242157 0.776945
vt 1.221633 0.899361
vt 1.346405 0.867758
vt 1.346405 0.899361
vt 0.523306 0.525844
vt 0.674117 0.529422
vt 0.670290 0.525844
vt 0.758028 0.828693
vt 0.922359 0.824926
vt 0.922359 0.828693
vt 1.385942 0.767759
vt 1.240982 0.799363
vt 1.240982 0.767759
vt 1.408677 -0.519292
vt 1.377072 -0.664255
vt 1.408677 -0.664255
vt 1.051614 0.907355
vt 0.926803 0.875742
vt 1.051614 0.875742
vt 1.238126 0.992901
vt 1.099628 0.996577
vt 1.099628 0.992901
vt 0.670290 0.399328
vt 0.674117 0.395748
vt 0.523306 0.399329
vt 0.519479 0.529422
vt -0.408845 1.044928
vt -0.573127 1.048693
vt -0.573127 1.044928
vt 0.877955 0.439896
vt 1.028967 0.574350
vt 0.875952 0.572029
vt 0.519479 0.395749
vt 0.675269 0.529384
vt 0.674674 0.529942
vt -0.573127 1.049878
vt -0.574312 1.048693
vt 0.874848 0.572012
vt 0.875935 0.573133
vt 1.238166 0.991745
vt 1.239282 0.992902
vt 0.922359 0.823741
vt 0.923543 0.824926
vt 1.032074 0.442233
vt 1.030971 0.442216
vt 1.030987 0.441113
vt 0.756843 0.828693
vt 0.758066 0.829878
vt -0.407660 1.044927
vt -0.408883 1.043743
vt -0.574312 1.044928
vt 0.876851 0.439879
vt 0.923543 0.828693
vt 1.030070 0.574366
vt -0.408844 1.048693
vt 0.758028 0.824926
vt 0.756843 0.824926
vt -0.407660 1.048693
vt 0.675269 0.395786
vt 1.111925 -0.380245
vt 1.115420 -0.248555
vt 1.111924 -0.248555
vt 0.616770 0.373645
vt 0.612750 0.403475
vt 0.611280 0.377425
vt 0.622390 0.403025
vt 0.621410 0.374685
vt 0.626180 0.375425
vt 0.631020 0.375625
vt 0.627210 0.403185
vt 0.636040 0.378225
vt 0.632020 0.403505
vt 0.640870 0.378125
vt 0.636830 0.403855
vt 0.646480 0.403995
vt 0.645680 0.377765
vt 0.651290 0.403665
vt 0.650460 0.377185
vt 0.656080 0.403115
vt 0.655220 0.376515
vt 0.660860 0.402455
vt 0.659990 0.375895
vt 0.664780 0.375445
vt 0.670440 0.401325
vt 0.669590 0.375245
vt 0.634777 0.511453
vt 0.641137 0.507473
vt 0.640047 0.513823
vt 0.619217 0.524503
vt 0.623057 0.510743
vt 0.623837 0.523923
vt 0.616107 0.510213
vt 0.614277 0.523793
vt 0.612387 0.509893
vt 0.609507 0.522023
vt 0.608217 0.509483
vt 0.604917 0.519463
vt 0.603337 0.508953
vt 0.600317 0.516483
vt 0.596527 0.510813
vt 0.625317 0.498023
vt 0.626617 0.510973
vt 0.633387 0.502373
vt 0.630467 0.511203
vt 0.629487 0.499903
vt 0.632427 0.520383
vt 0.636497 0.518103
vt 0.620887 0.496993
vt 0.619607 0.510493
vt 0.616297 0.496933
vt 0.611657 0.497773
vt 0.606987 0.499253
vt 0.596657 0.502613
vt 0.590397 0.503003
vt 0.590397 0.510073
vt 0.645567 0.508853
vt 0.644657 0.514063
vt 0.628247 0.522463
vt 0.676586 0.214511
vt 0.681136 0.363491
vt 0.676296 0.363541
vt 0.671106 0.216701
vt 0.671096 0.360861
vt 0.666296 0.216321
vt 0.666266 0.361091
vt 0.661486 0.216171
vt 0.661456 0.361531
vt 0.656686 0.216291
vt 0.656676 0.362061
vt 0.651896 0.216651
vt 0.651896 0.362531
vt 0.647096 0.362821
vt 0.642286 0.362841
vt 0.647116 0.217151
vt 0.637476 0.362611
vt 0.642326 0.217671
vt 0.631816 0.365381
vt 0.637506 0.218051
vt 0.627186 0.364171
vt 0.632006 0.215071
vt 0.622396 0.363501
vt 0.627236 0.215601
vt 0.488859 0.461006
vt 0.559386 0.457139
vt 0.559447 0.461034
vt 0.488858 0.464902
vt 0.559624 0.464927
vt 0.488858 0.468798
vt 0.559870 0.468815
vt 0.488857 0.472695
vt 0.560119 0.472704
vt 0.488856 0.476591
vt 0.560303 0.476596
vt 0.488855 0.480488
vt 0.560374 0.480491
vt 0.560313 0.484387
vt 0.560135 0.488279
vt 0.488855 0.484384
vt 0.559888 0.492168
vt 0.488856 0.488280
vt 0.559639 0.496056
vt 0.488856 0.492177
vt 0.559454 0.499948
vt 0.488857 0.496073
vt 0.559384 0.503844
vt 0.488857 0.499969
vt 0.577208 0.056884
vt 0.585328 0.110054
vt 0.577178 0.110064
vt 0.568068 0.202794
vt 0.545808 0.252594
vt 0.568068 0.252604
vt 0.585318 0.056884
vt 0.540978 0.258374
vt 0.572888 0.258464
vt 0.540978 0.196964
vt 0.545808 0.202784
vt 0.572888 0.196874
vt 0.366090 0.115514
vt 0.368092 0.185799
vt 0.366090 0.183719
vt 0.398656 0.224349
vt 0.401856 0.221780
vt 0.401856 0.224349
vt 0.238230 0.115514
vt 0.236228 0.185799
vt 0.236228 0.113433
vt 0.326246 0.229408
vt 0.329356 0.226848
vt 0.329356 0.229408
vt 0.398646 0.221780
vt 0.324846 0.224349
vt 0.324856 0.221780
vt 0.242290 0.111298
vt 0.364035 0.109215
vt 0.362030 0.111298
vt 0.414947 0.209777
vt 0.418988 0.280872
vt 0.414947 0.285071
vt 0.364899 0.186698
vt 0.364035 0.190017
vt 0.362030 0.187934
vt 0.242291 0.187934
vt 0.240286 0.190017
vt 0.288725 0.097068
vt 0.290496 0.093860
vt 0.290496 0.097070
vt 0.321636 0.221780
vt 0.201406 0.229408
vt 0.326236 0.226848
vt 0.198296 0.226848
vt 0.201416 0.226848
vt 0.239421 0.112534
vt 0.237415 0.110450
vt 0.239421 0.186698
vt 0.237416 0.188782
vt 0.250683 0.286415
vt 0.183532 0.284644
vt 0.183541 0.286416
vt 0.366905 0.188783
vt 0.364899 0.112534
vt 0.198296 0.229408
vt 0.253899 0.286416
vt 0.250692 0.284643
vt 0.368092 0.113433
vt 0.366905 0.110450
vt 0.321636 0.224349
vt 0.334568 0.139322
vt 0.332408 0.137022
vt 0.333358 0.136312
vt 0.336768 0.141532
vt 0.333738 0.140172
vt 0.465688 0.139322
vt 0.467848 0.137022
vt 0.466518 0.140162
vt 0.463488 0.141532
vt 0.462798 0.140572
vt 0.465688 0.060012
vt 0.463488 0.057792
vt 0.466508 0.059162
vt 0.467848 0.062302
vt 0.466898 0.063012
vt 0.334568 0.060002
vt 0.332408 0.062292
vt 0.333748 0.059152
vt 0.336768 0.057782
vt 0.337458 0.058742
vt 0.466898 0.136312
vt 0.462798 0.058752
vt 0.333358 0.063002
vt 0.337458 0.140572
vt 0.240285 0.109216
vt 0.242290 0.111298
vt 0.057213 0.587034
vt 0.046133 0.587034
vt 0.051673 0.573654
vt 0.038293 0.579194
vt 0.038293 0.568114
vt 0.046133 0.560274
vt 0.057213 0.560274
vt 0.065053 0.568114
vt 0.086081 0.811891
vt 0.074991 0.817671
vt 0.074991 0.811891
vt 0.097171 0.811891
vt 0.086081 0.817671
vt 0.108261 0.817671
vt 0.108261 0.811891
vt 0.030631 0.811891
vt 0.019541 0.817671
vt 0.019541 0.811891
vt 0.041721 0.811891
vt 0.030631 0.817671
vt 0.052811 0.817671
vt 0.052811 0.811891
vt 0.063901 0.817671
vt 0.063901 0.811891
vt 0.065053 0.579204
vt 0.661996 0.493731
vt 0.618636 0.504621
vt 0.618636 0.493731
vt 0.661996 0.504621
vt 0.618636 0.515501
vt 0.661996 0.526381
vt 0.618636 0.526381
vt 0.661996 0.537271
vt 0.618636 0.537271
vt 0.661996 0.450201
vt 0.618636 0.461081
vt 0.618636 0.450201
vt 0.661996 0.461081
vt 0.618636 0.471971
vt 0.661996 0.471971
vt 0.618636 0.482851
vt 0.661996 0.482851
vt 0.041721 0.817671
vt 0.097171 0.817671
vt 0.061891 0.864233
vt 0.070651 0.878953
vt 0.070771 0.862863
vt 0.052991 0.865523
vt 0.061761 0.880333
vt 0.044011 0.865913
vt 0.052871 0.881613
vt 0.034931 0.881253
vt 0.035051 0.865153
vt 0.026071 0.879733
vt 0.026191 0.863643
vt 0.088591 0.878863
vt 0.097591 0.864193
vt 0.088711 0.862773
vt 0.079611 0.878333
vt 0.079741 0.862233
vt 0.043891 0.882013
vt 0.739807 0.325151
vt 0.746427 0.302291
vt 0.746427 0.325151
vt 0.739807 0.370861
vt 0.746427 0.393721
vt 0.739807 0.393721
vt 0.739807 0.416581
vt 0.746427 0.416581
vt 0.746427 0.439441
vt 0.739807 0.439441
vt 0.746427 0.462301
vt 0.739807 0.462301
vt 0.746427 0.485161
vt 0.739807 0.485161
vt 0.746427 0.508021
vt 0.739807 0.508021
vt 0.739807 0.530871
vt 0.746427 0.530871
vt 0.746427 0.553731
vt 0.739807 0.553731
vt 0.739807 0.576591
vt 0.746427 0.576591
vt 0.739807 0.599451
vt 0.746427 0.599451
vt 0.739807 0.622311
vt 0.746427 0.622311
vt 0.746427 0.645171
vt 0.739807 0.645171
vt 0.746427 0.668031
vt 0.739807 0.668031
vt 0.746427 0.690881
vt 0.739807 0.690881
vt 0.739807 0.713741
vt 0.746427 0.713741
vt 0.739807 0.736601
vt 0.746427 0.736601
vt 0.739807 0.759461
vt 0.746427 0.759461
vt 0.739807 0.027991
vt 0.746427 0.050841
vt 0.739807 0.050841
vt 0.739807 0.073701
vt 0.746427 0.073701
vt 0.746427 0.096561
vt 0.739807 0.096561
vt 0.746427 0.119421
vt 0.739807 0.119421
vt 0.746427 0.142281
vt 0.739807 0.142281
vt 0.739807 0.165141
vt 0.746427 0.165141
vt 0.739807 0.188001
vt 0.746427 0.188001
vt 0.739807 0.210851
vt 0.746427 0.210851
vt 0.746427 0.233711
vt 0.739807 0.233711
vt 0.746427 0.256571
vt 0.739807 0.256571
vt 0.746427 0.279431
vt 0.739807 0.279431
vt 0.807929 0.690980
vt 0.814549 0.713840
vt 0.807929 0.713840
vt 0.940364 0.766752
vt 0.929614 0.790322
vt 0.929604 0.766752
vt 0.739807 0.348011
vt 0.746427 0.370861
vt 0.940364 0.601782
vt 0.929614 0.625352
vt 0.929614 0.601782
vt 0.940364 0.271842
vt 0.929614 0.295412
vt 0.929614 0.271842
vt 0.940364 0.578212
vt 0.929614 0.578212
vt 0.940364 0.248272
vt 0.929614 0.248272
vt 0.940364 0.554652
vt 0.929614 0.554652
vt 0.940364 0.224702
vt 0.929614 0.224702
vt 0.940364 0.531082
vt 0.929614 0.531082
vt 0.940364 0.201142
vt 0.929614 0.201142
vt 0.940364 0.507512
vt 0.929614 0.507512
vt 0.940364 0.177572
vt 0.929614 0.177572
vt 0.940364 0.483942
vt 0.929614 0.483942
vt 0.940364 0.154002
vt 0.929614 0.154002
vt 0.940364 0.460382
vt 0.929614 0.460382
vt 0.940374 0.036162
vt 0.929614 0.059732
vt 0.929614 0.036162
vt 0.940364 0.130432
vt 0.929614 0.130432
vt 0.940364 0.436812
vt 0.929614 0.436812
vt 0.940364 0.743182
vt 0.929614 0.743182
vt 0.940374 0.106872
vt 0.929614 0.106872
vt 0.940364 0.413242
vt 0.929614 0.413242
vt 0.940364 0.719622
vt 0.929614 0.719622
vt 0.940374 0.083302
vt 0.929614 0.083302
vt 0.940364 0.389672
vt 0.929614 0.389672
vt 0.940364 0.696052
vt 0.929614 0.696052
vt 0.940374 0.059732
vt 0.940364 0.366112
vt 0.929614 0.366112
vt 0.940364 0.672482
vt 0.929614 0.672482
vt 0.746427 0.348011
vt 0.940364 0.342542
vt 0.929614 0.342542
vt 0.940364 0.648912
vt 0.929614 0.648912
vt 0.940364 0.318972
vt 0.929614 0.318972
vt 0.940364 0.625352
vt 0.940364 0.295412
vt 0.807929 0.279520
vt 0.814549 0.256670
vt 0.814549 0.279520
vt 0.807929 0.348100
vt 0.814549 0.325240
vt 0.814549 0.348100
vt 0.814549 0.370960
vt 0.807929 0.393820
vt 0.814549 0.393820
vt 0.807929 0.416680
vt 0.814549 0.416680
vt 0.807929 0.439530
vt 0.814549 0.439530
vt 0.814549 0.462390
vt 0.814549 0.485250
vt 0.807929 0.462390
vt 0.807929 0.508110
vt 0.814549 0.508110
vt 0.814549 0.530970
vt 0.814549 0.553830
vt 0.807929 0.530970
vt 0.814549 0.576690
vt 0.807929 0.553830
vt 0.814549 0.599540
vt 0.807929 0.576690
vt 0.814549 0.622400
vt 0.807929 0.599540
vt 0.807929 0.645260
vt 0.814549 0.645260
vt 0.807929 0.668120
vt 0.814549 0.668120
vt 0.814549 0.690980
vt 0.814549 0.736700
vt 0.814549 0.759550
vt 0.807929 0.736700
vt 0.814549 0.782410
vt 0.807929 0.759550
vt 0.807929 0.805270
vt 0.814549 0.805270
vt 0.807929 0.828130
vt 0.814549 0.828130
vt 0.807929 0.119510
vt 0.814549 0.096660
vt 0.814549 0.119510
vt 0.814549 0.142370
vt 0.807929 0.165230
vt 0.814549 0.165230
vt 0.807929 0.188090
vt 0.814549 0.188090
vt 0.814549 0.210950
vt 0.814549 0.233810
vt 0.807929 0.210950
vt 0.807929 0.302380
vt 0.814549 0.302380
vt 0.807929 0.325240
vt 0.868809 0.382510
vt 0.879559 0.406070
vt 0.868809 0.406070
vt 0.868809 0.712450
vt 0.879559 0.736020
vt 0.868809 0.736020
vt 0.879559 0.429640
vt 0.868809 0.429640
vt 0.879559 0.759580
vt 0.868809 0.759580
vt 0.879559 0.453210
vt 0.868809 0.453210
vt 0.879559 0.783150
vt 0.868809 0.783150
vt 0.879559 0.476780
vt 0.868809 0.476780
vt 0.879559 0.806720
vt 0.868809 0.806720
vt 0.879559 0.500340
vt 0.868809 0.500340
vt 0.879559 0.830280
vt 0.868809 0.830280
vt 0.879559 0.523910
vt 0.868809 0.523910
vt 0.879559 0.853850
vt 0.868809 0.853850
vt 0.879559 0.547480
vt 0.868809 0.547480
vt 0.868809 0.217530
vt 0.879569 0.241100
vt 0.868809 0.241100
vt 0.879559 0.877420
vt 0.868809 0.877420
vt 0.879559 0.571040
vt 0.868809 0.571040
vt 0.879569 0.264670
vt 0.868809 0.264670
vt 0.879559 0.900990
vt 0.868809 0.900990
vt 0.879559 0.594610
vt 0.868809 0.594610
vt 0.879569 0.288240
vt 0.868809 0.288240
vt 0.879559 0.924550
vt 0.868809 0.924550
vt 0.879559 0.618180
vt 0.868809 0.618180
vt 0.879559 0.311800
vt 0.868809 0.311800
vt 0.879559 0.948120
vt 0.868799 0.948120
vt 0.879559 0.641750
vt 0.868809 0.641750
vt 0.879559 0.335370
vt 0.868809 0.335370
vt 0.879559 0.971690
vt 0.868809 0.971690
vt 0.879559 0.665310
vt 0.868809 0.665310
vt 0.879559 0.358940
vt 0.868809 0.358940
vt 0.879559 0.688880
vt 0.868809 0.688880
vt 0.879559 0.382510
vt 0.879559 0.712450
vt 0.807929 0.622400
vt 0.807929 0.485250
vt 0.807929 0.233810
vt 0.807929 0.782410
vt 0.807929 0.256670
vt 0.807929 0.370960
vt 0.807929 0.142370
vt 0.773514 0.813603
vt 0.770743 0.790263
vt 0.773514 0.790263
vt 0.770743 0.836943
vt 0.770743 0.813603
vt 0.773514 0.090033
vt 0.770743 0.113373
vt 0.770743 0.090033
vt 0.773514 0.136713
vt 0.773514 0.113373
vt 0.773514 0.160053
vt 0.770743 0.136713
vt 0.773514 0.183393
vt 0.770743 0.160053
vt 0.770743 0.206733
vt 0.770743 0.183393
vt 0.773514 0.206733
vt 0.770743 0.230073
vt 0.773514 0.253413
vt 0.773514 0.230073
vt 0.773514 0.276763
vt 0.770743 0.253413
vt 0.773514 0.300103
vt 0.770743 0.276763
vt 0.770743 0.323443
vt 0.770743 0.300103
vt 0.773514 0.323443
vt 0.770743 0.346783
vt 0.773514 0.370123
vt 0.773514 0.346783
vt 0.773514 0.393463
vt 0.770743 0.370123
vt 0.770743 0.416803
vt 0.770743 0.393463
vt 0.773514 0.440143
vt 0.773514 0.416803
vt 0.770743 0.463483
vt 0.770743 0.440143
vt 0.773514 0.463483
vt 0.770743 0.486833
vt 0.773514 0.510173
vt 0.773514 0.486833
vt 0.773514 0.533513
vt 0.770743 0.510173
vt 0.773514 0.556853
vt 0.770743 0.533513
vt 0.770743 0.580193
vt 0.770743 0.556853
vt 0.773514 0.580193
vt 0.770743 0.603533
vt 0.773514 0.626873
vt 0.773514 0.603533
vt 0.773514 0.650213
vt 0.770743 0.626873
vt 0.770743 0.673553
vt 0.770743 0.650213
vt 0.773514 0.673553
vt 0.770743 0.696893
vt 0.773514 0.696893
vt 0.770743 0.720243
vt 0.773514 0.743583
vt 0.773514 0.720243
vt 0.773514 0.766923
vt 0.770743 0.743583
vt 0.770743 0.766923
vt 0.854135 0.666917
vt 0.856905 0.643577
vt 0.856905 0.666917
vt 0.856905 0.690267
vt 0.854135 0.690267
vt 0.854135 0.736947
vt 0.856905 0.713607
vt 0.856905 0.736947
vt 0.854135 0.760287
vt 0.856905 0.760287
vt 0.854135 0.783627
vt 0.856905 0.783627
vt 0.854135 0.806967
vt 0.856905 0.806967
vt 0.854135 0.083397
vt 0.856905 0.060057
vt 0.856905 0.083397
vt 0.856905 0.106738
vt 0.854135 0.106738
vt 0.856905 0.130078
vt 0.854135 0.130078
vt 0.854135 0.153418
vt 0.856905 0.153418
vt 0.854135 0.176758
vt 0.856905 0.176758
vt 0.856905 0.200098
vt 0.854135 0.200098
vt 0.856905 0.223437
vt 0.854135 0.223437
vt 0.856905 0.246787
vt 0.854135 0.246787
vt 0.856905 0.270127
vt 0.854135 0.270127
vt 0.856905 0.293467
vt 0.854135 0.293467
vt 0.856905 0.316807
vt 0.854135 0.316807
vt 0.854135 0.340147
vt 0.856905 0.340147
vt 0.856905 0.363487
vt 0.854135 0.363487
vt 0.856905 0.386827
vt 0.854135 0.386827
vt 0.854135 0.410167
vt 0.856905 0.410167
vt 0.854135 0.433507
vt 0.856905 0.433507
vt 0.856905 0.456857
vt 0.854135 0.456857
vt 0.856905 0.480197
vt 0.854135 0.480197
vt 0.856905 0.503537
vt 0.854135 0.503537
vt 0.854135 0.526878
vt 0.856905 0.526878
vt 0.854135 0.550218
vt 0.856905 0.550218
vt 0.856905 0.573557
vt 0.854135 0.573557
vt 0.856905 0.596897
vt 0.854135 0.596897
vt 0.856905 0.620237
vt 0.854135 0.620237
vt 0.854135 0.643577
vt 0.854135 0.713607
vt 0.854135 0.060057
vt 0.739807 0.302291
vt 0.333011 0.724128
vt 0.334821 0.714158
vt 0.334821 0.724128
vt 0.345711 0.724128
vt 0.347521 0.714158
vt 0.347521 0.724128
vt 0.343891 0.724128
vt 0.345711 0.714158
vt 0.342081 0.724128
vt 0.343891 0.714158
vt 0.340261 0.724128
vt 0.342081 0.714158
vt 0.338451 0.724128
vt 0.340261 0.714158
vt 0.336641 0.724128
vt 0.338451 0.714158
vt 0.217366 0.682675
vt 0.223756 0.678885
vt 0.223756 0.682675
vt 0.325304 0.497855
vt 0.327484 0.489685
vt 0.329994 0.493135
vt 0.336641 0.714158
vt 0.330044 0.509205
vt 0.321874 0.507015
vt 0.325324 0.504515
vt 0.339134 0.489654
vt 0.336654 0.493115
vt 0.344814 0.495305
vt 0.341374 0.497815
vt 0.336694 0.509185
vt 0.344854 0.506955
vt 0.339204 0.512635
vt 0.341384 0.504465
vt 0.360644 0.533955
vt 0.258431 0.542295
vt 0.261331 0.546665
vt 0.258051 0.546355
vt 0.256101 0.557655
vt 0.251801 0.557245
vt 0.258591 0.530825
vt 0.261721 0.542605
vt 0.300224 0.473875
vt 0.305874 0.468195
vt 0.321844 0.495365
vt 0.327554 0.512664
vt 0.185426 0.682675
vt 0.191816 0.678885
vt 0.191816 0.682675
vt 0.204586 0.682675
vt 0.210976 0.678885
vt 0.210976 0.682675
vt 0.230146 0.678885
vt 0.230146 0.682675
vt 0.198196 0.678885
vt 0.198196 0.682675
vt 0.217366 0.678885
vt 0.236536 0.682675
vt 0.236536 0.678885
vt 0.204586 0.678885
vt 0.251421 0.561305
vt 0.255711 0.561715
vt 0.300124 0.528885
vt 0.366164 0.473844
vt 0.366294 0.528275
vt 0.360484 0.468195
vt 0.305804 0.534535
vt 0.389724 0.498511
vt 0.386054 0.502181
vt 0.380864 0.502181
vt 0.333011 0.714158
vt 0.185426 0.678885
vt 0.377184 0.493321
vt 0.386054 0.489651
vt 0.380864 0.489651
vt 0.078578 0.200469
vt 0.076885 0.206098
vt 0.076885 0.200469
vt 0.029111 0.215259
vt 0.026963 0.218468
vt 0.025899 0.217401
vt 0.028355 0.219045
vt 0.029861 0.219046
vt 0.031254 0.218471
vt 0.032320 0.217406
vt 0.032898 0.216013
vt 0.032899 0.214507
vt 0.032324 0.213115
vt 0.031258 0.212049
vt 0.029867 0.211471
vt 0.028360 0.211470
vt 0.026968 0.212046
vt 0.025902 0.213111
vt 0.025324 0.214503
vt 0.025323 0.216009
vt 0.080272 0.206099
vt 0.080272 0.200469
vt 0.081965 0.200469
vt 0.075192 0.200469
vt 0.073498 0.206098
vt 0.073498 0.200469
vt 0.071805 0.200469
vt 0.070112 0.206098
vt 0.070112 0.200469
vt 0.068418 0.206099
vt 0.068418 0.200469
vt 0.066725 0.206099
vt 0.066725 0.200469
vt 0.093819 0.206099
vt 0.092125 0.200469
vt 0.093819 0.200469
vt 0.092125 0.206099
vt 0.090431 0.200469
vt 0.090431 0.206099
vt 0.088738 0.200469
vt 0.087045 0.206099
vt 0.087045 0.200469
vt 0.085352 0.200469
vt 0.085352 0.206099
vt 0.083658 0.200469
vt 0.083658 0.206099
vt 0.119244 0.063016
vt 0.121390 0.059804
vt 0.122455 0.060870
vt 0.075192 0.206099
vt 0.074194 0.060803
vt 0.072501 0.066432
vt 0.072501 0.060803
vt 0.123032 0.062262
vt 0.123032 0.062261
vt 0.123032 0.063769
vt 0.122455 0.065161
vt 0.121389 0.066227
vt 0.119997 0.066804
vt 0.118490 0.066804
vt 0.117098 0.066227
vt 0.117098 0.066227
vt 0.116031 0.065161
vt 0.115455 0.063769
vt 0.115455 0.062261
vt 0.116031 0.060870
vt 0.117097 0.059804
vt 0.118490 0.059226
vt 0.118490 0.059227
vt 0.119997 0.059227
vt 0.070808 0.066432
vt 0.070808 0.060803
vt 0.069114 0.060803
vt 0.069114 0.066432
vt 0.075887 0.060803
vt 0.077581 0.066432
vt 0.075887 0.066432
vt 0.079274 0.060803
vt 0.077581 0.060803
vt 0.080968 0.066432
vt 0.079274 0.066432
vt 0.080968 0.060803
vt 0.082660 0.066432
vt 0.082660 0.060803
vt 0.084355 0.066432
vt 0.058954 0.060803
vt 0.057261 0.066432
vt 0.057261 0.060803
vt 0.060648 0.060803
vt 0.058954 0.066432
vt 0.062342 0.060803
vt 0.060648 0.066432
vt 0.064035 0.066432
vt 0.062341 0.066432
vt 0.065728 0.060803
vt 0.064035 0.060803
vt 0.067422 0.060803
vt 0.065728 0.066432
vt 0.067422 0.066432
vt 0.074194 0.066432
vt 0.078578 0.206465
vt 0.078578 0.206099
vt 0.076885 0.206465
vt 0.075192 0.206465
vt 0.073498 0.206465
vt 0.071805 0.206465
vt 0.071805 0.206098
vt 0.070112 0.206465
vt 0.068418 0.206465
vt 0.066733 0.206465
vt 0.092125 0.206465
vt 0.090432 0.206465
vt 0.088738 0.206465
vt 0.088738 0.206099
vt 0.087045 0.206465
vt 0.085352 0.206465
vt 0.083658 0.206465
vt 0.081965 0.206099
vt 0.081965 0.206465
vt 0.080272 0.206465
vt 0.072501 0.066799
vt 0.074194 0.066799
vt 0.075888 0.066799
vt 0.077581 0.066799
vt 0.079274 0.066799
vt 0.080968 0.066799
vt 0.082661 0.066799
vt 0.084349 0.066799
vt 0.058954 0.066799
vt 0.060649 0.066799
vt 0.062342 0.066799
vt 0.064035 0.066799
vt 0.065728 0.066799
vt 0.067422 0.066799
vt 0.069114 0.066799
vt 0.070808 0.066799
vt 0.434815 0.305200
vt 0.435654 0.278977
vt 0.435654 0.305200
vt 0.434815 0.278977
vt 0.434815 0.267013
vt 0.435654 0.267013
vt 0.434815 0.255584
vt 0.435654 0.255584
vt 0.434815 0.244440
vt 0.435654 0.244440
vt 0.434821 0.233180
vt 0.435654 0.233180
vt 0.435654 0.221250
vt 0.434821 0.221250
vt 0.435654 0.207986
vt 0.434821 0.207986
vt 0.434821 0.197349
vt 0.435654 0.197349
vt 0.434821 0.176096
vt 0.435654 0.176096
vt 0.434821 0.143136
vt 0.435654 0.120887
vt 0.435654 0.143136
vt 0.434821 0.120887
vt 0.435654 0.098646
vt 0.434821 0.098646
vt 0.434821 0.076282
vt 0.435654 0.076282
vt 0.434821 0.061095
vt 0.435654 0.061095
vt 0.434821 0.043126
vt 0.435654 0.043126
vt 0.434821 0.027011
vt 0.435654 0.027011
vt 0.434821 0.017309
vt 0.435654 0.017309
vt 0.405439 0.313669
vt 0.406348 0.213050
vt 0.406348 0.313669
vt 0.405439 0.213050
vt 0.405439 0.080752
vt 0.406348 0.091295
vt 0.405439 0.091295
vt 0.405439 0.194480
vt 0.406348 0.194480
vt 0.405439 0.176791
vt 0.406348 0.176791
vt 0.405439 0.159934
vt 0.406348 0.159934
vt 0.405439 0.143653
vt 0.406348 0.143653
vt 0.405439 0.127377
vt 0.406348 0.127377
vt 0.406348 0.110270
vt 0.405439 0.110270
vt 0.406348 0.080752
vt 0.405439 0.070862
vt 0.406348 0.070862
vt 0.405439 0.059510
vt 0.406348 0.059510
vt 0.405439 0.049299
vt 0.406348 0.049299
vt 0.406348 0.037386
vt 0.405439 0.037386
vt 0.405439 0.019098
vt 0.406348 0.019098
vt 0.570110 0.603386
vt 0.520830 0.598636
vt 0.520840 0.603466
vt 0.569870 0.608196
vt 0.520850 0.608286
vt 0.569560 0.613006
vt 0.520850 0.613116
vt 0.520860 0.617936
vt 0.571570 0.623286
vt 0.520850 0.622756
vt 0.571290 0.628126
vt 0.520800 0.627586
vt 0.520810 0.574516
vt 0.571270 0.569186
vt 0.520780 0.569696
vt 0.569320 0.579336
vt 0.520810 0.579346
vt 0.520820 0.584166
vt 0.520820 0.588996
vt 0.569640 0.584156
vt 0.520830 0.593816
vt 0.569940 0.588966
vt 0.570150 0.593776
vt 0.664975 0.508007
vt 0.661015 0.518707
vt 0.660795 0.508507
vt 0.681265 0.517577
vt 0.679605 0.529027
vt 0.676975 0.518227
vt 0.674605 0.530577
vt 0.672985 0.518647
vt 0.669425 0.531197
vt 0.669125 0.518857
vt 0.649655 0.520717
vt 0.644265 0.508807
vt 0.649505 0.507097
vt 0.644375 0.519147
vt 0.638725 0.509317
vt 0.697665 0.517557
vt 0.692365 0.507557
vt 0.697665 0.508407
vt 0.686005 0.516757
vt 0.692375 0.518447
vt 0.685975 0.509287
vt 0.665195 0.518887
vt 0.656385 0.518217
vt 0.656245 0.509247
vt 0.663095 0.495987
vt 0.657875 0.497897
vt 0.681205 0.508477
vt 0.676875 0.507977
vt 0.672835 0.507737
vt 0.668925 0.507757
vt 0.688865 0.501967
vt 0.684185 0.499217
vt 0.652905 0.500557
vt 0.658805 0.529477
vt 0.679285 0.496877
vt 0.674095 0.495257
vt 0.668535 0.495067
vt 0.688955 0.524047
vt 0.684355 0.526737
vt 0.653425 0.527347
vt 0.681326 0.215401
vt 0.664135 0.530807
vt 0.622396 0.215401
vt 0.665640 0.401815
vt 0.617560 0.403115
vt 0.641650 0.404045
vt 0.127677 0.615670
vt 0.118897 0.609620
vt 0.127677 0.609630
vt 0.583672 0.042943
vt 0.588682 0.276533
vt 0.583872 0.276593
vt 0.588492 0.042933
vt 0.593482 0.276323
vt 0.593302 0.042933
vt 0.598292 0.276023
vt 0.598132 0.042933
vt 0.603112 0.275703
vt 0.607782 0.042923
vt 0.608462 0.278153
vt 0.613272 0.277673
vt 0.554322 0.277713
vt 0.559612 0.042953
vt 0.559162 0.277953
vt 0.564432 0.042963
vt 0.563872 0.278833
vt 0.569452 0.275933
vt 0.574052 0.042953
vt 0.574262 0.276243
vt 0.578862 0.042943
vt 0.579072 0.276483
vt 0.057547 0.758008
vt 0.052157 0.755338
vt 0.057547 0.755338
vt 0.084447 0.755338
vt 0.079077 0.758008
vt 0.079077 0.755338
vt 0.062937 0.758008
vt 0.068317 0.755338
vt 0.068317 0.758008
vt 0.062937 0.755338
vt 0.073707 0.755338
vt 0.073707 0.758008
vt 0.084447 0.758008
vt 0.111317 0.755338
vt 0.105937 0.758008
vt 0.105937 0.755338
vt 0.052157 0.758008
vt 0.089817 0.755338
vt 0.100557 0.755338
vt 0.095187 0.758008
vt 0.095187 0.755338
vt 0.111317 0.758008
vt 0.100557 0.758008
vt 0.089817 0.758008
vt 0.118897 0.603580
vt 0.127677 0.603580
vt 0.118897 0.621710
vt 0.127677 0.621710
vt 0.127677 0.597520
vt 0.118887 0.627750
vt 0.127677 0.627760
vt 0.118897 0.597520
vt 0.127677 0.591460
vt 0.118887 0.633810
vt 0.127667 0.633810
vt 0.118897 0.591460
vt 0.127677 0.585390
vt 0.118887 0.639860
vt 0.127667 0.639860
vt 0.118897 0.585390
vt 0.127677 0.579320
vt 0.118887 0.645920
vt 0.127667 0.645920
vt 0.118897 0.579320
vt 0.127677 0.573260
vt 0.118897 0.615670
vt 0.046767 0.755338
vt 0.046767 0.758008
vt 0.572470 0.618576
vt 0.571770 0.573996
vt 0.570210 0.598576
vt 0.638815 0.518787
vt 0.638627 0.183359
vt 0.643440 0.057147
vt 0.643457 0.183350
vt 0.532461 0.428024
vt 0.657360 0.432799
vt 0.657499 0.427993
vt 0.657474 0.423187
vt 0.532460 0.423210
vt 0.657294 0.418380
vt 0.532459 0.418393
vt 0.657006 0.413570
vt 0.532459 0.413571
vt 0.633797 0.183378
vt 0.628288 0.058850
vt 0.634035 0.055442
vt 0.638653 0.056557
vt 0.532464 0.452090
vt 0.656503 0.447247
vt 0.532463 0.447269
vt 0.532462 0.442452
vt 0.656781 0.442421
vt 0.648283 0.183352
vt 0.648288 0.057049
vt 0.532461 0.432832
vt 0.657096 0.437608
vt 0.602952 0.042923
vt 0.554792 0.042953
vt 0.569242 0.042953
vt 0.532462 0.437640
vt 0.118897 0.573260
vt 0.527496 0.826221
vt 0.523026 0.841691
vt 0.523006 0.826221
vt 0.531996 0.826211
vt 0.527496 0.842111
vt 0.536486 0.826211
vt 0.531986 0.842421
vt 0.540976 0.842421
vt 0.540986 0.826221
vt 0.545456 0.842121
vt 0.545486 0.826231
vt 0.549936 0.841711
vt 0.549976 0.826241
vt 0.554416 0.841301
vt 0.554476 0.826251
vt 0.558896 0.841001
vt 0.558966 0.826261
vt 0.563396 0.840901
vt 0.563466 0.826281
vt 0.514006 0.826241
vt 0.509566 0.840871
vt 0.509516 0.826251
vt 0.518506 0.826231
vt 0.514066 0.840971
vt 0.518546 0.841271
vt 0.602097 0.500983
vt 0.637177 0.505033
vt 0.536476 0.842531
vt 0.576712 0.406541
vt 0.581162 0.409171
vt 0.576762 0.409171
vt 0.547608 0.313005
vt 0.541529 0.314396
vt 0.546030 0.316963
vt 0.552414 0.314405
vt 0.550403 0.319792
vt 0.556806 0.315452
vt 0.554949 0.322032
vt 0.560869 0.316167
vt 0.559562 0.323557
vt 0.564757 0.316598
vt 0.564265 0.324236
vt 0.568944 0.324025
vt 0.573459 0.322987
vt 0.568604 0.316788
vt 0.577776 0.321343
vt 0.572535 0.316668
vt 0.581984 0.319466
vt 0.576706 0.316284
vt 0.586259 0.317973
vt 0.581205 0.315742
vt 0.543029 0.305971
vt 0.537243 0.310549
vt 0.542440 0.311509
vt 0.548421 0.308307
vt 0.553314 0.308715
vt 0.557680 0.309075
vt 0.561643 0.309425
vt 0.565376 0.309787
vt 0.569595 0.306929
vt 0.573419 0.307612
vt 0.577458 0.308437
vt 0.585953 0.315328
vt 0.581805 0.309405
vt 0.590596 0.315413
vt 0.586448 0.310434
vt 0.548417 0.303554
vt 0.553389 0.302959
vt 0.557949 0.302591
vt 0.562183 0.302543
vt 0.566204 0.302828
vt 0.542355 0.300316
vt 0.537686 0.305954
vt 0.552235 0.297454
vt 0.557168 0.296216
vt 0.562182 0.295593
vt 0.567211 0.295799
vt 0.571881 0.297050
vt 0.576094 0.298878
vt 0.580113 0.301157
vt 0.584031 0.303550
vt 0.591044 0.311387
vt 0.588067 0.305671
vt 0.612612 0.042913
vt 0.532620 0.172738
vt 0.532950 0.159238
vt 0.529380 0.159648
vt 0.514450 0.161108
vt 0.515470 0.148718
vt 0.511020 0.151138
vt 0.509620 0.161528
vt 0.506430 0.153988
vt 0.503130 0.159728
vt 0.538270 0.149578
vt 0.536800 0.158768
vt 0.541980 0.155038
vt 0.518640 0.160738
vt 0.522980 0.174238
vt 0.522380 0.160388
vt 0.533880 0.147738
vt 0.528060 0.174188
vt 0.525910 0.160028
vt 0.524670 0.146278
vt 0.529340 0.146548
vt 0.517950 0.173218
vt 0.513040 0.171388
vt 0.503160 0.167238
vt 0.497790 0.166568
vt 0.497790 0.160398
vt 0.546480 0.155458
vt 0.552340 0.159998
vt 0.551070 0.154858
vt 0.548020 0.161708
vt 0.544200 0.164348
vt 0.536790 0.170418
vt 0.520010 0.147018
vt 0.051284 0.453905
vt 0.046534 0.455265
vt 0.046534 0.453905
vt 0.056034 0.453905
vt 0.060784 0.455265
vt 0.056034 0.455265
vt 0.089244 0.453905
vt 0.084504 0.455265
vt 0.084504 0.453905
vt 0.023985 0.502970
vt 0.021456 0.508006
vt 0.021456 0.502970
vt 0.075197 0.954427
vt 0.080239 0.951896
vt 0.080239 0.954427
vt 0.100404 0.954427
vt 0.095361 0.951896
vt 0.100404 0.951896
vt 0.115527 0.954427
vt 0.110487 0.951896
vt 0.115527 0.951896
vt 0.070155 0.951896
vt 0.075197 0.951896
vt 0.095361 0.954427
vt 0.090320 0.951896
vt 0.105446 0.954427
vt 0.110487 0.954427
vt 0.085279 0.954427
vt 0.085279 0.951896
vt 0.065112 0.954427
vt 0.060071 0.951896
vt 0.065112 0.951896
vt 0.105446 0.951896
vt 0.090320 0.954427
vt 0.070155 0.954427
vt 0.041794 0.455265
vt 0.041794 0.453905
vt 0.065524 0.453905
vt 0.070274 0.455265
vt 0.065524 0.455265
vt 0.079764 0.455265
vt 0.079764 0.453905
vt 0.075014 0.453905
vt 0.075014 0.455265
vt 0.070274 0.453905
vt 0.037044 0.455265
vt 0.037044 0.453905
vt 0.051284 0.455265
vt 0.093994 0.453905
vt 0.089244 0.455265
vt 0.060784 0.453905
vt 0.678394 0.544874
vt 0.676642 0.539197
vt 0.679575 0.539931
vt 0.677822 0.533958
vt 0.681861 0.535291
vt 0.678928 0.529083
vt 0.684419 0.530763
vt 0.679707 0.524643
vt 0.686377 0.526097
vt 0.680175 0.520550
vt 0.687619 0.521408
vt 0.680370 0.516651
vt 0.688014 0.516681
vt 0.687519 0.512031
vt 0.680327 0.512805
vt 0.686214 0.507594
vt 0.679971 0.508895
vt 0.684315 0.503390
vt 0.679338 0.504762
vt 0.682191 0.499309
vt 0.678527 0.500311
vt 0.680446 0.495139
vt 0.677828 0.495604
vt 0.679747 0.490754
vt 0.677635 0.490971
vt 0.675999 0.544435
vt 0.671088 0.538944
vt 0.673092 0.533429
vt 0.673204 0.528528
vt 0.673300 0.524155
vt 0.673409 0.520186
vt 0.673546 0.516444
vt 0.670444 0.512411
vt 0.670894 0.508559
vt 0.671472 0.504484
vt 0.672176 0.500094
vt 0.672922 0.495405
vt 0.673595 0.490767
vt 0.668355 0.533720
vt 0.667462 0.528801
vt 0.666822 0.524278
vt 0.666518 0.520062
vt 0.666560 0.516038
vt 0.671393 0.544270
vt 0.665494 0.539956
vt 0.663850 0.535062
vt 0.662047 0.530282
vt 0.660515 0.525441
vt 0.659592 0.520481
vt 0.659495 0.515457
vt 0.660460 0.510728
vt 0.662029 0.506419
vt 0.664058 0.502277
vt 0.666207 0.498228
vt 0.668077 0.494078
vt 0.669341 0.489724
vt 0.508180 0.169218
vt 0.540610 0.167498
vt 0.879569 0.217530
vt 0.807929 0.096660
vt 0.866735 0.210780
vt 0.885475 0.231150
vt 0.866735 0.231150
vt 0.866735 0.190420
vt 0.885475 0.210780
vt 0.866735 0.170060
vt 0.885475 0.190420
vt 0.866735 0.149700
vt 0.885475 0.170060
vt 0.866735 0.129340
vt 0.885475 0.149700
vt 0.866735 0.108980
vt 0.885475 0.129340
vt 0.866735 0.088620
vt 0.885475 0.108980
vt 0.866735 0.068250
vt 0.885475 0.088620
vt 0.866735 0.047890
vt 0.885475 0.068250
vt 0.866735 0.027530
vt 0.885475 0.047890
vt 0.866735 0.658740
vt 0.885475 0.679100
vt 0.866735 0.679100
vt 0.866735 0.638380
vt 0.885475 0.658740
vt 0.866735 0.618020
vt 0.885475 0.638380
vt 0.866735 0.597660
vt 0.885475 0.618020
vt 0.866735 0.577300
vt 0.885475 0.597660
vt 0.866735 0.556930
vt 0.885475 0.577300
vt 0.866735 0.536570
vt 0.885475 0.556930
vt 0.866735 0.516210
vt 0.885475 0.536570
vt 0.866735 0.495850
vt 0.885475 0.516210
vt 0.866735 0.475490
vt 0.885475 0.495850
vt 0.866735 0.455130
vt 0.885475 0.475490
vt 0.885475 0.434760
vt 0.885475 0.455130
vt 0.866735 0.434760
vt 0.885475 0.414400
vt 0.866735 0.394040
vt 0.866735 0.414400
vt 0.866735 0.373680
vt 0.885475 0.394040
vt 0.885475 0.353320
vt 0.885475 0.373680
vt 0.866735 0.353320
vt 0.885475 0.332950
vt 0.866735 0.312590
vt 0.866735 0.332950
vt 0.866735 0.292230
vt 0.885475 0.312590
vt 0.866735 0.271870
vt 0.885475 0.292230
vt 0.866735 0.251510
vt 0.885475 0.271870
vt 0.885475 0.251510
vt 0.867233 0.050370
vt 0.837103 0.028940
vt 0.857073 0.024970
vt 0.775603 0.177220
vt 0.812063 0.183400
vt 0.786903 0.194150
vt 0.933033 0.208610
vt 0.922293 0.183450
vt 0.947433 0.194220
vt 0.922343 0.073220
vt 0.916193 0.036760
vt 0.933103 0.048080
vt 0.795203 0.098450
vt 0.763873 0.118090
vt 0.767853 0.098130
vt 0.856973 0.231640
vt 0.867163 0.206260
vt 0.877333 0.231650
vt 0.945143 0.128350
vt 0.966573 0.098220
vt 0.970543 0.118180
vt 0.818293 0.036720
vt 0.812113 0.073170
vt 0.801363 0.048020
vt 0.801293 0.208550
vt 0.939193 0.158170
vt 0.958753 0.177300
vt 0.897063 0.056310
vt 0.897383 0.028960
vt 0.789253 0.128280
vt 0.763863 0.138440
vt 0.896993 0.200340
vt 0.897293 0.227690
vt 0.939223 0.098520
vt 0.958793 0.079410
vt 0.786963 0.062410
vt 0.837343 0.200310
vt 0.818213 0.219860
vt 0.966553 0.158500
vt 0.877423 0.024980
vt 0.767823 0.158410
vt 0.916103 0.219910
vt 0.947493 0.062480
vt 0.775643 0.079320
vt 0.837013 0.227660
vt 0.970533 0.138540
vt 0.795173 0.158110
vt 0.837403 0.056290
vt 0.802718 0.342254
vt 0.821458 0.311834
vt 0.821458 0.342254
vt 0.802718 0.524784
vt 0.821458 0.494364
vt 0.821458 0.524784
vt 0.802718 0.311834
vt 0.821458 0.281414
vt 0.802718 0.220574
vt 0.821458 0.190154
vt 0.821458 0.220574
vt 0.802718 0.494364
vt 0.821458 0.463944
vt 0.802718 0.281414
vt 0.821458 0.250994
vt 0.802718 0.190154
vt 0.821458 0.159734
vt 0.802718 0.463944
vt 0.821458 0.433524
vt 0.802718 0.250994
vt 0.802718 0.159734
vt 0.821458 0.129304
vt 0.802718 0.433524
vt 0.821458 0.403104
vt 0.802718 0.129304
vt 0.821458 0.098884
vt 0.802718 0.403104
vt 0.821458 0.372684
vt 0.802718 0.098884
vt 0.821458 0.068464
vt 0.802718 0.372684
vt 0.802718 0.555214
vt 0.821458 0.555214
vt 0.868839 0.428974
vt 0.881039 0.438624
vt 0.895219 0.428974
vt 0.881689 0.338446
vt 0.908069 0.353486
vt 0.881689 0.353486
vt 0.866839 0.438954
vt 0.908069 0.338446
vt 0.838082 0.511013
vt 0.819342 0.490653
vt 0.838082 0.490653
vt 0.838082 0.531373
vt 0.819342 0.511013
vt 0.838082 0.551733
vt 0.819342 0.531373
vt 0.838082 0.572093
vt 0.819342 0.551733
vt 0.838082 0.592453
vt 0.819342 0.572093
vt 0.838082 0.612823
vt 0.819342 0.592453
vt 0.838082 0.633183
vt 0.819342 0.612823
vt 0.838082 0.653543
vt 0.819342 0.633183
vt 0.838082 0.673903
vt 0.819342 0.653543
vt 0.838082 0.694264
vt 0.819342 0.673903
vt 0.838082 0.714633
vt 0.819342 0.694264
vt 0.838082 0.734994
vt 0.819342 0.714633
vt 0.838082 0.755354
vt 0.819342 0.734994
vt 0.838082 0.775714
vt 0.819342 0.755354
vt 0.838082 0.796073
vt 0.819342 0.775714
vt 0.838082 0.816434
vt 0.819342 0.796073
vt 0.838082 0.857164
vt 0.819342 0.836803
vt 0.838082 0.836803
vt 0.838082 0.877524
vt 0.819342 0.857164
vt 0.838082 0.897884
vt 0.819342 0.877524
vt 0.819342 0.918244
vt 0.819342 0.897884
vt 0.838082 0.918244
vt 0.819342 0.938604
vt 0.838082 0.287034
vt 0.819342 0.307394
vt 0.819342 0.287034
vt 0.838082 0.327754
vt 0.838082 0.307394
vt 0.838082 0.348124
vt 0.819342 0.327754
vt 0.819342 0.368484
vt 0.819342 0.348124
vt 0.838082 0.368484
vt 0.819342 0.388844
vt 0.838082 0.388844
vt 0.819342 0.409203
vt 0.838082 0.429563
vt 0.838082 0.409203
vt 0.838082 0.449923
vt 0.819342 0.429563
vt 0.838082 0.470283
vt 0.819342 0.449923
vt 0.819342 0.470283
vt 0.952183 0.625515
vt 0.970923 0.595095
vt 0.970923 0.625515
vt 0.952183 0.808045
vt 0.970923 0.777615
vt 0.970923 0.808045
vt 0.952183 0.564665
vt 0.970923 0.564665
vt 0.952183 0.990575
vt 0.970923 0.960145
vt 0.970923 0.990575
vt 0.952183 0.777615
vt 0.970923 0.747195
vt 0.952183 0.534245
vt 0.970923 0.534245
vt 0.952183 0.960145
vt 0.970923 0.929725
vt 0.952183 0.747195
vt 0.970923 0.716775
vt 0.970923 0.503825
vt 0.952183 0.929725
vt 0.970923 0.899305
vt 0.952183 0.686355
vt 0.970923 0.686355
vt 0.952183 0.899305
vt 0.970923 0.868885
vt 0.952183 0.655935
vt 0.970923 0.655935
vt 0.952183 0.868885
vt 0.970923 0.838465
vt 0.952183 0.838465
vt 0.838082 0.938604
vt 0.819342 0.816434
vt 0.952183 0.716775
vt 0.952183 0.503825
vt 0.952183 0.595095
vt 0.661996 0.515501
vt 0.440501 0.541585
vt 0.445010 0.477265
vt 0.445010 0.541585
vt 0.435991 0.541585
vt 0.440501 0.477265
vt 0.467581 0.541585
vt 0.472091 0.477265
vt 0.472091 0.541585
vt 0.463061 0.477265
vt 0.467581 0.477265
vt 0.458551 0.541585
vt 0.463061 0.541585
vt 0.454041 0.541585
vt 0.458551 0.477265
vt 0.449531 0.541585
vt 0.454041 0.477265
vt 0.240578 0.593888
vt 0.249238 0.602168
vt 0.248738 0.593428
vt 0.449531 0.477265
vt 0.202448 0.609668
vt 0.174758 0.605947
vt 0.202788 0.615777
vt 0.212568 0.609097
vt 0.239698 0.603038
vt 0.239218 0.594508
vt 0.212918 0.615208
vt 0.241078 0.602628
vt 0.176499 0.767299
vt 0.175229 0.768150
vt 0.175599 0.766710
vt 0.176499 0.837789
vt 0.175599 0.838370
vt 0.175229 0.836940
vt 0.237734 0.860037
vt 0.238634 0.858787
vt 0.237184 0.859167
vt 0.253644 0.457841
vt 0.253204 0.458781
vt 0.252104 0.457751
vt 0.299334 0.593651
vt 0.299324 0.594721
vt 0.300734 0.594241
vt 0.256821 0.692979
vt 0.256521 0.691548
vt 0.258011 0.692188
vt 0.286751 0.538655
vt 0.286421 0.537265
vt 0.287951 0.537805
vt 0.244334 0.461331
vt 0.245244 0.462441
vt 0.243614 0.462601
vt 0.316727 0.634025
vt 0.315747 0.632945
vt 0.315387 0.634545
vt 0.367627 0.625275
vt 0.369047 0.625325
vt 0.368227 0.623935
vt 0.182249 0.807599
vt 0.183549 0.796700
vt 0.183539 0.808350
vt 0.182259 0.797450
vt 0.268574 0.865697
vt 0.279444 0.867217
vt 0.278714 0.865907
vt 0.267794 0.866977
vt 0.332937 0.608625
vt 0.343897 0.608235
vt 0.344447 0.606855
vt 0.213653 0.355974
vt 0.214933 0.345064
vt 0.214933 0.355214
vt 0.213653 0.344314
vt 0.278191 0.538655
vt 0.277661 0.537265
vt 0.369197 0.633685
vt 0.370657 0.633935
vt 0.260871 0.684528
vt 0.259321 0.684039
vt 0.245644 0.470601
vt 0.244004 0.470601
vt 0.368198 0.520617
vt 0.366768 0.491238
vt 0.366768 0.521018
vt 0.333877 0.609765
vt 0.227401 0.692979
vt 0.227021 0.691548
vt 0.308174 0.859527
vt 0.308994 0.860817
vt 0.368198 0.490918
vt 0.567314 0.632235
vt 0.680399 0.634992
vt 0.567314 0.634992
vt 0.680399 0.615697
vt 0.684513 0.618454
vt 0.680399 0.618454
vt 0.680399 0.612941
vt 0.684513 0.615697
vt 0.688627 0.615697
vt 0.684513 0.643261
vt 0.680399 0.646017
vt 0.680399 0.643261
vt 0.684513 0.640504
vt 0.680399 0.640504
vt 0.684513 0.637748
vt 0.680399 0.637748
vt 0.684513 0.634992
vt 0.684513 0.632236
vt 0.680399 0.632236
vt 0.684513 0.629479
vt 0.680399 0.629479
vt 0.680399 0.626722
vt 0.680399 0.623966
vt 0.684513 0.626722
vt 0.684513 0.621209
vt 0.680399 0.621209
vt 0.688627 0.612941
vt 0.684513 0.612941
vt 0.684513 0.623966
vt 0.688627 0.646017
vt 0.684513 0.646017
vt 0.688627 0.643261
vt 0.688627 0.640504
vt 0.688627 0.637748
vt 0.688627 0.634992
vt 0.688627 0.632236
vt 0.688627 0.626722
vt 0.688627 0.623966
vt 0.688627 0.618454
vt 0.688627 0.621209
vt 0.690767 0.618454
vt 0.690767 0.615697
vt 0.690767 0.612941
vt 0.690767 0.646017
vt 0.690767 0.643261
vt 0.690767 0.640503
vt 0.690767 0.637748
vt 0.690767 0.632236
vt 0.690767 0.629479
vt 0.688627 0.629479
vt 0.690767 0.626722
vt 0.690767 0.621209
vt 0.571414 0.733971
vt 0.577004 0.736801
vt 0.571414 0.736801
vt 0.588184 0.733971
vt 0.593764 0.736801
vt 0.588184 0.736801
vt 0.543464 0.733971
vt 0.537884 0.736801
vt 0.537884 0.733971
vt 0.560234 0.733971
vt 0.554644 0.736801
vt 0.554644 0.733971
vt 0.593764 0.733971
vt 0.599354 0.736801
vt 0.549054 0.733971
vt 0.543464 0.736801
vt 0.606657 0.984933
vt 0.610297 0.991263
vt 0.610297 0.984933
vt 0.603007 0.984933
vt 0.606657 0.991263
vt 0.599367 0.984933
vt 0.603007 0.991263
vt 0.639467 0.991263
vt 0.643107 0.984933
vt 0.639467 0.984933
vt 0.635817 0.991263
vt 0.635817 0.984933
vt 0.632177 0.991263
vt 0.632177 0.984933
vt 0.628527 0.991263
vt 0.628527 0.984933
vt 0.624887 0.991263
vt 0.624887 0.984933
vt 0.621237 0.991263
vt 0.621237 0.984933
vt 0.617587 0.984933
vt 0.613947 0.984933
vt 0.617587 0.991263
vt 0.613947 0.991263
vt 0.565824 0.736801
vt 0.565824 0.733971
vt 0.582594 0.733971
vt 0.582594 0.736801
vt 0.549054 0.736801
vt 0.599354 0.733971
vt 0.604944 0.736801
vt 0.577004 0.733971
vt 0.560234 0.736801
vt 0.567314 0.626722
vt 0.567314 0.623966
vt 0.567314 0.621209
vt 0.567314 0.618454
vt 0.567314 0.615697
vt 0.567314 0.612941
vt 0.567314 0.643261
vt 0.567314 0.646017
vt 0.567314 0.640503
vt 0.567314 0.637748
vt 0.567314 0.629479
vt 0.646964 0.889643
vt 0.652074 0.891163
vt 0.646964 0.891163
vt 0.641864 0.891163
vt 0.641864 0.889643
vt 0.595914 0.889643
vt 0.601014 0.891163
vt 0.595914 0.891163
vt 0.590804 0.889643
vt 0.590804 0.891163
vt 0.606124 0.889643
vt 0.611224 0.891163
vt 0.606124 0.891163
vt 0.604944 0.733971
vt 0.601014 0.889643
vt 0.643107 0.991263
vt 0.599367 0.991263
vt 0.636754 0.889643
vt 0.631654 0.891163
vt 0.631654 0.889643
vt 0.636754 0.891163
vt 0.626544 0.889643
vt 0.621444 0.891163
vt 0.621444 0.889643
vt 0.626544 0.891163
vt 0.611224 0.889643
vt 0.616334 0.891163
vt 0.616334 0.889643
vt 0.652074 0.889643
vt 0.605266 0.469993
vt 0.608058 0.480413
vt 0.602473 0.480413
vt 0.067558 0.410955
vt 0.062773 0.372762
vt 0.067558 0.372762
vt 0.615688 0.467199
vt 0.615688 0.472784
vt 0.597637 0.477621
vt 0.062773 0.410955
vt 0.057987 0.372762
vt 0.594844 0.472784
vt 0.594844 0.467199
vt 0.602473 0.459570
vt 0.608058 0.459570
vt 0.612895 0.462363
vt 0.060017 0.628918
vt 0.021797 0.633698
vt 0.021797 0.628918
vt 0.060017 0.624128
vt 0.021797 0.619338
vt 0.060007 0.619338
vt 0.021797 0.624128
vt 0.072343 0.372762
vt 0.072343 0.410955
vt 0.077128 0.410955
vt 0.081913 0.372762
vt 0.081913 0.410955
vt 0.077128 0.372762
vt 0.597637 0.462363
vt 0.612896 0.477621
vt 0.057988 0.410955
vt 0.053203 0.372762
vt 0.060017 0.633698
vt 0.748873 0.007331
vt 0.725591 0.846430
vt 0.725591 0.007331
vt 0.809482 0.598791
vt 0.833601 0.359145
vt 0.833601 0.598791
vt 0.958511 0.856460
vt 0.728132 0.020788
vt 0.958511 0.020788
vt 0.937984 0.530503
vt 0.913875 0.770054
vt 0.913874 0.530503
vt 0.964937 0.856460
vt 0.988124 0.020788
vt 0.988124 0.856460
vt 0.748873 0.846430
vt 0.752099 0.846430
vt 0.748873 0.849656
vt 0.961724 0.856460
vt 0.964937 0.859673
vt 0.752099 0.007331
vt 0.748873 0.004105
vt 0.806140 0.598791
vt 0.809482 0.602134
vt 0.937984 0.527162
vt 0.913875 0.527162
vt 0.941326 0.770054
vt 0.941325 0.530503
vt 0.913875 0.773394
vt 0.937985 0.770054
vt 0.937984 0.773394
vt 0.806140 0.359144
vt 0.833602 0.355802
vt 0.809482 0.359144
vt 0.809482 0.355802
vt 0.256181 0.384492
vt 0.229050 0.388645
vt 0.229050 0.384492
vt 0.315479 0.388645
vt 0.288348 0.384492
vt 0.315479 0.384492
vt 0.404426 0.388644
vt 0.377294 0.384492
vt 0.404426 0.384492
vt 0.345128 0.388644
vt 0.317996 0.384492
vt 0.345128 0.384492
vt 0.374777 0.388644
vt 0.347645 0.384492
vt 0.374777 0.384492
vt 0.285830 0.388645
vt 0.258699 0.384492
vt 0.285830 0.384492
vt 0.463724 0.388644
vt 0.436592 0.384492
vt 0.463723 0.384492
vt 0.288348 0.388645
vt 0.258699 0.388645
vt 0.377294 0.388644
vt 0.347645 0.388644
vt 0.434075 0.388644
vt 0.434075 0.384492
vt 0.226532 0.384492
vt 0.406943 0.388644
vt 0.406943 0.384492
vt 0.317996 0.388645
vt 0.293443 0.734553
vt 0.204499 0.734553
vt 0.439165 0.734553
vt 0.215645 0.883685
vt 0.294216 0.883685
vt 0.189456 0.883685
vt 0.396350 0.883685
vt 0.350221 0.734553
vt -0.030414 0.376167
vt 0.806989 1.118371
vt -0.121091 0.376233
vt -0.211675 -0.135896
vt -0.302257 0.376233
vt -0.415605 0.376142
vt -0.574290 0.375877
vt 0.701657 1.118371
vt 0.150942 0.375878
vt 0.691853 0.569590
vt 0.503978 1.177610
vt 0.670431 1.177611
vt 0.082933 0.376010
vt -0.211678 0.376259
vt -0.086730 1.047872
vt 0.622873 1.177611
vt 0.166577 0.378740
vt 0.451301 1.106542
vt -0.574300 0.743758
vt -0.424702 0.748906
vt 0.304453 0.306678
vt 0.797401 0.231754
vt 0.403043 0.306678
vt 0.498617 0.323744
vt 0.697843 0.323745
vt 0.580504 0.306678
vt 0.598231 0.323745
vt 0.679094 0.306678
vt 0.186145 0.306678
vt 0.343889 0.306678
vt 0.299394 0.323744
vt 0.232985 0.323744
vt 0.365801 0.323744
vt 0.527555 0.550676
vt 0.591851 0.550633
vt 0.511154 0.550472
vt 0.608251 0.550436
vt 0.460654 0.549189
vt 0.477048 0.549701
vt 0.543957 0.550782
vt 0.346888 -0.664264
vt 0.477557 1.158357
vt 0.392226 -0.664298
vt 0.437564 -0.664319
vt 0.528098 -0.152203
vt 0.618631 -0.664318
vt 0.731975 -0.664240
vt 0.890659 -0.663995
vt 0.769264 1.181609
vt 0.165535 -0.663996
vt 0.314169 1.158356
vt 0.233542 -0.664120
vt 0.528100 -0.664341
vt 0.624701 1.043757
vt 0.686059 1.181609
vt 0.336812 1.103745
vt 0.186993 1.103745
vt 0.166238 0.206324
vt 0.977353 0.935758
vt 0.910817 0.940905
vt 0.983414 0.717927
vt 1.408559 0.519746
vt 1.165620 0.748972
vt 0.840329 0.751523
vt 0.383162 0.139753
vt 0.797287 0.139753
vt 0.718406 0.139753
vt -0.175861 0.395745
vt 0.619805 0.139753
vt -0.242269 0.395745
vt -0.474700 0.395745
vt -0.043043 0.395745
vt 0.442323 0.139753
vt 0.343721 0.139752
vt 0.245119 0.139752
vt -0.076248 0.395745
vt 0.166238 0.139753
vt 0.309781 0.826743
vt 0.245490 0.825657
vt 0.326185 0.826805
vt 0.229092 0.825195
vt 0.376704 0.826339
vt 0.360303 0.826585
vt 0.293378 0.826582
vt -0.030409 -0.151816
vt 0.610230 1.155742
vt -0.121087 -0.151749
vt -0.211670 -0.663879
vt 0.464571 1.175752
vt -0.302253 -0.151750
vt -0.415599 -0.151843
vt -0.574285 -0.152107
vt -0.076836 1.106553
vt 0.310154 1.175752
vt 0.150946 -0.152105
vt 0.963402 0.829590
vt 0.357667 1.175752
vt 0.082937 -0.151973
vt -0.211673 -0.151724
vt 0.640338 1.043756
vt 0.428936 1.175752
vt -0.027417 0.401672
vt 0.109039 1.106553
vt 0.741214 0.828888
vt 0.591094 0.823750
vt 1.096302 0.124745
vt 1.128913 -0.811673
vt 1.021368 -0.368259
vt 1.096302 0.026144
vt 0.155207 0.395742
vt 0.072196 0.395742
vt 0.420845 0.395742
vt 1.096302 0.183906
vt 0.005787 0.395742
vt 1.096302 -0.328819
vt 0.271423 0.395742
vt 0.205014 0.395742
vt 1.096302 -0.249938
vt 0.470652 0.395742
vt 1.096302 0.085305
vt 1.096302 -0.171057
vt 0.105400 0.395742
vt 1.127712 0.810676
vt 1.063412 0.810632
vt 1.144113 0.810471
vt 1.047009 0.810434
vt 1.194618 0.809189
vt 1.178223 0.809701
vt 1.111309 0.810782
vt 1.221633 0.867758
vt 1.385942 0.799363
vt 1.377072 -0.519292
vt 0.926803 0.907355
vt 1.238126 0.996578
vt -0.408845 1.049877
vt 0.758028 0.823741
vt 0.922320 0.829878
vt -0.573089 1.043744
vt 1.099588 0.991745
vt 1.115420 -0.380245
vt 0.488861 0.457110
vt 0.488858 0.503865
vt 0.238230 0.183719
vt 0.240286 0.109215
vt 0.296529 0.209777
vt 0.417804 0.211007
vt 0.418988 0.213977
vt 0.417804 0.283841
vt 0.296529 0.285071
vt 0.293671 0.283840
vt 0.292488 0.280872
vt 0.292488 0.213976
vt 0.293671 0.211007
vt 0.288725 0.093852
vt 0.253900 0.284644
vt 0.097461 0.880283
vt 0.746427 0.027991
vt 0.940364 0.790322
vt 0.773514 0.836943
vt 0.254291 0.530415
vt 0.377184 0.498511
vt 0.389724 0.493321
vt 0.084355 0.060803
vt 0.093855 0.206465
vt 0.057267 0.066799
vt 0.628970 0.183403
vt 0.658759 0.452426
vt 0.581282 0.407071
vt 0.537238 0.300988
vt 0.547347 0.298969
vt 0.592344 0.307197
vt 0.023985 0.508006
vt 0.060071 0.954427
vt 0.093994 0.455265
vt 0.666471 0.545015
vt 0.885475 0.027530
vt 0.802718 0.068464
vt 0.435991 0.477265
vt 0.174268 0.597408
vt 0.690767 0.634992
vt 0.690767 0.623966
vt 0.053203 0.410955
vt 0.728132 0.856460
vt 0.964936 0.020788
vt 0.833602 0.602134
vt 0.256181 0.388645
vt 0.436592 0.388644
vt 0.226532 0.388645
s 1
usemtl Material_1
f 452/129/29 211/130/30 209/131/31
f 428/132/32 129/133/33 206/134/33
f 456/135/34 214/136/35 211/130/30
f 536/137/36 219/138/37 216/139/38
f 130/140/39 227/141/40 132/142/41
f 220/143/42 470/144/43 223/145/44
f 550/146/2 133/147/2 131/148/2
f 475/149/45 229/150/46 225/151/47
f 131/152/48 238/153/49 222/154/50
f 481/155/51 483/156/52 164/157/53
f 132/142/41 245/158/54 134/159/55
f 243/160/56 163/161/57 499/162/58
f 176/163/59 232/164/60 173/165/61
f 173/165/61 164/157/53 168/166/62
f 240/167/63 180/168/64 182/169/65
f 245/170/66 254/171/67 259/172/67
f 499/162/58 246/173/68 243/160/56
f 506/174/69 250/175/70 249/176/71
f 134/159/55 259/177/72 136/178/73
f 512/179/74 255/180/75 252/181/76
f 559/182/2 137/183/2 557/184/2
f 258/185/77 529/186/78 260/187/79
f 254/171/67 277/188/80 259/172/67
f 533/189/81 264/190/82 262/191/83
f 136/178/73 277/192/84 138/193/85
f 518/194/86 266/195/87 264/190/82
f 522/196/88 268/197/89 266/195/87
f 525/198/90 272/199/91 268/197/89
f 188/200/92 556/201/93 186/202/94
f 441/203/95 204/204/96 202/205/97
f 174/206/98 551/207/99 548/208/100
f 564/209/2 143/210/2 563/211/2
f 138/193/85 291/212/101 140/213/102
f 429/214/103 370/215/104 373/216/105
f 319/217/106 390/218/107 316/219/108
f 549/220/2 131/148/2 129/221/2
f 298/222/109 375/223/110 372/224/111
f 541/225/112 201/226/113 272/199/91
f 276/227/114 347/228/115 274/229/116
f 567/230/2 150/231/2 147/232/2
f 301/233/117 376/234/118 375/223/110
f 333/235/119 408/236/120 406/237/121
f 141/238/122 320/239/123 302/240/124
f 335/241/125 410/242/126 408/236/120
f 306/243/127 380/244/128 378/245/129
f 336/246/130 353/247/131 341/248/130
f 307/249/132 384/250/133 380/244/128
f 343/251/134 413/252/135 340/253/136
f 142/254/137 323/255/138 144/256/139
f 278/257/140 349/258/141 276/227/114
f 341/259/142 149/260/143 146/261/142
f 313/262/144 388/263/145 386/264/146
f 285/265/147 356/266/148 283/267/149
f 177/268/150 568/269/151 566/270/152
f 315/271/153 390/218/107 388/263/145
f 192/272/154 558/273/155 188/200/92
f 562/274/156 181/275/157 565/276/158
f 286/277/159 309/278/160 291/279/159
f 322/280/161 393/281/162 319/217/106
f 293/282/163 362/283/164 290/284/165
f 281/285/166 356/266/148 355/286/167
f 320/287/168 341/248/130 323/288/168
f 140/213/102 309/289/169 142/254/137
f 144/256/139 341/259/142 146/261/142
f 297/290/170 367/291/171 295/292/172
f 326/293/173 401/294/174 399/295/175
f 298/222/109 369/296/176 297/290/170
f 329/297/177 405/298/178 401/294/174
f 201/299/113 441/203/95 202/205/97
f 432/300/179 381/301/180 383/302/181
f 353/303/182 152/304/183 149/305/143
f 426/306/184 368/307/185 427/308/186
f 431/309/187 377/310/188 379/311/189
f 172/312/190 570/313/191 568/269/151
f 433/314/192 387/315/193 389/316/194
f 431/309/187 374/317/195 377/310/188
f 371/318/196 382/319/197 385/320/197
f 436/321/198 400/322/199 402/323/200
f 371/324/201 154/325/202 152/304/183
f 434/326/203 391/327/204 392/328/205
f 169/329/206 572/330/207 570/331/191
f 420/332/208 416/333/209 418/334/210
f 420/332/208 350/335/211 421/336/212
f 382/337/213 155/338/214 396/339/215
f 385/340/216 156/341/217 154/325/202
f 437/342/218 409/343/219 438/344/220
f 438/344/220 409/343/219 411/345/221
f 170/346/222 572/330/207 165/347/223
f 439/348/224 412/349/225 416/333/209
f 403/350/226 414/351/227 417/352/227
f 437/342/218 404/353/228 407/354/229
f 436/321/198 398/355/230 400/322/199
f 403/356/231 158/357/232 156/341/217
f 424/358/233 357/359/234 359/360/235
f 167/361/236 574/362/237 170/346/222
f 421/336/212 350/335/211 352/363/238
f 420/332/208 418/334/210 346/364/239
f 414/351/227 425/365/240 417/352/227
f 417/366/241 160/367/242 158/357/232
f 348/368/131 371/318/196 353/247/131
f 148/369/243 420/370/243 421/371/243
f 576/372/244 178/373/245 579/374/246
f 148/369/243 422/375/243 424/376/243
f 423/377/247 161/378/248 428/132/32
f 148/369/243 424/376/243 426/379/243
f 425/380/249 162/381/250 160/367/242
f 148/369/243 426/379/243 427/382/243
f 148/369/243 427/382/243 429/383/243
f 148/369/243 429/383/243 431/384/243
f 148/369/243 431/384/243 432/385/243
f 148/369/243 432/385/243 433/386/243
f 148/369/243 433/386/243 434/387/243
f 148/369/243 434/387/243 435/388/243
f 148/369/243 435/388/243 436/389/243
f 148/369/243 436/389/243 437/390/243
f 148/369/243 437/390/243 438/391/243
f 148/369/243 438/391/243 439/392/243
f 148/369/243 439/392/243 420/370/243
f 246/173/68 506/174/69 249/176/71
f 148/369/243 421/371/243 422/375/243
f 229/150/46 481/155/51 230/393/251
f 252/181/76 508/394/252 512/179/74
f 208/395/253 452/129/29 209/131/31
f 219/138/37 467/396/254 220/143/42
f 175/397/255 492/398/256 185/399/257
f 223/145/44 475/149/45 225/151/47
f 514/400/258 258/185/77 255/180/75
f 185/399/257 494/401/259 193/402/260
f 271/403/261 342/404/262 269/405/263
f 287/406/264 358/407/265 285/265/147
f 180/168/64 234/408/266 176/163/59
f 242/409/267 312/410/268 239/411/269
f 239/411/269 310/412/270 237/413/271
f 235/414/272 310/412/270 308/415/273
f 235/414/272 305/416/274 233/417/275
f 427/308/186 368/307/185 370/215/104
f 539/418/276 175/397/255 179/419/277
f 435/420/278 395/421/279 398/355/230
f 164/157/53 166/422/280 171/423/281
f 331/424/282 406/237/121 405/298/178
f 549/220/2 161/425/2 578/426/2
f 553/427/2 135/428/2 133/147/2
f 554/429/2 137/430/2 135/428/2
f 560/431/2 139/432/2 559/182/2
f 183/433/283 561/434/284 192/272/154
f 563/211/2 141/435/2 560/431/2
f 181/275/157 566/270/152 565/276/158
f 564/209/2 147/232/2 145/436/2
f 569/437/2 153/438/2 150/231/2
f 571/439/2 155/440/2 153/438/2
f 575/441/2 155/440/2 573/442/2
f 577/443/2 157/444/2 575/441/2
f 578/426/2 159/445/2 577/443/2
f 184/446/285 552/447/286 551/207/99
f 428/448/287 213/449/288 430/450/287
f 227/451/289 238/452/66 245/170/66
f 241/453/290 182/169/65 191/454/291
f 529/186/78 262/191/83 260/187/79
f 344/455/292 347/456/115 419/457/293
f 290/284/165 360/458/294 287/406/264
f 302/459/160 323/288/168 309/278/160
f 325/460/295 394/461/296 322/280/161
f 340/253/136 410/242/126 337/462/297
f 424/358/233 359/360/235 361/463/298
f 434/326/203 395/421/279 435/420/278
f 385/320/197 396/464/226 403/465/226
f 426/306/184 363/466/299 364/467/300
f 426/306/184 361/463/298 363/466/299
f 423/468/240 430/450/287 425/365/240
f 129/469/33 222/154/50 206/470/33
f 133/471/301 254/472/302 238/153/49
f 135/473/303 270/474/304 254/472/302
f 137/475/305 286/476/306 270/474/304
f 139/477/307 302/240/124 286/476/306
f 306/243/127 376/234/118 304/478/308
f 143/479/309 336/480/310 320/239/123
f 336/480/310 147/481/311 348/482/312
f 348/482/312 150/483/313 366/484/314
f 366/484/314 153/485/315 382/337/213
f 436/321/198 404/353/228 437/342/218
f 396/339/215 157/486/316 414/487/317
f 414/487/317 159/488/318 423/377/247
f 213/449/288 222/489/289 227/451/289
f 130/490/2 132/491/2 151/492/2
f 132/491/2 134/493/2 151/492/2
f 134/493/2 136/494/2 151/492/2
f 136/494/2 138/495/2 151/492/2
f 138/495/2 140/496/2 151/492/2
f 140/496/2 142/497/2 151/492/2
f 142/497/2 144/498/2 151/492/2
f 144/498/2 146/499/2 151/492/2
f 146/499/2 149/500/2 151/492/2
f 149/500/2 152/501/2 151/492/2
f 152/501/2 154/502/2 151/492/2
f 154/502/2 156/503/2 151/492/2
f 156/503/2 158/504/2 151/492/2
f 158/504/2 160/505/2 151/492/2
f 160/505/2 162/506/2 151/492/2
f 162/506/2 130/490/2 151/492/2
f 421/336/212 354/507/319 422/508/320
f 430/509/321 130/140/39 162/381/250
f 458/510/322 216/139/38 214/136/35
f 281/285/166 351/511/323 278/257/140
f 295/292/172 365/512/324 293/282/163
f 313/262/144 384/250/133 311/513/325
f 325/460/295 399/295/175 397/514/326
f 344/455/292 415/515/327 343/251/134
f 434/326/203 389/316/194 391/327/204
f 433/314/192 383/302/181 387/315/193
f 422/508/320 354/507/319 357/359/234
f 429/214/103 373/216/105 374/317/195
f 193/402/260 163/161/57 189/516/328
f 194/517/329 555/518/330 552/447/286
f 257/519/331 328/520/332 256/521/333
f 226/522/334 296/523/335 224/524/336
f 265/525/337 334/526/338 263/527/339
f 221/528/340 292/529/341 218/530/342
f 205/531/343 280/532/344 279/533/345
f 244/534/346 318/535/347 317/536/348
f 215/537/349 284/538/350 212/539/351
f 233/417/275 303/540/352 231/541/353
f 257/519/331 332/542/354 330/543/355
f 228/544/356 299/545/357 226/522/334
f 265/525/337 339/546/358 338/547/359
f 253/548/360 324/549/361 251/550/362
f 263/527/339 332/542/354 261/551/363
f 210/552/364 280/532/344 207/553/365
f 248/554/366 318/535/347 247/555/367
f 217/556/368 288/557/369 215/537/349
f 253/548/360 328/520/332 327/558/370
f 271/403/261 273/559/371 345/560/372
f 228/544/356 303/540/352 300/561/373
f 269/405/263 339/546/358 267/562/374
f 203/563/375 273/564/371 200/565/376
f 221/528/340 296/523/335 294/566/377
f 248/554/366 324/549/361 321/567/378
f 217/556/368 292/529/341 289/568/379
f 203/563/375 279/533/345 275/569/380
f 163/161/57 191/454/291 187/570/381
f 210/552/364 284/538/350 282/571/382
f 270/572/80 291/279/159 277/188/80
f 244/534/346 314/573/383 242/409/267
f 439/348/224 411/345/221 412/349/225
f 187/574/381 186/575/94 163/576/57
f 189/577/328 186/575/94 190/578/384
f 168/579/62 165/580/223 169/581/206
f 165/580/223 171/582/281 170/583/222
f 184/584/285 175/585/255 185/586/257
f 173/587/61 169/581/206 172/588/190
f 193/589/260 190/578/384 194/590/329
f 191/591/291 188/592/92 187/593/381
f 182/594/65 192/595/154 191/591/291
f 183/596/283 180/597/64 181/598/157
f 177/599/150 180/597/64 176/600/59
f 178/601/245 175/585/255 174/602/98
f 167/603/236 179/604/277 178/601/245
f 172/588/190 176/600/59 173/587/61
f 194/590/329 185/586/257 193/589/260
f 190/605/384 556/201/93 555/518/330
f 483/156/52 179/419/277 166/422/280
f 250/606/70 248/554/366 249/607/71
f 261/551/363 258/608/77 260/609/79
f 203/563/375 201/610/113 202/611/97
f 221/528/340 219/612/37 220/613/42
f 329/614/177 327/558/370 328/520/332
f 281/615/166 279/533/345 280/532/344
f 289/568/379 287/616/264 288/557/369
f 356/266/148 354/617/319 355/286/167
f 367/291/171 364/618/300 365/512/324
f 195/619/385 519/620/386 532/621/387
f 519/620/386 531/622/388 532/621/387
f 531/622/388 534/623/389 530/624/390
f 530/624/390 533/625/81 529/626/78
f 535/627/391 462/628/392 459/629/393
f 464/630/394 461/631/395 462/628/392
f 465/632/396 460/633/397 461/631/395
f 537/634/398 458/635/322 460/633/397
f 538/636/399 486/637/400 198/638/401
f 488/639/402 485/640/403 486/637/400
f 489/641/404 484/642/405 485/640/403
f 540/643/406 483/644/52 484/642/405
f 505/645/407 515/646/408 511/647/409
f 511/647/409 516/648/410 510/649/411
f 516/648/410 509/650/412 510/649/411
f 513/651/413 508/652/252 509/650/412
f 523/653/414 542/654/415 528/655/416
f 528/655/416 543/656/417 527/657/418
f 527/657/418 544/658/419 526/659/420
f 544/658/419 525/660/90 526/659/420
f 230/661/251 228/544/356 229/662/46
f 272/663/91 200/664/376 271/403/261
f 212/539/351 209/665/31 211/666/30
f 224/524/336 220/613/42 223/667/44
f 311/668/325 308/415/273 310/412/270
f 339/546/358 337/669/297 338/547/359
f 293/670/163 289/568/379 292/529/341
f 300/561/373 298/671/109 299/545/357
f 377/672/188 375/223/110 376/234/118
f 387/673/193 384/250/133 386/264/146
f 398/674/230 394/461/296 397/514/326
f 406/237/121 404/675/228 405/298/178
f 350/676/211 347/228/115 349/258/141
f 358/407/265 357/677/234 356/266/148
f 465/632/396 466/678/421 537/634/398
f 466/678/421 536/679/36 537/634/398
f 489/641/404 490/680/422 540/643/406
f 490/680/422 539/681/276 540/643/406
f 516/648/410 517/682/423 513/651/413
f 513/651/413 514/683/258 512/684/74
f 541/685/112 444/686/424 443/687/425
f 444/686/424 544/658/419 543/656/417
f 232/688/60 231/541/353 230/661/251
f 241/689/290 239/411/269 240/690/63
f 214/691/35 212/539/351 211/666/30
f 244/534/346 241/689/290 243/692/56
f 321/567/378 319/693/106 318/535/347
f 330/543/355 329/614/177 328/520/332
f 283/694/149 280/532/344 282/571/382
f 304/695/308 300/561/373 303/540/352
f 418/696/210 347/456/115 346/697/239
f 416/698/209 419/457/293 418/696/210
f 360/458/294 359/699/235 358/407/265
f 441/700/95 444/686/424 442/701/426
f 442/701/426 543/656/417 447/702/427
f 543/656/417 446/703/428 447/702/427
f 446/703/428 197/704/429 440/705/430
f 447/702/427 448/706/431 442/701/426
f 448/706/431 441/700/95 442/701/426
f 538/636/399 495/707/432 488/639/402
f 488/639/402 496/708/433 489/641/404
f 489/641/404 493/709/434 490/680/422
f 490/680/422 492/710/256 487/711/435
f 195/619/385 515/646/408 199/712/436
f 532/621/387 516/648/410 515/646/408
f 516/648/410 546/713/437 517/682/423
f 517/682/423 545/714/438 514/683/258
f 252/715/76 251/550/362 250/606/70
f 369/296/176 368/716/185 367/291/171
f 263/527/339 260/609/79 262/717/83
f 205/531/343 202/611/97 204/718/96
f 235/414/272 232/688/60 234/719/266
f 313/720/144 310/412/270 312/410/268
f 342/404/262 340/721/136 339/546/358
f 285/722/147 282/571/382 284/538/350
f 496/708/433 497/723/439 493/709/434
f 493/709/434 494/724/259 492/710/256
f 315/725/153 312/410/268 314/573/383
f 379/726/189 376/234/118 378/245/129
f 389/727/194 386/264/146 388/263/145
f 408/236/120 407/728/229 406/237/121
f 381/729/180 378/245/129 380/244/128
f 390/218/107 389/727/194 388/263/145
f 472/730/440 473/731/441 469/732/442
f 473/731/441 467/733/254 469/732/442
f 531/622/388 530/624/390 546/713/437
f 546/713/437 529/626/78 545/714/438
f 256/521/333 252/715/76 255/734/75
f 265/525/337 262/717/83 264/735/82
f 208/736/253 205/531/343 204/718/96
f 217/556/368 214/691/35 216/737/38
f 332/542/354 331/738/282 330/543/355
f 344/739/292 273/559/371 274/740/116
f 275/569/380 274/741/116 273/564/371
f 400/742/199 397/514/326 399/295/175
f 351/511/323 350/676/211 349/258/141
f 372/224/111 370/743/104 369/296/176
f 440/705/430 453/744/443 446/703/428
f 446/703/428 454/745/444 447/702/427
f 454/745/444 448/706/431 447/702/427
f 451/746/445 445/747/446 448/706/431
f 468/748/447 478/749/448 471/750/449
f 471/750/449 479/751/450 472/730/440
f 472/730/440 476/752/451 473/731/441
f 476/752/451 470/753/43 473/731/441
f 491/754/452 502/755/453 495/707/432
f 495/707/432 503/756/454 496/708/433
f 503/756/454 497/723/439 496/708/433
f 500/757/455 494/724/259 497/723/439
f 226/522/334 223/667/44 225/758/47
f 247/555/367 243/692/56 246/759/68
f 219/612/37 217/556/368 216/737/38
f 237/413/271 234/719/266 236/760/456
f 294/566/377 293/670/163 292/529/341
f 325/761/295 321/567/378 324/549/361
f 335/762/125 332/542/354 334/526/338
f 343/763/134 345/560/372 344/739/292
f 288/557/369 285/722/147 284/538/350
f 297/764/170 294/566/377 296/523/335
f 401/294/174 400/742/199 399/295/175
f 410/242/126 409/765/219 408/236/120
f 355/286/167 352/766/238 351/511/323
f 363/767/299 360/458/294 362/283/164
f 454/745/444 455/768/457 451/746/445
f 455/768/457 450/769/458 451/746/445
f 479/751/450 480/770/459 476/752/451
f 480/770/459 475/771/45 476/752/451
f 468/748/447 464/630/394 535/627/391
f 471/750/449 465/632/396 464/630/394
f 472/730/440 466/678/421 465/632/396
f 469/732/442 463/772/460 466/678/421
f 503/756/454 504/773/461 500/757/455
f 500/757/455 501/774/462 499/775/58
f 520/776/463 521/777/464 534/623/389
f 534/623/389 518/778/86 533/625/81
f 527/657/418 526/659/420 524/779/465
f 524/779/465 525/660/90 522/780/88
f 267/562/374 264/735/82 266/781/87
f 229/662/46 226/522/334 225/758/47
f 240/690/63 237/413/271 236/760/456
f 306/782/127 303/540/352 305/416/274
f 317/536/348 315/725/153 314/573/383
f 299/545/357 297/764/170 296/523/335
f 278/783/140 275/569/380 279/533/345
f 383/784/181 380/244/128 384/250/133
f 393/281/162 391/785/204 390/218/107
f 412/786/225 410/242/126 413/252/135
f 364/618/300 362/283/164 365/512/324
f 375/223/110 373/787/105 372/224/111
f 449/788/466 462/628/392 453/744/443
f 462/628/392 454/745/444 453/744/443
f 454/745/444 457/789/467 455/768/457
f 457/789/467 452/790/29 455/768/457
f 474/791/468 486/637/400 478/749/448
f 478/749/448 485/640/403 479/751/450
f 485/640/403 480/770/459 479/751/450
f 482/792/469 477/793/470 480/770/459
f 505/645/407 502/755/453 498/794/471
f 502/755/453 510/649/411 503/756/454
f 503/756/454 507/795/472 504/773/461
f 504/773/461 506/796/69 501/774/462
f 523/653/414 519/620/386 196/797/473
f 528/655/416 520/776/463 519/620/386
f 527/657/418 521/777/464 520/776/463
f 521/777/464 522/780/88 518/778/86
f 307/798/132 305/416/274 308/415/273
f 249/607/71 247/555/367 246/759/68
f 258/608/77 256/521/333 255/734/75
f 269/405/263 266/781/87 268/799/89
f 271/403/261 268/799/89 272/663/91
f 326/800/173 324/549/361 327/558/370
f 337/669/297 334/526/338 338/547/359
f 416/698/209 413/252/135 415/515/327
f 404/675/228 401/294/174 405/298/178
f 395/801/279 393/281/162 394/461/296
f 461/631/395 460/633/397 457/789/467
f 460/633/397 456/802/34 457/789/467
f 485/640/403 484/642/405 482/792/469
f 482/792/469 483/644/52 481/803/51
f 510/649/411 509/650/412 507/795/472
f 509/650/412 506/796/69 507/795/472
f 209/665/31 207/553/365 208/736/253
f 318/535/347 316/804/108 317/536/348
f 170/583/222 166/805/280 167/603/236
f 432/300/179 379/311/189 381/301/180
f 445/806/446 208/395/253 204/204/96
f 535/627/391 459/629/393 547/807/474
f 468/748/447 535/627/391 547/807/474
f 505/645/407 498/794/471 547/807/474
f 498/794/471 491/754/452 547/807/474
f 196/797/473 195/619/385 547/807/474
f 197/704/429 523/653/414 547/807/474
f 440/705/430 197/704/429 547/807/474
f 198/638/401 474/791/468 547/807/474
f 474/791/468 468/748/447 547/807/474
f 195/619/385 199/712/436 547/807/474
f 449/788/466 440/705/430 547/807/474
f 199/712/436 505/645/407 547/807/474
f 538/636/399 198/638/401 547/807/474
f 491/754/452 538/636/399 547/807/474
f 523/653/414 196/797/473 547/807/474
f 459/629/393 449/788/466 547/807/474
f 553/808/2 551/207/475 552/447/476
f 555/518/477 557/809/2 554/810/2
f 558/273/478 557/811/2 556/201/479
f 579/374/480 549/812/2 578/813/2
f 561/434/481 563/814/2 560/815/2
f 550/816/2 548/208/482 551/207/475
f 565/276/483 567/817/2 564/818/2
f 566/270/484 569/819/2 567/820/2
f 561/434/481 559/821/2 558/273/478
f 562/274/485 564/822/2 563/823/2
f 568/269/486 571/824/2 569/825/2
f 570/331/487 573/826/2 571/827/2
f 574/362/488 573/828/2 572/330/489
f 576/372/490 575/829/2 574/362/488
f 576/372/490 578/830/2 577/831/2
f 554/832/2 552/447/476 555/518/477
f 579/374/246 174/206/98 548/208/100
f 909/833/29 662/834/30 660/835/31
f 879/836/491 580/837/33 657/838/33
f 913/839/34 665/840/35 662/834/30
f 1013/841/36 670/842/37 667/843/38
f 581/844/492 678/845/40 583/846/41
f 926/847/254 674/848/44 671/849/42
f 1081/850/2 584/851/2 582/852/2
f 936/853/45 680/854/46 676/855/47
f 582/856/48 689/857/49 673/858/50
f 944/859/493 948/860/494 615/861/495
f 583/846/41 696/862/54 585/863/55
f 694/864/496 614/865/497 966/866/498
f 627/867/499 683/868/500 624/869/501
f 624/869/501 615/861/495 619/870/502
f 691/871/503 631/872/504 633/873/505
f 689/874/66 710/875/67 696/876/66
f 966/866/498 697/877/68 694/864/496
f 975/878/69 701/879/70 700/880/71
f 585/863/55 710/881/72 587/882/73
f 983/883/74 706/884/75 703/885/76
f 1090/886/2 588/887/2 1088/888/2
f 709/889/77 1004/890/78 711/891/79
f 705/892/67 728/893/80 710/875/67
f 1008/894/81 715/895/82 713/896/83
f 587/882/73 728/897/84 589/898/85
f 991/899/86 717/900/87 715/895/82
f 995/901/88 719/902/89 717/900/87
f 1000/903/90 723/904/91 719/902/89
f 639/905/92 1087/906/93 637/907/94
f 892/908/95 655/909/96 653/910/97
f 625/911/98 1082/912/506 1079/913/507
f 1095/914/2 594/915/2 1094/916/2
f 589/898/85 742/917/101 591/918/102
f 878/919/508 824/920/105 880/921/509
f 770/922/106 841/923/107 767/924/108
f 1080/925/2 582/852/2 580/926/2
f 749/927/109 826/928/110 823/929/111
f 1022/930/112 652/931/510 723/904/91
f 727/932/114 798/933/115 725/934/116
f 1098/935/2 601/936/2 598/937/2
f 752/938/117 827/939/118 826/928/110
f 786/940/125 857/941/121 784/942/119
f 592/943/122 771/944/123 753/945/124
f 786/940/125 861/946/126 859/947/120
f 757/948/127 831/949/128 829/950/129
f 787/951/130 804/952/131 792/953/130
f 758/954/132 835/955/133 831/949/128
f 794/956/134 864/957/135 791/958/136
f 593/959/137 774/960/138 595/961/139
f 729/962/511 800/963/141 727/932/114
f 792/964/142 600/965/143 597/966/142
f 764/967/144 839/968/145 837/969/146
f 736/970/512 807/971/148 734/972/149
f 628/973/150 1099/974/151 1097/975/513
f 766/976/153 841/923/107 839/968/145
f 643/977/154 1089/978/514 639/905/92
f 1093/979/515 632/980/157 1096/981/158
f 737/982/159 760/983/160 742/984/159
f 773/985/161 844/986/162 770/922/106
f 744/987/163 813/988/164 741/989/165
f 732/990/166 807/971/148 806/991/167
f 771/992/168 792/953/130 774/993/168
f 591/918/102 760/994/169 593/959/137
f 595/961/139 792/964/142 597/966/142
f 748/995/170 818/996/171 746/997/172
f 777/998/173 852/999/174 850/1000/175
f 749/927/109 820/1001/176 748/995/170
f 780/1002/177 856/1003/178 852/999/174
f 652/1004/510 892/908/95 653/910/97
f 883/1005/516 832/1006/180 834/1007/181
f 804/1008/182 603/1009/183 600/965/143
f 877/1010/517 819/1011/185 878/919/508
f 882/1012/187 828/1013/188 830/1014/189
f 623/1015/190 1101/1016/191 1099/974/151
f 884/1017/518 838/1018/193 840/1019/194
f 882/1012/187 825/1020/195 828/1013/188
f 822/1021/196 833/1022/197 836/1023/197
f 887/1024/198 851/1025/199 853/1026/200
f 822/1027/201 605/1028/202 603/1009/183
f 885/1029/519 842/1030/204 843/1031/520
f 620/1032/206 1103/1033/207 1101/1016/191
f 871/1034/521 867/1035/209 869/1036/210
f 871/1034/521 801/1037/211 872/1038/522
f 833/1039/213 606/1040/214 847/1041/215
f 836/1042/216 607/1043/217 605/1028/202
f 888/1044/523 860/1045/219 889/1046/220
f 889/1046/220 860/1045/219 862/1047/524
f 621/1048/222 1103/1033/207 616/1049/223
f 890/1050/525 863/1051/225 867/1035/209
f 854/1052/226 865/1053/227 868/1054/227
f 888/1044/523 855/1055/228 858/1056/229
f 887/1024/198 849/1057/230 851/1025/199
f 854/1058/231 609/1059/232 607/1043/217
f 875/1060/526 808/1061/234 810/1062/235
f 618/1063/236 1105/1064/527 621/1048/222
f 872/1038/522 801/1037/211 803/1065/238
f 871/1034/521 869/1036/210 797/1066/239
f 865/1053/227 876/1067/240 868/1054/227
f 868/1068/241 611/1069/242 609/1059/232
f 804/952/131 817/1070/196 822/1021/196
f 599/1071/243 871/1072/243 872/1073/243
f 1107/1074/528 629/1075/245 1110/1076/529
f 599/1071/243 873/1077/243 875/1078/243
f 874/1079/247 612/1080/530 879/836/491
f 599/1071/243 875/1078/243 877/1081/243
f 876/1082/249 613/1083/250 611/1084/242
f 599/1071/243 877/1081/243 878/1085/243
f 599/1071/243 878/1085/243 880/1086/243
f 599/1071/243 880/1086/243 882/1087/243
f 599/1071/243 882/1087/243 883/1088/243
f 599/1071/243 883/1088/243 884/1089/243
f 599/1071/243 884/1089/243 885/1090/243
f 599/1071/243 885/1090/243 886/1091/243
f 599/1071/243 886/1091/243 887/1092/243
f 599/1071/243 887/1092/243 888/1093/243
f 599/1071/243 888/1093/243 889/1094/243
f 599/1071/243 889/1094/243 890/1095/243
f 599/1071/243 890/1095/243 871/1072/243
f 697/877/68 975/878/69 700/880/71
f 599/1071/243 872/1073/243 873/1077/243
f 680/854/46 944/859/493 681/1096/531
f 1034/1097/532 1049/1098/533 1050/1099/532
f 703/885/76 979/1100/252 983/883/74
f 1045/1101/534 1058/1102/535 1042/1103/535
f 1039/1104/536 1054/1105/537 1055/1106/536
f 659/1107/253 909/833/29 660/835/31
f 670/842/37 926/847/254 671/849/42
f 626/1108/538 957/1109/539 636/1110/540
f 674/848/44 936/853/45 676/855/47
f 987/1111/258 709/889/77 706/884/75
f 1041/1112/541 1060/1113/542 1057/1114/541
f 636/1110/540 961/1115/543 644/1116/544
f 722/1117/261 793/1118/262 720/1119/263
f 738/1120/264 809/1121/265 736/970/512
f 631/872/504 685/1122/545 627/867/499
f 693/1123/267 763/1124/268 690/1125/269
f 690/1125/269 761/1126/270 688/1127/271
f 686/1128/272 761/1126/270 759/1129/273
f 686/1128/272 756/1130/274 684/1131/275
f 878/919/508 819/1011/185 821/1132/104
f 1018/1133/546 626/1108/538 630/1134/547
f 886/1135/548 846/1136/279 849/1057/230
f 615/861/495 617/1137/549 622/1138/550
f 782/1139/551 857/941/121 856/1003/178
f 1080/925/2 612/1140/2 1109/1141/2
f 1084/1142/2 586/1143/2 584/851/2
f 1085/1144/2 588/887/2 586/1145/2
f 1091/1146/2 590/1147/2 1090/886/2
f 634/1148/283 1092/1149/552 643/977/154
f 1094/916/2 592/1150/2 1091/1146/2
f 632/1151/157 1097/975/513 1096/1152/158
f 1095/914/2 598/937/2 596/1153/2
f 1100/1154/2 604/1155/2 601/936/2
f 1102/1156/2 606/1157/2 604/1155/2
f 1106/1158/2 606/1157/2 1104/1159/2
f 1108/1160/2 608/1161/2 1106/1158/2
f 1108/1160/2 612/1140/2 610/1162/2
f 635/1163/285 1083/1164/553 1082/912/506
f 879/1165/287 664/1166/288 881/1167/287
f 673/1168/289 696/876/66 678/1169/289
f 692/1170/554 633/873/505 642/1171/555
f 1004/890/78 713/896/83 711/891/79
f 725/1172/116 870/1173/293 795/1174/292
f 741/989/165 811/1175/294 738/1120/264
f 753/1176/160 774/993/168 760/983/160
f 773/985/161 848/1177/326 845/1178/296
f 791/958/136 861/946/126 788/1179/297
f 875/1060/526 810/1062/235 812/1180/298
f 886/1135/548 843/1031/520 846/1136/279
f 836/1023/197 847/1181/226 854/1052/226
f 877/1010/517 814/1182/299 815/1183/300
f 877/1010/517 812/1180/298 814/1182/299
f 874/1184/240 881/1167/287 876/1067/240
f 580/837/33 673/858/50 657/838/33
f 584/1185/556 705/1186/302 689/857/49
f 586/1187/303 721/1188/557 705/1186/302
f 588/1189/305 737/1190/306 721/1191/557
f 590/1192/307 753/945/124 737/1190/306
f 755/1193/308 829/950/129 827/939/118
f 594/1194/309 787/1195/310 771/944/123
f 787/1195/310 598/1196/311 799/1197/312
f 799/1197/312 601/1198/313 817/1199/314
f 817/1199/314 604/1200/315 833/1039/213
f 887/1024/198 855/1055/228 888/1044/523
f 847/1041/215 608/1201/316 865/1202/317
f 865/1202/317 610/1203/558 874/1079/247
f 657/1204/288 678/1169/289 664/1205/288
f 581/1206/2 583/1207/2 602/1208/2
f 583/1207/2 585/1209/2 602/1208/2
f 585/1209/2 587/1210/2 602/1208/2
f 587/1210/2 589/1211/2 602/1208/2
f 589/1211/2 591/1212/2 602/1208/2
f 591/1212/2 593/1213/2 602/1208/2
f 593/1213/2 595/1214/2 602/1208/2
f 595/1214/2 597/1215/2 602/1208/2
f 597/1215/2 600/1216/2 602/1208/2
f 600/1216/2 603/1217/2 602/1208/2
f 603/1217/2 605/1218/2 602/1208/2
f 605/1218/2 607/1219/2 602/1208/2
f 607/1219/2 609/1220/2 602/1208/2
f 609/1220/2 611/1221/2 602/1208/2
f 611/1221/2 613/1222/2 602/1208/2
f 613/1222/2 581/1206/2 602/1208/2
f 872/1038/522 805/1223/319 873/1224/559
f 881/1225/321 581/844/492 613/1083/250
f 917/1226/322 667/843/38 665/840/35
f 732/990/166 802/1227/323 729/962/511
f 746/997/172 816/1228/324 744/987/163
f 762/1229/325 837/969/146 835/955/133
f 776/1230/295 850/1000/175 848/1177/326
f 795/1174/292 866/1231/327 794/956/134
f 885/1029/519 840/1019/194 842/1030/204
f 884/1017/518 834/1007/181 838/1018/193
f 873/1224/559 805/1223/319 808/1061/234
f 880/921/509 824/920/105 825/1020/195
f 644/1116/544 614/865/497 640/1232/560
f 645/1233/329 1086/1234/561 1083/1164/553
f 708/1235/331 779/1236/332 707/1237/333
f 677/1238/334 747/1239/335 675/1240/336
f 716/1241/337 785/1242/562 714/1243/339
f 672/1244/340 743/1245/341 669/1246/563
f 656/1247/343 731/1248/344 730/1249/564
f 695/1250/346 769/1251/347 768/1252/565
f 663/1253/351 739/1254/369 735/1255/350
f 684/1131/275 754/1256/352 682/1257/353
f 708/1235/331 783/1258/566 781/1259/355
f 677/1238/334 751/1260/373 750/1261/357
f 716/1241/337 790/1262/358 789/1263/359
f 704/1264/360 775/1265/361 702/1266/362
f 712/1267/363 785/1242/562 783/1258/566
f 661/1268/364 731/1248/344 658/1269/365
f 699/1270/366 769/1251/347 698/1271/567
f 668/1272/568 739/1254/369 666/1273/349
f 704/1264/360 779/1236/332 778/1274/370
f 722/1117/261 724/1275/371 796/1276/372
f 682/1257/353 751/1260/373 679/1277/569
f 720/1119/263 790/1262/358 718/1278/374
f 654/1279/375 724/1275/371 651/1280/376
f 672/1244/340 747/1239/335 745/1281/377
f 699/1270/366 775/1265/361 772/1282/378
f 669/1246/563 740/1283/379 668/1272/568
f 654/1279/375 730/1284/564 726/1285/380
f 614/865/497 642/1171/555 638/1286/570
f 661/1268/364 735/1255/350 733/1287/382
f 721/1288/80 742/984/159 728/893/80
f 695/1250/346 765/1289/571 693/1123/267
f 890/1050/525 862/1047/524 863/1051/225
f 638/1290/570 637/1291/94 614/1292/497
f 640/1293/560 637/1291/94 641/1294/384
f 619/1295/502 616/1296/223 620/1297/206
f 616/1296/223 622/1298/550 621/1299/222
f 635/1300/285 626/1301/538 636/1302/540
f 624/1303/501 620/1297/206 623/1304/190
f 644/1305/544 641/1294/384 645/1306/329
f 642/1307/555 639/1308/92 638/1290/570
f 633/1309/505 643/1310/154 642/1307/555
f 634/1311/283 631/1312/504 632/1313/157
f 628/1314/150 631/1315/504 627/1316/499
f 629/1317/245 626/1301/538 625/1318/98
f 618/1319/236 630/1320/547 629/1317/245
f 623/1304/190 627/1316/499 624/1303/501
f 645/1306/329 636/1302/540 644/1305/544
f 641/1321/384 1087/906/93 1086/1234/561
f 1042/1103/535 1059/1322/572 1043/1323/572
f 1035/1324/573 1050/1099/532 1051/1325/573
f 1041/1112/541 1061/1326/534 1045/1101/534
f 1030/1327/574 1048/1328/575 1032/1329/575
f 948/860/494 630/1134/547 617/1137/549
f 1043/1323/572 1047/1330/576 1031/1331/576
f 648/1332/577 1030/1333/578 891/1334/578
f 1032/1329/575 1049/1098/533 1033/1335/533
f 1039/1104/536 1056/1336/579 1040/1337/579
f 1036/1338/580 1051/1325/573 1052/1339/580
f 1037/1340/581 1052/1339/580 1053/1341/581
f 1040/1337/579 1060/1113/542 1044/1342/542
f 1038/1343/537 1053/1341/581 1054/1105/537
f 650/1344/582 1044/1345/583 1041/1346/582
f 1031/1347/576 1046/1348/574 1030/1327/574
f 956/1349/584 1038/1350/585 1039/1351/584
f 904/1352/586 1033/1353/587 918/1354/587
f 1012/1355/588 1035/1356/589 927/1357/589
f 965/1358/590 1039/1351/584 1040/1359/590
f 996/1360/591 1031/1361/577 648/1362/577
f 927/1357/589 1036/1363/592 935/1364/592
f 891/1334/578 1032/1365/586 904/1352/586
f 649/1366/593 1038/1350/585 1017/1367/585
f 647/1368/594 1043/1369/591 996/1360/591
f 918/1354/587 1034/1370/588 1012/1355/588
f 965/1358/590 1044/1345/583 974/1371/583
f 647/1368/594 1045/1372/595 1042/1373/594
f 649/1366/593 1036/1363/592 1037/1374/593
f 646/1375/595 1041/1346/582 1045/1372/595
f 1077/1376/596 1057/1377/597 1060/1378/596
f 1075/1379/598 1050/1380/599 1049/1381/598
f 1052/1382/600 1076/1383/601 1053/1384/601
f 1070/1385/602 1049/1381/598 1048/1386/602
f 1073/1387/603 1059/1388/604 1058/1389/603
f 1069/1390/605 1056/1391/606 1055/1392/605
f 1053/1384/601 1064/1393/607 1054/1394/607
f 1051/1395/608 1071/1396/600 1052/1382/600
f 1072/1397/606 1060/1378/596 1056/1391/606
f 1067/1398/609 1048/1386/602 1046/1399/609
f 1068/1400/610 1058/1389/603 1061/1401/610
f 1074/1402/604 1047/1403/611 1059/1388/604
f 1065/1404/597 1061/1401/610 1057/1377/597
f 1050/1380/599 1078/1405/608 1051/1395/608
f 1066/1406/611 1046/1399/609 1047/1407/611
f 1064/1393/607 1055/1392/605 1054/1394/607
f 701/1408/70 699/1270/366 700/1409/71
f 711/1410/79 708/1235/331 709/1411/77
f 653/1412/97 651/1280/376 652/1413/510
f 672/1244/340 670/1414/37 671/1415/42
f 780/1416/177 778/1274/370 779/1236/332
f 732/1417/166 730/1249/564 731/1248/344
f 741/1418/165 739/1254/369 740/1283/379
f 808/1419/234 806/991/167 807/971/148
f 819/1420/185 816/1228/324 818/996/171
f 646/1421/612 1009/1422/613 1007/1423/614
f 1009/1422/613 1006/1424/615 1007/1423/614
f 1006/1424/615 1011/1425/389 1005/1426/616
f 1011/1425/389 1004/1427/78 1005/1426/616
f 1012/1428/617 921/1429/618 918/1430/619
f 1014/1431/620 920/1432/621 921/1429/618
f 1015/1433/622 919/1434/623 920/1432/621
f 1016/1435/624 917/1436/322 919/1434/623
f 1017/1437/625 951/1438/626 649/1439/627
f 1019/1440/628 950/1441/629 951/1438/626
f 1020/1442/630 949/1443/405 950/1441/629
f 1021/1444/406 948/1445/494 949/1443/405
f 974/1446/631 984/1447/632 982/1448/633
f 984/1447/632 981/1449/634 982/1448/633
f 981/1449/634 986/1450/635 980/1451/412
f 980/1451/412 983/1452/74 979/1453/252
f 996/1454/636 1023/1455/637 1003/1456/638
f 1003/1456/638 1024/1457/639 1002/1458/640
f 1024/1457/639 1001/1459/641 1002/1458/640
f 1025/1460/642 1000/1461/90 1001/1459/641
f 682/1257/353 680/1462/46 681/1463/531
f 723/1464/91 651/1280/376 722/1117/261
f 662/1465/30 661/1268/364 660/1466/31
f 675/1240/336 671/1415/42 674/1467/44
f 762/1468/325 759/1129/273 761/1126/270
f 790/1262/358 788/1469/297 789/1263/359
f 744/1470/163 740/1283/379 743/1245/341
f 752/1471/117 750/1261/357 751/1260/373
f 828/1472/188 826/928/110 827/939/118
f 838/1473/193 835/955/133 837/969/146
f 849/1474/230 845/1178/296 848/1177/326
f 857/941/121 855/1475/228 856/1003/178
f 801/1476/211 798/933/115 800/963/141
f 810/1477/235 807/971/148 809/1121/265
f 1012/1428/617 923/1478/643 1014/1431/620
f 1014/1431/620 924/1479/644 1015/1433/622
f 924/1479/644 1016/1435/624 1015/1433/622
f 925/1480/645 1013/1481/36 1016/1435/624
f 1017/1437/625 953/1482/646 1019/1440/628
f 953/1482/646 1020/1442/630 1019/1440/628
f 954/1483/647 1021/1444/406 1020/1442/630
f 955/1484/422 1018/1485/546 1021/1444/406
f 650/1486/648 988/1487/649 984/1447/632
f 984/1447/632 989/1488/650 985/1489/651
f 985/1489/651 990/1490/652 986/1450/635
f 990/1490/652 983/1452/74 986/1450/635
f 1022/1491/112 899/1492/424 896/1493/425
f 1025/1460/642 898/1494/653 899/1492/424
f 898/1494/653 1023/1455/637 897/1495/654
f 897/1495/654 1023/1455/637 648/1496/655
f 683/1497/500 682/1257/353 681/1463/531
f 692/1498/554 690/1125/269 691/1499/503
f 665/1500/35 663/1253/351 662/1465/30
f 695/1250/346 692/1498/554 694/1501/496
f 773/1502/161 769/1251/347 772/1282/378
f 781/1259/355 780/1416/177 779/1236/332
f 734/1503/149 731/1248/344 733/1287/382
f 755/1504/308 751/1260/373 754/1256/352
f 869/1505/210 798/1506/115 797/1507/239
f 867/1508/209 870/1173/293 869/1505/210
f 811/1175/294 810/1477/235 809/1121/265
f 896/1493/425 895/1509/656 892/1510/95
f 895/1509/656 898/1494/653 894/1511/657
f 894/1511/657 897/1495/654 893/1512/658
f 893/1512/658 648/1496/655 891/1513/659
f 891/1513/659 901/1514/660 893/1512/658
f 901/1514/660 894/1511/657 893/1512/658
f 902/1515/661 895/1509/656 894/1511/657
f 903/1516/662 892/1510/95 895/1509/656
f 1017/1437/625 958/1517/663 953/1482/646
f 953/1482/646 959/1518/664 954/1483/647
f 954/1483/647 960/1519/665 955/1484/422
f 955/1484/422 957/1520/539 952/1521/666
f 650/1486/648 1027/1522/667 988/1487/649
f 1027/1522/667 989/1488/650 988/1487/649
f 1028/1523/668 990/1490/652 989/1488/650
f 990/1490/652 1026/1524/438 987/1525/258
f 703/1526/76 702/1266/362 701/1408/70
f 821/1527/104 818/996/171 820/1001/176
f 714/1243/339 711/1410/79 713/1528/83
f 655/1529/96 654/1279/375 653/1412/97
f 686/1128/272 683/1497/500 685/1530/545
f 763/1124/268 762/1468/325 761/1126/270
f 793/1118/262 791/1531/136 790/1262/358
f 735/1255/350 734/1503/149 733/1287/382
f 956/1532/669 962/1533/670 958/1517/663
f 958/1517/663 963/1534/671 959/1518/664
f 959/1518/664 964/1535/672 960/1519/665
f 960/1519/665 961/1536/543 957/1520/539
f 765/1289/571 764/1537/144 763/1124/268
f 830/1538/189 827/939/118 829/950/129
f 840/1539/194 837/969/146 839/968/145
f 860/1540/219 857/941/121 859/947/120
f 832/1541/180 829/950/129 831/949/128
f 842/1542/204 839/968/145 841/923/107
f 927/1543/673 932/1544/674 930/1545/675
f 930/1545/675 933/1546/676 929/1547/677
f 933/1546/676 928/1548/678 929/1547/677
f 934/1549/679 926/1550/254 928/1548/678
f 646/1421/612 1007/1423/614 1027/1522/667
f 1027/1522/667 1006/1424/615 1028/1523/668
f 1028/1523/668 1005/1426/616 1029/1551/680
f 1029/1551/680 1004/1427/78 1026/1524/438
f 707/1237/333 703/1526/76 706/1552/75
f 715/1553/82 714/1243/339 713/1528/83
f 659/1554/253 656/1247/343 655/1555/96
f 668/1272/568 665/1500/35 667/1556/38
f 784/1557/119 781/1259/355 783/1258/566
f 796/1276/372 725/1558/116 795/1559/292
f 726/1285/380 725/1558/116 724/1275/371
f 851/1560/199 848/1177/326 850/1000/175
f 802/1227/323 801/1476/211 800/963/141
f 823/929/111 821/1527/104 820/1001/176
f 904/1561/681 901/1514/660 891/1513/659
f 901/1514/660 907/1562/682 902/1515/661
f 907/1562/682 903/1516/662 902/1515/661
f 903/1516/662 905/1563/683 900/1564/684
f 927/1543/673 937/1565/685 932/1544/674
f 932/1544/674 938/1566/686 933/1546/676
f 938/1566/686 934/1549/679 933/1546/676
f 939/1567/687 931/1568/43 934/1549/679
f 965/1569/688 962/1533/670 956/1532/669
f 967/1570/689 963/1534/671 962/1533/670
f 968/1571/690 964/1535/672 963/1534/671
f 969/1572/691 961/1536/543 964/1535/672
f 677/1238/334 674/1467/44 676/1573/47
f 698/1271/567 694/1501/496 697/1574/68
f 670/1414/37 668/1272/568 667/1556/38
f 688/1127/271 685/1530/545 687/1575/692
f 745/1281/377 744/1470/163 743/1245/341
f 776/1576/295 772/1282/378 775/1265/361
f 786/1577/125 783/1258/566 785/1242/562
f 795/1559/292 793/1118/262 796/1276/372
f 739/1254/369 736/1578/512 735/1255/350
f 747/1239/335 746/1579/172 745/1281/377
f 853/1580/200 850/1000/175 852/999/174
f 862/1581/524 859/947/120 861/946/126
f 805/1582/319 802/1227/323 806/991/167
f 813/988/164 812/1583/298 811/1175/294
f 904/1561/681 910/1584/693 906/1585/694
f 906/1585/694 911/1586/695 907/1562/682
f 907/1562/682 912/1587/696 908/1588/697
f 912/1587/696 905/1563/683 908/1588/697
f 935/1589/698 941/1590/699 937/1565/685
f 937/1565/685 942/1591/700 938/1566/686
f 942/1591/700 939/1567/687 938/1566/686
f 939/1567/687 940/1592/470 936/1593/45
f 927/1543/673 923/1478/643 1012/1428/617
f 930/1545/675 924/1479/644 923/1478/643
f 929/1547/677 925/1480/645 924/1479/644
f 928/1548/678 922/1594/460 925/1480/645
f 965/1569/688 971/1595/701 967/1570/689
f 967/1570/689 972/1596/702 968/1571/690
f 968/1571/690 973/1597/461 969/1572/691
f 973/1597/461 966/1598/498 969/1572/691
f 647/1599/703 992/1600/704 1009/1422/613
f 1009/1422/613 993/1601/705 1010/1602/706
f 1010/1602/706 994/1603/707 1011/1425/389
f 1011/1425/389 991/1604/86 1008/1605/81
f 996/1454/636 1003/1456/638 999/1606/708
f 1003/1456/638 998/1607/709 999/1606/708
f 998/1607/709 1001/1459/641 997/1608/465
f 1001/1459/641 995/1609/88 997/1608/465
f 718/1278/374 715/1553/82 717/1610/87
f 679/1277/569 676/1573/47 680/1462/46
f 691/1499/503 688/1127/271 687/1575/692
f 757/1611/127 754/1256/352 756/1130/274
f 768/1252/565 766/1612/153 765/1289/571
f 750/1261/357 748/1613/170 747/1239/335
f 730/1284/564 727/1614/114 726/1285/380
f 834/1615/181 831/949/128 835/955/133
f 843/1616/520 841/923/107 844/986/162
f 864/957/135 862/1581/524 861/946/126
f 816/1228/324 814/1617/299 813/988/164
f 826/928/110 824/1618/105 823/929/111
f 904/1561/681 914/1619/710 910/1584/693
f 914/1619/710 911/1586/695 910/1584/693
f 915/1620/711 912/1587/696 911/1586/695
f 916/1621/712 909/1622/29 912/1587/696
f 649/1439/627 941/1590/699 935/1589/698
f 945/1623/713 942/1591/700 941/1590/699
f 946/1624/714 943/1625/459 942/1591/700
f 947/1626/469 940/1592/470 943/1625/459
f 974/1446/631 971/1595/701 965/1569/688
f 976/1627/715 972/1596/702 971/1595/701
f 977/1628/716 973/1597/461 972/1596/702
f 978/1629/717 970/1630/462 973/1597/461
f 996/1454/636 992/1600/704 647/1599/703
f 999/1606/708 993/1601/705 992/1600/704
f 998/1607/709 994/1603/707 993/1601/705
f 994/1603/707 995/1609/88 991/1604/86
f 758/1631/132 756/1130/274 759/1129/273
f 699/1270/366 697/1574/68 700/1409/71
f 709/1411/77 707/1237/333 706/1552/75
f 720/1119/263 717/1610/87 719/1632/89
f 722/1117/261 719/1632/89 723/1464/91
f 778/1274/370 776/1576/295 775/1265/361
f 788/1469/297 785/1242/562 789/1263/359
f 866/1231/327 863/1633/225 864/957/135
f 856/1003/178 853/1580/200 852/999/174
f 846/1634/279 844/986/162 845/1178/296
f 918/1430/619 921/1429/618 914/1619/710
f 921/1429/618 915/1620/711 914/1619/710
f 920/1432/621 916/1621/712 915/1620/711
f 916/1621/712 917/1436/322 913/1635/34
f 649/1439/627 951/1438/626 945/1623/713
f 945/1623/713 950/1441/629 946/1624/714
f 946/1624/714 949/1443/405 947/1626/469
f 947/1626/469 948/1445/494 944/1636/493
f 974/1446/631 982/1448/633 976/1627/715
f 982/1448/633 977/1628/716 976/1627/715
f 977/1628/716 980/1451/412 978/1629/717
f 978/1629/717 979/1453/252 975/1637/69
f 660/1466/31 658/1269/365 659/1554/253
f 769/1251/347 767/1638/108 768/1252/565
f 621/1299/222 617/1639/549 618/1319/236
f 1062/1640/474 1067/1641/474 1066/1642/474
f 1062/1640/474 1069/1643/474 1064/1644/474
f 1062/1640/474 1068/1645/474 1065/1646/474
f 1062/1640/474 1070/1647/474 1067/1641/474
f 1062/1640/474 1071/1648/474 1078/1649/474
f 1062/1640/474 1072/1650/474 1069/1643/474
f 1062/1640/474 1075/1651/474 1070/1647/474
f 1062/1640/474 1076/1652/474 1071/1648/474
f 1062/1640/474 1077/1653/474 1072/1650/474
f 1062/1640/474 1078/1649/474 1063/1654/474
f 1062/1640/474 1074/1655/474 1073/1656/474
f 1062/1640/474 1063/1654/474 1075/1651/474
f 1062/1640/474 1073/1656/474 1068/1645/474
f 1062/1640/474 1065/1646/474 1077/1653/474
f 1062/1640/474 1064/1644/474 1076/1652/474
f 1062/1640/474 1066/1642/474 1074/1655/474
f 883/1005/516 830/1014/189 832/1006/180
f 900/1657/684 659/1107/253 655/909/96
f 1084/1658/2 1082/912/475 1083/1164/476
f 1086/1234/477 1088/1659/2 1085/1660/2
f 1089/978/478 1088/1661/2 1087/906/479
f 1110/1076/480 1080/1662/2 1109/1663/2
f 1092/1149/481 1094/1664/2 1091/1665/2
f 1081/1666/2 1079/913/482 1082/912/475
f 1096/1152/718 1098/1667/2 1095/1668/2
f 1097/975/719 1100/1669/2 1098/1670/2
f 1092/1149/481 1090/1671/2 1089/978/478
f 1093/979/720 1095/1672/2 1094/1673/2
f 1099/974/486 1102/1674/2 1100/1675/2
f 1101/1016/487 1104/1676/2 1102/1677/2
f 1105/1064/488 1104/1678/2 1103/1033/489
f 1107/1074/490 1106/1679/2 1105/1064/488
f 1107/1074/490 1109/1680/2 1108/1681/2
f 1085/1682/2 1083/1164/476 1086/1234/477
f 1110/1076/529 625/911/98 1079/913/507
f 1434/1683/29 1193/1684/30 1191/1685/31
f 1410/1686/491 1111/1687/33 1188/1688/33
f 1438/1689/34 1196/1690/35 1193/1684/30
f 1518/1691/36 1201/1692/37 1198/1693/38
f 1112/1694/39 1209/1695/40 1114/1696/41
f 1202/1697/42 1452/1698/43 1205/1699/44
f 1532/1700/2 1115/1701/2 1113/1702/2
f 1457/1703/45 1211/1704/46 1207/1705/47
f 1113/1706/48 1220/1707/49 1204/1708/50
f 1463/1709/51 1465/1710/52 1146/1711/53
f 1114/1696/41 1227/1712/54 1116/1713/55
f 1225/1714/56 1145/1715/57 1481/1716/58
f 1158/1717/59 1214/1718/60 1155/1719/61
f 1155/1719/61 1146/1711/53 1150/1720/62
f 1222/1721/63 1162/1722/64 1164/1723/65
f 1220/1724/66 1241/1725/67 1227/1726/66
f 1481/1716/58 1228/1727/68 1225/1714/56
f 1488/1728/69 1232/1729/70 1231/1730/71
f 1116/1713/55 1241/1731/72 1118/1732/73
f 1494/1733/74 1237/1734/75 1234/1735/76
f 1541/1736/2 1119/1737/2 1539/1738/2
f 1240/1739/77 1511/1740/78 1242/1741/79
f 1236/1742/67 1259/1743/80 1241/1744/67
f 1515/1745/81 1246/1746/82 1244/1747/83
f 1118/1732/73 1259/1748/84 1120/1749/85
f 1500/1750/86 1248/1751/87 1246/1746/82
f 1504/1752/88 1250/1753/89 1248/1751/87
f 1507/1754/90 1254/1755/91 1250/1753/89
f 1170/1756/92 1538/1757/93 1168/1758/94
f 1423/1759/95 1186/1760/96 1184/1761/97
f 1156/1762/98 1533/1763/721 1530/1764/100
f 1546/1765/2 1125/1766/2 1545/1767/2
f 1120/1749/85 1273/1768/101 1122/1769/102
f 1411/1770/722 1352/1771/104 1355/1772/105
f 1301/1773/106 1372/1774/107 1298/1775/108
f 1531/1776/2 1113/1702/2 1111/1777/2
f 1280/1778/109 1357/1779/110 1354/1780/111
f 1523/1781/112 1183/1782/113 1254/1755/91
f 1258/1783/114 1329/1784/115 1256/1785/116
f 1549/1786/2 1132/1787/2 1129/1788/2
f 1283/1789/117 1358/1790/118 1357/1779/110
f 1317/1791/125 1388/1792/121 1315/1793/119
f 1123/1794/122 1302/1795/123 1284/1796/124
f 1317/1791/125 1392/1797/126 1390/1798/120
f 1289/1799/132 1360/1800/129 1288/1801/127
f 1318/1802/130 1335/1803/131 1323/1804/130
f 1289/1799/132 1366/1805/133 1362/1806/128
f 1322/1807/136 1397/1808/327 1395/1809/135
f 1124/1810/137 1305/1811/138 1126/1812/139
f 1258/1783/114 1333/1813/323 1331/1814/141
f 1323/1815/142 1131/1816/143 1128/1817/142
f 1295/1818/144 1370/1819/145 1368/1820/146
f 1267/1821/147 1338/1822/148 1265/1823/149
f 1159/1824/150 1550/1825/151 1548/1826/152
f 1298/1775/108 1370/1819/145 1297/1827/153
f 1174/1828/154 1540/1829/723 1170/1756/92
f 1544/1830/724 1163/1831/157 1547/1832/158
f 1268/1833/159 1291/1834/160 1273/1835/159
f 1304/1836/161 1375/1837/162 1301/1773/106
f 1275/1838/163 1344/1839/164 1272/1840/165
f 1265/1823/149 1337/1841/167 1263/1842/166
f 1305/1843/168 1318/1802/130 1323/1804/130
f 1122/1769/102 1291/1844/169 1124/1810/137
f 1126/1812/139 1323/1845/142 1128/1846/142
f 1279/1847/170 1349/1848/171 1277/1849/172
f 1308/1850/173 1383/1851/174 1381/1852/175
f 1280/1778/109 1351/1853/176 1279/1847/170
f 1311/1854/177 1387/1855/178 1383/1851/174
f 1183/1856/113 1423/1759/95 1184/1761/97
f 1414/1857/725 1363/1858/180 1365/1859/181
f 1335/1860/182 1134/1861/183 1131/1816/143
f 1408/1862/726 1350/1863/185 1409/1864/727
f 1413/1865/728 1359/1866/188 1361/1867/189
f 1154/1868/190 1552/1869/729 1550/1825/151
f 1415/1870/192 1369/1871/193 1371/1872/194
f 1413/1865/728 1356/1873/195 1359/1866/188
f 1353/1874/196 1364/1875/197 1367/1876/197
f 1418/1877/730 1382/1878/199 1384/1879/200
f 1353/1880/201 1136/1881/202 1134/1861/183
f 1416/1882/731 1373/1883/204 1374/1884/520
f 1151/1885/206 1554/1886/207 1552/1887/729
f 1421/1888/732 1400/1889/210 1402/1890/733
f 1402/1890/733 1332/1891/211 1403/1892/734
f 1364/1893/213 1137/1894/214 1378/1895/215
f 1367/1896/216 1138/1897/217 1136/1881/202
f 1419/1898/735 1391/1899/219 1420/1900/220
f 1420/1900/220 1391/1899/219 1393/1901/736
f 1152/1902/222 1554/1886/207 1147/1903/223
f 1421/1888/732 1394/1904/225 1398/1905/209
f 1385/1906/226 1396/1907/227 1399/1908/227
f 1419/1898/735 1386/1909/228 1389/1910/229
f 1418/1877/730 1380/1911/230 1382/1878/199
f 1385/1912/231 1140/1913/232 1138/1897/217
f 1406/1914/737 1339/1915/234 1341/1916/235
f 1149/1917/236 1556/1918/738 1152/1902/222
f 1403/1892/734 1332/1891/211 1334/1919/238
f 1402/1890/733 1400/1889/210 1328/1920/239
f 1396/1907/227 1407/1921/240 1399/1908/227
f 1399/1922/241 1142/1923/242 1140/1913/232
f 1330/1924/131 1353/1874/196 1335/1803/131
f 1130/1925/243 1402/1926/243 1403/1927/243
f 1558/1928/739 1160/1929/245 1561/1930/529
f 1130/1925/243 1404/1931/243 1406/1932/243
f 1405/1933/247 1143/1934/248 1410/1686/491
f 1130/1925/243 1406/1932/243 1408/1935/243
f 1407/1936/249 1144/1937/250 1142/1923/242
f 1130/1925/243 1408/1935/243 1409/1938/243
f 1130/1925/243 1409/1938/243 1411/1939/243
f 1130/1925/243 1411/1939/243 1413/1940/243
f 1130/1925/243 1413/1940/243 1414/1941/243
f 1130/1925/243 1414/1941/243 1415/1942/243
f 1130/1925/243 1415/1942/243 1416/1943/243
f 1130/1925/243 1416/1943/243 1417/1944/243
f 1130/1925/243 1417/1944/243 1418/1945/243
f 1130/1925/243 1418/1945/243 1419/1946/243
f 1130/1925/243 1419/1946/243 1420/1947/243
f 1130/1925/243 1420/1947/243 1421/1948/243
f 1130/1925/243 1421/1948/243 1402/1926/243
f 1228/1727/68 1488/1728/69 1231/1730/71
f 1130/1925/243 1403/1927/243 1404/1931/243
f 1211/1704/46 1463/1709/51 1212/1949/251
f 1234/1735/76 1490/1950/252 1494/1733/74
f 1190/1951/253 1434/1683/29 1191/1685/31
f 1201/1692/37 1449/1952/254 1202/1697/42
f 1157/1953/740 1474/1954/256 1167/1955/257
f 1205/1699/44 1457/1703/45 1207/1705/47
f 1496/1956/258 1240/1739/77 1237/1734/75
f 1167/1955/257 1476/1957/259 1175/1958/260
f 1253/1959/261 1324/1960/262 1251/1961/263
f 1269/1962/264 1340/1963/265 1267/1821/147
f 1162/1722/64 1216/1964/266 1158/1717/59
f 1224/1965/267 1294/1966/268 1221/1967/269
f 1221/1967/269 1292/1968/270 1219/1969/271
f 1217/1970/272 1292/1968/270 1290/1971/273
f 1217/1970/272 1287/1972/274 1215/1973/275
f 1409/1864/727 1350/1863/185 1352/1771/104
f 1521/1974/276 1157/1953/740 1161/1975/277
f 1417/1976/548 1377/1977/279 1380/1911/230
f 1146/1711/53 1148/1978/280 1153/1979/281
f 1313/1980/551 1388/1792/121 1387/1855/178
f 1531/1981/2 1143/1982/2 1560/1983/2
f 1535/1984/2 1117/1985/2 1115/1701/2
f 1536/1986/2 1119/1737/2 1117/1985/2
f 1542/1987/2 1121/1988/2 1541/1736/2
f 1165/1989/283 1543/1990/284 1174/1828/154
f 1545/1767/2 1123/1991/2 1542/1987/2
f 1163/1831/157 1548/1826/152 1547/1832/158
f 1546/1765/2 1129/1788/2 1127/1992/2
f 1551/1993/2 1135/1994/2 1132/1787/2
f 1553/1995/2 1137/1996/2 1135/1994/2
f 1557/1997/2 1137/1996/2 1555/1998/2
f 1559/1999/2 1139/2000/2 1557/1997/2
f 1559/1999/2 1143/1982/2 1141/2001/2
f 1166/2002/285 1534/2003/286 1533/1763/721
f 1410/2004/287 1195/2005/288 1412/2006/287
f 1209/2007/289 1220/1724/66 1227/1726/66
f 1223/2008/290 1164/1723/65 1173/2009/291
f 1511/1740/78 1244/1747/83 1242/1741/79
f 1256/2010/116 1401/2011/293 1326/2012/292
f 1272/1840/165 1342/2013/294 1269/1962/264
f 1291/1834/160 1302/2014/168 1305/1843/168
f 1304/1836/161 1379/2015/326 1376/2016/296
f 1322/1807/136 1392/1797/126 1319/2017/741
f 1406/1914/737 1341/1916/235 1343/2018/298
f 1417/1976/548 1374/1884/520 1377/1977/279
f 1367/1876/197 1378/2019/226 1385/1906/226
f 1408/1862/726 1345/2020/299 1346/2021/300
f 1408/1862/726 1343/2018/298 1345/2020/299
f 1405/2022/240 1412/2006/287 1407/1921/240
f 1111/1687/33 1204/1708/50 1188/1688/33
f 1115/2023/556 1236/2024/302 1220/1707/49
f 1117/2025/303 1252/2026/557 1236/2024/302
f 1119/2027/305 1268/2028/306 1252/2026/557
f 1121/2029/307 1284/1796/124 1268/2028/306
f 1288/1801/127 1358/1790/118 1286/2030/308
f 1125/2031/309 1318/2032/310 1302/2033/123
f 1318/2032/310 1129/2034/311 1330/2035/312
f 1330/2035/312 1132/2036/313 1348/2037/314
f 1348/2037/314 1135/2038/315 1364/1893/213
f 1418/1877/730 1386/1909/228 1419/1898/735
f 1378/1895/215 1139/2039/316 1396/2040/317
f 1396/2040/317 1141/2041/558 1405/1933/247
f 1195/2005/288 1204/2042/289 1209/2007/289
f 1112/2043/2 1114/2044/2 1133/2045/2
f 1114/2044/2 1116/2046/2 1133/2045/2
f 1116/2046/2 1118/2047/2 1133/2045/2
f 1118/2047/2 1120/2048/2 1133/2045/2
f 1120/2048/2 1122/2049/2 1133/2045/2
f 1122/2049/2 1124/2050/2 1133/2045/2
f 1124/2050/2 1126/2051/2 1133/2045/2
f 1126/2051/2 1128/2052/2 1133/2045/2
f 1128/2052/2 1131/2053/2 1133/2045/2
f 1131/2053/2 1134/2054/2 1133/2045/2
f 1134/2054/2 1136/2055/2 1133/2045/2
f 1136/2055/2 1138/2056/2 1133/2045/2
f 1138/2056/2 1140/2057/2 1133/2045/2
f 1140/2057/2 1142/2058/2 1133/2045/2
f 1142/2058/2 1144/2059/2 1133/2045/2
f 1144/2059/2 1112/2043/2 1133/2045/2
f 1403/1892/734 1336/2060/319 1404/2061/742
f 1412/2062/321 1112/1694/39 1144/1937/250
f 1440/2063/322 1198/1693/38 1196/1690/35
f 1260/2064/511 1337/1841/167 1333/1813/323
f 1277/1849/172 1347/2065/324 1275/1838/163
f 1293/2066/325 1368/1820/146 1366/1805/133
f 1307/2067/295 1381/1852/175 1379/2015/326
f 1326/2012/292 1397/1808/327 1325/2068/134
f 1416/1882/731 1371/1872/194 1373/1883/204
f 1415/1870/192 1365/1859/181 1369/1871/193
f 1404/2061/742 1336/2060/319 1339/1915/234
f 1411/1770/722 1355/1772/105 1356/1873/195
f 1175/1958/260 1145/1715/57 1171/2069/328
f 1176/2070/329 1537/2071/561 1534/2003/286
f 1238/2072/333 1312/2073/355 1310/2074/332
f 1206/2075/336 1281/2076/357 1278/2077/335
f 1247/2078/337 1316/2079/562 1245/2080/339
f 1203/2081/340 1274/2082/341 1200/2083/342
f 1187/2084/343 1262/2085/344 1261/2086/743
f 1226/2087/346 1300/2088/347 1299/2089/348
f 1197/2090/349 1266/2091/350 1194/2092/351
f 1213/2093/353 1287/1972/274 1285/2094/352
f 1243/2095/363 1312/2073/355 1239/2096/331
f 1210/2097/356 1281/2076/357 1208/2098/334
f 1247/2078/337 1321/2099/358 1320/2100/359
f 1233/2101/362 1309/2102/370 1306/2103/744
f 1243/2095/363 1316/2079/562 1314/2104/354
f 1192/2105/364 1262/2085/344 1189/2106/365
f 1230/2107/366 1300/2088/347 1229/2108/567
f 1199/2109/368 1270/2110/745 1197/2090/349
f 1238/2072/333 1309/2102/370 1235/2111/360
f 1253/1959/261 1255/2112/371 1327/2113/372
f 1210/2097/356 1285/2094/352 1282/2114/373
f 1251/1961/263 1321/2099/358 1249/2115/374
f 1185/2116/375 1255/2117/371 1182/2118/376
f 1203/2081/340 1278/2077/335 1276/2119/377
f 1230/2107/366 1306/2103/744 1303/2120/746
f 1199/2109/368 1274/2082/341 1271/2121/379
f 1185/2116/375 1261/2086/743 1257/2122/380
f 1145/1715/57 1173/2009/291 1169/2123/381
f 1192/2105/364 1266/2091/350 1264/2124/382
f 1252/2125/80 1273/1835/159 1259/1743/80
f 1226/2087/346 1296/2126/571 1224/1965/267
f 1420/1900/220 1394/1904/225 1421/1888/732
f 1169/2127/381 1168/2128/94 1145/2129/57
f 1171/2130/328 1168/2128/94 1172/2131/384
f 1150/2132/62 1147/2133/223 1151/2134/206
f 1147/2133/223 1153/2135/281 1152/2136/222
f 1166/2137/285 1157/2138/740 1167/2139/257
f 1155/2140/61 1151/2134/206 1154/2141/190
f 1175/2142/260 1172/2131/384 1176/2143/329
f 1173/2144/291 1170/2145/92 1169/2146/381
f 1164/2147/65 1174/2148/154 1173/2144/291
f 1165/2149/283 1162/2150/64 1163/2151/157
f 1159/2152/150 1162/2150/64 1158/2153/59
f 1160/2154/245 1157/2138/740 1156/2155/98
f 1149/2156/236 1161/2157/277 1160/2154/245
f 1154/2141/190 1158/2153/59 1155/2140/61
f 1176/2143/329 1167/2139/257 1175/2142/260
f 1172/2158/384 1538/1757/93 1537/2071/561
f 1465/1710/52 1161/1975/277 1148/1978/280
f 1232/2159/70 1230/2107/366 1231/2160/71
f 1242/2161/79 1239/2096/331 1240/2162/77
f 1185/2116/375 1183/2163/113 1184/2164/97
f 1203/2081/340 1201/2165/37 1202/2166/42
f 1311/2167/177 1309/2102/370 1310/2074/332
f 1262/2085/344 1260/2168/511 1261/2086/743
f 1271/2121/379 1269/2169/264 1270/2110/745
f 1339/2170/234 1337/1841/167 1338/1822/148
f 1349/1848/171 1346/2171/300 1347/2065/324
f 1177/2172/385 1501/2173/386 1514/2174/387
f 1501/2173/386 1513/2175/388 1514/2174/387
f 1513/2175/388 1516/2176/389 1512/2177/390
f 1516/2176/389 1511/2178/78 1512/2177/390
f 1441/2179/393 1446/2180/394 1444/2181/392
f 1444/2181/392 1447/2182/396 1443/2183/395
f 1447/2182/396 1442/2184/397 1443/2183/395
f 1519/2185/747 1440/2186/322 1442/2184/397
f 1520/2187/399 1468/2188/400 1180/2189/401
f 1470/2190/402 1467/2191/403 1468/2188/400
f 1471/2192/404 1466/2193/405 1467/2191/403
f 1522/2194/406 1465/2195/52 1466/2193/405
f 1487/2196/407 1497/2197/408 1493/2198/409
f 1493/2198/409 1498/2199/410 1492/2200/411
f 1498/2199/410 1491/2201/412 1492/2200/411
f 1491/2201/412 1494/2202/74 1490/2203/252
f 1179/2204/429 1510/2205/416 1505/2206/414
f 1510/2205/416 1525/2207/417 1509/2208/418
f 1509/2208/418 1526/2209/419 1508/2210/748
f 1526/2209/419 1507/2211/90 1508/2210/748
f 1212/2212/251 1210/2097/356 1211/2213/46
f 1254/2214/91 1182/2215/376 1253/1959/261
f 1194/2092/351 1191/2216/31 1193/2217/30
f 1206/2075/336 1202/2166/42 1205/2218/44
f 1293/2219/325 1290/1971/273 1292/1968/270
f 1321/2099/358 1319/2220/741 1320/2100/359
f 1275/2221/163 1271/2121/379 1274/2082/341
f 1282/2114/373 1280/2222/109 1281/2076/357
f 1358/1790/118 1356/2223/195 1357/1779/110
f 1368/1820/146 1365/2224/181 1366/1805/133
f 1380/2225/230 1376/2016/296 1379/2015/326
f 1388/1792/121 1386/2226/228 1387/1855/178
f 1331/1814/141 1328/2227/239 1329/1784/115
f 1340/1963/265 1339/2170/234 1338/1822/148
f 1447/2182/396 1448/2228/421 1519/2185/747
f 1519/2185/747 1445/2229/460 1518/2230/36
f 1471/2192/404 1472/2231/422 1522/2194/406
f 1472/2231/422 1521/2232/276 1522/2194/406
f 1498/2199/410 1499/2233/652 1495/2234/413
f 1499/2233/652 1494/2202/74 1495/2234/413
f 1425/2235/425 1526/2209/419 1426/2236/424
f 1426/2236/424 1526/2209/419 1525/2207/417
f 1214/2237/60 1213/2093/353 1212/2212/251
f 1223/2238/290 1221/1967/269 1222/2239/63
f 1196/2240/35 1194/2092/351 1193/2217/30
f 1226/2087/346 1223/2238/290 1225/2241/56
f 1303/2120/746 1301/2242/106 1300/2088/347
f 1312/2073/355 1311/2167/177 1310/2074/332
f 1264/2124/382 1263/2243/166 1262/2085/344
f 1286/2244/308 1282/2114/373 1285/2094/352
f 1401/2011/293 1328/2245/239 1400/2246/210
f 1400/2246/210 1397/1808/327 1401/2011/293
f 1343/2247/298 1340/1963/265 1342/2013/294
f 1423/2248/95 1426/2236/424 1424/2249/426
f 1424/2249/426 1525/2207/417 1429/2250/749
f 1525/2207/417 1428/2251/428 1429/2250/749
f 1524/2252/415 1422/2253/430 1428/2251/428
f 1429/2250/749 1430/2254/431 1424/2249/426
f 1430/2254/431 1423/2248/95 1424/2249/426
f 1520/2187/399 1477/2255/432 1470/2190/402
f 1470/2190/402 1478/2256/433 1471/2192/404
f 1471/2192/404 1475/2257/434 1472/2231/422
f 1472/2231/422 1474/2258/256 1469/2259/435
f 1181/2260/750 1514/2174/387 1497/2197/408
f 1514/2174/387 1498/2199/410 1497/2197/408
f 1498/2199/410 1528/2261/751 1499/2233/652
f 1499/2233/652 1527/2262/438 1496/2263/258
f 1234/2264/76 1233/2101/362 1232/2159/70
f 1351/1853/176 1350/2265/185 1349/1848/171
f 1245/2080/339 1242/2161/79 1244/2266/83
f 1186/2267/96 1185/2116/375 1184/2164/97
f 1217/1970/272 1214/2237/60 1216/2268/266
f 1294/1966/268 1293/2219/325 1292/1968/270
f 1324/1960/262 1322/2269/136 1321/2099/358
f 1267/2270/147 1264/2124/382 1266/2091/350
f 1478/2256/433 1479/2271/439 1475/2257/434
f 1475/2257/434 1476/2272/259 1474/2258/256
f 1296/2126/571 1295/2273/144 1294/1966/268
f 1360/1800/129 1359/2274/188 1358/1790/118
f 1370/1819/145 1369/2275/193 1368/1820/146
f 1391/2276/219 1388/1792/121 1390/1798/120
f 1363/2277/180 1360/1800/129 1362/1806/128
f 1373/2278/204 1370/1819/145 1372/1774/107
f 1454/2279/440 1455/2280/441 1451/2281/442
f 1455/2280/441 1449/2282/254 1451/2281/442
f 1513/2175/388 1512/2177/390 1528/2261/751
f 1528/2261/751 1511/2178/78 1527/2262/438
f 1238/2072/333 1234/2264/76 1237/2283/75
f 1246/2284/82 1245/2080/339 1244/2266/83
f 1190/2285/253 1187/2084/343 1186/2267/96
f 1199/2109/368 1196/2240/35 1198/2286/38
f 1314/2104/354 1313/2287/551 1312/2073/355
f 1327/2113/372 1256/2288/116 1326/2289/292
f 1257/2122/380 1256/2290/116 1255/2117/371
f 1382/2291/199 1379/2015/326 1381/1852/175
f 1333/1813/323 1332/2292/211 1331/1814/141
f 1354/1780/111 1352/2293/104 1351/1853/176
f 1422/2253/430 1435/2294/443 1428/2251/428
f 1435/2294/443 1429/2250/749 1428/2251/428
f 1436/2295/752 1430/2254/431 1429/2250/749
f 1433/2296/753 1427/2297/446 1430/2254/431
f 1450/2298/754 1460/2299/448 1453/2300/449
f 1453/2300/449 1461/2301/450 1454/2279/440
f 1461/2301/450 1455/2280/441 1454/2279/440
f 1455/2280/441 1457/2302/45 1452/2303/43
f 1473/2304/452 1484/2305/453 1477/2255/432
f 1477/2255/432 1485/2306/454 1478/2256/433
f 1485/2306/454 1479/2271/439 1478/2256/433
f 1482/2307/755 1476/2272/259 1479/2271/439
f 1208/2098/334 1205/2218/44 1207/2308/47
f 1229/2108/567 1225/2241/56 1228/2309/68
f 1201/2165/37 1199/2109/368 1198/2286/38
f 1219/1969/271 1216/2268/266 1218/2310/456
f 1276/2119/377 1275/2221/163 1274/2082/341
f 1306/2103/744 1304/2311/161 1303/2120/746
f 1317/2312/125 1314/2104/354 1316/2079/562
f 1326/2289/292 1324/1960/262 1327/2113/372
f 1269/2169/264 1266/2091/350 1270/2110/745
f 1279/2313/170 1276/2119/377 1278/2077/335
f 1383/1851/174 1382/2291/199 1381/1852/175
f 1393/2314/736 1390/1798/120 1392/1797/126
f 1336/2315/319 1333/1813/323 1337/1841/167
f 1345/2316/299 1342/2013/294 1344/1839/164
f 1436/2295/752 1437/2317/457 1433/2296/753
f 1433/2296/753 1434/2318/29 1432/2319/458
f 1461/2301/450 1462/2320/459 1458/2321/451
f 1462/2320/459 1457/2302/45 1458/2321/451
f 1450/2298/754 1446/2180/394 1517/2322/756
f 1453/2300/449 1447/2182/396 1446/2180/394
f 1454/2279/440 1448/2228/421 1447/2182/396
f 1451/2281/442 1445/2229/460 1448/2228/421
f 1485/2306/454 1486/2323/461 1482/2307/755
f 1486/2323/461 1481/2324/58 1482/2307/755
f 1502/2325/463 1503/2326/464 1516/2176/389
f 1516/2176/389 1500/2327/86 1515/2328/81
f 1509/2208/418 1508/2210/748 1506/2329/757
f 1508/2210/748 1504/2330/88 1506/2329/757
f 1249/2115/374 1246/2284/82 1248/2331/87
f 1211/2213/46 1208/2098/334 1207/2308/47
f 1222/2239/63 1219/1969/271 1218/2310/456
f 1288/2332/127 1285/2094/352 1287/1972/274
f 1299/2089/348 1297/2333/153 1296/2126/571
f 1281/2076/357 1279/2313/170 1278/2077/335
f 1261/2086/743 1258/2334/114 1257/2122/380
f 1365/2224/181 1362/1806/128 1366/1805/133
f 1374/2335/520 1372/1774/107 1375/1837/162
f 1395/1809/135 1393/2314/736 1392/1797/126
f 1346/2171/300 1344/1839/164 1347/2065/324
f 1357/1779/110 1355/2336/105 1354/1780/111
f 1431/2337/758 1444/2181/392 1435/2294/443
f 1444/2181/392 1436/2295/752 1435/2294/443
f 1436/2295/752 1439/2338/467 1437/2317/457
f 1439/2338/467 1434/2318/29 1437/2317/457
f 1456/2339/468 1468/2188/400 1460/2299/448
f 1460/2299/448 1467/2191/403 1461/2301/450
f 1467/2191/403 1462/2320/459 1461/2301/450
f 1464/2340/469 1459/2341/470 1462/2320/459
f 1487/2196/407 1484/2305/453 1480/2342/471
f 1484/2305/453 1492/2200/411 1485/2306/454
f 1485/2306/454 1489/2343/472 1486/2323/461
f 1489/2343/472 1483/2344/462 1486/2323/461
f 1505/2206/414 1501/2173/386 1178/2345/473
f 1510/2205/416 1502/2325/463 1501/2173/386
f 1509/2208/418 1503/2326/464 1502/2325/463
f 1503/2326/464 1504/2330/88 1500/2327/86
f 1289/2346/132 1287/1972/274 1290/1971/273
f 1230/2107/366 1228/2309/68 1231/2160/71
f 1240/2162/77 1238/2072/333 1237/2283/75
f 1251/1961/263 1248/2331/87 1250/2347/89
f 1253/1959/261 1250/2347/89 1254/2214/91
f 1308/2348/173 1306/2103/744 1309/2102/370
f 1320/2100/359 1317/2312/125 1316/2079/562
f 1397/1808/327 1394/2349/225 1395/1809/135
f 1386/2226/228 1383/1851/174 1387/1855/178
f 1376/2016/296 1374/2335/520 1375/1837/162
f 1443/2183/395 1442/2184/397 1439/2338/467
f 1442/2184/397 1438/2350/34 1439/2338/467
f 1467/2191/403 1466/2193/405 1464/2340/469
f 1464/2340/469 1465/2195/52 1463/2351/51
f 1492/2200/411 1491/2201/412 1489/2343/472
f 1491/2201/412 1488/2352/69 1489/2343/472
f 1191/2216/31 1189/2106/365 1190/2285/253
f 1300/2088/347 1298/2353/108 1299/2089/348
f 1152/2136/222 1148/2354/280 1149/2156/236
f 1414/1857/725 1361/1867/189 1363/1858/180
f 1427/2355/446 1190/1951/253 1186/1760/96
f 1517/2322/756 1441/2179/393 1529/2356/474
f 1450/2298/754 1517/2322/756 1529/2356/474
f 1487/2196/407 1480/2342/471 1529/2356/474
f 1480/2342/471 1473/2304/452 1529/2356/474
f 1178/2345/473 1177/2172/385 1529/2356/474
f 1179/2204/429 1505/2206/414 1529/2356/474
f 1422/2253/430 1179/2204/429 1529/2356/474
f 1180/2189/401 1456/2339/468 1529/2356/474
f 1456/2339/468 1450/2298/754 1529/2356/474
f 1177/2172/385 1181/2260/750 1529/2356/474
f 1431/2337/758 1422/2253/430 1529/2356/474
f 1181/2260/750 1487/2196/407 1529/2356/474
f 1520/2187/399 1180/2189/401 1529/2356/474
f 1473/2304/452 1520/2187/399 1529/2356/474
f 1505/2206/414 1178/2345/473 1529/2356/474
f 1441/2179/393 1431/2337/758 1529/2356/474
f 1535/2357/2 1533/1763/475 1534/2003/476
f 1537/2071/477 1539/2358/2 1536/2359/2
f 1540/1829/478 1539/2360/2 1538/1757/479
f 1561/1930/480 1531/2361/2 1560/2362/2
f 1543/1990/481 1545/2363/2 1542/2364/2
f 1532/2365/2 1530/1764/482 1533/1763/475
f 1547/1832/483 1549/2366/2 1546/2367/2
f 1548/1826/484 1551/2368/2 1549/2369/2
f 1543/1990/481 1541/2370/2 1540/1829/478
f 1544/1830/485 1546/2371/2 1545/2372/2
f 1550/1825/759 1553/2373/2 1551/2374/2
f 1552/1887/487 1555/2375/2 1553/2376/2
f 1556/1918/488 1555/2377/2 1554/1886/489
f 1558/1928/490 1557/2378/2 1556/1918/488
f 1558/1928/490 1560/2379/2 1559/2380/2
f 1536/2381/2 1534/2003/476 1537/2071/477
f 1561/1930/529 1156/1762/98 1530/1764/100
f 452/129/29 456/135/34 211/130/30
f 428/132/32 161/378/248 129/133/33
f 456/135/34 458/510/322 214/136/35
f 536/137/36 463/4378/460 219/138/37
f 130/140/39 213/4379/39 227/141/40
f 220/143/42 467/396/254 470/144/43
f 550/146/2 553/427/2 133/147/2
f 475/149/45 477/4380/470 229/150/46
f 131/152/48 133/471/301 238/153/49
f 232/164/60 230/393/251 164/157/53
f 230/393/251 481/155/51 164/157/53
f 132/142/41 227/141/40 245/158/54
f 241/453/290 163/161/57 243/160/56
f 163/161/57 494/401/259 499/162/58
f 176/163/59 234/408/266 232/164/60
f 173/165/61 232/164/60 164/157/53
f 240/167/63 236/4381/456 180/168/64
f 245/170/66 238/452/66 254/171/67
f 499/162/58 501/4382/462 246/173/68
f 506/174/69 508/394/252 250/175/70
f 134/159/55 245/158/54 259/177/72
f 512/179/74 514/400/258 255/180/75
f 559/182/2 139/432/2 137/183/2
f 258/185/77 545/4383/438 529/186/78
f 254/171/67 270/572/80 277/188/80
f 533/189/81 518/194/86 264/190/82
f 136/178/73 259/177/72 277/192/84
f 518/194/86 522/196/88 266/195/87
f 522/196/88 525/198/90 268/197/89
f 525/198/90 541/225/112 272/199/91
f 188/200/92 558/273/155 556/201/93
f 441/203/95 445/806/446 204/204/96
f 174/206/98 184/446/285 551/207/99
f 564/209/2 145/436/2 143/210/2
f 138/193/85 277/192/84 291/212/101
f 429/214/103 427/308/186 370/215/104
f 319/217/106 393/281/162 390/218/107
f 549/220/2 550/146/2 131/148/2
f 298/222/109 301/233/117 375/223/110
f 541/225/112 443/4384/425 201/226/113
f 276/227/114 349/258/141 347/228/115
f 567/230/2 569/437/2 150/231/2
f 301/233/117 304/478/308 376/234/118
f 333/235/119 335/241/125 408/236/120
f 141/238/122 143/479/309 320/239/123
f 335/241/125 337/462/297 410/242/126
f 306/243/127 307/249/132 380/244/128
f 336/246/130 348/368/131 353/247/131
f 307/249/132 311/513/325 384/250/133
f 343/251/134 415/515/327 413/252/135
f 142/254/137 309/289/169 323/255/138
f 278/257/140 351/511/323 349/258/141
f 341/259/142 353/4385/182 149/260/143
f 313/262/144 315/271/153 388/263/145
f 285/265/147 358/407/265 356/266/148
f 177/268/150 172/312/190 568/269/151
f 315/271/153 316/219/108 390/218/107
f 192/272/154 561/434/284 558/273/155
f 562/274/156 183/433/283 181/275/157
f 286/277/159 302/459/160 309/278/160
f 322/280/161 394/461/296 393/281/162
f 293/282/163 365/512/324 362/283/164
f 281/285/166 283/267/149 356/266/148
f 320/287/168 336/246/130 341/248/130
f 140/213/102 291/212/101 309/289/169
f 144/256/139 323/255/138 341/259/142
f 297/290/170 369/296/176 367/291/171
f 326/293/173 329/297/177 401/294/174
f 298/222/109 372/224/111 369/296/176
f 329/297/177 331/424/282 405/298/178
f 201/299/113 443/4386/425 441/203/95
f 353/303/182 371/324/201 152/304/183
f 426/306/184 364/467/300 368/307/185
f 172/312/190 169/4387/206 570/313/191
f 431/309/187 429/214/103 374/317/195
f 371/318/196 366/4388/196 382/319/197
f 371/324/201 385/340/216 154/325/202
f 169/329/206 165/347/223 572/330/207
f 420/332/208 439/348/224 416/333/209
f 420/332/208 346/364/239 350/335/211
f 382/337/213 153/485/315 155/338/214
f 385/340/216 403/356/231 156/341/217
f 437/342/218 407/354/229 409/343/219
f 170/346/222 574/362/237 572/330/207
f 403/350/226 396/4389/226 414/351/227
f 436/321/198 435/420/278 398/355/230
f 403/356/231 417/366/241 158/357/232
f 424/358/233 422/508/320 357/359/234
f 167/361/236 576/372/244 574/362/237
f 414/351/227 423/468/240 425/365/240
f 417/366/241 425/380/249 160/367/242
f 348/368/131 366/4388/196 371/318/196
f 576/372/244 167/361/236 178/373/245
f 423/377/247 159/488/318 161/378/248
f 425/380/249 430/509/321 162/381/250
f 246/173/68 501/4382/462 506/174/69
f 229/150/46 477/4380/470 481/155/51
f 252/181/76 250/175/70 508/394/252
f 208/395/253 450/4390/458 452/129/29
f 219/138/37 463/4378/460 467/396/254
f 175/397/255 487/4391/435 492/398/256
f 223/145/44 470/144/43 475/149/45
f 514/400/258 545/4383/438 258/185/77
f 185/399/257 492/398/256 494/401/259
f 271/403/261 345/560/372 342/404/262
f 287/406/264 360/458/294 358/407/265
f 180/168/64 236/4381/456 234/408/266
f 242/409/267 314/573/383 312/410/268
f 239/411/269 312/410/268 310/412/270
f 235/414/272 237/413/271 310/412/270
f 235/414/272 308/415/273 305/416/274
f 539/418/276 487/4391/435 175/397/255
f 164/157/53 483/156/52 166/422/280
f 331/424/282 333/235/119 406/237/121
f 549/220/2 129/221/2 161/425/2
f 553/427/2 554/429/2 135/428/2
f 554/429/2 557/4392/2 137/430/2
f 560/431/2 141/435/2 139/432/2
f 183/433/283 562/274/156 561/434/284
f 563/211/2 143/210/2 141/435/2
f 181/275/157 177/268/150 566/270/152
f 564/209/2 567/230/2 147/232/2
f 569/437/2 571/439/2 153/438/2
f 571/439/2 573/442/2 155/440/2
f 575/441/2 157/444/2 155/440/2
f 577/443/2 159/445/2 157/444/2
f 578/426/2 161/425/2 159/445/2
f 184/446/285 194/517/329 552/447/286
f 428/448/287 206/4393/288 213/449/288
f 227/451/289 222/489/289 238/452/66
f 241/453/290 240/167/63 182/169/65
f 529/186/78 533/189/81 262/191/83
f 344/455/292 274/4394/116 347/456/115
f 290/284/165 362/283/164 360/458/294
f 302/459/160 320/287/168 323/288/168
f 325/460/295 397/514/326 394/461/296
f 340/253/136 413/252/135 410/242/126
f 434/326/203 392/328/205 395/421/279
f 385/320/197 382/319/197 396/464/226
f 426/306/184 424/358/233 361/463/298
f 423/468/240 428/448/287 430/450/287
f 129/469/33 131/152/48 222/154/50
f 133/471/301 135/473/303 254/472/302
f 135/473/303 137/475/305 270/474/304
f 137/475/305 139/477/307 286/476/306
f 139/477/307 141/238/122 302/240/124
f 306/243/127 378/245/129 376/234/118
f 143/479/309 145/4395/310 336/480/310
f 336/480/310 145/4395/310 147/481/311
f 348/482/312 147/481/311 150/483/313
f 366/484/314 150/483/313 153/485/315
f 436/321/198 402/323/200 404/353/228
f 396/339/215 155/338/214 157/486/316
f 414/487/317 157/486/316 159/488/318
f 213/449/288 206/4393/288 222/489/289
f 421/336/212 352/363/238 354/507/319
f 430/509/321 213/4379/39 130/140/39
f 458/510/322 536/137/36 216/139/38
f 281/285/166 355/286/167 351/511/323
f 295/292/172 367/291/171 365/512/324
f 313/262/144 386/264/146 384/250/133
f 325/460/295 326/293/173 399/295/175
f 344/455/292 419/457/293 415/515/327
f 434/326/203 433/314/192 389/316/194
f 433/314/192 432/300/179 383/302/181
f 193/402/260 494/401/259 163/161/57
f 194/517/329 190/605/384 555/518/330
f 257/519/331 330/543/355 328/520/332
f 226/522/334 299/545/357 296/523/335
f 265/525/337 338/547/359 334/526/338
f 221/528/340 294/566/377 292/529/341
f 205/531/343 207/553/365 280/532/344
f 244/534/346 247/555/367 318/535/347
f 215/537/349 288/557/369 284/538/350
f 233/417/275 305/416/274 303/540/352
f 257/519/331 261/551/363 332/542/354
f 228/544/356 300/561/373 299/545/357
f 265/525/337 267/562/374 339/546/358
f 253/548/360 327/558/370 324/549/361
f 263/527/339 334/526/338 332/542/354
f 210/552/364 282/571/382 280/532/344
f 248/554/366 321/567/378 318/535/347
f 217/556/368 289/568/379 288/557/369
f 253/548/360 256/521/333 328/520/332
f 271/403/261 200/664/376 273/559/371
f 228/544/356 231/541/353 303/540/352
f 269/405/263 342/404/262 339/546/358
f 203/563/375 275/569/380 273/564/371
f 221/528/340 224/524/336 296/523/335
f 248/554/366 251/550/362 324/549/361
f 217/556/368 218/530/342 292/529/341
f 203/563/375 205/531/343 279/533/345
f 163/161/57 241/453/290 191/454/291
f 210/552/364 212/539/351 284/538/350
f 270/572/80 286/277/159 291/279/159
f 244/534/346 317/536/348 314/573/383
f 439/348/224 438/344/220 411/345/221
f 187/574/381 188/4396/92 186/575/94
f 189/577/328 163/576/57 186/575/94
f 168/579/62 164/4397/53 165/580/223
f 165/580/223 164/4397/53 171/582/281
f 184/584/285 174/602/98 175/585/255
f 173/587/61 168/579/62 169/581/206
f 193/589/260 189/577/328 190/578/384
f 191/591/291 192/595/154 188/592/92
f 182/594/65 183/596/283 192/595/154
f 183/596/283 182/594/65 180/597/64
f 177/599/150 181/598/157 180/597/64
f 178/601/245 179/604/277 175/585/255
f 167/603/236 166/805/280 179/604/277
f 172/588/190 177/599/150 176/600/59
f 194/590/329 184/584/285 185/586/257
f 190/605/384 186/202/94 556/201/93
f 483/156/52 539/418/276 179/419/277
f 250/606/70 251/550/362 248/554/366
f 261/551/363 257/519/331 258/608/77
f 203/563/375 200/565/376 201/610/113
f 221/528/340 218/530/342 219/612/37
f 329/614/177 326/800/173 327/558/370
f 281/615/166 278/783/140 279/533/345
f 289/568/379 290/4398/165 287/616/264
f 356/266/148 357/677/234 354/617/319
f 367/291/171 368/716/185 364/618/300
f 195/619/385 196/797/473 519/620/386
f 519/620/386 520/776/463 531/622/388
f 531/622/388 520/776/463 534/623/389
f 530/624/390 534/623/389 533/625/81
f 535/627/391 464/630/394 462/628/392
f 464/630/394 465/632/396 461/631/395
f 465/632/396 537/634/398 460/633/397
f 537/634/398 536/679/36 458/635/322
f 538/636/399 488/639/402 486/637/400
f 488/639/402 489/641/404 485/640/403
f 489/641/404 540/643/406 484/642/405
f 540/643/406 539/681/276 483/644/52
f 505/645/407 199/712/436 515/646/408
f 511/647/409 515/646/408 516/648/410
f 516/648/410 513/651/413 509/650/412
f 513/651/413 512/684/74 508/652/252
f 523/653/414 197/704/429 542/654/415
f 528/655/416 542/654/415 543/656/417
f 527/657/418 543/656/417 544/658/419
f 544/658/419 541/685/112 525/660/90
f 230/661/251 231/541/353 228/544/356
f 272/663/91 201/4399/113 200/664/376
f 212/539/351 210/552/364 209/665/31
f 224/524/336 221/528/340 220/613/42
f 311/668/325 307/798/132 308/415/273
f 339/546/358 340/721/136 337/669/297
f 293/670/163 290/4398/165 289/568/379
f 300/561/373 301/4400/117 298/671/109
f 377/672/188 374/4401/195 375/223/110
f 387/673/193 383/784/181 384/250/133
f 398/674/230 395/801/279 394/461/296
f 406/237/121 407/728/229 404/675/228
f 350/676/211 346/4402/239 347/228/115
f 358/407/265 359/699/235 357/677/234
f 466/678/421 463/772/460 536/679/36
f 490/680/422 487/711/435 539/681/276
f 513/651/413 517/682/423 514/683/258
f 541/685/112 544/658/419 444/686/424
f 232/688/60 233/417/275 231/541/353
f 241/689/290 242/409/267 239/411/269
f 214/691/35 215/537/349 212/539/351
f 244/534/346 242/409/267 241/689/290
f 321/567/378 322/4403/161 319/693/106
f 330/543/355 331/738/282 329/614/177
f 283/694/149 281/615/166 280/532/344
f 304/695/308 301/4400/117 300/561/373
f 418/696/210 419/457/293 347/456/115
f 416/698/209 415/515/327 419/457/293
f 360/458/294 361/4404/298 359/699/235
f 441/700/95 443/687/425 444/686/424
f 442/701/426 444/686/424 543/656/417
f 543/656/417 542/654/415 446/703/428
f 446/703/428 542/654/415 197/704/429
f 448/706/431 445/747/446 441/700/95
f 538/636/399 491/754/452 495/707/432
f 488/639/402 495/707/432 496/708/433
f 489/641/404 496/708/433 493/709/434
f 490/680/422 493/709/434 492/710/256
f 195/619/385 532/621/387 515/646/408
f 532/621/387 531/622/388 516/648/410
f 516/648/410 531/622/388 546/713/437
f 517/682/423 546/713/437 545/714/438
f 252/715/76 253/548/360 251/550/362
f 369/296/176 370/743/104 368/716/185
f 263/527/339 261/551/363 260/609/79
f 205/531/343 203/563/375 202/611/97
f 235/414/272 233/417/275 232/688/60
f 313/720/144 311/668/325 310/412/270
f 342/404/262 343/763/134 340/721/136
f 285/722/147 283/694/149 282/571/382
f 493/709/434 497/723/439 494/724/259
f 315/725/153 313/720/144 312/410/268
f 379/726/189 377/672/188 376/234/118
f 389/727/194 387/673/193 386/264/146
f 408/236/120 409/765/219 407/728/229
f 381/729/180 379/726/189 378/245/129
f 390/218/107 391/785/204 389/727/194
f 473/731/441 470/753/43 467/733/254
f 546/713/437 530/624/390 529/626/78
f 256/521/333 253/548/360 252/715/76
f 265/525/337 263/527/339 262/717/83
f 208/736/253 207/553/365 205/531/343
f 217/556/368 215/537/349 214/691/35
f 332/542/354 333/4405/119 331/738/282
f 344/739/292 345/560/372 273/559/371
f 275/569/380 276/4406/114 274/741/116
f 400/742/199 398/674/230 397/514/326
f 351/511/323 352/766/238 350/676/211
f 372/224/111 373/787/105 370/743/104
f 440/705/430 449/788/466 453/744/443
f 446/703/428 453/744/443 454/745/444
f 454/745/444 451/746/445 448/706/431
f 451/746/445 450/769/458 445/747/446
f 468/748/447 474/791/468 478/749/448
f 471/750/449 478/749/448 479/751/450
f 472/730/440 479/751/450 476/752/451
f 476/752/451 475/771/45 470/753/43
f 491/754/452 498/794/471 502/755/453
f 495/707/432 502/755/453 503/756/454
f 503/756/454 500/757/455 497/723/439
f 500/757/455 499/775/58 494/724/259
f 226/522/334 224/524/336 223/667/44
f 247/555/367 244/534/346 243/692/56
f 219/612/37 218/530/342 217/556/368
f 237/413/271 235/414/272 234/719/266
f 294/566/377 295/4407/172 293/670/163
f 325/761/295 322/4403/161 321/567/378
f 335/762/125 333/4405/119 332/542/354
f 343/763/134 342/404/262 345/560/372
f 288/557/369 287/616/264 285/722/147
f 297/764/170 295/4407/172 294/566/377
f 401/294/174 402/4408/200 400/742/199
f 410/242/126 411/4409/221 409/765/219
f 355/286/167 354/617/319 352/766/238
f 363/767/299 361/4404/298 360/458/294
f 455/768/457 452/790/29 450/769/458
f 480/770/459 477/793/470 475/771/45
f 468/748/447 471/750/449 464/630/394
f 471/750/449 472/730/440 465/632/396
f 472/730/440 469/732/442 466/678/421
f 469/732/442 467/733/254 463/772/460
f 500/757/455 504/773/461 501/774/462
f 534/623/389 521/777/464 518/778/86
f 524/779/465 526/659/420 525/660/90
f 267/562/374 265/525/337 264/735/82
f 229/662/46 228/544/356 226/522/334
f 240/690/63 239/411/269 237/413/271
f 306/782/127 304/695/308 303/540/352
f 317/536/348 316/804/108 315/725/153
f 299/545/357 298/671/109 297/764/170
f 278/783/140 276/4406/114 275/569/380
f 383/784/181 381/729/180 380/244/128
f 393/281/162 392/4410/205 391/785/204
f 412/786/225 411/4409/221 410/242/126
f 364/618/300 363/767/299 362/283/164
f 375/223/110 374/4401/195 373/787/105
f 449/788/466 459/629/393 462/628/392
f 462/628/392 461/631/395 454/745/444
f 454/745/444 461/631/395 457/789/467
f 457/789/467 456/802/34 452/790/29
f 474/791/468 198/638/401 486/637/400
f 478/749/448 486/637/400 485/640/403
f 485/640/403 482/792/469 480/770/459
f 482/792/469 481/803/51 477/793/470
f 505/645/407 511/647/409 502/755/453
f 502/755/453 511/647/409 510/649/411
f 503/756/454 510/649/411 507/795/472
f 504/773/461 507/795/472 506/796/69
f 523/653/414 528/655/416 519/620/386
f 528/655/416 527/657/418 520/776/463
f 527/657/418 524/779/465 521/777/464
f 521/777/464 524/779/465 522/780/88
f 307/798/132 306/782/127 305/416/274
f 249/607/71 248/554/366 247/555/367
f 258/608/77 257/519/331 256/521/333
f 269/405/263 267/562/374 266/781/87
f 271/403/261 269/405/263 268/799/89
f 326/800/173 325/761/295 324/549/361
f 337/669/297 335/762/125 334/526/338
f 416/698/209 412/786/225 413/252/135
f 404/675/228 402/4408/200 401/294/174
f 395/801/279 392/4410/205 393/281/162
f 460/633/397 458/635/322 456/802/34
f 482/792/469 484/642/405 483/644/52
f 509/650/412 508/652/252 506/796/69
f 209/665/31 210/552/364 207/553/365
f 318/535/347 319/693/106 316/804/108
f 170/583/222 171/582/281 166/805/280
f 432/300/179 431/309/187 379/311/189
f 445/806/446 450/4390/458 208/395/253
f 553/808/2 550/4411/2 551/207/475
f 555/518/477 556/201/479 557/809/2
f 558/273/478 559/4412/2 557/811/2
f 579/374/480 548/208/482 549/812/2
f 561/434/481 562/274/485 563/814/2
f 550/816/2 549/4413/2 548/208/482
f 565/276/483 566/270/484 567/817/2
f 566/270/484 568/269/486 569/819/2
f 561/434/481 560/4414/2 559/821/2
f 562/274/485 565/276/483 564/822/2
f 568/269/486 570/313/487 571/824/2
f 570/331/487 572/330/489 573/826/2
f 574/362/488 575/4415/2 573/828/2
f 576/372/490 577/4416/2 575/829/2
f 576/372/490 579/374/480 578/830/2
f 554/832/2 553/4417/2 552/447/476
f 579/374/246 178/373/245 174/206/98
f 909/833/29 913/839/34 662/834/30
f 879/836/491 612/1080/530 580/837/33
f 913/839/34 917/1226/322 665/840/35
f 1013/841/36 922/4418/460 670/842/37
f 581/844/492 664/4419/492 678/845/40
f 926/847/254 931/4420/43 674/848/44
f 1081/850/2 1084/1142/2 584/851/2
f 936/853/45 940/4421/470 680/854/46
f 582/856/48 584/1185/556 689/857/49
f 683/868/500 681/1096/531 615/861/495
f 681/1096/531 944/859/493 615/861/495
f 583/846/41 678/845/40 696/862/54
f 692/1170/554 614/865/497 694/864/496
f 614/865/497 961/1115/543 966/866/498
f 627/867/499 685/1122/545 683/868/500
f 624/869/501 683/868/500 615/861/495
f 691/871/503 687/4422/692 631/872/504
f 689/874/66 705/892/67 710/875/67
f 966/866/498 970/4423/462 697/877/68
f 975/878/69 979/1100/252 701/879/70
f 585/863/55 696/862/54 710/881/72
f 983/883/74 987/1111/258 706/884/75
f 1090/886/2 590/1147/2 588/887/2
f 709/889/77 1026/4424/438 1004/890/78
f 705/892/67 721/1288/80 728/893/80
f 1008/894/81 991/899/86 715/895/82
f 587/882/73 710/881/72 728/897/84
f 991/899/86 995/901/88 717/900/87
f 995/901/88 1000/903/90 719/902/89
f 1000/903/90 1022/930/112 723/904/91
f 639/905/92 1089/978/514 1087/906/93
f 892/908/95 900/1657/684 655/909/96
f 625/911/98 635/1163/285 1082/912/506
f 1095/914/2 596/1153/2 594/915/2
f 589/898/85 728/897/84 742/917/101
f 878/919/508 821/1132/104 824/920/105
f 770/922/106 844/986/162 841/923/107
f 1080/925/2 1081/850/2 582/852/2
f 749/927/109 752/938/117 826/928/110
f 1022/930/112 896/4425/425 652/931/510
f 727/932/114 800/963/141 798/933/115
f 1098/935/2 1100/1154/2 601/936/2
f 752/938/117 755/1193/308 827/939/118
f 786/940/125 859/947/120 857/941/121
f 592/943/122 594/1194/309 771/944/123
f 786/940/125 788/1179/297 861/946/126
f 757/948/127 758/954/132 831/949/128
f 787/951/130 799/4426/131 804/952/131
f 758/954/132 762/1229/325 835/955/133
f 794/956/134 866/1231/327 864/957/135
f 593/959/137 760/994/169 774/960/138
f 729/962/511 802/1227/323 800/963/141
f 792/964/142 804/1008/182 600/965/143
f 764/967/144 766/976/153 839/968/145
f 736/970/512 809/1121/265 807/971/148
f 628/973/150 623/1015/190 1099/974/151
f 766/976/153 767/924/108 841/923/107
f 643/977/154 1092/1149/552 1089/978/514
f 1093/979/515 634/1148/283 632/980/157
f 737/982/159 753/1176/160 760/983/160
f 773/985/161 845/1178/296 844/986/162
f 744/987/163 816/1228/324 813/988/164
f 732/990/166 734/972/149 807/971/148
f 771/992/168 787/951/130 792/953/130
f 591/918/102 742/917/101 760/994/169
f 595/961/139 774/960/138 792/964/142
f 748/995/170 820/1001/176 818/996/171
f 777/998/173 780/1002/177 852/999/174
f 749/927/109 823/929/111 820/1001/176
f 780/1002/177 782/1139/551 856/1003/178
f 652/1004/510 896/4427/425 892/908/95
f 804/1008/182 822/1027/201 603/1009/183
f 877/1010/517 815/1183/300 819/1011/185
f 623/1015/190 620/1032/206 1101/1016/191
f 882/1012/187 880/921/509 825/1020/195
f 822/1021/196 817/1070/196 833/1022/197
f 822/1027/201 836/1042/216 605/1028/202
f 620/1032/206 616/1049/223 1103/1033/207
f 871/1034/521 890/1050/525 867/1035/209
f 871/1034/521 797/1066/239 801/1037/211
f 833/1039/213 604/1200/315 606/1040/214
f 836/1042/216 854/1058/231 607/1043/217
f 888/1044/523 858/1056/229 860/1045/219
f 621/1048/222 1105/1064/527 1103/1033/207
f 854/1052/226 847/1181/226 865/1053/227
f 887/1024/198 886/1135/548 849/1057/230
f 854/1058/231 868/1068/241 609/1059/232
f 875/1060/526 873/1224/559 808/1061/234
f 618/1063/236 1107/1074/528 1105/1064/527
f 865/1053/227 874/1184/240 876/1067/240
f 868/1068/241 876/4428/249 611/1069/242
f 804/952/131 799/4426/131 817/1070/196
f 1107/1074/528 618/1063/236 629/1075/245
f 874/1079/247 610/1203/558 612/1080/530
f 876/1082/249 881/1225/321 613/1083/250
f 697/877/68 970/4423/462 975/878/69
f 680/854/46 940/4421/470 944/859/493
f 1034/1097/532 1033/1335/533 1049/1098/533
f 703/885/76 701/879/70 979/1100/252
f 1045/1101/534 1061/1326/534 1058/1102/535
f 1039/1104/536 1038/1343/537 1054/1105/537
f 659/1107/253 905/4429/683 909/833/29
f 670/842/37 922/4418/460 926/847/254
f 626/1108/538 952/4430/666 957/1109/539
f 674/848/44 931/4420/43 936/853/45
f 987/1111/258 1026/4424/438 709/889/77
f 1041/1112/541 1044/1342/542 1060/1113/542
f 636/1110/540 957/1109/539 961/1115/543
f 722/1117/261 796/1276/372 793/1118/262
f 738/1120/264 811/1175/294 809/1121/265
f 631/872/504 687/4422/692 685/1122/545
f 693/1123/267 765/1289/571 763/1124/268
f 690/1125/269 763/1124/268 761/1126/270
f 686/1128/272 688/1127/271 761/1126/270
f 686/1128/272 759/1129/273 756/1130/274
f 1018/1133/546 952/4430/666 626/1108/538
f 615/861/495 948/860/494 617/1137/549
f 782/1139/551 784/942/119 857/941/121
f 1080/925/2 580/926/2 612/1140/2
f 1084/1142/2 1085/4431/2 586/1143/2
f 1085/1144/2 1088/888/2 588/887/2
f 1091/1146/2 592/1150/2 590/1147/2
f 634/1148/283 1093/979/515 1092/1149/552
f 1094/916/2 594/915/2 592/1150/2
f 632/1151/157 628/973/150 1097/975/513
f 1095/914/2 1098/935/2 598/937/2
f 1100/1154/2 1102/1156/2 604/1155/2
f 1102/1156/2 1104/1159/2 606/1157/2
f 1106/1158/2 608/1161/2 606/1157/2
f 1108/1160/2 610/1162/2 608/1161/2
f 1108/1160/2 1109/1141/2 612/1140/2
f 635/1163/285 645/1233/329 1083/1164/553
f 879/1165/287 657/4432/288 664/1166/288
f 673/1168/289 689/874/66 696/876/66
f 692/1170/554 691/871/503 633/873/505
f 1004/890/78 1008/894/81 713/896/83
f 725/1172/116 798/1506/115 870/1173/293
f 741/989/165 813/988/164 811/1175/294
f 753/1176/160 771/992/168 774/993/168
f 773/985/161 776/1230/295 848/1177/326
f 791/958/136 864/957/135 861/946/126
f 886/1135/548 885/1029/519 843/1031/520
f 836/1023/197 833/1022/197 847/1181/226
f 877/1010/517 875/1060/526 812/1180/298
f 874/1184/240 879/1165/287 881/1167/287
f 580/837/33 582/856/48 673/858/50
f 584/1185/556 586/1187/303 705/1186/302
f 586/1187/303 588/4433/305 721/1188/557
f 588/1189/305 590/1192/307 737/1190/306
f 590/1192/307 592/943/122 753/945/124
f 755/1193/308 757/948/127 829/950/129
f 594/1194/309 596/4434/310 787/1195/310
f 787/1195/310 596/4434/310 598/1196/311
f 799/1197/312 598/1196/311 601/1198/313
f 817/1199/314 601/1198/313 604/1200/315
f 887/1024/198 853/1026/200 855/1055/228
f 847/1041/215 606/1040/214 608/1201/316
f 865/1202/317 608/1201/316 610/1203/558
f 657/1204/288 673/1168/289 678/1169/289
f 872/1038/522 803/1065/238 805/1223/319
f 881/1225/321 664/4419/492 581/844/492
f 917/1226/322 1013/841/36 667/843/38
f 732/990/166 806/991/167 802/1227/323
f 746/997/172 818/996/171 816/1228/324
f 762/1229/325 764/967/144 837/969/146
f 776/1230/295 777/998/173 850/1000/175
f 795/1174/292 870/1173/293 866/1231/327
f 885/1029/519 884/1017/518 840/1019/194
f 884/1017/518 883/1005/516 834/1007/181
f 644/1116/544 961/1115/543 614/865/497
f 645/1233/329 641/1321/384 1086/1234/561
f 708/1235/331 781/1259/355 779/1236/332
f 677/1238/334 750/1261/357 747/1239/335
f 716/1241/337 789/1263/359 785/1242/562
f 672/1244/340 745/1281/377 743/1245/341
f 656/1247/343 658/1269/365 731/1248/344
f 695/1250/346 698/1271/567 769/1251/347
f 663/1253/351 666/1273/349 739/1254/369
f 684/1131/275 756/1130/274 754/1256/352
f 708/1235/331 712/1267/363 783/1258/566
f 677/1238/334 679/1277/569 751/1260/373
f 716/1241/337 718/1278/374 790/1262/358
f 704/1264/360 778/1274/370 775/1265/361
f 712/1267/363 714/1243/339 785/1242/562
f 661/1268/364 733/1287/382 731/1248/344
f 699/1270/366 772/1282/378 769/1251/347
f 668/1272/568 740/1283/379 739/1254/369
f 704/1264/360 707/1237/333 779/1236/332
f 722/1117/261 651/1280/376 724/1275/371
f 682/1257/353 754/1256/352 751/1260/373
f 720/1119/263 793/1118/262 790/1262/358
f 654/1279/375 726/1285/380 724/1275/371
f 672/1244/340 675/1240/336 747/1239/335
f 699/1270/366 702/1266/362 775/1265/361
f 669/1246/563 743/1245/341 740/1283/379
f 654/1279/375 656/4435/343 730/1284/564
f 614/865/497 692/1170/554 642/1171/555
f 661/1268/364 663/1253/351 735/1255/350
f 721/1288/80 737/982/159 742/984/159
f 695/1250/346 768/1252/565 765/1289/571
f 890/1050/525 889/1046/220 862/1047/524
f 638/1290/570 639/1308/92 637/1291/94
f 640/1293/560 614/1292/497 637/1291/94
f 619/1295/502 615/4436/495 616/1296/223
f 616/1296/223 615/4436/495 622/1298/550
f 635/1300/285 625/1318/98 626/1301/538
f 624/1303/501 619/1295/502 620/1297/206
f 644/1305/544 640/1293/560 641/1294/384
f 642/1307/555 643/1310/154 639/1308/92
f 633/1309/505 634/1311/283 643/1310/154
f 634/1311/283 633/1309/505 631/1312/504
f 628/1314/150 632/4437/157 631/1315/504
f 629/1317/245 630/1320/547 626/1301/538
f 618/1319/236 617/1639/549 630/1320/547
f 623/1304/190 628/1314/150 627/1316/499
f 645/1306/329 635/1300/285 636/1302/540
f 641/1321/384 637/907/94 1087/906/93
f 1042/1103/535 1058/1102/535 1059/1322/572
f 1035/1324/573 1034/1097/532 1050/1099/532
f 1041/1112/541 1057/1114/541 1061/1326/534
f 1030/1327/574 1046/1348/574 1048/1328/575
f 948/860/494 1018/1133/546 630/1134/547
f 1043/1323/572 1059/1322/572 1047/1330/576
f 648/1332/577 1031/4438/577 1030/1333/578
f 1032/1329/575 1048/1328/575 1049/1098/533
f 1039/1104/536 1055/1106/536 1056/1336/579
f 1036/1338/580 1035/1324/573 1051/1325/573
f 1037/1340/581 1036/1338/580 1052/1339/580
f 1040/1337/579 1056/1336/579 1060/1113/542
f 1038/1343/537 1037/1340/581 1053/1341/581
f 650/1344/582 974/1371/583 1044/1345/583
f 1031/1347/576 1047/4439/576 1046/1348/574
f 956/1349/584 1017/1367/585 1038/1350/585
f 904/1352/586 1032/1365/586 1033/1353/587
f 1012/1355/588 1034/1370/588 1035/1356/589
f 965/1358/590 956/1349/584 1039/1351/584
f 996/1360/591 1043/1369/591 1031/1361/577
f 927/1357/589 1035/1356/589 1036/1363/592
f 891/1334/578 1030/1333/578 1032/1365/586
f 649/1366/593 1037/1374/593 1038/1350/585
f 647/1368/594 1042/1373/594 1043/1369/591
f 918/1354/587 1033/1353/587 1034/1370/588
f 965/1358/590 1040/1359/590 1044/1345/583
f 647/1368/594 646/1375/595 1045/1372/595
f 649/1366/593 935/1364/592 1036/1363/592
f 646/1375/595 650/1344/582 1041/1346/582
f 1077/1376/596 1065/1404/597 1057/1377/597
f 1075/1379/598 1063/4440/599 1050/1380/599
f 1052/1382/600 1071/1396/600 1076/1383/601
f 1070/1385/602 1075/1379/598 1049/1381/598
f 1073/1387/603 1074/1402/604 1059/1388/604
f 1069/1390/605 1072/1397/606 1056/1391/606
f 1053/1384/601 1076/1383/601 1064/1393/607
f 1051/1395/608 1078/1405/608 1071/1396/600
f 1072/1397/606 1077/1376/596 1060/1378/596
f 1067/1398/609 1070/1385/602 1048/1386/602
f 1068/1400/610 1073/1387/603 1058/1389/603
f 1074/1402/604 1066/4441/611 1047/1403/611
f 1065/1404/597 1068/1400/610 1061/1401/610
f 1050/1380/599 1063/4440/599 1078/1405/608
f 1066/1406/611 1067/1398/609 1046/1399/609
f 1064/1393/607 1069/1390/605 1055/1392/605
f 701/1408/70 702/1266/362 699/1270/366
f 711/1410/79 712/1267/363 708/1235/331
f 653/1412/97 654/1279/375 651/1280/376
f 672/1244/340 669/1246/563 670/1414/37
f 780/1416/177 777/4442/173 778/1274/370
f 732/1417/166 729/4443/511 730/1249/564
f 741/1418/165 738/4444/264 739/1254/369
f 808/1419/234 805/1582/319 806/991/167
f 819/1420/185 815/4445/300 816/1228/324
f 646/1421/612 647/1599/703 1009/1422/613
f 1009/1422/613 1010/1602/706 1006/1424/615
f 1006/1424/615 1010/1602/706 1011/1425/389
f 1011/1425/389 1008/1605/81 1004/1427/78
f 1012/1428/617 1014/1431/620 921/1429/618
f 1014/1431/620 1015/1433/622 920/1432/621
f 1015/1433/622 1016/1435/624 919/1434/623
f 1016/1435/624 1013/1481/36 917/1436/322
f 1017/1437/625 1019/1440/628 951/1438/626
f 1019/1440/628 1020/1442/630 950/1441/629
f 1020/1442/630 1021/1444/406 949/1443/405
f 1021/1444/406 1018/1485/546 948/1445/494
f 974/1446/631 650/1486/648 984/1447/632
f 984/1447/632 985/1489/651 981/1449/634
f 981/1449/634 985/1489/651 986/1450/635
f 980/1451/412 986/1450/635 983/1452/74
f 996/1454/636 648/1496/655 1023/1455/637
f 1003/1456/638 1023/1455/637 1024/1457/639
f 1024/1457/639 1025/1460/642 1001/1459/641
f 1025/1460/642 1022/1491/112 1000/1461/90
f 682/1257/353 679/1277/569 680/1462/46
f 723/1464/91 652/1413/510 651/1280/376
f 662/1465/30 663/1253/351 661/1268/364
f 675/1240/336 672/1244/340 671/1415/42
f 762/1468/325 758/1631/132 759/1129/273
f 790/1262/358 791/1531/136 788/1469/297
f 744/1470/163 741/1418/165 740/1283/379
f 752/1471/117 749/4446/109 750/1261/357
f 828/1472/188 825/4447/195 826/928/110
f 838/1473/193 834/1615/181 835/955/133
f 849/1474/230 846/1634/279 845/1178/296
f 857/941/121 858/4448/229 855/1475/228
f 801/1476/211 797/4449/239 798/933/115
f 810/1477/235 808/1419/234 807/971/148
f 1014/1431/620 923/1478/643 924/1479/644
f 924/1479/644 925/1480/645 1016/1435/624
f 925/1480/645 922/1594/460 1013/1481/36
f 953/1482/646 954/1483/647 1020/1442/630
f 954/1483/647 955/1484/422 1021/1444/406
f 955/1484/422 952/1521/666 1018/1485/546
f 984/1447/632 988/1487/649 989/1488/650
f 985/1489/651 989/1488/650 990/1490/652
f 990/1490/652 987/1525/258 983/1452/74
f 1022/1491/112 1025/1460/642 899/1492/424
f 1025/1460/642 1024/1457/639 898/1494/653
f 898/1494/653 1024/1457/639 1023/1455/637
f 683/1497/500 684/1131/275 682/1257/353
f 692/1498/554 693/1123/267 690/1125/269
f 665/1500/35 666/1273/349 663/1253/351
f 695/1250/346 693/1123/267 692/1498/554
f 773/1502/161 770/4450/106 769/1251/347
f 781/1259/355 782/4451/551 780/1416/177
f 734/1503/149 732/1417/166 731/1248/344
f 755/1504/308 752/1471/117 751/1260/373
f 869/1505/210 870/1173/293 798/1506/115
f 867/1508/209 866/1231/327 870/1173/293
f 811/1175/294 812/1583/298 810/1477/235
f 896/1493/425 899/1492/424 895/1509/656
f 895/1509/656 899/1492/424 898/1494/653
f 894/1511/657 898/1494/653 897/1495/654
f 893/1512/658 897/1495/654 648/1496/655
f 901/1514/660 902/1515/661 894/1511/657
f 902/1515/661 903/1516/662 895/1509/656
f 903/1516/662 900/1564/684 892/1510/95
f 1017/1437/625 956/1532/669 958/1517/663
f 953/1482/646 958/1517/663 959/1518/664
f 954/1483/647 959/1518/664 960/1519/665
f 955/1484/422 960/1519/665 957/1520/539
f 650/1486/648 646/1421/612 1027/1522/667
f 1027/1522/667 1028/1523/668 989/1488/650
f 1028/1523/668 1029/1551/680 990/1490/652
f 990/1490/652 1029/1551/680 1026/1524/438
f 703/1526/76 704/1264/360 702/1266/362
f 821/1527/104 819/1420/185 818/996/171
f 714/1243/339 712/1267/363 711/1410/79
f 655/1529/96 656/4435/343 654/1279/375
f 686/1128/272 684/1131/275 683/1497/500
f 763/1124/268 764/1537/144 762/1468/325
f 793/1118/262 794/4452/134 791/1531/136
f 735/1255/350 736/1578/512 734/1503/149
f 958/1517/663 962/1533/670 963/1534/671
f 959/1518/664 963/1534/671 964/1535/672
f 960/1519/665 964/1535/672 961/1536/543
f 765/1289/571 766/1612/153 764/1537/144
f 830/1538/189 828/1472/188 827/939/118
f 840/1539/194 838/1473/193 837/969/146
f 860/1540/219 858/4448/229 857/941/121
f 832/1541/180 830/1538/189 829/950/129
f 842/1542/204 840/1539/194 839/968/145
f 930/1545/675 932/1544/674 933/1546/676
f 933/1546/676 934/1549/679 928/1548/678
f 934/1549/679 931/1568/43 926/1550/254
f 1027/1522/667 1007/1423/614 1006/1424/615
f 1028/1523/668 1006/1424/615 1005/1426/616
f 1029/1551/680 1005/1426/616 1004/1427/78
f 707/1237/333 704/1264/360 703/1526/76
f 715/1553/82 716/1241/337 714/1243/339
f 659/1554/253 658/1269/365 656/1247/343
f 668/1272/568 666/1273/349 665/1500/35
f 784/1557/119 782/4451/551 781/1259/355
f 796/1276/372 724/1275/371 725/1558/116
f 726/1285/380 727/1614/114 725/1558/116
f 851/1560/199 849/1474/230 848/1177/326
f 802/1227/323 803/4453/238 801/1476/211
f 823/929/111 824/1618/105 821/1527/104
f 904/1561/681 906/1585/694 901/1514/660
f 901/1514/660 906/1585/694 907/1562/682
f 907/1562/682 908/1588/697 903/1516/662
f 903/1516/662 908/1588/697 905/1563/683
f 927/1543/673 935/1589/698 937/1565/685
f 932/1544/674 937/1565/685 938/1566/686
f 938/1566/686 939/1567/687 934/1549/679
f 939/1567/687 936/1593/45 931/1568/43
f 965/1569/688 967/1570/689 962/1533/670
f 967/1570/689 968/1571/690 963/1534/671
f 968/1571/690 969/1572/691 964/1535/672
f 969/1572/691 966/1598/498 961/1536/543
f 677/1238/334 675/1240/336 674/1467/44
f 698/1271/567 695/1250/346 694/1501/496
f 670/1414/37 669/1246/563 668/1272/568
f 688/1127/271 686/1128/272 685/1530/545
f 745/1281/377 746/1579/172 744/1470/163
f 776/1576/295 773/1502/161 772/1282/378
f 786/1577/125 784/1557/119 783/1258/566
f 795/1559/292 794/4452/134 793/1118/262
f 739/1254/369 738/4444/264 736/1578/512
f 747/1239/335 748/1613/170 746/1579/172
f 853/1580/200 851/1560/199 850/1000/175
f 862/1581/524 860/1540/219 859/947/120
f 805/1582/319 803/4453/238 802/1227/323
f 813/988/164 814/1617/299 812/1583/298
f 906/1585/694 910/1584/693 911/1586/695
f 907/1562/682 911/1586/695 912/1587/696
f 912/1587/696 909/1622/29 905/1563/683
f 937/1565/685 941/1590/699 942/1591/700
f 942/1591/700 943/1625/459 939/1567/687
f 939/1567/687 943/1625/459 940/1592/470
f 927/1543/673 930/1545/675 923/1478/643
f 930/1545/675 929/1547/677 924/1479/644
f 929/1547/677 928/1548/678 925/1480/645
f 928/1548/678 926/1550/254 922/1594/460
f 967/1570/689 971/1595/701 972/1596/702
f 968/1571/690 972/1596/702 973/1597/461
f 973/1597/461 970/1630/462 966/1598/498
f 1009/1422/613 992/1600/704 993/1601/705
f 1010/1602/706 993/1601/705 994/1603/707
f 1011/1425/389 994/1603/707 991/1604/86
f 1003/1456/638 1002/1458/640 998/1607/709
f 998/1607/709 1002/1458/640 1001/1459/641
f 1001/1459/641 1000/1461/90 995/1609/88
f 718/1278/374 716/1241/337 715/1553/82
f 679/1277/569 677/1238/334 676/1573/47
f 691/1499/503 690/1125/269 688/1127/271
f 757/1611/127 755/1504/308 754/1256/352
f 768/1252/565 767/1638/108 766/1612/153
f 750/1261/357 749/4446/109 748/1613/170
f 730/1284/564 729/4454/511 727/1614/114
f 834/1615/181 832/1541/180 831/949/128
f 843/1616/520 842/1542/204 841/923/107
f 864/957/135 863/1633/225 862/1581/524
f 816/1228/324 815/4445/300 814/1617/299
f 826/928/110 825/4447/195 824/1618/105
f 904/1561/681 918/1430/619 914/1619/710
f 914/1619/710 915/1620/711 911/1586/695
f 915/1620/711 916/1621/712 912/1587/696
f 916/1621/712 913/1635/34 909/1622/29
f 649/1439/627 945/1623/713 941/1590/699
f 945/1623/713 946/1624/714 942/1591/700
f 946/1624/714 947/1626/469 943/1625/459
f 947/1626/469 944/1636/493 940/1592/470
f 974/1446/631 976/1627/715 971/1595/701
f 976/1627/715 977/1628/716 972/1596/702
f 977/1628/716 978/1629/717 973/1597/461
f 978/1629/717 975/1637/69 970/1630/462
f 996/1454/636 999/1606/708 992/1600/704
f 999/1606/708 998/1607/709 993/1601/705
f 998/1607/709 997/1608/465 994/1603/707
f 994/1603/707 997/1608/465 995/1609/88
f 758/1631/132 757/1611/127 756/1130/274
f 699/1270/366 698/1271/567 697/1574/68
f 709/1411/77 708/1235/331 707/1237/333
f 720/1119/263 718/1278/374 717/1610/87
f 722/1117/261 720/1119/263 719/1632/89
f 778/1274/370 777/4442/173 776/1576/295
f 788/1469/297 786/1577/125 785/1242/562
f 866/1231/327 867/1508/209 863/1633/225
f 856/1003/178 855/1475/228 853/1580/200
f 846/1634/279 843/1616/520 844/986/162
f 921/1429/618 920/1432/621 915/1620/711
f 920/1432/621 919/1434/623 916/1621/712
f 916/1621/712 919/1434/623 917/1436/322
f 945/1623/713 951/1438/626 950/1441/629
f 946/1624/714 950/1441/629 949/1443/405
f 947/1626/469 949/1443/405 948/1445/494
f 982/1448/633 981/1449/634 977/1628/716
f 977/1628/716 981/1449/634 980/1451/412
f 978/1629/717 980/1451/412 979/1453/252
f 660/1466/31 661/1268/364 658/1269/365
f 769/1251/347 770/4450/106 767/1638/108
f 621/1299/222 622/1298/550 617/1639/549
f 883/1005/516 882/1012/187 830/1014/189
f 900/1657/684 905/4429/683 659/1107/253
f 1084/1658/2 1081/4455/2 1082/912/475
f 1086/1234/477 1087/906/479 1088/1659/2
f 1089/978/478 1090/4456/2 1088/1661/2
f 1110/1076/480 1079/913/482 1080/1662/2
f 1092/1149/481 1093/979/720 1094/1664/2
f 1081/1666/2 1080/4457/2 1079/913/482
f 1096/1152/718 1097/975/719 1098/1667/2
f 1097/975/719 1099/974/486 1100/1669/2
f 1092/1149/481 1091/4458/2 1090/1671/2
f 1093/979/720 1096/981/718 1095/1672/2
f 1099/974/486 1101/1016/487 1102/1674/2
f 1101/1016/487 1103/1033/489 1104/1676/2
f 1105/1064/488 1106/4459/2 1104/1678/2
f 1107/1074/490 1108/4460/2 1106/1679/2
f 1107/1074/490 1110/1076/480 1109/1680/2
f 1085/1682/2 1084/4461/2 1083/1164/476
f 1110/1076/529 629/1075/245 625/911/98
f 1434/1683/29 1438/1689/34 1193/1684/30
f 1410/1686/491 1143/1934/248 1111/1687/33
f 1438/1689/34 1440/2063/322 1196/1690/35
f 1518/1691/36 1445/4462/460 1201/1692/37
f 1112/1694/39 1195/4463/39 1209/1695/40
f 1202/1697/42 1449/1952/254 1452/1698/43
f 1532/1700/2 1535/1984/2 1115/1701/2
f 1457/1703/45 1459/4464/470 1211/1704/46
f 1113/1706/48 1115/2023/556 1220/1707/49
f 1214/1718/60 1212/1949/251 1146/1711/53
f 1212/1949/251 1463/1709/51 1146/1711/53
f 1114/1696/41 1209/1695/40 1227/1712/54
f 1223/2008/290 1145/1715/57 1225/1714/56
f 1145/1715/57 1476/1957/259 1481/1716/58
f 1158/1717/59 1216/1964/266 1214/1718/60
f 1155/1719/61 1214/1718/60 1146/1711/53
f 1222/1721/63 1218/4465/456 1162/1722/64
f 1220/1724/66 1236/4466/67 1241/1725/67
f 1481/1716/58 1483/4467/462 1228/1727/68
f 1488/1728/69 1490/1950/252 1232/1729/70
f 1116/1713/55 1227/1712/54 1241/1731/72
f 1494/1733/74 1496/1956/258 1237/1734/75
f 1541/1736/2 1121/1988/2 1119/1737/2
f 1240/1739/77 1527/4468/438 1511/1740/78
f 1236/1742/67 1252/2125/80 1259/1743/80
f 1515/1745/81 1500/1750/86 1246/1746/82
f 1118/1732/73 1241/1731/72 1259/1748/84
f 1500/1750/86 1504/1752/88 1248/1751/87
f 1504/1752/88 1507/1754/90 1250/1753/89
f 1507/1754/90 1523/1781/112 1254/1755/91
f 1170/1756/92 1540/1829/723 1538/1757/93
f 1423/1759/95 1427/2355/446 1186/1760/96
f 1156/1762/98 1166/2002/285 1533/1763/721
f 1546/1765/2 1127/1992/2 1125/1766/2
f 1120/1749/85 1259/1748/84 1273/1768/101
f 1411/1770/722 1409/1864/727 1352/1771/104
f 1301/1773/106 1375/1837/162 1372/1774/107
f 1531/1776/2 1532/1700/2 1113/1702/2
f 1280/1778/109 1283/1789/117 1357/1779/110
f 1523/1781/112 1425/4469/425 1183/1782/113
f 1258/1783/114 1331/1814/141 1329/1784/115
f 1549/1786/2 1551/1993/2 1132/1787/2
f 1283/1789/117 1286/2030/308 1358/1790/118
f 1317/1791/125 1390/1798/120 1388/1792/121
f 1123/1794/122 1125/4470/309 1302/1795/123
f 1317/1791/125 1319/2017/741 1392/1797/126
f 1289/1799/132 1362/1806/128 1360/1800/129
f 1318/1802/130 1330/1924/131 1335/1803/131
f 1289/1799/132 1293/2066/325 1366/1805/133
f 1322/1807/136 1325/2068/134 1397/1808/327
f 1124/1810/137 1291/1844/169 1305/1811/138
f 1258/1783/114 1260/2064/511 1333/1813/323
f 1323/1815/142 1335/1860/182 1131/1816/143
f 1295/1818/144 1297/1827/153 1370/1819/145
f 1267/1821/147 1340/1963/265 1338/1822/148
f 1159/1824/150 1154/1868/190 1550/1825/151
f 1298/1775/108 1372/1774/107 1370/1819/145
f 1174/1828/154 1543/1990/284 1540/1829/723
f 1544/1830/724 1165/1989/283 1163/1831/157
f 1268/1833/159 1284/4471/160 1291/1834/160
f 1304/1836/161 1376/2016/296 1375/1837/162
f 1275/1838/163 1347/2065/324 1344/1839/164
f 1265/1823/149 1338/1822/148 1337/1841/167
f 1305/1843/168 1302/2014/168 1318/1802/130
f 1122/1769/102 1273/1768/101 1291/1844/169
f 1126/1812/139 1305/1811/138 1323/1845/142
f 1279/1847/170 1351/1853/176 1349/1848/171
f 1308/1850/173 1311/1854/177 1383/1851/174
f 1280/1778/109 1354/1780/111 1351/1853/176
f 1311/1854/177 1313/1980/551 1387/1855/178
f 1183/1856/113 1425/4472/425 1423/1759/95
f 1335/1860/182 1353/1880/201 1134/1861/183
f 1408/1862/726 1346/2021/300 1350/1863/185
f 1154/1868/190 1151/4473/206 1552/1869/729
f 1413/1865/728 1411/1770/722 1356/1873/195
f 1353/1874/196 1348/4474/196 1364/1875/197
f 1353/1880/201 1367/1896/216 1136/1881/202
f 1151/1885/206 1147/1903/223 1554/1886/207
f 1421/1888/732 1398/1905/209 1400/1889/210
f 1402/1890/733 1328/1920/239 1332/1891/211
f 1364/1893/213 1135/2038/315 1137/1894/214
f 1367/1896/216 1385/1912/231 1138/1897/217
f 1419/1898/735 1389/1910/229 1391/1899/219
f 1152/1902/222 1556/1918/738 1554/1886/207
f 1385/1906/226 1378/2019/226 1396/1907/227
f 1418/1877/730 1417/1976/548 1380/1911/230
f 1385/1912/231 1399/1922/241 1140/1913/232
f 1406/1914/737 1404/2061/742 1339/1915/234
f 1149/1917/236 1558/1928/739 1556/1918/738
f 1396/1907/227 1405/2022/240 1407/1921/240
f 1399/1922/241 1407/1936/249 1142/1923/242
f 1330/1924/131 1348/4474/196 1353/1874/196
f 1558/1928/739 1149/1917/236 1160/1929/245
f 1405/1933/247 1141/2041/558 1143/1934/248
f 1407/1936/249 1412/2062/321 1144/1937/250
f 1228/1727/68 1483/4467/462 1488/1728/69
f 1211/1704/46 1459/4464/470 1463/1709/51
f 1234/1735/76 1232/1729/70 1490/1950/252
f 1190/1951/253 1432/4475/458 1434/1683/29
f 1201/1692/37 1445/4462/460 1449/1952/254
f 1157/1953/740 1469/4476/435 1474/1954/256
f 1205/1699/44 1452/1698/43 1457/1703/45
f 1496/1956/258 1527/4468/438 1240/1739/77
f 1167/1955/257 1474/1954/256 1476/1957/259
f 1253/1959/261 1327/2113/372 1324/1960/262
f 1269/1962/264 1342/2013/294 1340/1963/265
f 1162/1722/64 1218/4465/456 1216/1964/266
f 1224/1965/267 1296/2126/571 1294/1966/268
f 1221/1967/269 1294/1966/268 1292/1968/270
f 1217/1970/272 1219/1969/271 1292/1968/270
f 1217/1970/272 1290/1971/273 1287/1972/274
f 1521/1974/276 1469/4476/435 1157/1953/740
f 1146/1711/53 1465/1710/52 1148/1978/280
f 1313/1980/551 1315/1793/119 1388/1792/121
f 1531/1981/2 1111/4477/2 1143/1982/2
f 1535/1984/2 1536/1986/2 1117/1985/2
f 1536/1986/2 1539/1738/2 1119/1737/2
f 1542/1987/2 1123/1991/2 1121/1988/2
f 1165/1989/283 1544/1830/724 1543/1990/284
f 1545/1767/2 1125/1766/2 1123/1991/2
f 1163/1831/157 1159/1824/150 1548/1826/152
f 1546/1765/2 1549/1786/2 1129/1788/2
f 1551/1993/2 1553/1995/2 1135/1994/2
f 1553/1995/2 1555/1998/2 1137/1996/2
f 1557/1997/2 1139/2000/2 1137/1996/2
f 1559/1999/2 1141/2001/2 1139/2000/2
f 1559/1999/2 1560/1983/2 1143/1982/2
f 1166/2002/285 1176/2070/329 1534/2003/286
f 1410/2004/287 1188/4478/288 1195/2005/288
f 1209/2007/289 1204/2042/289 1220/1724/66
f 1223/2008/290 1222/1721/63 1164/1723/65
f 1511/1740/78 1515/1745/81 1244/1747/83
f 1256/2010/116 1329/4479/115 1401/2011/293
f 1272/1840/165 1344/1839/164 1342/2013/294
f 1291/1834/160 1284/4471/160 1302/2014/168
f 1304/1836/161 1307/2067/295 1379/2015/326
f 1322/1807/136 1395/1809/135 1392/1797/126
f 1417/1976/548 1416/1882/731 1374/1884/520
f 1367/1876/197 1364/1875/197 1378/2019/226
f 1408/1862/726 1406/1914/737 1343/2018/298
f 1405/2022/240 1410/2004/287 1412/2006/287
f 1111/1687/33 1113/1706/48 1204/1708/50
f 1115/2023/556 1117/2025/303 1236/2024/302
f 1117/2025/303 1119/2027/305 1252/2026/557
f 1119/2027/305 1121/2029/307 1268/2028/306
f 1121/2029/307 1123/1794/122 1284/1796/124
f 1288/1801/127 1360/1800/129 1358/1790/118
f 1125/2031/309 1127/4480/310 1318/2032/310
f 1318/2032/310 1127/4480/310 1129/2034/311
f 1330/2035/312 1129/2034/311 1132/2036/313
f 1348/2037/314 1132/2036/313 1135/2038/315
f 1418/1877/730 1384/1879/200 1386/1909/228
f 1378/1895/215 1137/1894/214 1139/2039/316
f 1396/2040/317 1139/2039/316 1141/2041/558
f 1195/2005/288 1188/4478/288 1204/2042/289
f 1403/1892/734 1334/1919/238 1336/2060/319
f 1412/2062/321 1195/4463/39 1112/1694/39
f 1440/2063/322 1518/1691/36 1198/1693/38
f 1260/2064/511 1263/1842/166 1337/1841/167
f 1277/1849/172 1349/1848/171 1347/2065/324
f 1293/2066/325 1295/1818/144 1368/1820/146
f 1307/2067/295 1308/1850/173 1381/1852/175
f 1326/2012/292 1401/2011/293 1397/1808/327
f 1416/1882/731 1415/1870/192 1371/1872/194
f 1415/1870/192 1414/1857/725 1365/1859/181
f 1175/1958/260 1476/1957/259 1145/1715/57
f 1176/2070/329 1172/2158/384 1537/2071/561
f 1238/2072/333 1239/2096/331 1312/2073/355
f 1206/2075/336 1208/2098/334 1281/2076/357
f 1247/2078/337 1320/2100/359 1316/2079/562
f 1203/2081/340 1276/2119/377 1274/2082/341
f 1187/2084/343 1189/2106/365 1262/2085/344
f 1226/2087/346 1229/2108/567 1300/2088/347
f 1197/2090/349 1270/2110/745 1266/2091/350
f 1213/2093/353 1215/1973/275 1287/1972/274
f 1243/2095/363 1314/2104/354 1312/2073/355
f 1210/2097/356 1282/2114/373 1281/2076/357
f 1247/2078/337 1249/2115/374 1321/2099/358
f 1233/2101/362 1235/2111/360 1309/2102/370
f 1243/2095/363 1245/2080/339 1316/2079/562
f 1192/2105/364 1264/2124/382 1262/2085/344
f 1230/2107/366 1303/2120/746 1300/2088/347
f 1199/2109/368 1271/2121/379 1270/2110/745
f 1238/2072/333 1310/2074/332 1309/2102/370
f 1253/1959/261 1182/2215/376 1255/2112/371
f 1210/2097/356 1213/2093/353 1285/2094/352
f 1251/1961/263 1324/1960/262 1321/2099/358
f 1185/2116/375 1257/2122/380 1255/2117/371
f 1203/2081/340 1206/2075/336 1278/2077/335
f 1230/2107/366 1233/2101/362 1306/2103/744
f 1199/2109/368 1200/2083/342 1274/2082/341
f 1185/2116/375 1187/2084/343 1261/2086/743
f 1145/1715/57 1223/2008/290 1173/2009/291
f 1192/2105/364 1194/2092/351 1266/2091/350
f 1252/2125/80 1268/1833/159 1273/1835/159
f 1226/2087/346 1299/2089/348 1296/2126/571
f 1420/1900/220 1393/1901/736 1394/1904/225
f 1169/2127/381 1170/4481/92 1168/2128/94
f 1171/2130/328 1145/2129/57 1168/2128/94
f 1150/2132/62 1146/4482/53 1147/2133/223
f 1147/2133/223 1146/4482/53 1153/2135/281
f 1166/2137/285 1156/2155/98 1157/2138/740
f 1155/2140/61 1150/2132/62 1151/2134/206
f 1175/2142/260 1171/2130/328 1172/2131/384
f 1173/2144/291 1174/2148/154 1170/2145/92
f 1164/2147/65 1165/2149/283 1174/2148/154
f 1165/2149/283 1164/2147/65 1162/2150/64
f 1159/2152/150 1163/2151/157 1162/2150/64
f 1160/2154/245 1161/2157/277 1157/2138/740
f 1149/2156/236 1148/2354/280 1161/2157/277
f 1154/2141/190 1159/2152/150 1158/2153/59
f 1176/2143/329 1166/2137/285 1167/2139/257
f 1172/2158/384 1168/1758/94 1538/1757/93
f 1465/1710/52 1521/1974/276 1161/1975/277
f 1232/2159/70 1233/2101/362 1230/2107/366
f 1242/2161/79 1243/2095/363 1239/2096/331
f 1185/2116/375 1182/2118/376 1183/2163/113
f 1203/2081/340 1200/2083/342 1201/2165/37
f 1311/2167/177 1308/2348/173 1309/2102/370
f 1262/2085/344 1263/2243/166 1260/2168/511
f 1271/2121/379 1272/4483/165 1269/2169/264
f 1339/2170/234 1336/2315/319 1337/1841/167
f 1349/1848/171 1350/2265/185 1346/2171/300
f 1177/2172/385 1178/2345/473 1501/2173/386
f 1501/2173/386 1502/2325/463 1513/2175/388
f 1513/2175/388 1502/2325/463 1516/2176/389
f 1516/2176/389 1515/2328/81 1511/2178/78
f 1441/2179/393 1517/2322/756 1446/2180/394
f 1444/2181/392 1446/2180/394 1447/2182/396
f 1447/2182/396 1519/2185/747 1442/2184/397
f 1519/2185/747 1518/2230/36 1440/2186/322
f 1520/2187/399 1470/2190/402 1468/2188/400
f 1470/2190/402 1471/2192/404 1467/2191/403
f 1471/2192/404 1522/2194/406 1466/2193/405
f 1522/2194/406 1521/2232/276 1465/2195/52
f 1487/2196/407 1181/2260/750 1497/2197/408
f 1493/2198/409 1497/2197/408 1498/2199/410
f 1498/2199/410 1495/2234/413 1491/2201/412
f 1491/2201/412 1495/2234/413 1494/2202/74
f 1179/2204/429 1524/2252/415 1510/2205/416
f 1510/2205/416 1524/2252/415 1525/2207/417
f 1509/2208/418 1525/2207/417 1526/2209/419
f 1526/2209/419 1523/4484/112 1507/2211/90
f 1212/2212/251 1213/2093/353 1210/2097/356
f 1254/2214/91 1183/4485/113 1182/2215/376
f 1194/2092/351 1192/2105/364 1191/2216/31
f 1206/2075/336 1203/2081/340 1202/2166/42
f 1293/2219/325 1289/2346/132 1290/1971/273
f 1321/2099/358 1322/2269/136 1319/2220/741
f 1275/2221/163 1272/4483/165 1271/2121/379
f 1282/2114/373 1283/4486/117 1280/2222/109
f 1358/1790/118 1359/2274/188 1356/2223/195
f 1368/1820/146 1369/2275/193 1365/2224/181
f 1380/2225/230 1377/4487/279 1376/2016/296
f 1388/1792/121 1389/4488/229 1386/2226/228
f 1331/1814/141 1332/2292/211 1328/2227/239
f 1340/1963/265 1341/4489/235 1339/2170/234
f 1519/2185/747 1448/2228/421 1445/2229/460
f 1472/2231/422 1469/2259/435 1521/2232/276
f 1499/2233/652 1496/2263/258 1494/2202/74
f 1425/2235/425 1523/4484/112 1526/2209/419
f 1214/2237/60 1215/1973/275 1213/2093/353
f 1223/2238/290 1224/1965/267 1221/1967/269
f 1196/2240/35 1197/2090/349 1194/2092/351
f 1226/2087/346 1224/1965/267 1223/2238/290
f 1303/2120/746 1304/2311/161 1301/2242/106
f 1312/2073/355 1313/2287/551 1311/2167/177
f 1264/2124/382 1265/4490/149 1263/2243/166
f 1286/2244/308 1283/4486/117 1282/2114/373
f 1401/2011/293 1329/4479/115 1328/2245/239
f 1400/2246/210 1398/4491/209 1397/1808/327
f 1343/2247/298 1341/4489/235 1340/1963/265
f 1423/2248/95 1425/2235/425 1426/2236/424
f 1424/2249/426 1426/2236/424 1525/2207/417
f 1525/2207/417 1524/2252/415 1428/2251/428
f 1524/2252/415 1179/2204/429 1422/2253/430
f 1430/2254/431 1427/2297/446 1423/2248/95
f 1520/2187/399 1473/2304/452 1477/2255/432
f 1470/2190/402 1477/2255/432 1478/2256/433
f 1471/2192/404 1478/2256/433 1475/2257/434
f 1472/2231/422 1475/2257/434 1474/2258/256
f 1181/2260/750 1177/2172/385 1514/2174/387
f 1514/2174/387 1513/2175/388 1498/2199/410
f 1498/2199/410 1513/2175/388 1528/2261/751
f 1499/2233/652 1528/2261/751 1527/2262/438
f 1234/2264/76 1235/2111/360 1233/2101/362
f 1351/1853/176 1352/2293/104 1350/2265/185
f 1245/2080/339 1243/2095/363 1242/2161/79
f 1186/2267/96 1187/2084/343 1185/2116/375
f 1217/1970/272 1215/1973/275 1214/2237/60
f 1294/1966/268 1295/2273/144 1293/2219/325
f 1324/1960/262 1325/4492/134 1322/2269/136
f 1267/2270/147 1265/4490/149 1264/2124/382
f 1475/2257/434 1479/2271/439 1476/2272/259
f 1296/2126/571 1297/2333/153 1295/2273/144
f 1360/1800/129 1361/4493/189 1359/2274/188
f 1370/1819/145 1371/4494/194 1369/2275/193
f 1391/2276/219 1389/4488/229 1388/1792/121
f 1363/2277/180 1361/4493/189 1360/1800/129
f 1373/2278/204 1371/4494/194 1370/1819/145
f 1455/2280/441 1452/2303/43 1449/2282/254
f 1528/2261/751 1512/2177/390 1511/2178/78
f 1238/2072/333 1235/2111/360 1234/2264/76
f 1246/2284/82 1247/2078/337 1245/2080/339
f 1190/2285/253 1189/2106/365 1187/2084/343
f 1199/2109/368 1197/2090/349 1196/2240/35
f 1314/2104/354 1315/4495/119 1313/2287/551
f 1327/2113/372 1255/2112/371 1256/2288/116
f 1257/2122/380 1258/2334/114 1256/2290/116
f 1382/2291/199 1380/2225/230 1379/2015/326
f 1333/1813/323 1334/4496/238 1332/2292/211
f 1354/1780/111 1355/2336/105 1352/2293/104
f 1422/2253/430 1431/2337/758 1435/2294/443
f 1435/2294/443 1436/2295/752 1429/2250/749
f 1436/2295/752 1433/2296/753 1430/2254/431
f 1433/2296/753 1432/2319/458 1427/2297/446
f 1450/2298/754 1456/2339/468 1460/2299/448
f 1453/2300/449 1460/2299/448 1461/2301/450
f 1461/2301/450 1458/2321/451 1455/2280/441
f 1455/2280/441 1458/2321/451 1457/2302/45
f 1473/2304/452 1480/2342/471 1484/2305/453
f 1477/2255/432 1484/2305/453 1485/2306/454
f 1485/2306/454 1482/2307/755 1479/2271/439
f 1482/2307/755 1481/2324/58 1476/2272/259
f 1208/2098/334 1206/2075/336 1205/2218/44
f 1229/2108/567 1226/2087/346 1225/2241/56
f 1201/2165/37 1200/2083/342 1199/2109/368
f 1219/1969/271 1217/1970/272 1216/2268/266
f 1276/2119/377 1277/4497/172 1275/2221/163
f 1306/2103/744 1307/4498/295 1304/2311/161
f 1317/2312/125 1315/4495/119 1314/2104/354
f 1326/2289/292 1325/4492/134 1324/1960/262
f 1269/2169/264 1267/2270/147 1266/2091/350
f 1279/2313/170 1277/4497/172 1276/2119/377
f 1383/1851/174 1384/4499/200 1382/2291/199
f 1393/2314/736 1391/2276/219 1390/1798/120
f 1336/2315/319 1334/4496/238 1333/1813/323
f 1345/2316/299 1343/2247/298 1342/2013/294
f 1433/2296/753 1437/2317/457 1434/2318/29
f 1462/2320/459 1459/2341/470 1457/2302/45
f 1450/2298/754 1453/2300/449 1446/2180/394
f 1453/2300/449 1454/2279/440 1447/2182/396
f 1454/2279/440 1451/2281/442 1448/2228/421
f 1451/2281/442 1449/2282/254 1445/2229/460
f 1486/2323/461 1483/2344/462 1481/2324/58
f 1516/2176/389 1503/2326/464 1500/2327/86
f 1508/2210/748 1507/2211/90 1504/2330/88
f 1249/2115/374 1247/2078/337 1246/2284/82
f 1211/2213/46 1210/2097/356 1208/2098/334
f 1222/2239/63 1221/1967/269 1219/1969/271
f 1288/2332/127 1286/2244/308 1285/2094/352
f 1299/2089/348 1298/2353/108 1297/2333/153
f 1281/2076/357 1280/2222/109 1279/2313/170
f 1261/2086/743 1260/2168/511 1258/2334/114
f 1365/2224/181 1363/2277/180 1362/1806/128
f 1374/2335/520 1373/2278/204 1372/1774/107
f 1395/1809/135 1394/2349/225 1393/2314/736
f 1346/2171/300 1345/2316/299 1344/1839/164
f 1357/1779/110 1356/2223/195 1355/2336/105
f 1431/2337/758 1441/2179/393 1444/2181/392
f 1444/2181/392 1443/2183/395 1436/2295/752
f 1436/2295/752 1443/2183/395 1439/2338/467
f 1439/2338/467 1438/2350/34 1434/2318/29
f 1456/2339/468 1180/2189/401 1468/2188/400
f 1460/2299/448 1468/2188/400 1467/2191/403
f 1467/2191/403 1464/2340/469 1462/2320/459
f 1464/2340/469 1463/2351/51 1459/2341/470
f 1487/2196/407 1493/2198/409 1484/2305/453
f 1484/2305/453 1493/2198/409 1492/2200/411
f 1485/2306/454 1492/2200/411 1489/2343/472
f 1489/2343/472 1488/2352/69 1483/2344/462
f 1505/2206/414 1510/2205/416 1501/2173/386
f 1510/2205/416 1509/2208/418 1502/2325/463
f 1509/2208/418 1506/2329/757 1503/2326/464
f 1503/2326/464 1506/2329/757 1504/2330/88
f 1289/2346/132 1288/2332/127 1287/1972/274
f 1230/2107/366 1229/2108/567 1228/2309/68
f 1240/2162/77 1239/2096/331 1238/2072/333
f 1251/1961/263 1249/2115/374 1248/2331/87
f 1253/1959/261 1251/1961/263 1250/2347/89
f 1308/2348/173 1307/4498/295 1306/2103/744
f 1320/2100/359 1319/2220/741 1317/2312/125
f 1397/1808/327 1398/4491/209 1394/2349/225
f 1386/2226/228 1384/4499/200 1383/1851/174
f 1376/2016/296 1377/4487/279 1374/2335/520
f 1442/2184/397 1440/2186/322 1438/2350/34
f 1464/2340/469 1466/2193/405 1465/2195/52
f 1491/2201/412 1490/2203/252 1488/2352/69
f 1191/2216/31 1192/2105/364 1189/2106/365
f 1300/2088/347 1301/2242/106 1298/2353/108
f 1152/2136/222 1153/2135/281 1148/2354/280
f 1414/1857/725 1413/1865/728 1361/1867/189
f 1427/2355/446 1432/4475/458 1190/1951/253
f 1535/2357/2 1532/4500/2 1533/1763/475
f 1537/2071/477 1538/1757/479 1539/2358/2
f 1540/1829/478 1541/4501/2 1539/2360/2
f 1561/1930/480 1530/1764/482 1531/2361/2
f 1543/1990/481 1544/1830/485 1545/2363/2
f 1532/2365/2 1531/4502/2 1530/1764/482
f 1547/1832/483 1548/1826/484 1549/2366/2
f 1548/1826/484 1550/1825/759 1551/2368/2
f 1543/1990/481 1542/4503/2 1541/2370/2
f 1544/1830/485 1547/1832/483 1546/2371/2
f 1550/1825/759 1552/1869/487 1553/2373/2
f 1552/1887/487 1554/1886/489 1555/2375/2
f 1556/1918/488 1557/4504/2 1555/2377/2
f 1558/1928/490 1559/4505/2 1557/2378/2
f 1558/1928/490 1561/1930/480 1560/2379/2
f 1536/2381/2 1535/4506/2 1534/2003/476
f 1561/1930/529 1160/1929/245 1156/1762/98
s 0
usemtl Material_2
f 51/1/1 89/2/1 12/3/1
f 8/4/2 23/5/2 44/6/2
f 97/7/3 55/8/3 18/9/3
f 52/10/2 34/11/2 31/12/2
f 113/13/4 57/14/4 26/15/4
f 80/16/5 47/17/5 6/18/5
f 15/19/2 53/20/2 61/21/2
f 69/22/6 39/23/6 2/24/6
f 43/25/7 77/26/7 5/27/7
f 38/9/2 54/28/2 3/8/2
f 68/29/8 42/30/8 40/31/8
f 10/32/2 64/33/2 35/34/2
f 128/33/7 36/32/7 63/35/7
f 105/36/1 17/37/1 21/38/1
f 45/39/2 30/40/2 28/41/2
f 104/20/5 62/19/5 56/42/5
f 91/43/9 127/44/9 94/45/9
f 84/46/9 120/47/9 87/48/9
f 95/49/9 103/50/9 71/51/9
f 88/52/9 124/53/9 90/54/9
f 79/55/9 116/56/9 83/57/9
f 99/58/9 74/59/9 67/60/9
f 107/61/9 78/62/9 75/63/9
f 102/64/9 66/65/9 72/66/9
f 58/4/10 106/5/10 24/6/10
f 81/67/3 50/68/3 48/69/3
f 41/38/2 20/70/2 37/37/2
f 7/14/2 27/13/2 60/71/2
f 117/40/6 25/39/6 29/72/6
f 92/73/10 13/74/10 9/75/10
f 121/11/8 32/10/8 33/76/8
f 1/77/11 3/78/2 4/79/2
f 6/80/5 8/81/2 5/82/7
f 10/83/2 12/84/12 9/85/13
f 14/86/4 16/87/2 13/88/10
f 17/89/1 19/90/14 20/91/2
f 21/92/1 23/79/2 24/77/10
f 26/85/4 28/93/2 25/84/6
f 30/94/2 32/95/15 29/96/6
f 33/97/8 35/98/2 36/99/7
f 38/91/2 40/100/16 37/90/2
f 41/101/2 43/102/17 44/103/2
f 45/104/2 47/99/18 48/97/19
f 49/105/2 51/96/20 52/94/2
f 54/101/21 56/102/5 53/103/2
f 57/88/4 59/106/21 60/87/2
f 62/82/5 64/107/22 61/81/21
f 66/77/9 68/78/8 65/79/6
f 70/87/11 72/86/9 69/106/23
f 74/89/9 76/90/17 73/91/15
f 78/108/9 80/103/5 77/101/7
f 82/81/18 84/80/9 81/107/19
f 85/104/20 87/99/9 88/97/9
f 89/105/12 91/96/9 92/94/13
f 94/84/9 96/83/4 93/93/10
f 98/105/12 100/96/9 97/94/3
f 102/84/9 104/83/5 101/93/3
f 105/104/1 107/99/24 108/97/9
f 110/81/11 112/80/9 109/107/10
f 113/103/4 115/108/25 116/102/9
f 118/91/15 120/100/9 117/90/6
f 121/78/8 123/77/26 124/92/9
f 125/87/18 127/86/9 128/106/7
f 10/83/2 13/88/10 16/87/2
f 4/79/2 14/86/4 1/77/4
f 21/92/1 20/91/2 22/78/2
f 29/96/23 28/109/2 30/94/2
f 32/95/15 34/104/2 33/97/8
f 35/34/2 11/76/2 10/32/2
f 37/90/2 42/108/8 41/101/2
f 45/104/2 50/95/3 49/105/2
f 62/82/18 53/103/2 56/102/5
f 63/35/7 125/21/5 128/33/7
f 48/69/3 82/110/5 81/67/3
f 86/111/3 51/1/1 50/68/3
f 65/79/6 72/86/9 66/77/9
f 73/91/8 67/92/9 74/89/9
f 76/90/27 78/108/9 77/101/7
f 80/103/5 83/82/9 82/81/5
f 86/98/3 84/80/9 87/99/9
f 85/104/1 90/95/9 89/105/12
f 93/109/10 91/96/9 94/112/9
f 96/83/4 71/88/9 70/87/4
f 102/112/9 97/94/19 100/96/9
f 99/95/9 105/104/1 108/97/9
f 112/80/9 106/98/10 109/107/10
f 116/102/9 110/81/11 113/103/4
f 115/108/9 117/90/23 120/100/9
f 124/92/9 118/91/15 121/78/8
f 127/86/26 122/79/7 128/106/7
f 103/85/9 125/87/18 104/83/5
f 88/52/9 120/47/9 119/113/9
f 90/54/9 123/114/9 91/43/9
f 111/115/9 78/116/9 112/117/9
f 116/56/9 84/46/9 83/57/9
f 67/60/9 100/118/9 99/58/9
f 108/119/9 75/63/9 74/59/9
f 127/44/9 95/49/9 94/45/9
f 102/64/9 71/51/9 103/50/9
f 65/120/6 40/31/15 39/23/6
f 56/42/5 101/28/3 104/20/5
f 73/117/28 43/121/7 42/116/8
f 109/122/10 57/14/4 110/71/4
f 3/78/2 39/89/6 38/91/2
f 8/81/2 43/102/27 5/82/7
f 46/98/2 6/80/5 47/99/5
f 11/109/2 51/96/1 12/112/12
f 18/100/19 54/101/2 19/90/2
f 24/77/10 59/106/2 58/86/10
f 57/88/11 27/83/2 26/85/4
f 36/99/7 64/107/14 63/80/7
f 30/123/2 52/10/2 31/12/2
f 8/4/2 60/71/2 59/122/2
f 45/39/2 27/13/2 46/15/2
f 19/7/2 37/37/2 20/70/2
f 44/6/2 22/36/2 41/38/2
f 15/19/2 64/33/2 16/35/2
f 4/42/2 54/28/2 53/20/2
f 13/74/10 96/124/4 14/125/4
f 33/76/8 122/34/7 121/11/8
f 89/2/1 9/75/10 12/3/1
f 29/126/6 118/12/15 117/123/6
f 114/41/6 26/15/4 25/39/6
f 70/127/4 2/24/6 1/128/4
f 18/9/3 98/70/1 97/7/3
f 21/38/1 106/5/10 105/36/1
f 5/27/7 80/16/5 6/18/5
f 14/125/4 70/127/4 1/128/4
f 1574/2382/2 1570/2383/2 1569/2384/2
f 1573/2385/2 1576/2386/2 1563/2387/2
f 1571/2388/2 1567/2389/2 1566/2390/2
f 1564/2391/2 1577/2392/2 1570/2383/2
f 1573/2385/2 1569/2384/2 1568/2393/2
f 1563/2387/2 1567/2389/2 1572/2394/2
f 1571/2388/2 1575/2395/2 1562/2396/2
f 1562/2396/2 1577/2397/2 1565/2398/2
f 1579/2382/760 1571/2383/760 1562/2384/760
f 1585/2385/761 1562/2384/761 1565/2393/761
f 1593/2394/762 1570/2386/762 1577/2389/762
f 1584/2387/763 1565/2393/763 1564/2386/763
f 1592/2387/764 1569/2393/764 1570/2386/764
f 1583/2394/765 1564/2386/765 1574/2389/765
f 1591/2385/760 1568/2384/760 1569/2393/760
f 1582/2388/766 1574/2389/766 1573/2390/766
f 1583/2390/9 1592/2394/9 1584/2389/9
f 1589/2398/9 1582/2395/9 1581/2397/9
f 1578/2384/9 1588/2391/9 1580/2383/9
f 1584/2389/9 1593/2387/9 1585/2386/9
f 1582/2395/9 1591/2388/9 1583/2390/9
f 1588/2391/9 1581/2392/9 1580/2383/9
f 1587/2385/9 1578/2384/9 1579/2393/9
f 1593/2387/9 1579/2393/9 1585/2386/9
f 1587/2388/767 1577/2389/767 1575/2390/767
f 1586/2396/766 1575/2390/766 1566/2395/766
f 1578/2391/764 1572/2392/764 1571/2383/764
f 1588/2398/765 1566/2395/765 1567/2397/765
f 1580/2398/762 1563/2395/762 1572/2397/762
f 1589/2391/763 1567/2392/763 1576/2383/763
f 1581/2396/767 1573/2390/767 1563/2395/767
f 1590/2382/761 1576/2383/761 1568/2384/761
f 1606/2387/2 1602/2393/2 1601/2386/2
f 1605/2394/2 1608/2390/2 1595/2388/2
f 1604/2396/2 1598/2397/2 1603/2398/2
f 1597/2382/2 1602/2393/2 1596/2385/2
f 1606/2387/2 1600/2389/2 1605/2394/2
f 1595/2388/2 1599/2395/2 1604/2396/2
f 1594/2391/2 1598/2392/2 1607/2383/2
f 1597/2382/2 1607/2383/2 1609/2384/2
f 1611/2386/768 1603/2394/768 1594/2387/768
f 1617/2393/769 1594/2387/769 1597/2385/769
f 1625/2385/770 1602/2384/770 1609/2393/770
f 1616/2384/771 1597/2385/771 1596/2382/771
f 1624/2382/772 1601/2383/772 1602/2384/772
f 1606/2391/773 1616/2384/773 1596/2382/773
f 1623/2391/768 1600/2392/768 1601/2383/768
f 1614/2392/774 1606/2391/774 1605/2399/774
f 1615/2395/9 1624/2388/9 1616/2390/9
f 1621/2391/9 1614/2392/9 1613/2383/9
f 1618/2385/9 1612/2384/9 1610/2393/9
f 1624/2388/9 1617/2389/9 1616/2390/9
f 1622/2398/9 1615/2395/9 1614/2397/9
f 1620/2382/9 1613/2383/9 1612/2384/9
f 1611/2386/9 1618/2385/9 1610/2393/9
f 1617/2389/9 1619/2387/9 1611/2386/9
f 1619/2387/775 1609/2393/775 1607/2386/775
f 1598/2389/774 1619/2387/774 1607/2386/774
f 1610/2389/772 1604/2388/772 1603/2394/772
f 1620/2388/773 1598/2389/773 1599/2390/773
f 1612/2390/770 1595/2396/770 1604/2388/770
f 1621/2396/771 1599/2390/771 1608/2395/771
f 1613/2395/775 1605/2398/775 1595/2396/775
f 1622/2398/769 1608/2395/769 1600/2397/769
s 1
f 1638/2391/2 1634/2392/2 1633/2383/2
f 1637/2382/2 1640/2393/2 1627/2385/2
f 1636/2387/2 1630/2389/2 1635/2394/2
f 1628/2398/2 1641/2395/2 1634/2397/2
f 1638/2391/2 1632/2384/2 1637/2382/2
f 1627/2385/2 1631/2386/2 1636/2387/2
f 1635/2394/2 1639/2390/2 1626/2388/2
f 1629/2396/2 1639/2390/2 1641/2395/2
f 1643/2384/776 1635/2385/776 1626/2382/776
f 1649/2383/777 1626/2382/777 1629/2391/777
f 1657/2395/778 1634/2398/778 1641/2396/778
f 1628/2399/779 1649/2383/779 1629/2391/779
f 1634/2399/780 1655/2383/780 1633/2391/780
f 1647/2395/781 1628/2398/781 1638/2396/781
f 1655/2383/776 1632/2382/776 1633/2391/776
f 1637/2388/782 1647/2395/782 1638/2396/782
f 1647/2383/9 1656/2399/9 1648/2392/9
f 1653/2385/9 1646/2384/9 1645/2393/9
f 1650/2394/9 1644/2386/9 1642/2389/9
f 1648/2397/9 1657/2396/9 1649/2395/9
f 1654/2382/9 1647/2383/9 1646/2384/9
f 1652/2387/9 1645/2393/9 1644/2386/9
f 1651/2388/9 1642/2389/9 1643/2390/9
f 1649/2395/9 1651/2388/9 1643/2390/9
f 1639/2388/783 1657/2395/783 1641/2396/783
f 1630/2394/782 1651/2390/782 1639/2388/782
f 1642/2393/780 1636/2387/780 1635/2385/780
f 1631/2387/781 1650/2389/781 1630/2394/781
f 1644/2386/778 1627/2394/778 1636/2387/778
f 1640/2385/779 1652/2386/779 1631/2387/779
f 1645/2389/783 1637/2388/783 1627/2394/783
f 1654/2384/777 1640/2385/777 1632/2382/777
s 0
f 1660/2395/2 1665/2388/2 1670/2390/2
f 1669/2389/2 1672/2387/2 1659/2386/2
f 1668/2393/2 1662/2382/2 1667/2384/2
f 1660/2395/2 1673/2398/2 1666/2396/2
f 1670/2390/2 1664/2394/2 1669/2389/2
f 1659/2386/2 1663/2385/2 1668/2393/2
f 1667/2384/2 1671/2391/2 1658/2383/2
f 1658/2383/2 1673/2399/2 1661/2392/2
f 1675/2388/784 1667/2389/784 1658/2390/784
f 1661/2395/785 1675/2388/785 1658/2390/785
f 1689/2391/786 1666/2392/786 1673/2383/786
f 1660/2397/787 1681/2396/787 1661/2395/787
f 1666/2397/788 1687/2396/788 1665/2395/788
f 1670/2383/789 1680/2399/789 1660/2392/789
f 1687/2396/784 1664/2390/784 1665/2395/784
f 1669/2384/790 1679/2391/790 1670/2383/790
f 1687/2389/9 1680/2388/9 1679/2394/9
f 1685/2393/9 1678/2387/9 1677/2385/9
f 1682/2383/9 1676/2382/9 1674/2391/9
f 1680/2388/9 1689/2395/9 1681/2396/9
f 1686/2386/9 1679/2394/9 1678/2387/9
f 1684/2384/9 1677/2385/9 1676/2382/9
f 1683/2392/9 1674/2391/9 1675/2399/9
f 1689/2395/9 1675/2398/9 1681/2396/9
f 1671/2384/791 1689/2391/791 1673/2383/791
f 1682/2385/790 1671/2384/790 1662/2393/790
f 1674/2394/788 1668/2386/788 1667/2389/788
f 1663/2386/789 1682/2385/789 1662/2393/789
f 1676/2387/786 1659/2393/786 1668/2386/786
f 1672/2389/787 1684/2387/787 1663/2386/787
f 1677/2385/791 1669/2384/791 1659/2393/791
f 1664/2390/785 1685/2394/785 1672/2389/785
s 1
f 1722/2461/808 1745/2462/809 1733/2463/810
f 1735/2464/811 1722/2461/808 1723/2465/812
f 1724/2466/813 1735/2464/811 1723/2465/812
f 1725/2467/814 1736/2468/815 1724/2466/813
f 1726/2469/816 1737/2470/817 1725/2467/814
f 1727/2471/818 1738/2472/819 1726/2469/816
f 1740/2473/820 1727/2471/818 1728/2474/821
f 1741/2475/822 1728/2474/821 1729/2476/823
f 1742/2477/824 1729/2476/823 1730/2478/825
f 1743/2479/826 1730/2478/825 1731/2480/827
f 1732/2481/828 1743/2479/826 1731/2480/827
f 1745/2482/809 1732/2481/828 1733/2483/810
f 1746/2484/829 1755/2485/830 1734/2486/831
f 1739/2487/832 1749/2488/833 1738/2489/819
f 1751/2490/834 1739/2487/832 1740/2491/820
f 1752/2492/835 1740/2491/820 1741/2493/822
f 1753/2494/836 1741/2493/822 1742/2495/824
f 1754/2496/837 1742/2495/824 1743/2497/826
f 1744/2498/838 1754/2496/837 1743/2497/826
f 1759/2499/839 1748/2500/840 1749/2488/833
f 1757/2501/841 1746/2484/829 1747/2502/842
f 1758/2503/843 1747/2502/842 1748/2500/840
f 1736/2504/815 1746/2484/829 1735/2505/811
f 1760/2506/844 1749/2488/833 1750/2507/845
f 1751/2490/834 1760/2506/844 1750/2507/845
f 1752/2492/835 1761/2508/846 1751/2490/834
f 1753/2494/836 1762/2509/847 1752/2492/835
f 1754/2496/837 1763/2510/848 1753/2494/836
f 1765/2511/849 1754/2496/837 1744/2498/838
f 1766/2512/850 1744/2498/838 1745/2513/809
f 1734/2486/831 1766/2514/850 1745/2515/809
f 1737/2516/817 1747/2502/842 1736/2504/815
f 1738/2489/819 1748/2500/840 1737/2516/817
f 1767/2517/851 1766/2518/850 1755/2519/830
f 1768/2520/852 1755/2519/830 1756/2521/853
f 1769/2522/854 1756/2521/853 1757/2523/841
f 1770/2524/855 1757/2523/841 1758/2525/843
f 1771/2526/856 1758/2525/843 1759/2527/839
f 1772/2528/857 1759/2527/839 1760/2529/844
f 1761/2530/846 1772/2528/857 1760/2529/844
f 1762/2531/847 1773/2532/858 1761/2530/846
f 1763/2533/848 1774/2534/859 1762/2531/847
f 1764/2535/860 1775/2536/861 1763/2533/848
f 1765/2537/849 1776/2538/862 1764/2535/860
f 1766/2539/850 1777/2540/863 1765/2537/849
f 1779/2484/864 1788/2485/865 1767/2486/851
f 1772/2487/857 1782/2488/866 1771/2489/856
f 1784/2490/867 1772/2487/857 1773/2491/858
f 1785/2492/868 1773/2491/858 1774/2493/859
f 1786/2494/869 1774/2493/859 1775/2495/861
f 1787/2496/870 1775/2495/861 1776/2497/862
f 1777/2498/863 1787/2496/870 1776/2497/862
f 1792/2499/871 1781/2500/872 1782/2488/866
f 1790/2501/873 1779/2484/864 1780/2502/874
f 1791/2503/875 1780/2502/874 1781/2500/872
f 1769/2504/854 1779/2484/864 1768/2505/852
f 1793/2506/876 1782/2488/866 1783/2507/877
f 1784/2490/867 1793/2506/876 1783/2507/877
f 1785/2492/868 1794/2508/878 1784/2490/867
f 1786/2494/869 1795/2509/879 1785/2492/868
f 1787/2496/870 1796/2510/880 1786/2494/869
f 1798/2511/881 1787/2496/870 1777/2498/863
f 1778/2513/882 1798/2511/881 1777/2498/863
f 1735/2505/811 1746/2484/829 1734/2486/831
f 1788/2485/865 1778/2515/882 1767/2486/851
f 1770/2516/855 1780/2502/874 1769/2504/854
f 1771/2489/856 1781/2500/872 1770/2516/855
f 1800/2541/883 1799/2542/884 1788/2543/865
f 1801/2544/885 1788/2543/865 1789/2545/886
f 1802/2546/887 1789/2545/886 1790/2547/873
f 1803/2548/888 1790/2547/873 1791/2549/875
f 1804/2550/889 1791/2549/875 1792/2551/871
f 1805/2552/890 1792/2551/871 1793/2553/876
f 1794/2554/878 1805/2552/890 1793/2553/876
f 1795/2555/879 1806/2556/891 1794/2554/878
f 1796/2557/880 1807/2558/892 1795/2555/879
f 1797/2559/893 1808/2560/894 1796/2557/880
f 1798/2561/881 1809/2562/895 1797/2559/893
f 1799/2563/884 1810/2564/896 1798/2561/881
f 1768/2505/852 1779/2484/864 1767/2486/851
s 0
f 1815/2565/897 1818/2566/897 1814/2567/897
f 1819/2568/793 1816/2569/793 1818/2570/793
f 1816/2567/898 1813/2571/898 1812/2566/898
f 1818/2570/899 1812/2572/899 1814/2573/899
f 1819/2568/900 1813/2574/900 1817/2575/900
f 1826/2566/901 1823/2565/901 1822/2567/901
f 1824/2575/792 1827/2570/792 1826/2568/792
f 1824/2567/902 1821/2571/902 1825/2565/902
f 1820/2574/903 1826/2568/903 1822/2576/903
f 1827/2570/904 1821/2572/904 1823/2573/904
s 1
f 1870/2577/2 1890/2578/2 1867/2579/2
f 1834/2580/905 1898/2581/906 1836/2582/906
f 1855/2583/2 1883/2584/2 1878/2585/2
f 1837/2586/907 1892/2587/908 1839/2588/908
f 1829/2589/909 1882/2590/910 1831/2591/911
f 1852/2592/2 1896/2593/2 1873/2594/2
f 1849/2595/2 1846/2596/2 1847/2597/2
f 1869/2598/2 1889/2599/2 1864/2600/2
f 1861/2601/2 1889/2599/2 1884/2602/2
f 1875/2603/912 1850/2604/913 1851/2605/912
f 1856/2581/914 1840/2580/915 1854/2589/916
f 1844/2590/917 1863/2606/918 1859/2591/919
f 1832/2607/920 1888/2608/921 1837/2586/907
f 1843/2586/922 1863/2587/918 1845/2588/918
f 1838/2590/923 1892/2606/908 1891/2591/924
f 1847/2607/925 1868/2609/926 1865/2610/927
f 1835/2608/928 1898/2588/906 1897/2586/929
f 1875/2587/912 1849/2586/930 1872/2608/931
f 1828/2610/932 1897/2586/929 1876/2607/933
f 1841/2607/934 1856/2609/914 1853/2610/935
f 1859/2591/919 1840/2580/915 1844/2590/917
f 1857/2611/2 1878/2585/2 1881/2612/2
f 1862/2613/2 1884/2602/2 1886/2614/2
f 1883/2584/2 1862/2613/2 1886/2614/2
f 1866/2615/936 1850/2616/913 1871/2617/937
f 1869/2598/2 1890/2578/2 1893/2618/2
f 1896/2593/2 1874/2619/2 1873/2594/2
f 1828/2610/932 1880/2620/938 1830/2609/938
f 1860/2608/939 1847/2607/925 1865/2610/927
f 1868/2621/926 1846/2622/940 1866/2615/936
f 1895/2623/2 1874/2619/2 1899/2624/2
f 1887/2625/941 1831/2591/911 1882/2590/910
f 1872/2608/931 1841/2607/934 1853/2610/935
f 1887/2609/941 1832/2607/920 1833/2620/941
f 1829/2589/909 1880/2582/938 1879/2580/942
f 1838/2590/923 1894/2589/943 1834/2580/905
f 1886/2626/2 1882/2627/944 1883/2628/2
f 1886/2626/2 1885/2629/945 1887/2630/946
f 1893/2631/2 1891/2632/947 1892/2633/948
f 1893/2631/2 1888/2634/949 1889/2635/2
f 1899/2636/2 1897/2637/950 1898/2638/951
f 1899/2636/2 1894/2639/952 1895/2640/2
f 1881/2641/2 1879/2642/953 1880/2643/954
f 1881/2641/2 1876/2644/955 1877/2645/2
f 1856/2633/956 1852/2635/2 1853/2634/957
f 1856/2633/956 1855/2646/22 1857/2631/2
f 1863/2638/958 1861/2647/2 1862/2636/2
f 1863/2638/958 1858/2640/21 1859/2639/959
f 1868/2643/960 1864/2645/2 1865/2644/961
f 1868/2643/960 1867/2648/21 1869/2641/2
f 1875/2630/962 1873/2649/2 1874/2626/2
f 1875/2630/962 1870/2628/22 1871/2627/963
f 1883/2628/2 1879/2642/953 1878/2648/2
f 1877/2645/2 1897/2637/950 1896/2647/2
f 1884/2649/2 1888/2634/949 1885/2629/945
f 1890/2646/2 1894/2639/952 1891/2632/947
f 1855/2646/22 1859/2639/959 1858/2640/21
f 1852/2635/2 1872/2629/964 1853/2634/957
f 1865/2644/961 1861/2647/2 1860/2637/965
f 1867/2648/21 1871/2627/963 1870/2628/22
f 1857/2611/2 1877/2650/2 1852/2651/2
f 1910/2652/966 1911/2653/966 1900/2654/966
f 1911/2653/966 1912/2655/966 1900/2654/966
f 1912/2655/966 1913/2656/966 1900/2654/966
f 1913/2656/966 1914/2657/966 1900/2654/966
f 1914/2657/966 1915/2658/966 1900/2654/966
f 1915/2658/966 1916/2659/966 1900/2654/966
f 1914/2660/967 1907/2661/968 1915/2662/968
f 1913/2663/969 1906/2664/967 1914/2660/967
f 1904/2665/970 1913/2663/969 1912/2666/970
f 1911/2667/971 1904/2668/970 1912/2669/970
f 1910/2670/972 1903/2671/973 1911/2667/971
f 1901/2672/974 1910/2670/972 1909/2673/974
f 1908/2674/975 1909/2673/974 1916/2675/975
f 1915/2662/968 1908/2674/975 1916/2675/975
f 1909/2676/966 1910/2652/966 1900/2654/966
f 1916/2659/966 1909/2676/966 1900/2654/966
f 1917/2677/976 1920/2678/977 1918/2679/976
f 1919/2680/977 1922/2681/978 1920/2678/977
f 1922/2681/978 1923/2682/979 1924/2683/979
f 1924/2683/979 1925/2684/980 1926/2685/980
f 1925/2686/980 1928/2687/981 1926/2688/980
f 1927/2689/981 1930/2690/982 1928/2687/981
f 1929/2691/982 1932/2692/983 1930/2690/982
f 1931/2693/983 1918/2679/976 1932/2692/983
f 1942/2670/984 1935/2671/985 1943/2667/985
f 1943/2652/986 1944/2653/986 1933/2654/986
f 1944/2653/986 1945/2655/986 1933/2654/986
f 1945/2655/986 1946/2656/986 1933/2654/986
f 1946/2656/986 1947/2657/986 1933/2654/986
f 1947/2657/986 1948/2658/986 1933/2654/986
f 1948/2658/986 1949/2659/986 1933/2654/986
f 1949/2659/986 1942/2676/986 1933/2654/986
f 1940/2674/987 1949/2673/988 1948/2675/987
f 1947/2662/989 1940/2674/987 1948/2675/987
f 1938/2664/990 1947/2662/989 1946/2660/990
f 1945/2663/991 1938/2664/990 1946/2660/990
f 1936/2665/992 1945/2663/991 1944/2666/992
f 1935/2671/985 1944/2669/992 1943/2667/985
f 1941/2672/988 1942/2670/984 1949/2673/988
f 1942/2676/986 1943/2652/986 1933/2654/986
f 1959/2694/993 1952/2667/994 1951/2670/993
f 1960/2656/995 1950/2654/995 1961/2655/995
f 1961/2655/995 1950/2654/995 1962/2653/995
f 1962/2653/995 1950/2654/995 1963/2652/995
f 1963/2652/995 1950/2654/995 1964/2676/995
f 1964/2676/995 1950/2654/995 1965/2659/995
f 1965/2659/995 1950/2654/995 1966/2658/995
f 1966/2658/995 1950/2654/995 1959/2657/995
f 1966/2672/996 1957/2675/997 1965/2674/997
f 1964/2661/998 1957/2675/997 1956/2662/998
f 1964/2661/998 1955/2660/999 1963/2664/999
f 1962/2695/1000 1955/2660/999 1954/2663/1000
f 1961/2665/1001 1954/2663/1000 1953/2666/1001
f 1961/2668/1001 1952/2667/994 1960/2671/994
f 1959/2694/993 1958/2673/996 1966/2672/996
f 1959/2657/995 1950/2654/995 1960/2656/995
f 1977/2657/1002 1978/2658/1002 1967/2654/1002
f 1978/2658/1002 1979/2659/1002 1967/2654/1002
f 1979/2659/1002 1980/2676/1002 1967/2654/1002
f 1980/2676/1002 1981/2652/1002 1967/2654/1002
f 1981/2652/1002 1982/2653/1002 1967/2654/1002
f 1982/2653/1002 1983/2655/1002 1967/2654/1002
f 1982/2660/1003 1975/2661/1004 1983/2662/1004
f 1981/2663/1005 1974/2664/1003 1982/2660/1003
f 1980/2666/1006 1973/2695/1005 1981/2663/1005
f 1979/2667/1007 1972/2668/1006 1980/2669/1006
f 1970/2694/1008 1979/2667/1007 1978/2670/1008
f 1969/2672/1009 1978/2670/1008 1977/2673/1009
f 1976/2675/1010 1969/2672/1009 1977/2673/1009
f 1975/2661/1004 1976/2675/1010 1983/2662/1004
f 1976/2656/1002 1977/2657/1002 1967/2654/1002
f 1983/2655/1002 1976/2656/1002 1967/2654/1002
f 1994/2657/1011 1995/2658/1011 1984/2654/1011
f 1995/2658/1011 1996/2659/1011 1984/2654/1011
f 1996/2659/1011 1997/2676/1011 1984/2654/1011
f 1997/2676/1011 1998/2652/1011 1984/2654/1011
f 1998/2652/1011 1999/2653/1011 1984/2654/1011
f 1999/2653/1011 2000/2655/1011 1984/2654/1011
f 1999/2696/1012 1992/2697/1013 2000/2698/1014
f 1998/2699/1015 1991/2700/1016 1999/2696/1012
f 1997/2701/1017 1990/2702/1018 1998/2699/1015
f 1988/2703/1019 1997/2701/1017 1996/2704/1020
f 1987/2705/1021 1996/2704/1020 1995/2706/1022
f 1986/2707/1023 1995/2708/1022 1994/2709/1024
f 1985/2710/1025 1994/2709/1024 1993/2711/1026
f 2000/2698/1014 1985/2710/1025 1993/2711/1026
f 1993/2656/1011 1994/2657/1011 1984/2654/1011
f 2000/2655/1011 1993/2656/1011 1984/2654/1011
f 2011/2676/1027 2001/2654/1027 2012/2659/1027
f 2012/2659/1027 2001/2654/1027 2013/2658/1027
f 2013/2658/1027 2001/2654/1027 2014/2657/1027
f 2014/2657/1027 2001/2654/1027 2015/2656/1027
f 2015/2656/1027 2001/2654/1027 2016/2655/1027
f 2016/2655/1027 2001/2654/1027 2017/2653/1027
f 2016/2696/1028 2009/2697/1029 2008/2700/1030
f 2015/2699/1031 2008/2700/1030 2007/2702/1032
f 2014/2701/1033 2007/2702/1032 2006/2712/1034
f 2014/2701/1033 2005/2703/1035 2013/2704/1036
f 2013/2704/1036 2004/2705/1037 2012/2706/1038
f 2012/2708/1038 2003/2707/1039 2011/2709/1040
f 2011/2709/1040 2002/2710/1041 2010/2711/1042
f 2017/2698/1043 2002/2710/1041 2009/2697/1029
f 2010/2652/1027 2001/2654/1027 2011/2676/1027
f 2017/2653/1027 2001/2654/1027 2010/2652/1027
f 2027/2670/1044 2020/2671/1045 2028/2667/1045
f 2028/2657/1046 2029/2658/1046 2018/2654/1046
f 2029/2658/1046 2030/2659/1046 2018/2654/1046
f 2030/2659/1046 2031/2676/1046 2018/2654/1046
f 2031/2676/1046 2032/2652/1046 2018/2654/1046
f 2032/2652/1046 2033/2653/1046 2018/2654/1046
f 2033/2653/1046 2034/2655/1046 2018/2654/1046
f 2034/2655/1046 2027/2656/1046 2018/2654/1046
f 2033/2675/1047 2026/2672/1048 2034/2673/1048
f 2032/2662/1049 2025/2674/1047 2033/2675/1047
f 2023/2664/1050 2032/2662/1049 2031/2660/1050
f 2030/2663/1051 2023/2664/1050 2031/2660/1050
f 2021/2665/1052 2030/2663/1051 2029/2666/1052
f 2020/2671/1045 2029/2669/1052 2028/2667/1045
f 2026/2672/1048 2027/2670/1044 2034/2673/1048
f 2027/2656/1046 2028/2657/1046 2018/2654/1046
f 2045/2663/1053 2036/2664/1054 2044/2660/1054
f 2045/2656/1055 2035/2654/1055 2046/2655/1055
f 2046/2655/1055 2035/2654/1055 2047/2653/1055
f 2047/2653/1055 2035/2654/1055 2048/2652/1055
f 2048/2652/1055 2035/2654/1055 2049/2676/1055
f 2049/2676/1055 2035/2654/1055 2050/2659/1055
f 2050/2659/1055 2035/2654/1055 2051/2658/1055
f 2051/2658/1055 2035/2654/1055 2044/2657/1055
f 2050/2675/1056 2043/2661/1057 2042/2674/1056
f 2050/2675/1056 2041/2672/1058 2049/2673/1058
f 2049/2673/1058 2040/2694/1059 2048/2670/1059
f 2047/2667/1060 2040/2694/1059 2039/2671/1060
f 2047/2667/1060 2038/2668/1061 2046/2669/1061
f 2046/2666/1061 2037/2695/1053 2045/2663/1053
f 2051/2662/1057 2036/2664/1054 2043/2661/1057
f 2044/2657/1055 2035/2654/1055 2045/2656/1055
f 2054/2668/1062 2061/2667/1063 2053/2671/1064
f 2055/2695/1065 2062/2666/1066 2054/2665/1062
f 2056/2664/1067 2063/2663/1068 2055/2695/1065
f 2056/2664/1067 2065/2662/1069 2064/2660/1070
f 2057/2661/1071 2066/2675/1072 2065/2662/1069
f 2058/2674/1073 2067/2673/1074 2066/2675/1072
f 2059/2672/1075 2068/2670/1076 2067/2673/1074
f 2061/2652/1077 2052/2654/1077 2068/2676/1077
f 2061/2652/1077 2062/2653/1077 2052/2654/1077
f 2062/2653/1077 2063/2655/1077 2052/2654/1077
f 2063/2655/1077 2064/2656/1077 2052/2654/1077
f 2064/2656/1077 2065/2657/1077 2052/2654/1077
f 2065/2657/1077 2066/2658/1077 2052/2654/1077
f 2066/2658/1077 2067/2659/1077 2052/2654/1077
f 2067/2659/1077 2068/2676/1077 2052/2654/1077
f 2068/2670/1076 2053/2671/1064 2061/2667/1063
f 2200/2713/474 2069/2714/474 2070/2715/474
f 2204/2716/474 2073/2717/474 2206/2718/474
f 2208/2719/474 2073/2717/474 2074/2720/474
f 2208/2719/474 2075/2721/474 2210/2722/474
f 2210/2722/474 2076/2723/474 2212/2724/474
f 2212/2724/474 2077/2725/474 2214/2726/474
f 2214/2726/474 2078/2727/474 2216/2728/474
f 2218/2729/474 2078/2727/474 2079/2730/474
f 2218/2729/474 2080/2731/474 2220/2732/474
f 2222/2733/474 2080/2731/474 2081/2734/474
f 2224/2735/474 2081/2734/474 2082/2736/474
f 2226/2737/474 2082/2736/474 2083/2738/474
f 2226/2737/474 2084/2739/474 2228/2740/474
f 2228/2740/474 2085/2741/474 2230/2742/474
f 2230/2742/474 2086/2743/474 2232/2744/474
f 2234/2745/474 2086/2743/474 2087/2746/474
f 2236/2747/474 2087/2746/474 2088/2748/474
f 2238/2749/474 2088/2748/474 2089/2750/474
f 2238/2751/474 2090/2752/474 2240/2753/474
f 2242/2754/474 2090/2752/474 2091/2755/474
f 2242/2754/474 2092/2756/474 2244/2757/474
f 2244/2757/474 2093/2758/474 2246/2759/474
f 2246/2759/474 2094/2760/474 2248/2761/474
f 2250/2762/474 2094/2760/474 2095/2763/474
f 2252/2764/474 2095/2763/474 2096/2765/474
f 2254/2766/474 2096/2765/474 2097/2767/474
f 2254/2766/474 2098/2768/474 2256/2769/474
f 2256/2769/474 2099/2770/474 2258/2771/474
f 2258/2771/474 2100/2772/474 2260/2773/474
f 2263/2774/243 2133/2775/243 2261/2776/243
f 2259/2777/1078 2262/2778/9 2265/2779/1078
f 2202/2780/474 2072/2781/474 2204/2716/474
f 2245/2782/792 2314/2783/1079 2312/2784/792
f 2217/2785/1080 2286/2786/1081 2284/2787/1080
f 2243/2788/1082 2312/2784/792 2310/2789/1082
f 2215/2790/1083 2284/2787/1080 2282/2791/1083
f 2241/2792/1084 2310/2789/1082 2308/2793/1084
f 2213/2794/793 2282/2791/1083 2280/2795/793
f 2239/2796/1085 2308/2793/1084 2306/2797/1085
f 2211/2798/1086 2280/2795/793 2278/2799/1086
f 2237/2800/1087 2306/2797/1085 2304/2801/1087
f 2209/2802/1088 2278/2799/1086 2276/2803/1088
f 2235/2804/1089 2304/2801/1087 2302/2805/1089
f 2207/2806/1090 2276/2803/1088 2274/2807/1090
f 2233/2808/1091 2302/2805/1089 2300/2809/1091
f 2198/2810/9 2264/2811/1092 2262/2812/9
f 2205/2813/1093 2274/2807/1090 2272/2814/1093
f 2231/2815/1094 2300/2809/1091 2298/2816/1094
f 2257/2817/1095 2265/2779/1078 2324/2818/1095
f 2203/2819/1096 2272/2814/1093 2270/2820/1096
f 2229/2821/2 2298/2816/1094 2296/2822/2
f 2255/2823/1097 2324/2818/1095 2322/2824/1097
f 2201/2825/1098 2270/2820/1096 2267/2826/1098
f 2227/2827/1099 2296/2822/2 2294/2828/1099
f 2253/2829/1100 2322/2824/1097 2320/2830/1100
f 2199/2831/1092 2267/2826/1098 2264/2811/1092
f 2225/2832/1101 2294/2828/1099 2292/2833/1101
f 2251/2834/1102 2320/2830/1100 2318/2835/1102
f 2202/2780/474 2070/2715/474 2071/2836/474
f 2223/2837/1103 2292/2833/1101 2290/2838/1103
f 2249/2839/1104 2318/2835/1102 2316/2840/1104
f 2221/2841/1105 2290/2838/1103 2288/2842/1105
f 2247/2843/1079 2316/2840/1104 2314/2783/1079
f 2219/2844/1081 2288/2842/1105 2286/2786/1081
f 2102/2845/474 2326/2846/474 2327/2847/474
f 2105/2848/474 2331/2849/474 2333/2850/474
f 2335/2851/474 2105/2848/474 2333/2850/474
f 2107/2852/474 2335/2851/474 2337/2853/474
f 2108/2854/474 2337/2853/474 2339/2855/474
f 2109/2856/474 2339/2855/474 2341/2857/474
f 2343/2858/474 2109/2856/474 2341/2857/474
f 2345/2859/474 2110/2860/474 2343/2858/474
f 2112/2861/474 2345/2859/474 2347/2862/474
f 2349/2863/474 2112/2861/474 2347/2862/474
f 2351/2864/474 2113/2865/474 2349/2863/474
f 2353/2866/474 2114/2867/474 2351/2864/474
f 2355/2868/474 2115/2869/474 2353/2866/474
f 2357/2870/474 2116/2871/474 2355/2868/474
f 2118/2872/474 2357/2870/474 2359/2873/474
f 2119/2874/474 2359/2873/474 2361/2875/474
f 2120/2774/474 2361/2875/474 2363/2876/474
f 2365/2775/474 2120/2774/474 2363/2876/474
f 2367/2877/474 2121/2776/474 2365/2775/474
f 2369/2878/474 2122/2879/474 2367/2877/474
f 2371/2880/474 2123/2881/474 2369/2878/474
f 2125/2882/474 2371/2880/474 2373/2883/474
f 2126/2884/474 2373/2883/474 2375/2885/474
f 2127/2886/474 2375/2887/474 2377/2888/474
f 2379/2889/474 2127/2886/474 2377/2888/474
f 2129/2890/474 2379/2889/474 2381/2891/474
f 2130/2892/474 2381/2891/474 2383/2893/474
f 2385/2894/474 2130/2892/474 2383/2893/474
f 2387/2895/474 2131/2896/474 2385/2894/474
f 2392/2848/243 2165/2849/243 2166/2850/243
f 2103/2897/474 2327/2847/474 2329/2898/474
f 2104/2899/474 2329/2898/474 2331/2849/474
f 2441/2900/1086 2374/2901/793 2439/2902/793
f 2413/2903/1085 2346/2904/1084 2411/2905/1084
f 2439/2902/793 2372/2906/1083 2437/2907/1083
f 2411/2905/1084 2344/2908/1082 2409/2909/1082
f 2437/2907/1083 2370/2910/1080 2435/2911/1080
f 2409/2909/1082 2342/2912/792 2407/2913/792
f 2435/2911/1080 2368/2914/1081 2433/2915/1081
f 2407/2913/792 2340/2916/1079 2405/2917/1079
f 2433/2915/1081 2366/2918/1105 2431/2919/1105
f 2405/2917/1079 2338/2920/1104 2403/2921/1104
f 2431/2919/1105 2364/2922/1103 2429/2923/1103
f 2403/2921/1104 2336/2924/1102 2401/2925/1102
f 2429/2923/1103 2362/2926/1101 2427/2927/1101
f 2389/2928/9 2388/2929/1092 2394/2930/1092
f 2401/2925/1102 2334/2931/1100 2399/2932/1100
f 2427/2927/1101 2360/2933/1099 2425/2934/1099
f 2394/2930/1092 2386/2935/1098 2451/2936/1098
f 2399/2932/1100 2332/2937/1097 2397/2938/1097
f 2425/2934/1099 2358/2939/2 2423/2940/2
f 2451/2936/1098 2384/2941/1096 2449/2942/1096
f 2397/2938/1097 2330/2943/1095 2396/2944/1095
f 2423/2940/2 2356/2945/1094 2421/2946/1094
f 2449/2942/1096 2382/2947/1093 2447/2948/1093
f 2396/2944/1095 2328/2949/1078 2391/2950/1078
f 2421/2946/1094 2354/2951/1091 2419/2952/1091
f 2447/2948/1093 2380/2953/1090 2445/2954/1090
f 2391/2950/1078 2325/2955/9 2389/2956/9
f 2419/2952/1091 2352/2957/1089 2417/2958/1089
f 2445/2954/1090 2378/2959/1088 2443/2960/1088
f 2417/2958/1089 2350/2961/1087 2415/2962/1087
f 2443/2960/1088 2376/2963/1086 2441/2900/1086
f 2415/2962/1087 2348/2964/1085 2413/2903/1085
f 2285/2860/243 2146/2857/243 2145/2858/243
f 2418/2965/243 2180/2873/243 2420/2872/243
f 2283/2966/243 2145/2858/243 2144/2859/243
f 2416/2871/243 2179/2870/243 2418/2965/243
f 2283/2966/243 2143/2862/243 2281/2861/243
f 2414/2869/243 2178/2868/243 2416/2871/243
f 2279/2865/243 2143/2862/243 2142/2863/243
f 2412/2867/243 2177/2866/243 2414/2869/243
f 2279/2865/243 2141/2864/243 2277/2867/243
f 2266/2879/243 2164/2878/243 2323/2881/243
f 2412/2867/243 2175/2863/243 2176/2864/243
f 2275/2869/243 2141/2864/243 2140/2866/243
f 2261/2776/243 2135/2877/243 2266/2879/243
f 2410/2865/243 2174/2862/243 2175/2863/243
f 2273/2871/243 2140/2866/243 2139/2868/243
f 2268/2874/243 2137/2873/243 2136/2875/243
f 2406/2966/243 2174/2862/243 2408/2861/243
f 2273/2871/243 2138/2870/243 2271/2965/243
f 2452/2845/243 2167/2898/243 2393/2897/243
f 2326/2846/474 2132/2967/474 2387/2895/474
f 2404/2860/243 2173/2859/243 2406/2966/243
f 2393/2897/243 2165/2849/243 2390/2899/243
f 2271/2965/243 2137/2873/243 2269/2872/243
f 2321/2968/243 2164/2878/243 2163/2880/243
f 2404/2860/243 2171/2857/243 2172/2858/243
f 2398/2852/243 2168/2851/243 2169/2853/243
f 2268/2874/243 2134/2876/243 2263/2774/243
f 2319/2882/243 2163/2880/243 2162/2883/243
f 2402/2856/243 2170/2855/243 2171/2857/243
f 2319/2882/243 2161/2885/243 2317/2884/243
f 2400/2854/243 2169/2853/243 2170/2855/243
f 2450/2969/243 2196/2847/243 2452/2845/243
f 2315/2886/243 2161/2887/243 2160/2888/243
f 2395/2970/243 2166/2850/243 2168/2851/243
f 2448/2967/243 2195/2846/243 2450/2969/243
f 2313/2971/243 2160/2888/243 2159/2889/243
f 2446/2896/243 2194/2895/243 2448/2967/243
f 2311/2890/243 2159/2889/243 2158/2891/243
f 2446/2896/243 2192/2893/243 2193/2894/243
f 2311/2890/243 2157/2893/243 2309/2892/243
f 2444/2892/243 2191/2891/243 2192/2893/243
f 2309/2892/243 2156/2894/243 2307/2896/243
f 2442/2890/243 2190/2889/243 2191/2891/243
f 2307/2896/243 2155/2895/243 2305/2967/243
f 2438/2886/243 2190/2889/243 2440/2971/243
f 2303/2969/243 2155/2895/243 2154/2846/243
f 2438/2886/243 2188/2887/243 2189/2888/243
f 2303/2969/243 2153/2847/243 2301/2845/243
f 2434/2882/243 2188/2885/243 2436/2884/243
f 2301/2845/243 2152/2898/243 2299/2897/243
f 2432/2968/243 2187/2883/243 2434/2882/243
f 2297/2899/243 2152/2898/243 2151/2849/243
f 2432/2968/243 2185/2878/243 2186/2880/243
f 2295/2848/243 2151/2849/243 2150/2850/243
f 2428/2879/243 2185/2878/243 2430/2881/243
f 2293/2970/243 2150/2850/243 2149/2851/243
f 2428/2879/243 2183/2775/243 2184/2877/243
f 2291/2852/243 2149/2851/243 2148/2853/243
f 2426/2776/243 2182/2876/243 2183/2775/243
f 2291/2852/243 2147/2855/243 2289/2854/243
f 2422/2874/243 2182/2876/243 2424/2774/243
f 2289/2854/243 2146/2857/243 2287/2856/243
f 2420/2872/243 2181/2875/243 2422/2874/243
f 2259/2972/1106 2197/2973/474 2198/2974/1107
f 2259/2972/1106 2258/2975/474 2260/2976/474
f 2257/2977/1108 2256/2978/474 2258/2979/474
f 2253/2980/1109 2256/2978/474 2255/2981/1110
f 2251/2982/1111 2254/2983/474 2253/2980/1109
f 2249/2984/1112 2252/2985/474 2251/2982/1111
f 2249/2984/1112 2248/2986/474 2250/2987/474
f 2247/2988/1113 2246/2989/474 2248/2986/474
f 2243/2990/1114 2246/2989/474 2245/2991/1115
f 2241/2992/1116 2244/2993/474 2243/2990/1114
f 2239/2994/1117 2242/2995/474 2241/2992/1116
f 2239/2994/1117 2238/2996/474 2240/2997/474
f 2237/2998/1118 2236/2999/474 2238/2996/474
f 2233/3000/1119 2236/2999/474 2235/3001/1120
f 2231/3002/1121 2234/3003/474 2233/3000/1119
f 2231/3002/1121 2230/3004/474 2232/3005/474
f 2227/3006/1122 2230/3004/474 2229/3007/1123
f 2227/3006/1122 2226/3008/474 2228/3009/474
f 2225/3010/1124 2224/3011/474 2226/3008/474
f 2221/3012/1125 2224/3011/474 2223/3013/1126
f 2219/3014/1127 2222/3015/474 2221/3012/1125
f 2217/3016/1128 2220/3017/474 2219/3014/1127
f 2217/3016/1128 2216/3018/474 2218/3019/474
f 2215/3020/1129 2214/3021/474 2216/3018/474
f 2211/3022/1130 2214/3021/474 2213/3023/1131
f 2209/3024/1132 2212/3025/474 2211/3022/1130
f 2209/3024/1132 2208/3026/474 2210/3027/474
f 2207/3028/1133 2206/3029/474 2208/3026/474
f 2205/3030/1134 2204/3031/474 2206/3029/474
f 2201/3032/1135 2204/3031/474 2203/3033/1136
f 2199/3034/1137 2202/3035/474 2201/3032/1135
f 2199/3034/1137 2197/2973/474 2200/3036/474
f 2264/3037/1138 2268/3038/243 2263/3039/243
f 2264/3037/1138 2261/3040/243 2262/3041/1139
f 2324/3042/1140 2266/3043/243 2323/3044/243
f 2322/3045/1141 2323/3044/243 2321/3046/243
f 2320/3047/1142 2321/3046/243 2319/3048/243
f 2318/3049/1143 2319/3048/243 2317/3050/243
f 2316/3051/1144 2317/3052/243 2315/3053/243
f 2316/3051/1144 2313/3054/243 2314/3055/1145
f 2314/3055/1145 2311/3056/243 2312/3057/1146
f 2310/3058/1147 2311/3056/243 2309/3059/243
f 2308/3060/1148 2309/3059/243 2307/3061/243
f 2308/3060/1148 2305/3062/243 2306/3063/1149
f 2306/3063/1149 2303/3064/243 2304/3065/1150
f 2304/3065/1150 2301/3066/243 2302/3067/1151
f 2302/3067/1151 2299/3068/243 2300/3069/1152
f 2300/3069/1152 2297/3070/243 2298/3071/1153
f 2298/3071/1153 2295/3072/243 2296/3073/1154
f 2294/3074/1155 2295/3072/243 2293/3075/243
f 2294/3074/1155 2291/3076/243 2292/3077/1156
f 2292/3077/1156 2289/3078/243 2290/3079/1157
f 2288/3080/1158 2289/3078/243 2287/3081/243
f 2286/3082/1159 2287/3081/243 2285/3083/243
f 2286/3082/1159 2283/3084/243 2284/3085/1160
f 2284/3085/1160 2281/3086/243 2282/3087/1161
f 2282/3087/1161 2279/3088/243 2280/3089/1162
f 2278/3090/1163 2279/3088/243 2277/3091/243
f 2276/3092/1164 2277/3091/243 2275/3093/243
f 2276/3092/1164 2273/3094/243 2274/3095/1165
f 2274/3095/1165 2271/3096/243 2272/3097/1166
f 2272/3097/1166 2269/3098/243 2270/3099/1167
f 2267/3100/1168 2269/3098/243 2268/3038/243
f 2265/3101/1169 2261/3040/243 2266/3043/243
f 2326/3093/474 2388/3095/1137 2325/3092/1107
f 2385/3096/474 2388/3095/1137 2387/3094/474
f 2383/3098/474 2386/3097/1135 2385/3096/474
f 2383/3098/474 2382/3100/1134 2384/3099/1136
f 2381/3038/474 2380/3037/1133 2382/3100/1134
f 2379/3039/474 2378/3041/1132 2380/3037/1133
f 2375/3043/474 2378/3041/1132 2377/3040/474
f 2373/3044/474 2376/3101/1130 2375/3043/474
f 2373/3044/474 2372/3045/1129 2374/3042/1131
f 2371/3046/474 2370/3047/1128 2372/3045/1129
f 2367/3050/474 2370/3047/1128 2369/3048/474
f 2365/3053/474 2368/3102/1127 2367/3052/474
f 2363/3054/474 2366/3051/1125 2365/3053/474
f 2363/3054/474 2362/3057/1124 2364/3055/1126
f 2361/3056/474 2360/3058/1122 2362/3057/1124
f 2357/3061/474 2360/3058/1122 2359/3059/474
f 2357/3061/474 2356/3063/1121 2358/3060/1123
f 2355/3062/474 2354/3065/1119 2356/3063/1121
f 2353/3064/474 2352/3067/1120 2354/3065/1119
f 2351/3066/474 2350/3069/1118 2352/3067/1120
f 2349/3068/474 2348/3071/1117 2350/3069/1118
f 2345/3072/474 2348/3071/1117 2347/3070/474
f 2343/3075/474 2346/3073/1116 2345/3072/474
f 2343/3075/474 2342/3077/1115 2344/3074/1114
f 2339/3078/474 2342/3077/1115 2341/3076/474
f 2337/3081/474 2340/3079/1113 2339/3078/474
f 2335/3083/474 2338/3080/1112 2337/3081/474
f 2333/3084/474 2336/3082/1111 2335/3083/474
f 2331/3086/474 2334/3085/1109 2333/3084/474
f 2329/3088/474 2332/3087/1110 2331/3086/474
f 2327/3091/474 2330/3089/1108 2329/3088/474
f 2326/3093/474 2328/3090/1106 2327/3091/474
f 2392/3080/243 2396/3078/1140 2391/3081/1169
f 2390/3082/243 2391/3081/1169 2389/3083/1139
f 2452/3087/243 2394/3084/1138 2451/3086/1168
f 2452/3087/243 2449/3088/1167 2450/3089/243
f 2450/3089/243 2447/3091/1166 2448/3090/243
f 2448/3090/243 2445/3093/1165 2446/3092/243
f 2446/3092/243 2443/3094/1164 2444/3095/243
f 2444/3095/243 2441/3096/1163 2442/3097/243
f 2440/3099/243 2441/3096/1163 2439/3098/1162
f 2440/3099/243 2437/3038/1161 2438/3100/243
f 2438/3100/243 2435/3039/1160 2436/3037/243
f 2436/3037/243 2433/3040/1159 2434/3041/243
f 2432/3101/243 2433/3040/1159 2431/3043/1158
f 2430/3042/243 2431/3043/1158 2429/3044/1157
f 2428/3045/243 2429/3044/1157 2427/3046/1156
f 2426/3047/243 2427/3046/1156 2425/3048/1155
f 2424/3049/243 2425/3048/1155 2423/3050/1154
f 2424/3102/243 2421/3053/1153 2422/3051/243
f 2422/3051/243 2419/3054/1152 2420/3055/243
f 2420/3055/243 2417/3056/1151 2418/3057/243
f 2418/3057/243 2415/3059/1150 2416/3058/243
f 2416/3058/243 2413/3061/1149 2414/3060/243
f 2414/3060/243 2411/3062/1148 2412/3063/243
f 2410/3065/243 2411/3062/1148 2409/3064/1147
f 2410/3065/243 2407/3066/1146 2408/3067/243
f 2406/3069/243 2407/3066/1146 2405/3068/1145
f 2404/3071/243 2405/3068/1145 2403/3070/1144
f 2402/3073/243 2403/3070/1144 2401/3072/1143
f 2400/3074/243 2401/3072/1143 2399/3075/1142
f 2398/3077/243 2399/3075/1142 2397/3076/1141
f 2395/3079/243 2397/3076/1141 2396/3078/1140
f 2390/3082/243 2394/3084/1138 2393/3085/243
f 2197/3103/474 2100/2772/474 2069/2714/474
f 2470/3104/763 2453/3105/761 2469/3106/761
f 2471/3107/765 2455/3108/763 2470/3109/763
f 2472/3110/766 2457/3111/765 2471/3107/765
f 2473/3112/767 2459/3113/766 2472/3110/766
f 2474/3114/762 2461/3115/767 2473/3112/767
f 2475/3116/764 2463/3117/762 2474/3114/762
f 2476/3118/760 2465/3119/764 2475/3116/764
f 2466/3120/1170 2500/3121/1171 2468/3122/1171
f 2474/3123/9 2491/3124/1172 2475/3125/9
f 2476/3118/760 2453/3105/761 2467/3126/760
f 2462/3127/2 2480/3128/1173 2460/3129/2
f 2475/3125/9 2492/3130/1174 2476/3131/9
f 2476/3131/9 2485/3132/1174 2469/3133/9
f 2464/3134/2 2483/3135/1175 2482/3136/1175
f 2454/3131/2 2477/3124/1176 2478/3130/1177
f 2470/3137/9 2485/3132/1174 2486/3135/1178
f 2471/3134/9 2486/3135/1178 2487/3136/1178
f 2483/3135/1175 2506/3138/1179 2482/3136/1175
f 2484/3139/1180 2491/3140/1181 2483/3141/1182
f 2481/3141/1183 2513/3142/1184 2503/3143/1184
f 2482/3139/1185 2489/3140/1186 2481/3141/1183
f 2480/3139/1187 2512/3144/1188 2488/3145/1189
f 2480/3139/1187 2487/3140/1190 2479/3141/1191
f 2491/3124/1172 2514/3146/1192 2515/3147/1192
f 2477/3139/1193 2485/3140/1193 2478/3141/1193
f 2456/3125/2 2479/3148/1176 2477/3124/1176
f 2466/3137/2 2484/3132/1177 2483/3135/1175
f 2473/3129/9 2490/3148/1172 2474/3123/9
f 2473/3129/9 2488/3149/1194 2489/3128/1194
f 2462/3127/2 2482/3136/1175 2481/3149/1173
f 2471/3134/9 2488/3149/1194 2472/3127/9
f 2458/3123/2 2480/3128/1173 2479/3148/1176
f 2468/3133/2 2478/3130/1177 2484/3132/1177
f 2456/3150/1195 2495/3151/1196 2458/3152/1196
f 2462/3153/1197 2498/3154/1198 2464/3155/1198
f 2468/3122/1171 2494/3156/1199 2454/3157/1199
f 2458/3152/1196 2496/3158/1200 2460/3159/1200
f 2464/3155/1198 2499/3160/1201 2466/3120/1170
f 2456/3161/1195 2494/3156/1199 2493/3162/1195
f 2460/3159/1200 2497/3163/1197 2462/3153/1197
f 2508/3164/1202 2509/3142/1202 2516/3165/1202
f 2505/3143/1184 2514/3165/1184 2506/3164/1184
f 2503/3143/1203 2512/3165/1203 2504/3164/1203
f 2501/3143/1188 2510/3165/1188 2502/3164/1188
f 2488/3149/1194 2513/3166/1204 2489/3128/1194
f 2482/3139/1185 2514/3144/1203 2490/3145/1205
f 2483/3141/1182 2515/3142/1202 2505/3143/1202
f 2478/3130/1177 2508/3167/1206 2484/3132/1177
f 2487/3136/1178 2510/3168/1207 2511/3138/1207
f 2484/3139/1180 2516/3144/1184 2492/3145/1208
f 2478/3141/1188 2509/3142/1188 2507/3143/1188
f 2479/3148/1176 2502/3147/1209 2477/3124/1176
f 2485/3132/1174 2516/3169/1210 2509/3167/1210
f 2477/3139/1202 2510/3144/1202 2486/3145/1202
f 2479/3141/1191 2511/3142/1203 2501/3143/1203
f 2480/3128/1173 2503/3170/1211 2504/3166/1211
f 2494/3171/2 2500/3172/2 2499/3173/2
f 2534/3105/771 2517/3104/769 2533/3174/769
f 2535/3126/773 2519/3106/771 2534/3105/771
f 2536/3119/774 2521/3118/773 2535/3126/773
f 2537/3117/775 2523/3116/774 2536/3119/774
f 2538/3115/770 2525/3114/775 2537/3117/775
f 2539/3113/772 2527/3112/770 2538/3115/770
f 2540/3111/768 2529/3110/772 2539/3113/772
f 2532/3151/1212 2563/3159/1213 2564/3152/1212
f 2538/3123/9 2555/3124/1214 2539/3125/9
f 2540/3111/768 2517/3109/769 2531/3107/768
f 2526/3127/2 2544/3128/1215 2524/3129/2
f 2540/3131/9 2555/3124/1214 2556/3130/1216
f 2533/3133/9 2556/3130/1216 2549/3132/1216
f 2528/3134/2 2547/3135/1217 2546/3136/1217
f 2518/3131/2 2541/3124/1218 2542/3130/1219
f 2534/3137/9 2549/3132/1216 2550/3135/1220
f 2535/3134/9 2550/3135/1220 2551/3136/1220
f 2547/3135/1217 2570/3138/1221 2546/3136/1217
f 2548/3139/1222 2555/3140/1223 2547/3141/1223
f 2545/3141/1224 2577/3142/1225 2567/3143/1225
f 2546/3139/1226 2553/3140/1227 2545/3141/1224
f 2544/3139/1228 2576/3144/1229 2552/3145/1230
f 2543/3141/1231 2552/3145/1230 2551/3140/1232
f 2555/3124/1214 2578/3146/1233 2579/3147/1233
f 2541/3139/1234 2549/3140/1235 2542/3141/1236
f 2522/3123/2 2541/3124/1218 2520/3125/2
f 2532/3133/2 2547/3135/1217 2530/3137/2
f 2538/3123/9 2553/3128/1237 2554/3148/1214
f 2537/3129/9 2552/3149/1237 2553/3128/1237
f 2526/3127/2 2546/3136/1217 2545/3149/1215
f 2536/3127/9 2551/3136/1220 2552/3149/1237
f 2522/3123/2 2544/3128/1215 2543/3148/1218
f 2518/3131/2 2548/3132/1219 2532/3133/2
f 2520/3156/1238 2559/3122/1239 2522/3121/1239
f 2528/3163/1240 2561/3155/1241 2562/3153/1240
f 2532/3151/1212 2558/3150/1242 2518/3175/1242
f 2522/3121/1239 2560/3120/1243 2524/3160/1243
f 2530/3158/1213 2562/3153/1240 2563/3159/1213
f 2518/3162/1242 2557/3157/1238 2520/3156/1238
f 2524/3160/1243 2561/3155/1241 2526/3154/1241
f 2572/3164/1244 2573/3142/1244 2580/3165/1244
f 2569/3143/1225 2578/3165/1225 2570/3164/1225
f 2567/3143/1245 2576/3165/1245 2568/3164/1245
f 2565/3143/1229 2574/3165/1229 2566/3164/1229
f 2553/3128/1237 2576/3170/1246 2577/3166/1246
f 2546/3139/1226 2578/3144/1245 2554/3145/1247
f 2547/3141/1244 2579/3142/1244 2569/3143/1244
f 2548/3132/1219 2571/3169/1248 2572/3167/1248
f 2550/3135/1220 2575/3138/1249 2551/3136/1220
f 2548/3139/1222 2580/3144/1225 2556/3145/1250
f 2542/3141/1236 2573/3142/1229 2571/3143/1229
f 2541/3124/1218 2565/3146/1251 2566/3147/1251
f 2556/3130/1216 2573/3167/1252 2549/3132/1216
f 2541/3139/1234 2574/3144/1244 2550/3145/1253
f 2543/3141/1231 2575/3142/1245 2565/3143/1245
f 2544/3128/1215 2567/3170/1254 2568/3166/1254
f 2563/3173/2 2561/3176/2 2559/3177/2
f 2598/3112/779 2581/3113/1255 2597/3110/777
f 2598/3112/779 2585/3117/781 2583/3115/779
f 2600/3116/782 2585/3117/781 2599/3114/781
f 2601/3118/1256 2587/3119/782 2600/3116/782
f 2602/3106/778 2589/3126/783 2601/3118/1256
f 2603/3104/780 2591/3105/778 2602/3106/778
f 2603/3109/780 2595/3111/776 2593/3108/780
f 2594/3156/1257 2628/3122/1258 2596/3121/1258
f 2603/3125/9 2618/3148/1259 2619/3124/1259
f 2604/3107/776 2581/3113/1255 2595/3111/776
f 2590/3127/2 2608/3128/1260 2588/3129/2
f 2603/3125/9 2620/3130/1261 2604/3131/9
f 2604/3131/9 2613/3132/1261 2597/3133/9
f 2592/3134/2 2611/3135/1262 2610/3136/1262
f 2584/3125/2 2606/3130/1263 2582/3131/2
f 2598/3137/9 2613/3132/1261 2614/3135/1264
f 2599/3134/9 2614/3135/1264 2615/3136/1264
f 2610/3136/1262 2633/3168/1265 2634/3138/1265
f 2612/3139/1266 2619/3140/1267 2611/3141/1268
f 2609/3141/1269 2641/3142/1270 2631/3143/1270
f 2610/3139/1271 2617/3140/1272 2609/3141/1269
f 2608/3139/1273 2640/3144/1274 2616/3145/1275
f 2608/3139/1273 2615/3140/1276 2607/3141/1277
f 2618/3148/1259 2643/3147/1278 2619/3124/1259
f 2606/3141/1279 2614/3145/1280 2613/3140/1281
f 2584/3125/2 2607/3148/1282 2605/3124/1282
f 2594/3137/2 2612/3132/1263 2611/3135/1262
f 2601/3129/9 2618/3148/1259 2602/3123/9
f 2601/3129/9 2616/3149/1283 2617/3128/1283
f 2590/3127/2 2610/3136/1262 2609/3149/1260
f 2599/3134/9 2616/3149/1283 2600/3127/9
f 2586/3123/2 2608/3128/1260 2607/3148/1282
f 2596/3133/2 2606/3130/1263 2612/3132/1263
f 2584/3154/1284 2623/3153/1285 2586/3163/1285
f 2590/3151/1286 2626/3150/1287 2592/3175/1287
f 2596/3121/1258 2622/3120/1288 2582/3160/1288
f 2586/3163/1285 2624/3159/1289 2588/3158/1289
f 2592/3162/1287 2627/3157/1257 2594/3156/1257
f 2582/3160/1288 2621/3155/1284 2584/3154/1284
f 2590/3151/1286 2624/3159/1289 2625/3152/1286
f 2636/3164/1290 2637/3142/1290 2644/3165/1290
f 2633/3143/1270 2642/3165/1270 2634/3164/1270
f 2631/3143/1291 2640/3165/1291 2632/3164/1291
f 2629/3143/1274 2638/3165/1274 2630/3164/1292
f 2616/3149/1283 2641/3166/1293 2617/3128/1283
f 2610/3139/1271 2642/3144/1291 2618/3145/1294
f 2611/3141/1268 2643/3142/1290 2633/3143/1290
f 2606/3130/1263 2636/3167/1295 2612/3132/1263
f 2615/3136/1264 2638/3168/1296 2639/3138/1296
f 2612/3139/1266 2644/3144/1270 2620/3145/1297
f 2606/3141/1279 2637/3142/1274 2635/3143/1274
f 2607/3148/1282 2630/3147/1298 2605/3124/1282
f 2613/3132/1261 2644/3169/1299 2637/3167/1299
f 2605/3139/1300 2638/3144/1290 2614/3145/1280
f 2607/3141/1277 2639/3142/1291 2629/3143/1291
f 2608/3128/1260 2631/3170/1301 2632/3166/1301
f 2628/3178/2 2627/3177/2 2623/3173/2
f 2662/3119/787 2645/3118/785 2661/3126/785
f 2662/3119/787 2649/3114/789 2647/3116/787
f 2663/3117/789 2651/3112/790 2649/3114/789
f 2665/3113/791 2651/3112/790 2664/3115/790
f 2666/3111/786 2653/3110/791 2665/3113/791
f 2667/3108/788 2655/3107/786 2666/3111/786
f 2667/3174/788 2659/3106/784 2657/3104/788
f 2658/3156/1302 2692/3122/1303 2660/3121/1303
f 2667/3125/9 2682/3148/1304 2683/3124/1304
f 2668/3105/784 2645/3118/785 2659/3106/784
f 2654/3127/2 2672/3128/1305 2652/3129/2
f 2667/3125/9 2684/3130/1306 2668/3131/9
f 2661/3133/9 2684/3130/1306 2677/3132/1306
f 2658/3137/2 2674/3136/1307 2656/3134/2
f 2646/3131/2 2669/3124/1308 2670/3130/1309
f 2661/3133/9 2678/3135/1310 2662/3137/9
f 2662/3137/9 2679/3136/1310 2663/3134/9
f 2674/3136/1307 2697/3168/1311 2698/3138/1311
f 2676/3139/1312 2683/3140/1313 2675/3141/1314
f 2673/3141/1315 2705/3142/1316 2695/3143/1316
f 2674/3139/1317 2681/3140/1318 2673/3141/1315
f 2672/3139/1319 2704/3144/1320 2680/3145/1321
f 2672/3139/1319 2679/3140/1322 2671/3141/1323
f 2682/3148/1304 2707/3147/1324 2683/3124/1304
f 2670/3141/1325 2678/3145/1326 2677/3140/1327
f 2648/3125/2 2671/3148/1308 2669/3124/1308
f 2658/3137/2 2676/3132/1309 2675/3135/1307
f 2666/3123/9 2681/3128/1328 2682/3148/1304
f 2665/3129/9 2680/3149/1328 2681/3128/1328
f 2656/3134/2 2673/3149/1305 2654/3127/2
f 2664/3127/9 2679/3136/1310 2680/3149/1328
f 2650/3123/2 2672/3128/1305 2671/3148/1308
f 2660/3133/2 2670/3130/1309 2676/3132/1309
f 2648/3154/1329 2687/3153/1330 2650/3163/1330
f 2654/3151/1331 2690/3150/1332 2656/3175/1332
f 2660/3121/1303 2686/3120/1333 2646/3160/1333
f 2650/3163/1330 2688/3159/1334 2652/3158/1334
f 2656/3162/1332 2691/3157/1302 2658/3156/1302
f 2648/3154/1329 2686/3120/1333 2685/3155/1329
f 2652/3158/1334 2689/3152/1331 2654/3151/1331
f 2700/3164/1335 2701/3142/1335 2708/3165/1335
f 2697/3143/1316 2706/3165/1316 2698/3164/1316
f 2695/3143/1336 2704/3165/1336 2696/3164/1336
f 2694/3164/1320 2703/3142/1320 2702/3165/1320
f 2680/3149/1328 2705/3166/1337 2681/3128/1328
f 2674/3139/1317 2706/3144/1336 2682/3145/1338
f 2675/3141/1314 2707/3142/1335 2697/3143/1335
f 2676/3132/1309 2699/3169/1339 2700/3167/1339
f 2679/3136/1310 2702/3168/1340 2703/3138/1340
f 2676/3139/1312 2708/3144/1316 2684/3145/1341
f 2670/3141/1325 2701/3142/1320 2699/3143/1320
f 2671/3148/1308 2694/3147/1342 2669/3124/1308
f 2684/3130/1306 2701/3167/1343 2677/3132/1306
f 2669/3139/1344 2702/3144/1335 2678/3145/1326
f 2671/3141/1323 2703/3142/1336 2693/3143/1336
f 2672/3128/1305 2695/3170/1345 2696/3166/1345
f 2689/3176/2 2687/3177/2 2686/3171/2
f 2711/3179/1346 2748/3180/1347 2712/3181/1347
f 2710/3182/2 2747/3183/1348 2743/3184/1349
f 2710/3182/2 2749/3185/1350 2747/3183/1348
f 2710/3182/2 2751/3186/1351 2749/3185/1350
f 2710/3182/2 2753/3187/1352 2751/3186/1351
f 2710/3182/2 2755/3188/1353 2753/3187/1352
f 2710/3182/2 2757/3189/1354 2755/3188/1353
f 2710/3182/2 2759/3190/1355 2757/3189/1354
f 2710/3182/2 2761/3191/1356 2759/3190/1355
f 2710/3182/2 2763/3192/1357 2761/3191/1356
f 2710/3182/2 2765/3193/1358 2763/3192/1357
f 2710/3182/2 2767/3194/1359 2765/3193/1358
f 2710/3182/2 2769/3195/1360 2767/3194/1359
f 2710/3182/2 2771/3196/1361 2769/3195/1360
f 2710/3182/2 2773/3197/1362 2771/3196/1361
f 2710/3182/2 2746/3198/1363 2773/3197/1362
f 2745/3199/1364 2711/3179/1346 2709/3200/1364
f 2725/3201/1365 2745/3199/1364 2709/3200/1364
f 2713/3202/1366 2752/3203/1367 2714/3204/1367
f 2752/3203/1367 2715/3205/1368 2714/3204/1367
f 2715/3205/1368 2756/3206/1369 2716/3207/1369
f 2716/3207/1369 2758/3208/1370 2717/3209/1370
f 2717/3209/1370 2760/3210/1371 2718/3211/1371
f 2760/3212/1371 2719/3213/1372 2718/3214/1371
f 2762/3215/1372 2720/3216/1373 2719/3213/1372
f 2764/3217/1373 2721/3218/1374 2720/3216/1373
f 2721/3218/1374 2768/3219/1375 2722/3220/1375
f 2768/3219/1375 2723/3221/1376 2722/3220/1375
f 2770/3222/1376 2724/3223/1377 2723/3221/1376
f 2772/3224/1377 2725/3201/1365 2724/3223/1377
f 2727/3225/2 2777/3226/1363 2776/3227/1362
f 2712/3181/1347 2750/3228/1366 2713/3202/1366
f 2729/3229/1377 2775/3230/1365 2728/3231/1365
f 2727/3225/2 2776/3227/1362 2780/3232/1361
f 2727/3225/2 2780/3233/1361 2782/3234/1360
f 2727/3225/2 2782/3234/1360 2784/3235/1359
f 2727/3225/2 2784/3235/1359 2786/3236/1358
f 2727/3225/2 2786/3236/1358 2788/3237/1357
f 2727/3225/2 2788/3237/1357 2790/3238/1356
f 2727/3225/2 2790/3238/1356 2792/3239/1355
f 2727/3225/2 2792/3240/1355 2794/3241/1354
f 2727/3225/2 2794/3241/1354 2796/3242/1353
f 2727/3225/2 2796/3242/1353 2798/3243/1352
f 2727/3225/2 2798/3243/1352 2800/3244/1351
f 2727/3225/2 2800/3244/1351 2802/3245/1350
f 2727/3225/2 2802/3245/1350 2804/3246/1348
f 2727/3225/2 2804/3247/1348 2806/3248/1349
f 2727/3225/2 2806/3248/1349 2777/3226/1363
f 2728/3231/1365 2778/3249/1364 2726/3250/1364
f 2742/3251/1346 2778/3249/1364 2805/3252/1346
f 2730/3253/1376 2783/3254/1375 2781/3255/1376
f 2732/3256/1374 2783/3254/1375 2731/3257/1375
f 2732/3256/1374 2787/3258/1373 2785/3259/1374
f 2733/3260/1373 2789/3261/1372 2787/3258/1373
f 2734/3262/1372 2791/3263/1371 2789/3261/1372
f 2736/3264/1370 2791/3265/1371 2735/3266/1371
f 2737/3267/1369 2793/3268/1370 2736/3264/1370
f 2738/3269/1368 2795/3270/1369 2737/3267/1369
f 2738/3269/1368 2799/3271/1367 2797/3272/1368
f 2740/3273/1366 2799/3271/1367 2739/3274/1367
f 2741/3275/1347 2801/3276/1366 2740/3273/1366
f 2741/3275/1347 2805/3252/1346 2803/3277/1347
f 2729/3229/1377 2781/3255/1376 2779/3278/1377
f 2745/3199/1378 2743/3279/1349 2744/3280/1379
f 2744/3280/1379 2747/3281/1380 2748/3180/1381
f 2748/3180/1381 2749/3282/1382 2750/3228/1383
f 2750/3228/1383 2751/3283/1351 2752/3203/1384
f 2752/3203/1384 2753/3284/1385 2754/3285/1386
f 2756/3206/1387 2753/3284/1385 2755/3286/1388
f 2758/3208/1389 2755/3286/1388 2757/3287/1354
f 2760/3210/1390 2757/3287/1354 2759/3288/1355
f 2760/3212/1390 2761/3289/1356 2762/3215/1391
f 2762/3215/1391 2763/3290/1392 2764/3217/1393
f 2764/3217/1393 2765/3291/1394 2766/3292/1395
f 2768/3219/1396 2765/3291/1394 2767/3293/1359
f 2770/3222/1397 2767/3293/1359 2769/3294/1398
f 2772/3224/1399 2769/3294/1398 2771/3295/1400
f 2774/3296/1401 2771/3295/1400 2773/3297/1362
f 2745/3199/1378 2773/3297/1362 2746/3298/1363
f 2776/3299/1402 2778/3249/1378 2775/3230/1401
f 2780/3300/1400 2775/3230/1401 2779/3278/1399
f 2782/3301/1398 2779/3278/1399 2781/3255/1397
f 2784/3302/1359 2781/3255/1397 2783/3254/1403
f 2786/3303/1404 2783/3254/1403 2785/3259/1395
f 2786/3303/1404 2787/3258/1393 2788/3304/1392
f 2788/3304/1392 2789/3261/1391 2790/3305/1356
f 2790/3305/1356 2791/3263/1390 2792/3306/1355
f 2794/3307/1354 2791/3265/1390 2793/3268/1389
f 2796/3308/1388 2793/3268/1389 2795/3270/1387
f 2798/3309/1385 2795/3270/1387 2797/3272/1386
f 2798/3309/1385 2799/3271/1384 2800/3310/1351
f 2800/3310/1351 2801/3276/1383 2802/3311/1382
f 2802/3311/1382 2803/3277/1381 2804/3312/1348
f 2804/3312/1348 2805/3252/1405 2806/3313/1406
f 2806/3313/1406 2778/3249/1378 2777/3314/1363
f 2710/3182/2 2743/3184/1349 2746/3198/1363
f 2809/3315/1407 2812/3316/1408 2808/3317/1409
f 2811/3318/1410 2810/3317/1411 2807/3315/1412
f 2814/3318/1413 2809/3317/1407 2810/3315/1411
f 2815/3319/1414 2814/3316/1413 2811/3318/1410
f 2812/3318/1408 2815/3320/1414 2811/3316/1410
f 2813/3318/1415 2816/3320/1416 2812/3316/1408
f 2818/3319/1417 2813/3316/1415 2814/3318/1413
f 2819/3321/1418 2818/3320/1417 2815/3319/1414
f 2816/3319/1416 2819/3322/1418 2815/3320/1414
f 2817/3319/1419 2820/3322/1420 2816/3320/1416
f 2822/3321/1421 2817/3320/1419 2818/3319/1417
f 2823/3323/1422 2822/3322/1421 2819/3321/1418
f 2820/3321/1420 2823/3324/1422 2819/3322/1418
f 2821/3321/1423 2824/3324/1424 2820/3322/1420
f 2826/3323/1425 2821/3322/1423 2822/3321/1421
f 2827/3325/1426 2826/3324/1425 2823/3323/1422
f 2828/3325/1427 2823/3324/1422 2824/3323/1424
f 2825/3323/1428 2828/3326/1427 2824/3324/1424
f 2826/3323/1425 2829/3326/1429 2825/3324/1428
f 2827/3325/1426 2834/3327/1430 2830/3326/1431
f 2832/3328/1432 2827/3326/1426 2828/3325/1427
f 2833/3328/1433 2828/3326/1427 2829/3325/1429
f 2830/3325/1431 2833/3327/1433 2829/3326/1429
f 2831/3328/1434 2838/3329/1435 2834/3327/1430
f 2836/3330/1436 2831/3327/1434 2832/3328/1432
f 2837/3330/1437 2832/3327/1432 2833/3328/1433
f 2834/3328/1430 2837/3329/1437 2833/3327/1433
f 2841/3331/1438 2836/3329/1436 2837/3330/1437
f 2835/3330/1439 2842/3332/1440 2838/3329/1435
f 2838/3330/1435 2841/3332/1438 2837/3329/1437
f 2843/3333/1441 2842/3332/1440 2839/3331/1442
f 2846/3333/1443 2841/3332/1438 2842/3331/1440
f 2841/3331/1438 2844/3334/1444 2840/3332/1445
f 2849/3335/1446 2844/3334/1444 2845/3333/1447
f 2848/3335/1448 2851/3336/1449 2847/3337/1450
f 2846/3333/1443 2849/3337/1446 2845/3334/1447
f 2843/3333/1441 2850/3337/1451 2846/3334/1443
f 2853/3338/1452 2848/3337/1448 2849/3335/1446
f 2847/3335/1450 2854/3336/1453 2850/3337/1451
f 2854/3338/1453 2849/3337/1446 2850/3335/1451
f 2852/3338/1454 2855/3339/1455 2851/3336/1449
f 2857/3340/1456 2852/3336/1454 2853/3338/1452
f 2851/3338/1449 2858/3339/1457 2854/3336/1453
f 2858/3340/1457 2853/3336/1452 2854/3338/1453
f 2860/3341/1458 2855/3339/1455 2856/3340/1459
f 2861/3341/1460 2856/3339/1459 2857/3340/1456
f 2855/3340/1455 2862/3342/1461 2858/3339/1457
f 2858/3340/1457 2861/3342/1460 2857/3339/1456
f 2864/3343/1462 2859/3342/1463 2860/3341/1458
f 2865/3343/1464 2860/3342/1458 2861/3341/1460
f 2859/3341/1463 2866/3344/1465 2862/3342/1461
f 2862/3341/1461 2865/3344/1464 2861/3342/1460
f 2868/3345/1466 2863/3344/1467 2864/3343/1462
f 2869/3345/1468 2864/3344/1462 2865/3343/1464
f 2863/3343/1467 2870/3346/1469 2866/3344/1465
f 2866/3343/1465 2869/3346/1468 2865/3344/1464
f 2872/3347/1470 2867/3346/1471 2868/3345/1466
f 2873/3347/1472 2868/3346/1466 2869/3345/1468
f 2867/3345/1471 2874/3348/1473 2870/3346/1469
f 2870/3345/1469 2873/3348/1472 2869/3346/1468
f 2876/3349/1474 2871/3348/1475 2872/3347/1470
f 2877/3349/1476 2872/3348/1470 2873/3347/1472
f 2871/3347/1475 2878/3350/1477 2874/3348/1473
f 2874/3347/1473 2877/3350/1476 2873/3348/1472
f 2808/3315/1409 2811/3316/1410 2807/3317/1412
f 2840/3331/1445 2835/3329/1439 2836/3330/1436
f 2840/3331/1445 2843/3334/1441 2839/3332/1442
f 2848/3335/1448 2843/3334/1441 2844/3333/1444
f 2880/3351/1478 2883/3352/1479 2879/3353/1480
f 2881/3351/1481 2884/3352/1482 2880/3353/1478
f 2886/3354/1483 2881/3353/1481 2882/3351/1484
f 2916/3355/1485 2911/3356/1486 2912/3357/1487
f 2883/3354/1479 2882/3353/1484 2879/3351/1480
f 2887/3358/1488 2886/3352/1483 2883/3354/1479
f 2884/3354/1482 2887/3359/1488 2883/3352/1479
f 2885/3354/1489 2888/3359/1490 2884/3352/1482
f 2890/3358/1491 2885/3352/1489 2886/3354/1483
f 2891/3360/1492 2890/3359/1491 2887/3358/1488
f 2888/3358/1490 2891/3361/1492 2887/3359/1488
f 2889/3358/1493 2892/3361/1494 2888/3359/1490
f 2894/3360/1495 2889/3359/1493 2890/3358/1491
f 2895/3362/1496 2894/3361/1495 2891/3360/1492
f 2892/3360/1494 2895/3363/1496 2891/3361/1492
f 2893/3360/1497 2896/3363/1498 2892/3361/1494
f 2898/3362/1499 2893/3361/1497 2894/3360/1495
f 2899/3364/1500 2898/3363/1499 2895/3362/1496
f 2896/3362/1498 2899/3365/1500 2895/3363/1496
f 2897/3362/1501 2900/3365/1502 2896/3363/1498
f 2902/3364/1503 2897/3363/1501 2898/3362/1499
f 2903/3366/1504 2902/3365/1503 2899/3364/1500
f 2900/3364/1502 2903/3367/1504 2899/3365/1500
f 2901/3364/1505 2904/3367/1506 2900/3365/1502
f 2906/3366/1507 2901/3365/1505 2902/3364/1503
f 2903/3366/1504 2910/3368/1508 2906/3367/1507
f 2908/3369/1509 2903/3367/1504 2904/3366/1506
f 2909/3369/1510 2904/3367/1506 2905/3366/1511
f 2906/3366/1507 2909/3368/1510 2905/3367/1511
f 2907/3369/1512 2914/3356/1513 2910/3368/1508
f 2912/3357/1487 2907/3368/1512 2908/3369/1509
f 2913/3357/1514 2908/3368/1509 2909/3369/1510
f 2910/3369/1508 2913/3356/1514 2909/3368/1510
f 2914/3357/1513 2917/3370/1515 2913/3356/1514
f 2911/3357/1486 2918/3370/1516 2914/3356/1513
f 2920/3371/1517 2915/3370/1518 2916/3355/1485
f 2917/3355/1515 2912/3356/1487 2913/3357/1514
f 2921/3371/1519 2916/3370/1485 2917/3355/1515
f 2915/3355/1518 2922/3372/1520 2918/3370/1516
f 2918/3355/1516 2921/3372/1519 2917/3370/1515
f 2923/3373/1521 2922/3372/1520 2919/3371/1522
f 2920/3371/1517 2923/3374/1521 2919/3372/1522
f 2921/3371/1519 2924/3374/1523 2920/3372/1517
f 2926/3373/1524 2921/3372/1519 2922/3371/1520
f 2929/3375/1525 2924/3374/1523 2925/3373/1526
f 2923/3373/1521 2930/3376/1527 2926/3374/1524
f 2930/3375/1527 2925/3374/1526 2926/3373/1524
f 2930/3375/1527 2933/3377/1528 2929/3376/1525
f 2927/3375/1529 2934/3377/1530 2930/3376/1527
f 2924/3373/1523 2927/3376/1529 2923/3374/1521
f 2933/3378/1528 2928/3376/1531 2929/3375/1525
f 2938/3379/1532 2933/3377/1528 2934/3378/1530
f 2931/3378/1533 2938/3380/1532 2934/3377/1530
f 2937/3379/1534 2932/3377/1535 2933/3378/1528
f 2932/3378/1535 2935/3380/1536 2931/3377/1533
f 2932/3378/1535 2927/3376/1529 2928/3375/1531
f 2951/3381/1537 2950/3382/1538 2939/3383/1539
f 2952/3384/1540 2939/3383/1539 2940/3385/1541
f 2953/3386/1542 2940/3385/1541 2941/3387/1543
f 2942/3388/1544 2953/3386/1542 2941/3387/1543
f 2955/3389/1545 2942/3388/1544 2943/3390/1546
f 2956/3391/1547 2943/3390/1546 2944/3392/1548
f 2945/3393/1549 2956/3394/1547 2944/3395/1548
f 2958/3396/1550 2945/3393/1549 2946/3397/1551
f 2947/3398/1552 2958/3396/1550 2946/3397/1551
f 2948/3399/1553 2959/3400/1554 2947/3398/1552
f 2949/3401/1555 2960/3402/1556 2948/3399/1553
f 2950/3382/1538 2961/3403/1557 2949/3401/1555
f 2971/3404/1558 2964/3405/1559 2972/3406/1560
f 2967/3407/1561 2960/3408/1556 2968/3409/1562
f 2968/3409/1562 2961/3410/1557 2969/3411/1563
f 2969/3411/1563 2962/3412/1564 2970/3413/1565
f 2954/3414/1566 2975/3415/1567 2974/3416/1568
f 2955/3417/1545 2976/3418/1569 2975/3415/1567
f 2956/3419/1547 2977/3420/1570 2976/3421/1569
f 2966/3422/1571 2977/3420/1570 2957/3423/1572
f 2967/3407/1561 2978/3424/1573 2966/3422/1571
f 2962/3412/1564 2963/3425/1574 2970/3413/1565
f 2972/3406/1560 2965/3426/1575 2973/3427/1576
f 2973/3427/1576 2954/3414/1566 2974/3416/1568
f 2983/3428/1577 2972/3406/1560 2984/3429/1578
f 2979/3430/1579 2968/3409/1562 2980/3431/1580
f 2968/3409/1562 2981/3432/1581 2980/3431/1580
f 2969/3411/1563 2982/3433/1582 2981/3432/1581
f 2977/3420/1570 2978/3424/1573 2986/3434/1583
f 2978/3424/1573 2987/3435/1584 2986/3434/1583
f 2970/3413/1565 2971/3404/1558 2982/3433/1582
f 2984/3429/1578 2973/3427/1576 2985/3436/1585
f 2985/3436/1585 2973/3427/1576 2974/3416/1568
f 2952/3437/1540 2965/3426/1575 2964/3405/1559
f 2979/3430/1579 2988/3438/1586 2987/3435/1584
f 2980/3431/1580 2989/3439/1587 2988/3438/1586
f 2989/3439/1587 2982/3433/1582 2990/3440/1588
f 2957/3423/1572 2958/3441/1550 2966/3422/1571
f 2959/3442/1554 2966/3422/1571 2958/3441/1550
f 2990/3440/1588 2971/3404/1558 2983/3428/1577
f 2965/3426/1575 2953/3443/1542 2954/3414/1566
f 2991/2532/1589 2990/2529/1588 2983/2530/1577
f 2992/2534/1590 2983/2530/1577 2984/2531/1578
f 2993/2536/1591 2984/2531/1578 2985/2533/1585
f 2974/2535/1568 2993/2536/1591 2985/2533/1585
f 2975/2537/1567 2994/2538/1592 2974/2535/1568
f 2976/2539/1569 2995/2540/1593 2975/2537/1567
f 2977/2519/1570 2996/3444/1594 2976/2518/1569
f 2986/2521/1583 2997/2517/1595 2977/2519/1570
f 2987/2523/1584 2998/2520/1596 2986/2521/1583
f 3000/2524/1597 2987/2523/1584 2988/2525/1586
f 3001/2526/1598 2988/2525/1586 2989/2527/1587
f 3002/2528/1599 2989/2527/1587 2990/2529/1588
f 3003/3425/1600 3012/3406/1601 3011/3404/1602
f 3000/3408/1597 3007/3407/1603 2999/3442/1604
f 3001/3410/1598 3008/3409/1605 3000/3408/1597
f 3002/3412/1599 3009/3411/1606 3001/3410/1598
f 2994/3414/1592 3015/3415/1607 3014/3416/1608
f 2995/3417/1593 3016/3418/1609 3015/3415/1607
f 2996/3419/1594 3017/3420/1610 3016/3421/1609
f 3017/3420/1610 3006/3422/1611 3018/3424/1612
f 3006/3422/1611 3019/3430/1613 3018/3424/1612
f 3002/3412/1599 3003/3425/1600 3010/3413/1614
f 3005/3426/1615 3012/3406/1601 3004/3405/1616
f 2994/3414/1592 3013/3427/1617 3005/3426/1615
f 3012/3406/1601 3023/3428/1618 3011/3404/1602
f 3008/3409/1605 3019/3430/1613 3007/3407/1603
f 3008/3409/1605 3021/3432/1619 3020/3431/1620
f 3010/3413/1614 3021/3432/1619 3009/3411/1606
f 3017/3420/1610 3018/3424/1612 3026/3434/1621
f 3018/3424/1612 3027/3435/1622 3026/3434/1621
f 3003/3425/1600 3022/3433/1623 3010/3413/1614
f 3013/3427/1617 3024/3429/1624 3012/3406/1601
f 3013/3427/1617 3014/3416/1608 3025/3436/1625
f 2992/3437/1590 3005/3426/1615 3004/3405/1616
f 3019/3430/1613 3028/3438/1626 3027/3435/1622
f 3020/3431/1620 3029/3439/1627 3028/3438/1626
f 3021/3432/1619 3030/3440/1628 3029/3439/1627
f 2951/3445/1537 2964/3405/1559 2963/3425/1574
f 2997/3423/1595 2998/3441/1596 3006/3422/1611
f 3006/3422/1611 2999/3442/1604 3007/3407/1603
f 2991/3445/1589 3004/3405/1616 3003/3425/1600
f 3011/3404/1602 3030/3440/1628 3022/3433/1623
f 2993/3443/1591 2994/3414/1592 3005/3426/1615
f 3039/2533/1629 3154/2538/1630 3114/2536/1631
f 3109/2473/1632 3116/2476/1633 3117/2475/1634
f 3126/2522/1635 3032/2525/1636 3118/2524/1637
f 3034/2521/1638 3126/2522/1635 3134/2520/1639
f 3035/2519/1640 3134/2520/1639 3142/2517/1641
f 3036/2518/1642 3142/2517/1641 3146/3444/1643
f 3150/2540/1644 3036/2539/1642 3146/3446/1643
f 3038/2535/1645 3150/2540/1644 3154/2538/1630
f 3120/2467/1646 3129/2472/1647 3121/2470/1648
f 3112/2466/1649 3121/2470/1648 3113/2468/1650
f 3041/2530/1651 3122/2534/1652 3130/2532/1653
f 3135/2528/1654 3041/2530/1651 3130/2532/1653
f 3051/3409/1655 3044/3432/1656 3052/3411/1657
f 3040/3420/1658 3041/3434/1651 3049/3424/1659
f 3049/3424/1659 3042/3435/1660 3050/3430/1661
f 3054/3425/1662 3047/3406/1663 3055/3405/1664
f 3048/3427/1665 3055/3405/1664 3047/3406/1663
f 3048/3427/1665 3057/3414/1666 3056/3426/1667
f 3037/3416/1668 3058/3417/1669 3057/3414/1666
f 3039/3418/1629 3058/3417/1669 3038/3415/1645
f 3050/3430/1661 3031/3438/1670 3043/3431/1671
f 3052/3411/1657 3045/3433/1672 3053/3413/1673
f 3045/3433/1672 3054/3425/1662 3053/3413/1673
f 3051/3409/1655 3064/3410/1674 3063/3408/1675
f 3059/3419/1676 3040/3420/1658 3060/3423/1677
f 3040/3420/1658 3061/3422/1678 3060/3423/1677
f 3061/3422/1678 3050/3430/1661 3062/3407/1679
f 3066/3445/1680 3055/3405/1664 3067/3437/1681
f 3056/3426/1667 3067/3437/1681 3055/3405/1664
f 3056/3426/1667 3057/3414/1666 3068/3443/1682
f 3062/3407/1679 3043/3431/1671 3051/3409/1655
f 3052/3411/1657 3065/3412/1683 3064/3410/1674
f 3065/3412/1683 3054/3425/1662 3066/3445/1680
f 3044/3432/1656 3033/3440/1684 3045/3433/1672
f 3060/3423/1677 3061/3422/1678 3069/3441/1685
f 3061/3422/1678 3070/3442/1686 3069/3441/1685
f 3035/3429/1640 3048/3427/1665 3047/3406/1663
f 3036/3436/1642 3037/3416/1668 3048/3427/1665
f 3062/3407/1679 3063/3408/1675 3070/3442/1686
f 3033/3440/1684 3046/3404/1687 3045/3433/1672
f 3034/3428/1638 3047/3406/1663 3046/3404/1687
f 3071/2473/1688 3070/2471/1686 3063/2474/1675
f 3072/2475/1689 3063/2474/1675 3064/2476/1674
f 3073/2477/1690 3064/2476/1674 3065/2478/1683
f 3074/2479/1691 3065/2478/1683 3066/2480/1680
f 3075/3447/1692 3066/2480/1680 3067/2481/1681
f 3076/2482/1693 3067/2481/1681 3068/2483/1682
f 3077/3448/1694 3068/2463/1682 3057/2461/1666
f 3058/2465/1669 3077/3448/1694 3057/2461/1666
f 3059/2466/1676 3078/2464/1695 3058/2465/1669
f 3060/2467/1677 3079/2468/1696 3059/2466/1676
f 3069/2469/1685 3080/2470/1697 3060/2467/1677
f 3070/2471/1686 3081/2472/1698 3069/2469/1685
f 3043/3431/1671 3032/3439/1636 3044/3432/1656
f 3140/2481/1699 3145/2482/1700 3141/3447/1701
f 3129/2472/1647 3137/2471/1702 3136/3449/1703
f 3117/2475/1634 3124/2478/1704 3125/2477/1705
f 3122/2534/1652 3039/2533/1629 3114/2536/1631
f 3105/3450/1647 3103/3451/1706 3104/3452/1706
f 3148/2461/1707 3153/2464/1708 3149/3448/1709
f 3144/2463/1710 3149/3448/1709 3145/2462/1700
f 3133/2479/1711 3140/2481/1699 3141/3447/1701
f 3125/2477/1705 3132/2480/1712 3133/2479/1711
f 3152/2465/1713 3113/2468/1650 3153/2464/1708
f 3118/2524/1637 3031/2527/1670 3110/2526/1714
f 3138/3453/1715 3029/3454/1627 3030/3455/1628
f 3127/3456/1716 3028/3457/1626 3029/3454/1627
f 3119/3458/1717 3027/3459/1622 3028/3457/1626
f 3111/3460/1718 3026/3461/1621 3027/3459/1622
f 3026/3461/1621 3147/3462/1719 3017/3463/1610
f 3147/3462/1719 3016/3464/1609 3017/3463/1610
f 3016/3465/1609 3139/3466/1720 3015/3467/1607
f 3015/3467/1607 3131/3468/1721 3014/3469/1608
f 3131/3468/1721 3025/3470/1625 3014/3469/1608
f 3025/3470/1625 3115/3471/1722 3024/3472/1624
f 3024/3472/1624 3107/3473/1723 3023/3474/1618
f 3023/3474/1618 3138/3453/1715 3030/3455/1628
f 3110/2526/1714 3042/2529/1660 3135/2528/1654
f 3088/3475/1724 3147/3476/1725 3151/3477/1724
f 3109/3478/1726 3103/3479/1727 3136/3480/1727
f 3114/3481/1728 3097/3482/1729 3122/3483/1729
f 3170/3481/1730 3132/3477/1731 3124/3484/1730
f 3090/3475/1732 3149/3476/1733 3153/3477/1732
f 3105/3485/1734 3135/3479/1735 3130/3486/1734
f 3135/3479/1735 3176/3478/1736 3110/3487/1736
f 3143/3488/1737 3161/3489/1738 3139/3490/1738
f 3085/3476/1739 3154/3475/1740 3150/3491/1739
f 3108/3485/1741 3174/3483/1742 3116/3482/1743
f 3145/3488/1744 3159/3489/1745 3141/3490/1746
f 3120/3492/1747 3099/3487/1748 3128/3478/1748
f 3131/3493/1749 3169/3494/1750 3123/3495/1750
f 3160/3490/1751 3146/3496/1752 3142/3489/1751
f 3133/3493/1753 3167/3494/1754 3125/3495/1754
f 3152/3493/1755 3091/3494/1756 3112/3495/1756
f 3115/3492/1757 3177/3487/1758 3107/3478/1758
f 3100/3486/1759 3119/3482/1760 3127/3485/1759
f 3168/3495/1761 3134/3497/1762 3126/3494/1761
f 3117/3492/1763 3175/3487/1764 3109/3478/1726
f 3158/3496/1765 3148/3490/1766 3144/3488/1765
f 3106/3486/1767 3121/3482/1768 3129/3485/1767
f 3092/3481/1769 3151/3477/1724 3111/3484/1769
f 3110/3487/1736 3172/3492/1770 3118/3498/1770
f 3136/3449/1703 3108/2474/1771 3109/2473/1632
f 3101/3452/1772 3099/3499/1773 3100/3500/1773
f 3098/3501/1774 3105/3450/1647 3097/3502/1775
f 3099/3499/1773 3096/3503/1776 3100/3500/1773
f 3094/3504/1777 3097/3502/1775 3093/3505/1778
f 3095/3506/1779 3092/3507/1780 3096/3503/1776
f 3090/3508/1708 3093/3505/1778 3089/3509/1781
f 3091/3510/1782 3088/3511/1783 3092/3507/1780
f 3086/3512/1784 3089/3509/1781 3085/3513/1785
f 3087/3514/1713 3084/3515/1786 3088/3511/1783
f 3155/3516/1787 3085/3513/1785 3156/3517/1788
f 3083/3518/1789 3157/3519/1790 3084/3515/1786
f 3159/3518/1791 3156/3519/1788 3160/3515/1792
f 3158/3516/1793 3161/3513/1794 3157/3517/1790
f 3163/3514/1711 3160/3515/1792 3164/3511/1711
f 3162/3512/1795 3165/3509/1712 3161/3513/1794
f 3168/3507/1796 3163/3514/1711 3164/3511/1711
f 3165/3509/1712 3170/3504/1797 3169/3505/1704
f 3172/3503/1798 3167/3510/1705 3168/3507/1796
f 3169/3505/1704 3174/3501/1634 3173/3502/1634
f 3176/3500/1799 3171/3506/1800 3172/3503/1798
f 3173/3502/1634 3178/3520/1801 3177/3450/1632
f 3104/3452/1706 3175/3499/1802 3176/3500/1799
f 3177/3450/1632 3102/3451/1702 3101/3452/1772
f 3098/3483/1803 3113/3484/1804 3121/3482/1768
f 3162/3491/1805 3144/3521/1765 3140/3476/1805
f 3107/3478/1758 3101/3479/1806 3138/3480/1806
f 3103/3479/1727 3129/3485/1767 3136/3480/1727
f 3118/3498/1770 3168/3495/1761 3126/3494/1761
f 3096/3483/1760 3111/3484/1769 3119/3482/1760
f 3137/3480/1807 3178/3486/1741 3108/3485/1741
f 3083/3489/1766 3152/3493/1755 3148/3490/1766
f 3125/3495/1754 3171/3498/1808 3117/3492/1763
f 3164/3493/1762 3142/3489/1751 3134/3497/1762
f 3101/3479/1806 3127/3485/1759 3138/3480/1806
f 3123/3495/1750 3173/3498/1757 3115/3492/1757
f 3112/3495/1756 3095/3498/1747 3120/3492/1747
f 3141/3490/1746 3163/3497/1753 3133/3493/1753
f 3156/3521/1752 3150/3491/1739 3146/3522/1752
f 3139/3490/1738 3165/3497/1749 3131/3493/1749
f 3128/3478/1748 3102/3479/1807 3137/3480/1807
f 3149/3476/1733 3155/3522/1744 3145/3521/1744
f 3116/3482/1743 3170/3481/1730 3124/3484/1730
f 3154/3475/1740 3093/3484/1728 3114/3481/1728
f 3147/3476/1725 3157/3522/1737 3143/3521/1737
f 3094/3481/1804 3153/3477/1732 3113/3484/1804
f 3166/3475/1809 3140/3476/1805 3132/3477/1731
f 3097/3482/1729 3130/3486/1734 3122/3483/1729
f 3190/3382/1810 3191/3381/1811 3179/3383/1812
f 3179/3383/1812 3192/3384/1813 3180/3385/1814
f 3180/3385/1814 3193/3386/1815 3181/3387/1816
f 3182/3388/1817 3193/3386/1815 3194/3523/1818
f 3182/3388/1817 3195/3389/1819 3183/3390/1820
f 3183/3390/1820 3196/3391/1821 3184/3392/1822
f 3185/3393/1823 3196/3394/1821 3197/3524/1824
f 3185/3393/1823 3198/3396/1825 3186/3397/1826
f 3187/3398/1827 3198/3396/1825 3199/3400/1828
f 3188/3399/1829 3199/3400/1828 3200/3402/1830
f 3189/3401/1831 3200/3402/1830 3201/3403/1832
f 3190/3382/1810 3201/3403/1832 3202/3525/1833
f 3211/3425/1834 3204/3406/1835 3203/3404/1836
f 3207/3430/1837 3200/3438/1830 3199/3435/1828
f 3208/3431/1838 3201/3439/1832 3200/3438/1830
f 3209/3432/1839 3202/3440/1833 3201/3439/1832
f 3215/3417/1840 3194/3416/1818 3214/3414/1841
f 3195/3415/1819 3216/3526/1842 3196/3418/1821
f 3196/3421/1821 3217/3423/1843 3197/3420/1824
f 3217/3423/1843 3206/3424/1844 3197/3420/1824
f 3218/3422/1845 3207/3430/1837 3206/3424/1844
f 3203/3404/1836 3202/3440/1833 3210/3433/1846
f 3212/3405/1847 3205/3427/1848 3204/3406/1835
f 3213/3426/1849 3194/3416/1818 3205/3427/1848
f 3223/3445/1850 3212/3405/1847 3211/3425/1834
f 3219/3407/1851 3208/3431/1838 3207/3430/1837
f 3220/3409/1852 3209/3432/1839 3208/3431/1838
f 3222/3413/1853 3209/3432/1839 3221/3411/1854
f 3217/3423/1843 3226/3441/1855 3218/3422/1845
f 3218/3422/1845 3227/3442/1856 3219/3407/1851
f 3211/3425/1834 3210/3433/1846 3222/3413/1853
f 3224/3437/1857 3213/3426/1849 3212/3405/1847
f 3225/3443/1858 3214/3414/1841 3213/3426/1849
f 3205/3427/1848 3192/3429/1813 3204/3406/1835
f 3228/3408/1859 3219/3407/1851 3227/3442/1856
f 3229/3410/1860 3220/3409/1852 3228/3408/1859
f 3229/3410/1860 3222/3413/1853 3221/3411/1854
f 3197/3420/1824 3206/3424/1844 3198/3434/1825
f 3206/3424/1844 3199/3435/1828 3198/3434/1825
f 3230/3412/1861 3211/3425/1834 3222/3413/1853
f 3205/3427/1848 3194/3416/1818 3193/3436/1815
f 3230/2529/1861 3231/2532/1862 3223/2530/1850
f 3223/2530/1850 3232/2534/1863 3224/2531/1857
f 3224/2531/1857 3233/2536/1864 3225/2533/1858
f 3214/2535/1841 3233/2536/1864 3234/2538/1865
f 3215/2537/1840 3234/2538/1865 3235/2540/1866
f 3216/2539/1842 3235/2540/1866 3236/3446/1867
f 3217/2519/1843 3236/3444/1867 3237/2517/1868
f 3226/2521/1855 3237/2517/1868 3238/2520/1869
f 3227/2523/1856 3238/2520/1869 3239/2522/1870
f 3227/2523/1856 3240/2524/1871 3228/2525/1859
f 3228/2525/1859 3241/2526/1872 3229/2527/1860
f 3229/2527/1860 3242/2528/1873 3230/2529/1861
f 3243/3425/1874 3252/3406/1875 3244/3405/1876
f 3247/3407/1877 3240/3408/1871 3239/3442/1870
f 3248/3409/1878 3241/3410/1872 3240/3408/1871
f 3249/3411/1879 3242/3412/1873 3241/3410/1872
f 3234/3414/1865 3255/3415/1880 3235/3417/1866
f 3256/3418/1881 3235/3417/1866 3255/3415/1880
f 3257/3420/1882 3236/3419/1867 3256/3421/1881
f 3257/3420/1882 3246/3422/1883 3237/3423/1868
f 3259/3430/1884 3246/3422/1883 3258/3424/1885
f 3242/3412/1873 3243/3425/1874 3231/3445/1862
f 3252/3406/1875 3245/3426/1886 3244/3405/1876
f 3253/3427/1887 3234/3414/1865 3245/3426/1886
f 3263/3428/1888 3252/3406/1875 3251/3404/1889
f 3259/3430/1884 3248/3409/1878 3247/3407/1877
f 3248/3409/1878 3261/3432/1890 3249/3411/1879
f 3261/3432/1890 3250/3413/1891 3249/3411/1879
f 3257/3420/1882 3266/3434/1892 3258/3424/1885
f 3267/3435/1893 3258/3424/1885 3266/3434/1892
f 3262/3433/1894 3243/3425/1874 3250/3413/1891
f 3264/3429/1895 3253/3427/1887 3252/3406/1875
f 3253/3427/1887 3265/3436/1896 3254/3416/1897
f 3232/3437/1863 3245/3426/1886 3233/3443/1864
f 3259/3430/1884 3268/3438/1898 3260/3431/1899
f 3260/3431/1899 3269/3439/1900 3261/3432/1890
f 3261/3432/1890 3270/3440/1901 3262/3433/1894
f 3204/3406/1835 3191/3428/1811 3203/3404/1836
f 3237/3423/1868 3246/3422/1883 3238/3441/1869
f 3246/3422/1883 3239/3442/1870 3238/3441/1869
f 3231/3445/1862 3244/3405/1876 3232/3437/1863
f 3270/3440/1901 3251/3404/1889 3262/3433/1894
f 3233/3443/1864 3245/3426/1886 3234/3414/1865
f 3394/3527/1902 3279/3528/1903 3354/3529/1904
f 3349/2472/1905 3356/2467/1906 3348/2469/1907
f 3366/3530/1908 3272/3531/1909 3273/3532/1910
f 3366/3530/1908 3274/3533/1911 3374/3534/1912
f 3374/3534/1912 3275/3535/1913 3382/3536/1914
f 3382/3536/1914 3276/3537/1915 3386/3538/1916
f 3390/3539/1917 3276/3540/1915 3277/3541/1918
f 3390/3539/1917 3278/3542/1919 3394/3527/1902
f 3369/2473/1920 3360/2476/1921 3361/2475/1922
f 3361/2475/1922 3352/2478/1923 3353/2477/1924
f 3362/3543/1925 3281/3544/1926 3370/3545/1927
f 3375/3546/1928 3281/3544/1926 3282/3547/1929
f 3291/3409/1930 3284/3432/1931 3283/3431/1932
f 3280/3420/1933 3289/3424/1934 3281/3434/1926
f 3289/3424/1934 3282/3435/1929 3281/3434/1926
f 3294/3425/1935 3287/3406/1936 3286/3404/1937
f 3295/3405/1938 3288/3427/1939 3287/3406/1936
f 3288/3427/1939 3297/3414/1940 3277/3416/1918
f 3277/3416/1918 3298/3417/1941 3278/3415/1919
f 3298/3417/1941 3279/3418/1903 3278/3415/1919
f 3290/3430/1942 3271/3438/1943 3282/3435/1929
f 3292/3411/1944 3285/3433/1945 3284/3432/1931
f 3294/3425/1935 3285/3433/1945 3293/3413/1946
f 3304/3410/1947 3291/3409/1930 3303/3408/1948
f 3299/3419/1949 3280/3420/1933 3279/3421/1903
f 3301/3422/1950 3280/3420/1933 3300/3423/1951
f 3301/3422/1950 3290/3430/1942 3289/3424/1934
f 3306/3445/1952 3295/3405/1938 3294/3425/1935
f 3307/3437/1953 3296/3426/1954 3295/3405/1938
f 3296/3426/1954 3308/3443/1955 3297/3414/1940
f 3291/3409/1930 3290/3430/1942 3302/3407/1956
f 3305/3412/1957 3292/3411/1944 3304/3410/1947
f 3305/3412/1957 3294/3425/1935 3293/3413/1946
f 3284/3432/1931 3273/3440/1910 3272/3439/1909
f 3300/3423/1951 3309/3441/1958 3301/3422/1950
f 3310/3442/1959 3301/3422/1950 3309/3441/1958
f 3275/3429/1913 3288/3427/1939 3276/3436/1915
f 3276/3436/1915 3288/3427/1939 3277/3416/1918
f 3303/3408/1948 3302/3407/1956 3310/3442/1959
f 3286/3404/1937 3273/3440/1910 3285/3433/1945
f 3287/3406/1936 3274/3428/1911 3286/3404/1937
f 3303/2469/1948 3322/3449/1960 3311/2472/1961
f 3303/2469/1948 3312/2470/1962 3304/2467/1947
f 3304/2467/1947 3313/2468/1963 3305/2466/1957
f 3305/2466/1957 3314/2464/1964 3306/2465/1952
f 3306/2465/1952 3315/3448/1965 3307/2461/1953
f 3307/2461/1953 3316/2462/1966 3308/2463/1955
f 3308/2483/1955 3317/3447/1967 3297/2481/1940
f 3298/2480/1941 3317/3447/1967 3318/2479/1968
f 3299/2478/1949 3318/2479/1968 3319/2477/1969
f 3300/2476/1951 3319/2477/1969 3320/2475/1970
f 3309/2474/1958 3320/2475/1970 3321/2473/1971
f 3310/2471/1959 3321/2473/1971 3322/3449/1960
f 3283/3431/1932 3272/3439/1909 3271/3438/1943
f 3385/2462/1972 3380/2461/1973 3381/3448/1974
f 3369/2473/1920 3377/2471/1975 3368/2474/1976
f 3357/2470/1977 3364/2466/1978 3356/2467/1906
f 3362/3548/1925 3279/3528/1903 3280/3549/1933
f 3345/3500/1979 3343/3451/1980 3346/3499/1979
f 3393/2479/1981 3388/2481/1982 3389/3447/1983
f 3389/3447/1983 3384/2483/1984 3385/2482/1972
f 3373/2464/1985 3380/2461/1973 3372/2465/1986
f 3365/2468/1987 3372/2465/1986 3364/2466/1978
f 3353/2477/1924 3392/2480/1988 3393/2479/1981
f 3358/3550/1989 3271/3551/1943 3272/3531/1909
f 3269/3454/1900 3378/3453/1975 3270/3455/1901
f 3268/3457/1898 3367/3456/1990 3269/3454/1900
f 3267/3459/1893 3359/3458/1991 3268/3457/1898
f 3266/3461/1892 3351/3460/1992 3267/3459/1893
f 3266/3461/1892 3387/3462/1993 3391/3552/1994
f 3256/3464/1881 3387/3462/1993 3257/3463/1882
f 3256/3465/1881 3379/3466/1995 3383/3553/1996
f 3255/3467/1880 3371/3468/1997 3379/3466/1995
f 3265/3470/1896 3371/3468/1997 3254/3469/1897
f 3265/3470/1896 3355/3471/1998 3363/3554/1999
f 3264/3472/1895 3347/3473/2000 3355/3471/1998
f 3263/3474/1888 3378/3453/1975 3347/3473/2000
f 3350/3555/2001 3282/3547/1929 3271/3551/1943
f 3387/3491/2002 3328/3477/2003 3391/3475/2003
f 3349/3487/2004 3343/3480/2005 3415/3478/2006
f 3354/3484/2007 3337/3483/2008 3333/3481/2007
f 3372/3475/2009 3410/3484/2010 3364/3481/2010
f 3389/3491/2011 3330/3477/2012 3393/3475/2012
f 3375/3480/2013 3345/3486/2014 3370/3485/2014
f 3375/3480/2013 3416/3487/2015 3344/3479/2013
f 3383/3496/2016 3401/3490/2017 3397/3488/2016
f 3394/3477/2018 3325/3491/2019 3390/3476/2019
f 3348/3486/2020 3414/3482/2021 3418/3485/2020
f 3385/3496/2022 3399/3490/2023 3395/3488/2022
f 3360/3498/2024 3339/3478/2025 3335/3492/2024
f 3371/3497/2026 3409/3495/2027 3405/3493/2026
f 3386/3488/2028 3400/3489/2029 3382/3490/2029
f 3373/3497/2030 3407/3495/2031 3403/3493/2030
f 3392/3497/2032 3331/3495/2033 3327/3493/2032
f 3355/3498/2034 3417/3478/2035 3413/3492/2034
f 3359/3483/2036 3340/3485/2037 3367/3486/2038
f 3374/3493/2039 3408/3494/2040 3366/3495/2040
f 3357/3498/2041 3415/3478/2006 3411/3492/2041
f 3388/3489/2042 3398/3488/2043 3384/3496/2043
f 3361/3483/2044 3346/3485/2045 3369/3486/2045
f 3391/3475/2003 3332/3484/2046 3351/3481/2046
f 3350/3478/2015 3412/3498/2047 3416/3487/2015
f 3376/3449/2048 3348/2469/1907 3377/2471/1975
f 3341/3451/2049 3339/3500/1976 3342/3452/1975
f 3345/3500/1979 3338/3506/2050 3337/3503/2051
f 3336/3506/2052 3339/3500/1976 3340/3499/1976
f 3337/3503/2051 3334/3510/2053 3333/3507/2054
f 3332/3510/2055 3335/3503/2056 3336/3506/2052
f 3333/3507/2054 3330/3514/1981 3329/3511/2057
f 3328/3514/2058 3331/3507/2059 3332/3510/2055
f 3329/3511/2057 3326/3518/2060 3325/3515/2061
f 3324/3518/2062 3327/3511/1988 3328/3514/2058
f 3325/3515/2061 3395/3556/2063 3396/3519/2064
f 3397/3556/2065 3323/3515/2066 3324/3518/2062
f 3396/3517/2064 3399/3512/2067 3400/3513/2068
f 3401/3512/2069 3398/3517/2070 3397/3516/2065
f 3400/3513/2068 3403/3508/1985 3404/3509/2071
f 3405/3508/1986 3402/3513/1974 3401/3512/2069
f 3408/3505/2072 3403/3508/1985 3407/3504/1987
f 3405/3508/1986 3410/3505/2073 3406/3509/1986
f 3412/3502/2074 3407/3504/1987 3411/3501/2075
f 3409/3504/1978 3414/3502/2076 3410/3505/2073
f 3416/3450/2077 3411/3501/2075 3415/3520/2078
f 3413/3501/2076 3418/3450/2079 3414/3502/2076
f 3344/3452/1980 3415/3520/2078 3343/3451/1980
f 3417/3520/2080 3342/3452/1975 3418/3450/2079
f 3353/3481/2081 3338/3482/2082 3361/3483/2044
f 3384/3522/2043 3402/3476/2083 3380/3491/2083
f 3347/3487/2035 3341/3480/2084 3417/3478/2035
f 3369/3486/2045 3343/3480/2005 3376/3479/2005
f 3358/3492/2047 3408/3494/2040 3412/3498/2047
f 3351/3481/2046 3336/3482/2036 3359/3483/2036
f 3377/3479/2085 3418/3485/2020 3342/3480/2085
f 3392/3497/2032 3323/3490/2042 3388/3489/2042
f 3365/3494/2031 3411/3492/2041 3407/3495/2031
f 3382/3490/2029 3404/3497/2039 3374/3493/2039
f 3367/3486/2038 3341/3480/2084 3378/3479/2084
f 3363/3494/2027 3413/3492/2034 3409/3495/2027
f 3352/3494/2033 3335/3492/2024 3331/3495/2033
f 3381/3489/2086 3403/3493/2030 3399/3490/2023
f 3390/3476/2019 3396/3522/2028 3386/3521/2028
f 3379/3489/2017 3405/3493/2026 3401/3490/2017
f 3368/3487/2025 3342/3480/2085 3339/3478/2025
f 3389/3491/2011 3395/3521/2022 3326/3476/2011
f 3356/3483/2087 3410/3484/2010 3414/3482/2021
f 3394/3477/2018 3333/3481/2007 3329/3475/2018
f 3387/3491/2002 3397/3521/2016 3324/3476/2002
f 3393/3475/2012 3334/3484/2081 3353/3481/2081
f 3380/3491/2083 3406/3477/2088 3372/3475/2009
f 3370/3485/2014 3337/3483/2008 3362/3482/2008
f 3419/3557/2089 3442/3558/2090 3430/3559/2091
f 3420/3560/2092 3431/3561/2093 3419/3557/2089
f 3421/3562/2094 3432/3563/2095 3420/3560/2092
f 3434/3564/2096 3421/3562/2094 3422/3565/2097
f 3435/3566/2098 3422/3565/2097 3423/3567/2099
f 3436/3568/2100 3423/3567/2099 3424/3569/2101
f 3437/3570/2102 3424/3569/2101 3425/3571/2103
f 3438/3572/2104 3425/3571/2103 3426/3573/2105
f 3439/3574/2106 3426/3573/2105 3427/3575/2107
f 3428/3576/2108 3439/3577/2106 3427/3578/2107
f 3429/3579/2109 3440/3580/2110 3428/3576/2108
f 3430/3559/2091 3441/3581/2111 3429/3579/2109
f 3456/2489/2112 3443/2500/2113 3444/2488/2114
f 3448/2494/2115 3435/2509/2098 3436/2510/2100
f 3449/2496/2116 3436/2510/2100 3437/3582/2102
f 3438/2511/2104 3449/2496/2116 3437/3582/2102
f 3439/2512/2106 3450/2498/2117 3438/2511/2104
f 3452/2486/2118 3439/2514/2106 3440/2485/2110
f 3453/2484/2119 3440/2485/2110 3441/3583/2111
f 3442/2501/2090 3453/2484/2119 3441/3583/2111
f 3447/2492/2120 3458/2491/2121 3446/2490/2122
f 3431/2503/2093 3454/2502/2123 3442/2501/2090
f 3457/2487/2124 3444/2488/2114 3445/2507/2125
f 3446/2490/2122 3457/2487/2124 3445/2507/2125
f 3433/2506/2126 3444/2488/2114 3432/2499/2095
f 3448/2494/2115 3459/2493/2127 3447/2492/2120
f 3449/2496/2116 3460/2495/2128 3448/2494/2115
f 3450/2498/2117 3461/2497/2129 3449/2496/2116
f 3453/2484/2119 3462/2505/2130 3452/2486/2118
f 3463/2504/2131 3453/2484/2119 3454/2502/2123
f 3455/2516/2132 3454/2502/2123 3443/2500/2113
f 3446/2490/2122 3433/2506/2126 3434/2508/2096
f 3447/2492/2120 3434/2508/2096 3435/2509/2098
f 3612/3384/2133 3463/3387/2131 3455/3385/2132
f 3626/3559/2134 3615/3561/2135 3627/3558/2136
f 3638/3579/2137 3627/3558/2136 3639/3581/2137
f 3638/3579/2137 3651/3580/2138 3650/3576/2138
f 3459/3399/2127 3648/3403/2139 3458/3401/2121
f 3630/3573/2140 3619/3574/2141 3631/3572/2142
f 3642/3571/2143 3631/3572/2142 3643/3570/2144
f 3655/3569/2145 3643/3570/2144 3654/3568/2146
f 3451/3395/2147 3652/3524/2148 3450/3393/2117
f 3634/3562/2149 3623/3564/2150 3635/3584/2151
f 3646/3560/2152 3635/3584/2151 3647/3563/2153
f 3476/3585/2154 3475/3586/2155 3464/3587/2156
f 3477/3588/2157 3464/3589/2156 3465/3590/2158
f 3478/3591/2159 3465/3590/2158 3466/3592/2160
f 3479/3593/2161 3466/3592/2160 3467/3594/2162
f 3480/3595/2163 3467/3594/2162 3468/3596/2164
f 3481/3597/2165 3468/3596/2164 3469/3598/2166
f 3470/3599/2167 3481/3597/2165 3469/3598/2166
f 3471/3600/2168 3482/3601/2169 3470/3599/2167
f 3472/3602/2170 3483/3603/2171 3471/3600/2168
f 3473/3604/2172 3484/3605/2173 3472/3602/2170
f 3474/3606/2174 3485/3607/2175 3473/3604/2172
f 3475/3586/2155 3486/3585/2176 3474/3587/2174
f 3488/3608/2177 3487/3609/2178 3476/3610/2154
f 3489/3611/2179 3476/3610/2154 3477/3588/2157
f 3490/3612/2180 3477/3588/2157 3478/3591/2159
f 3491/3613/2181 3478/3591/2159 3479/3593/2161
f 3492/3614/2182 3479/3593/2161 3480/3595/2163
f 3493/3615/2183 3480/3595/2163 3481/3597/2165
f 3482/3601/2169 3493/3615/2183 3481/3597/2165
f 3483/3603/2171 3494/3616/2184 3482/3601/2169
f 3484/3605/2173 3495/3617/2185 3483/3603/2171
f 3485/3607/2175 3496/3618/2186 3484/3605/2173
f 3486/3619/2176 3497/3620/2187 3485/3607/2175
f 3487/3621/2178 3498/3622/2188 3486/3619/2176
f 3489/3611/2179 3500/3623/2189 3488/3608/2177
f 3490/3612/2180 3500/3623/2189 3489/3611/2179
f 3491/3613/2181 3501/3624/2190 3490/3612/2180
f 3492/3614/2182 3502/3625/2191 3491/3613/2181
f 3493/3615/2183 3503/3626/2192 3492/3614/2182
f 3494/3616/2184 3504/3627/2193 3493/3615/2183
f 3505/3628/2194 3499/3629/2195 3488/3608/2177
f 3500/3623/2189 3505/3628/2194 3488/3608/2177
f 3507/3630/2196 3500/3623/2189 3501/3624/2190
f 3508/3631/2197 3501/3624/2190 3502/3625/2191
f 3509/3632/2198 3502/3625/2191 3503/3626/2192
f 3510/3633/2199 3503/3626/2192 3504/3627/2193
f 3511/3634/2200 3504/3627/2193 3494/3616/2184
f 3512/3635/2201 3494/3616/2184 3495/3617/2185
f 3496/3618/2186 3512/3635/2201 3495/3617/2185
f 3497/3620/2187 3513/3636/2202 3496/3618/2186
f 3498/3622/2188 3514/3637/2203 3497/3620/2187
f 3499/3638/2195 3515/3639/2204 3498/3622/2188
f 3657/3471/2205 3528/3470/2206 3668/3554/2207
f 3660/3473/2208 3517/3472/2209 3657/3471/2205
f 3519/3455/2210 3660/3473/2208 3663/3453/2211
f 3520/3454/2212 3663/3453/2211 3666/3456/2213
f 3521/3457/2214 3666/3456/2213 3658/3458/2215
f 3522/3459/2216 3658/3458/2215 3661/3460/2217
f 3523/3461/2218 3661/3460/2217 3664/3552/2219
f 3667/3462/2220 3523/3461/2218 3664/3552/2219
f 3525/3464/2221 3667/3462/2220 3659/3640/2222
f 3662/3466/2223 3525/3465/2221 3659/3553/2222
f 3665/3468/2224 3526/3467/2225 3662/3466/2223
f 3538/3641/2226 3529/3642/2227 3530/3643/2228
f 3534/3644/2229 3521/3645/2214 3522/3646/2216
f 3535/3647/2230 3522/3646/2216 3523/3648/2218
f 3524/3649/2231 3535/3647/2230 3523/3648/2218
f 3528/3650/2206 3536/3651/2232 3527/3652/2233
f 3533/3653/2234 3540/3654/2235 3532/3655/2236
f 3517/3656/2209 3536/3651/2232 3528/3650/2206
f 3539/3657/2237 3530/3643/2228 3531/3658/2238
f 3532/3655/2236 3539/3657/2237 3531/3658/2238
f 3519/3659/2210 3530/3643/2228 3518/3660/2239
f 3534/3644/2229 3541/3661/2240 3533/3653/2234
f 3535/3647/2230 3542/3662/2241 3534/3644/2229
f 3544/3663/2242 3535/3647/2230 3524/3649/2231
f 3545/3664/2243 3524/3649/2231 3525/3665/2221
f 3526/3666/2225 3545/3667/2243 3525/3668/2221
f 3527/3652/2233 3546/3669/2244 3526/3666/2225
f 3536/3651/2232 3547/3670/2245 3527/3652/2233
f 3537/3671/2246 3536/3651/2232 3529/3642/2227
f 3532/3655/2236 3519/3659/2210 3520/3672/2212
f 3533/3653/2234 3520/3672/2212 3521/3645/2214
f 3549/3557/2247 3548/3558/2248 3537/3561/2246
f 3550/3560/2249 3537/3561/2246 3538/3563/2226
f 3551/3562/2250 3538/3563/2226 3539/3584/2237
f 3540/3564/2235 3551/3562/2250 3539/3584/2237
f 3541/3566/2240 3552/3565/2251 3540/3564/2235
f 3542/3568/2241 3553/3567/2252 3541/3566/2240
f 3543/3570/2253 3554/3569/2254 3542/3568/2241
f 3544/3572/2242 3555/3571/2255 3543/3570/2253
f 3545/3574/2243 3556/3573/2256 3544/3572/2242
f 3558/3576/2257 3545/3577/2243 3546/3580/2244
f 3559/3579/2258 3546/3580/2244 3547/3581/2245
f 3560/3559/2259 3547/3581/2245 3548/3558/2248
f 3458/3401/2121 3636/3525/2260 3457/3382/2124
f 3636/3525/2260 3456/3383/2112 3457/3382/2124
f 3516/3673/2261 3700/3674/2262 3515/3675/2263
f 3653/3386/2264 3462/3388/2130 3463/3387/2131
f 3462/3388/2130 3632/3389/2265 3452/3390/2118
f 3632/3389/2265 3451/3392/2147 3452/3390/2118
f 3469/3494/2266 3683/3492/2267 3684/3495/2266
f 3652/3524/2148 3461/3397/2129 3450/3393/2117
f 3461/3397/2129 3628/3400/2268 3460/3398/2128
f 3460/3398/2128 3616/3402/2269 3459/3399/2127
f 3624/3381/2270 3455/3385/2132 3456/3383/2112
f 3607/3505/2271 3605/3508/2272 3608/3504/2273
f 3469/3494/2266 3696/3493/2274 3470/3497/2275
f 3680/3497/2276 3709/3490/2277 3677/3489/2278
f 3618/3578/2279 3651/3580/2138 3619/3577/2141
f 3661/3484/2280 3714/3483/2281 3717/3481/2282
f 3465/3486/2283 3681/3482/2284 3682/3485/2285
f 3466/3479/2286 3682/3485/2285 3695/3480/2287
f 3614/3557/2288 3647/3563/2153 3615/3561/2135
f 3675/3522/2289 3728/3476/2290 3676/3491/2291
f 3658/3482/2292 3722/3486/2293 3714/3483/2281
f 3505/3676/2294 3689/3677/2295 3688/3678/2296
f 3610/3567/2297 3654/3568/2146 3611/3566/2298
f 3512/3679/2299 3699/3680/2300 3511/3681/2301
f 3610/3567/2297 3623/3564/2150 3622/3565/2302
f 3650/3682/2303 3595/3683/2304 3591/3684/2305
f 3616/3492/2306 3573/3487/2307 3648/3478/2308
f 3617/3521/2309 3592/3491/2310 3596/3522/2311
f 3614/3685/2312 3575/3686/2313 3646/3687/2314
f 3631/3491/2315 3594/3521/2316 3598/3476/2317
f 3611/3483/2318 3601/3484/2319 3562/3482/2320
f 3632/3476/2321 3593/3522/2322 3620/3521/2323
f 3645/3485/2324 3580/3483/2325 3613/3482/2325
f 3653/3484/2326 3561/3483/2327 3602/3481/2326
f 3627/3494/2328 3578/3492/2329 3582/3495/2328
f 3655/3688/2330 3563/3689/2331 3608/3690/2330
f 3618/3691/2304 3599/3692/2332 3595/3693/2304
f 3628/3495/2333 3577/3498/2306 3616/3492/2306
f 3609/3492/2334 3607/3494/2335 3564/3498/2334
f 3623/3486/2336 3562/3482/2320 3566/3485/2336
f 3617/3488/2309 3600/3489/2337 3629/3490/2338
f 3614/3685/2312 3583/3694/2339 3579/3695/2312
f 3612/3482/2340 3565/3486/2341 3561/3483/2327
f 3643/3475/2342 3598/3476/2317 3604/3477/2342
f 3644/3477/2343 3597/3491/2344 3632/3476/2321
f 3613/3482/2325 3584/3481/2345 3625/3484/2346
f 3610/3696/2347 3567/3697/2348 3563/3689/2331
f 3639/3497/2349 3582/3495/2328 3586/3493/2350
f 3642/3698/2351 3599/3692/2332 3630/3699/2352
f 3628/3495/2333 3585/3497/2353 3581/3494/2333
f 3621/3478/2354 3564/3498/2334 3568/3487/2355
f 3471/3489/2356 3685/3488/2357 3472/3496/2358
f 3603/3511/2359 3601/3510/2360 3604/3514/2361
f 3606/3509/2362 3599/3512/2363 3605/3508/2272
f 3597/3515/2364 3604/3514/2361 3598/3518/2365
f 3600/3513/2366 3595/3516/2367 3599/3512/2363
f 3593/3519/2368 3598/3518/2365 3594/3556/2369
f 3596/3519/2370 3591/3518/2371 3595/3556/2367
f 3589/3513/2372 3594/3516/2369 3590/3512/2373
f 3592/3515/2374 3587/3514/2375 3591/3518/2371
f 3585/3509/2376 3590/3512/2373 3586/3508/2377
f 3588/3511/2375 3583/3510/2378 3587/3514/2375
f 3581/3505/2379 3586/3508/2377 3582/3504/2380
f 3584/3507/2381 3579/3506/2382 3583/3510/2378
f 3577/3502/2383 3582/3504/2380 3578/3501/2384
f 3580/3503/2385 3575/3499/2386 3579/3506/2382
f 3573/3450/2387 3578/3501/2384 3574/3520/2388
f 3576/3500/2389 3571/3451/2390 3575/3499/2386
f 3569/3452/2391 3574/3520/2388 3570/3451/2392
f 3572/3452/2393 3567/3520/2394 3571/3451/2390
f 3565/3500/2395 3570/3451/2392 3566/3499/2396
f 3568/3450/2397 3563/3501/2398 3567/3520/2394
f 3561/3503/2399 3566/3499/2396 3562/3506/2399
f 3564/3502/2400 3608/3504/2273 3563/3501/2398
f 3602/3507/2401 3562/3506/2399 3601/3510/2360
f 3615/3498/2329 3574/3478/2402 3578/3492/2329
f 3633/3480/2403 3576/3486/2404 3645/3485/2324
f 3652/3490/2405 3593/3496/2322 3589/3489/2405
f 3619/3496/2316 3590/3490/2406 3594/3488/2316
f 3634/3700/2407 3575/3686/2313 3571/3701/2407
f 3649/3476/2408 3588/3475/2409 3592/3491/2310
f 3641/3493/2410 3607/3494/2335 3656/3495/2411
f 3648/3478/2308 3569/3479/2412 3636/3480/2413
f 3638/3702/2414 3591/3703/2305 3587/3704/2415
f 3647/3487/2416 3570/3480/2417 3574/3478/2402
f 3642/3698/2351 3608/3690/2330 3605/3705/2351
f 3633/3480/2403 3568/3487/2355 3572/3479/2403
f 3640/3493/2418 3589/3489/2405 3585/3497/2353
f 3651/3489/2419 3586/3493/2350 3590/3490/2406
f 3653/3484/2326 3603/3475/2343 3644/3477/2343
f 3622/3706/2420 3571/3701/2407 3567/3697/2348
f 3637/3477/2421 3584/3481/2345 3588/3475/2409
f 3654/3481/2319 3604/3477/2342 3601/3484/2319
f 3624/3485/2341 3569/3479/2412 3565/3486/2341
f 3626/3707/2339 3587/3704/2415 3583/3694/2339
f 3629/3490/2338 3606/3497/2410 3641/3493/2410
f 3635/3479/2417 3566/3485/2336 3570/3480/2417
f 3515/3675/2263 3693/3708/2422 3514/3709/2423
f 3676/3491/2291 3711/3477/2424 3679/3475/2425
f 3666/3485/2426 3719/3479/2427 3722/3486/2293
f 3468/3498/2428 3701/3478/2429 3683/3492/2267
f 3679/3475/2425 3707/3484/2430 3674/3481/2431
f 3663/3480/2432 3716/3487/2433 3719/3479/2427
f 3507/3710/2434 3703/3711/2435 3698/3712/2436
f 3511/3681/2301 3691/3713/2437 3510/3714/2438
f 3673/3486/2439 3706/3482/2440 3727/3485/2441
f 3660/3478/2442 3713/3498/2443 3716/3487/2433
f 3678/3479/2444 3727/3485/2441 3710/3480/2445
f 3657/3492/2446 3724/3494/2447 3713/3498/2443
f 3621/2469/2448 3670/2470/2449 3609/2467/2450
f 3670/2470/2449 3656/2466/2451 3609/2467/2450
f 3678/3449/2452 3621/2469/2448 3633/2471/2453
f 3673/2473/2454 3633/2471/2453 3645/2474/2455
f 3672/2475/2456 3645/2474/2455 3613/2476/2457
f 3679/2479/2458 3625/2478/2459 3637/2480/2460
f 3676/3447/2461 3637/2480/2460 3649/2481/2462
f 3675/2482/2463 3649/2481/2462 3617/2483/2463
f 3680/2464/2464 3629/2461/2465 3641/2465/2466
f 3671/2468/2467 3641/2465/2466 3656/2466/2451
f 3674/2477/2468 3613/2476/2457 3625/2478/2459
f 3677/3448/2469 3617/2463/2463 3629/2461/2465
f 3686/3513/2470 3708/3516/2471 3709/3512/2472
f 3707/3510/2473 3683/3503/2474 3706/3506/2475
f 3687/3505/2476 3712/3508/2477 3726/3504/2478
f 3697/3509/2479 3709/3512/2472 3712/3508/2477
f 3685/3519/2480 3728/3518/2481 3708/3556/2471
f 3702/3515/2482 3711/3514/2483 3728/3518/2481
f 3696/3511/2484 3707/3510/2473 3711/3514/2483
f 3706/3506/2475 3701/3500/2485 3727/3499/2486
f 3727/3499/2486 3695/3452/2487 3710/3451/2488
f 3710/3451/2488 3682/3450/2489 3705/3520/2490
f 3725/3501/2491 3687/3505/2476 3726/3504/2478
f 3705/3520/2490 3681/3502/2492 3725/3501/2491
f 3713/3502/2493 3694/3504/2494 3688/3501/2495
f 3716/3450/2496 3688/3501/2495 3689/3520/2497
f 3719/3452/2498 3689/3520/2497 3698/3451/2499
f 3722/3500/2500 3698/3451/2499 3703/3499/2501
f 3714/3503/2502 3703/3499/2501 3690/3506/2503
f 3717/3507/2504 3690/3506/2503 3691/3510/2505
f 3699/3514/2506 3717/3507/2504 3691/3510/2505
f 3704/3518/2507 3720/3511/2508 3699/3514/2506
f 3692/3556/2509 3723/3515/2510 3704/3518/2507
f 3693/3512/2511 3715/3517/2512 3692/3516/2509
f 3700/3508/2513 3718/3513/2514 3693/3512/2511
f 3694/3504/2494 3721/3509/2515 3700/3508/2513
f 3509/3715/2516 3691/3713/2437 3690/3716/2517
f 3661/3484/2280 3720/3475/2518 3664/3477/2519
f 3671/3494/2520 3712/3493/2521 3680/3497/2276
f 3473/3491/2522 3697/3477/2523 3474/3475/2524
f 3467/3487/2525 3695/3480/2287 3701/3478/2429
f 3472/3522/2358 3686/3476/2526 3473/3491/2522
f 3664/3477/2519 3723/3491/2527 3667/3476/2528
f 3672/3483/2529 3707/3484/2430 3706/3482/2440
f 3508/3717/2530 3690/3716/2517 3703/3711/2435
f 3470/3497/2275 3702/3490/2531 3471/3489/2356
f 3464/3483/2532 3687/3484/2533 3681/3482/2284
f 3514/3709/2423 3692/3718/2534 3513/3719/2535
f 3667/3476/2528 3715/3522/2536 3659/3521/2537
f 3677/3489/2278 3708/3488/2538 3675/3496/2289
f 3474/3475/2524 3687/3484/2533 3475/3481/2539
f 3516/3673/2261 3688/3678/2296 3694/3720/2540
f 3659/3488/2537 3718/3489/2541 3662/3490/2542
f 3513/3721/2535 3704/3722/2543 3512/3679/2299
f 3662/3490/2542 3721/3497/2544 3665/3493/2545
f 3670/3498/2546 3705/3478/2547 3725/3492/2548
f 3665/3493/2545 3724/3494/2447 3668/3495/2549
f 3671/3494/2520 3725/3492/2548 3726/3495/2550
f 3669/3487/2551 3710/3480/2445 3705/3478/2547
f 3506/3723/2552 3698/3712/2436 3689/3677/2295
f 3528/3470/2206 3665/3468/2224 3668/3554/2207
f 3432/2499/2095 3443/2500/2113 3431/2503/2093
f 3518/3660/2239 3529/3642/2227 3517/3656/2209
f 3729/3557/2553 3752/3558/2554 3741/3561/2555
f 3730/3560/2097 3741/3561/2555 3742/3563/2096
f 3731/3562/2556 3742/3563/2096 3743/3584/2126
f 3731/3562/2556 3744/3564/2095 3732/3565/2557
f 3732/3565/2557 3745/3566/2093 3733/3567/2558
f 3733/3567/2558 3746/3568/2090 3734/3569/2091
f 3734/3569/2091 3747/3570/2111 3735/3571/2559
f 3735/3571/2559 3748/3572/2110 3736/3573/2560
f 3736/3573/2560 3749/3574/2106 3737/3575/2107
f 3738/3576/2105 3749/3577/2106 3750/3580/2104
f 3739/3579/2103 3750/3580/2104 3751/3581/2102
f 3740/3559/2101 3751/3581/2102 3752/3558/2554
f 3753/2500/2120 3766/2489/2561 3754/2488/2562
f 3745/2509/2093 3758/2494/2123 3746/2510/2090
f 3746/2510/2090 3759/2496/2119 3747/3582/2111
f 3748/2511/2110 3759/2496/2119 3760/2498/2563
f 3749/2512/2106 3760/2498/2563 3761/2513/2564
f 3749/2514/2106 3762/2486/2565 3750/2485/2104
f 3750/2485/2104 3763/2484/2566 3751/3583/2102
f 3752/2501/2554 3763/2484/2566 3764/2502/2115
f 3757/2492/2113 3768/2491/2567 3769/2493/2568
f 3741/2503/2555 3764/2502/2115 3753/2500/2120
f 3754/2488/2562 3767/2487/2569 3755/2507/2125
f 3756/2490/2570 3767/2487/2569 3768/2491/2567
f 3743/2506/2126 3754/2488/2562 3755/2507/2125
f 3758/2494/2123 3769/2493/2568 3770/2495/2571
f 3759/2496/2119 3770/2495/2571 3771/2497/2572
f 3760/2498/2563 3759/2496/2119 3771/2497/2572
f 3763/2484/2566 3762/2486/2565 3772/2505/2573
f 3763/2484/2566 3773/2504/2574 3764/2502/2115
f 3764/2502/2115 3765/2516/2575 3753/2500/2120
f 3743/2506/2126 3756/2490/2570 3744/2508/2095
f 3744/2508/2095 3757/2492/2113 3745/2509/2093
f 3773/3387/2574 3922/3384/2576 3765/3385/2575
f 3936/3568/2577 3925/3567/2578 3924/3566/2579
f 3948/3570/2580 3937/3569/2581 3936/3568/2577
f 3961/3573/2582 3948/3570/2580 3960/3572/2583
f 3769/3399/2568 3958/3403/2584 3926/3402/2585
f 3940/3580/2586 3929/3578/2587 3928/3577/2588
f 3952/3581/2589 3941/3576/2590 3940/3580/2586
f 3965/3558/2591 3953/3579/2592 3952/3581/2589
f 3761/3395/2564 3962/3524/2593 3930/3394/2594
f 3944/3584/2595 3933/3560/2596 3932/3563/2596
f 3956/3564/2597 3945/3562/2598 3944/3584/2595
f 3785/3724/2599 3786/3725/2600 3774/3726/2601
f 3774/3726/2601 3787/3727/2602 3775/3728/2603
f 3775/3728/2603 3788/3729/2604 3776/3730/2605
f 3776/3730/2605 3789/3731/2606 3777/3732/2607
f 3777/3732/2607 3790/3733/2608 3778/3734/2609
f 3778/3734/2609 3791/3735/2610 3779/3736/2611
f 3780/3737/2612 3791/3735/2610 3792/3738/2613
f 3781/3739/2614 3792/3738/2613 3793/3740/2615
f 3782/3741/2616 3793/3740/2615 3794/3742/2617
f 3783/3743/2618 3794/3742/2617 3795/3744/2619
f 3784/3745/2620 3795/3744/2619 3796/3746/2621
f 3785/3747/2599 3796/3746/2621 3797/3748/2622
f 3797/3749/2622 3798/3750/2623 3786/3725/2600
f 3786/3725/2600 3799/3751/2624 3787/3727/2602
f 3787/3727/2602 3800/3752/2625 3788/3729/2604
f 3788/3729/2604 3801/3753/2626 3789/3731/2606
f 3789/3731/2606 3802/3754/2627 3790/3733/2608
f 3790/3733/2608 3803/3755/2628 3791/3735/2610
f 3792/3738/2613 3803/3755/2628 3804/3756/2629
f 3793/3740/2615 3804/3756/2629 3805/3757/2630
f 3794/3742/2617 3805/3757/2630 3806/3758/2631
f 3795/3744/2619 3806/3758/2631 3807/3759/2632
f 3796/3746/2621 3807/3759/2632 3808/3760/2633
f 3797/3748/2622 3808/3760/2633 3809/3761/2634
f 3799/3751/2624 3798/3750/2623 3810/3762/2635
f 3800/3752/2625 3810/3762/2635 3811/3763/2636
f 3801/3753/2626 3811/3763/2636 3812/3764/2637
f 3802/3754/2627 3812/3764/2637 3813/3765/2638
f 3803/3755/2628 3813/3765/2638 3814/3766/2639
f 3804/3756/2629 3803/3755/2628 3814/3766/2639
f 3809/3767/2634 3815/3768/2640 3798/3750/2623
f 3810/3762/2635 3815/3768/2640 3816/3769/2641
f 3810/3762/2635 3817/3770/2642 3811/3763/2636
f 3811/3763/2636 3818/3771/2643 3812/3764/2637
f 3812/3764/2637 3819/3772/2644 3813/3765/2638
f 3813/3765/2638 3820/3773/2645 3814/3766/2639
f 3814/3766/2639 3821/3774/2646 3804/3756/2629
f 3804/3756/2629 3822/3775/2647 3805/3757/2630
f 3806/3758/2631 3822/3775/2647 3823/3776/2648
f 3807/3759/2632 3823/3776/2648 3824/3777/2649
f 3808/3760/2633 3824/3777/2649 3825/3778/2650
f 3809/3761/2634 3825/3778/2650 3826/3779/2651
f 3967/3471/2652 3838/3470/2653 3827/3472/2654
f 3970/3473/2655 3827/3472/2654 3828/3474/2656
f 3970/3473/2655 3829/3455/2657 3973/3453/2658
f 3973/3453/2658 3830/3454/2659 3976/3456/2660
f 3976/3456/2660 3831/3457/2661 3968/3458/2662
f 3968/3458/2662 3832/3459/2663 3971/3460/2664
f 3971/3460/2664 3833/3461/2665 3974/3552/2666
f 3977/3462/2667 3833/3461/2665 3834/3463/2668
f 3977/3462/2667 3835/3464/2669 3969/3640/2670
f 3972/3466/2671 3835/3465/2669 3836/3467/2672
f 3975/3468/2673 3836/3467/2672 3837/3469/2674
f 3839/3642/2675 3848/3641/2676 3840/3643/2677
f 3831/3645/2661 3844/3644/2678 3832/3646/2663
f 3832/3646/2663 3845/3647/2679 3833/3648/2665
f 3834/3649/2668 3833/3648/2665 3845/3647/2679
f 3838/3650/2653 3837/3652/2674 3846/3651/2680
f 3843/3653/2681 3850/3654/2682 3851/3661/2683
f 3827/3656/2654 3846/3651/2680 3839/3642/2675
f 3840/3643/2677 3849/3657/2684 3841/3658/2685
f 3842/3655/2686 3849/3657/2684 3850/3654/2682
f 3829/3659/2657 3840/3643/2677 3841/3658/2685
f 3844/3644/2678 3851/3661/2683 3852/3662/2687
f 3845/3647/2679 3852/3662/2687 3853/3780/2688
f 3845/3647/2679 3854/3663/2689 3834/3649/2668
f 3834/3649/2668 3855/3664/2690 3835/3665/2669
f 3836/3666/2672 3855/3667/2690 3856/3669/2691
f 3837/3652/2674 3856/3669/2691 3857/3670/2692
f 3846/3651/2680 3857/3670/2692 3858/3781/2693
f 3846/3651/2680 3847/3671/2694 3839/3642/2675
f 3829/3659/2657 3842/3655/2686 3830/3672/2659
f 3830/3672/2659 3843/3653/2681 3831/3645/2661
f 3858/3559/2693 3859/3561/2695 3847/3557/2694
f 3847/3557/2694 3860/3563/2696 3848/3560/2676
f 3848/3560/2676 3861/3584/2697 3849/3562/2684
f 3850/3565/2682 3861/3584/2697 3862/3564/2698
f 3851/3567/2683 3862/3564/2698 3863/3566/2699
f 3852/3569/2687 3863/3566/2699 3864/3568/2700
f 3853/3571/2688 3864/3568/2700 3865/3570/2701
f 3854/3573/2689 3865/3570/2701 3866/3572/2702
f 3855/3575/2690 3866/3572/2702 3867/3574/2703
f 3855/3578/2690 3868/3580/2704 3856/3576/2691
f 3856/3576/2691 3869/3581/2705 3857/3579/2692
f 3857/3579/2692 3870/3558/2706 3858/3559/2693
f 3768/3401/2567 3946/3525/2707 3958/3403/2584
f 3766/3383/2561 3946/3525/2707 3767/3382/2569
f 4010/3674/2708 3826/3673/2709 3825/3675/2710
f 3772/3388/2573 3963/3386/2711 3773/3387/2574
f 3772/3388/2573 3942/3389/2712 3954/3523/2713
f 3761/3392/2564 3942/3389/2712 3762/3390/2565
f 3779/3481/2714 3993/3482/2715 3778/3483/2716
f 3771/3397/2572 3962/3524/2593 3760/3393/2563
f 3771/3397/2572 3938/3400/2717 3950/3396/2718
f 3770/3398/2571 3926/3402/2585 3938/3400/2717
f 3765/3385/2575 3934/3381/2719 3766/3383/2561
f 3917/3510/2720 3915/3511/2721 3916/3514/2722
f 4006/3477/2723 3779/3481/2714 3780/3475/2724
f 4019/3490/2725 3990/3497/2726 3987/3489/2727
f 3928/3574/2588 3961/3573/2582 3960/3572/2583
f 3971/3481/2728 4024/3482/2729 3968/3483/2730
f 3775/3487/2731 3991/3492/2732 3774/3498/2733
f 3776/3479/2734 3992/3478/2735 3775/3487/2731
f 3924/3566/2579 3957/3565/2736 3956/3564/2597
f 4038/3476/2737 3985/3522/2738 3986/3491/2739
f 3968/3483/2730 4032/3485/2740 3976/3486/2741
f 3815/3676/2742 3999/3677/2743 3816/3723/2744
f 3920/3561/2745 3964/3559/2746 3965/3558/2591
f 4009/3680/2747 3822/3679/2748 3821/3681/2749
f 3933/3560/2596 3920/3561/2745 3932/3563/2596
f 3960/3490/2750 3905/3496/2751 3928/3488/2751
f 3883/3485/2752 3926/3483/2753 3958/3486/2754
f 3927/3496/2755 3902/3490/2756 3959/3489/2757
f 3885/3487/2758 3924/3492/2759 3956/3478/2760
f 3941/3491/2761 3904/3521/2762 3929/3522/2762
f 3921/3483/2763 3911/3484/2764 3964/3481/2764
f 3903/3488/2765 3942/3489/2766 3930/3496/2767
f 3890/3492/2768 3955/3487/2769 3923/3498/2770
f 3963/3494/2771 3871/3492/2772 3922/3498/2773
f 3937/3494/2774 3888/3492/2775 3925/3498/2775
f 3965/3484/2776 3873/3483/2777 3920/3482/2778
f 3928/3521/2751 3909/3491/2779 3940/3476/2780
f 3887/3482/2753 3938/3481/2781 3926/3483/2753
f 3919/3483/2782 3917/3484/2783 3966/3481/2784
f 3933/3486/2785 3872/3482/2786 3921/3483/2763
f 3910/3476/2787 3927/3522/2755 3939/3491/2788
f 3924/3492/2759 3893/3494/2789 3936/3495/2789
f 3922/3498/2773 3875/3478/2790 3934/3487/2790
f 3953/3475/2791 3908/3476/2792 3941/3491/2761
f 3907/3490/2793 3954/3497/2794 3942/3489/2766
f 3894/3495/2795 3923/3498/2770 3935/3494/2796
f 3920/3482/2778 3877/3486/2797 3932/3485/2798
f 3949/3497/2799 3892/3495/2774 3937/3494/2774
f 3909/3491/2779 3952/3477/2800 3940/3476/2780
f 3938/3481/2781 3895/3477/2801 3950/3475/2802
f 3931/3486/2803 3874/3482/2804 3919/3483/2782
f 3995/3521/2805 3781/3491/2806 3782/3522/2807
f 3913/3509/2808 3911/3504/2809 3912/3505/2810
f 3916/3514/2722 3909/3515/2811 3910/3518/2812
f 3907/3513/2813 3914/3508/2814 3913/3509/2808
f 3910/3518/2812 3905/3519/2815 3906/3556/2816
f 3903/3517/2817 3908/3512/2818 3907/3513/2813
f 3906/3516/2816 3901/3513/2819 3902/3512/2820
f 3899/3515/2821 3904/3556/2822 3903/3519/2817
f 3902/3512/2820 3897/3509/2823 3898/3508/2824
f 3895/3511/2825 3900/3518/2826 3899/3515/2821
f 3898/3508/2824 3893/3505/2827 3894/3504/2828
f 3891/3507/2829 3896/3514/2830 3895/3511/2825
f 3894/3504/2828 3889/3502/2831 3890/3501/2832
f 3887/3503/2833 3892/3510/2834 3891/3507/2829
f 3890/3501/2832 3885/3450/2835 3886/3520/2836
f 3883/3500/2837 3888/3506/2838 3887/3503/2833
f 3886/3520/2836 3881/3452/2839 3882/3451/2840
f 3879/3452/2841 3884/3499/2842 3883/3500/2837
f 3882/3451/2840 3877/3500/2843 3878/3499/2844
f 3875/3450/2845 3880/3451/2846 3879/3452/2841
f 3878/3499/2844 3873/3503/2847 3874/3506/2848
f 3871/3502/2849 3876/3520/2850 3875/3450/2845
f 3874/3506/2848 3918/3507/2851 3917/3510/2720
f 3912/3505/2810 3872/3501/2852 3871/3502/2849
f 3925/3498/2775 3884/3478/2853 3957/3487/2854
f 3886/3478/2855 3943/3479/2856 3955/3487/2769
f 3962/3491/2857 3903/3521/2765 3930/3522/2767
f 3929/3496/2762 3900/3490/2858 3961/3489/2859
f 3944/3480/2860 3885/3487/2758 3956/3478/2760
f 3959/3489/2757 3898/3493/2861 3947/3497/2862
f 3917/3484/2783 3951/3475/2863 3966/3481/2784
f 3879/3480/2864 3958/3486/2754 3946/3479/2865
f 3948/3493/2866 3901/3489/2867 3960/3490/2750
f 3957/3487/2854 3880/3480/2868 3945/3479/2868
f 3952/3477/2800 3918/3481/2776 3965/3484/2776
f 3943/3479/2856 3878/3485/2869 3931/3486/2803
f 3950/3475/2802 3899/3476/2870 3962/3491/2857
f 3961/3489/2859 3896/3493/2871 3949/3497/2799
f 3913/3493/2794 3963/3494/2771 3954/3497/2794
f 3932/3485/2798 3881/3479/2860 3944/3480/2860
f 3947/3497/2862 3894/3495/2795 3935/3494/2796
f 3964/3481/2764 3914/3477/2791 3953/3475/2791
f 3934/3487/2790 3879/3480/2864 3946/3479/2865
f 3936/3495/2789 3897/3497/2872 3948/3493/2866
f 3916/3477/2873 3939/3491/2788 3951/3475/2863
f 3945/3479/2868 3876/3485/2785 3933/3486/2785
f 4003/3708/2874 3825/3675/2710 3824/3709/2875
f 4021/3477/2876 3986/3491/2739 3989/3475/2877
f 3976/3486/2741 4029/3480/2878 3973/3479/2879
f 3778/3483/2716 4011/3485/2880 3777/3486/2881
f 4017/3484/2882 3989/3475/2877 3984/3481/2883
f 3973/3479/2879 4026/3478/2884 3970/3487/2885
f 3817/3710/2886 4013/3711/2887 3818/3717/2888
f 4001/3713/2889 3821/3681/2749 3820/3714/2890
f 3983/3486/2891 4016/3482/2892 3982/3483/2893
f 3970/3487/2885 4023/3492/2894 3967/3498/2895
f 3988/3479/2896 4037/3485/2897 3983/3486/2891
f 3967/3498/2895 4034/3495/2898 3978/3494/2899
f 3931/2473/2900 3980/2476/2901 3979/2474/2902
f 3966/2477/2903 3980/2476/2901 3919/2475/2904
f 3931/2473/2900 3988/2471/2905 3943/3449/2906
f 3943/3449/2906 3983/2469/2907 3955/2472/2908
f 3955/2472/2908 3982/2467/2909 3923/2470/2910
f 3935/2468/2911 3989/2465/2912 3947/2464/2913
f 3959/3448/2914 3989/2465/2912 3986/2461/2915
f 3959/3448/2914 3985/2463/2916 3927/2462/2916
f 3939/3447/2917 3990/2480/2918 3951/2479/2919
f 3951/2479/2919 3981/2478/2920 3966/2477/2903
f 3923/2470/2910 3984/2466/2921 3935/2468/2911
f 3927/2482/2916 3987/2481/2922 3939/3447/2917
f 4018/3519/2923 3996/3518/2924 4019/3515/2925
f 4017/3505/2926 3993/3501/2927 3994/3504/2928
f 4022/3511/2929 3997/3510/2930 4036/3507/2931
f 4019/3515/2925 4007/3514/2932 4022/3511/2929
f 4038/3513/2933 3995/3516/2934 4018/3517/2923
f 4021/3509/2935 4012/3512/2936 4038/3513/2933
f 4017/3505/2926 4006/3508/2937 4021/3509/2935
f 4016/3502/2938 4011/3520/2939 3993/3501/2927
f 4037/3450/2940 4005/3451/2941 4011/3520/2939
f 4020/3452/2942 3992/3499/2943 4005/3451/2941
f 4035/3503/2944 3997/3510/2930 3991/3506/2945
f 4015/3500/2946 3991/3506/2945 3992/3499/2943
f 4004/3504/2947 4023/3502/2948 3998/3501/2949
f 3998/3501/2949 4026/3450/2950 3999/3520/2951
f 3999/3520/2951 4029/3452/2952 4008/3451/2953
f 4008/3451/2953 4032/3500/2954 4013/3499/2955
f 4013/3499/2955 4024/3503/2956 4000/3506/2957
f 4000/3506/2957 4027/3507/2958 4001/3510/2959
f 4009/3514/2960 4027/3507/2958 4030/3511/2961
f 4014/3518/2962 4030/3511/2961 4033/3515/2963
f 4002/3556/2964 4033/3515/2963 4025/3519/2965
f 4003/3512/2966 4025/3517/2965 4028/3513/2967
f 4010/3508/2968 4028/3513/2967 4031/3509/2969
f 4004/3504/2947 4031/3509/2969 4034/3505/2970
f 3819/3715/2971 4001/3713/2889 3820/3714/2890
f 4030/3477/2972 3971/3481/2728 3974/3475/2973
f 4022/3493/2974 3981/3494/2975 3990/3497/2726
f 4007/3493/2976 3783/3489/2977 3784/3497/2978
f 3777/3486/2881 4005/3480/2979 3776/3479/2734
f 3996/3490/2980 3782/3496/2807 3783/3489/2977
f 4033/3476/2981 3974/3475/2973 3977/3491/2982
f 3982/3483/2893 4017/3484/2882 3984/3481/2883
f 3818/3717/2888 4000/3716/2983 3819/3715/2971
f 4012/3476/2984 3780/3475/2724 3781/3491/2806
f 3774/3498/2733 3997/3495/2985 3785/3494/2986
f 4002/3718/2987 3824/3709/2875 3823/3719/2988
f 4025/3521/2989 3977/3491/2982 3969/3522/2990
f 4018/3488/2991 3987/3489/2727 3985/3496/2738
f 3997/3495/2985 3784/3497/2978 3785/3494/2986
f 3826/3673/2709 3998/3678/2992 3815/3676/2742
f 4028/3490/2993 3969/3496/2990 3972/3489/2994
f 4014/3722/2995 3823/3721/2988 3822/3679/2748
f 4031/3493/2996 3972/3489/2994 3975/3497/2997
f 3980/3498/2998 4015/3478/2999 3979/3487/3000
f 4034/3495/2898 3975/3497/2997 3978/3494/2899
f 3981/3494/2975 4035/3492/3001 3980/3498/2998
f 3979/3487/3000 4020/3480/3002 3988/3479/2896
f 3816/3723/2744 4008/3712/3003 3817/3710/2886
f 3975/3468/2673 3838/3470/2653 3978/3554/3004
f 3742/2499/2096 3753/2500/2120 3754/2488/2562
f 3828/3660/2656 3839/3642/2675 3840/3643/2677
f 4106/2936/9 4104/2929/1092 4103/2935/9
f 4105/2930/1092 4107/3782/1098 4104/2929/1092
f 4108/2956/1098 4109/2949/1096 4107/2955/1098
f 4110/2950/1096 4111/2943/1093 4109/2949/1096
f 4112/2944/1093 4113/2937/1090 4111/2943/1093
f 4114/2938/1090 4115/2931/1088 4113/2937/1090
f 4116/2932/1088 4117/2924/1086 4115/2931/1088
f 4118/2925/1086 4119/2920/793 4117/2924/1086
f 4120/2921/793 4121/2916/1083 4119/2920/793
f 4122/2917/1083 4123/2912/1080 4121/2916/1083
f 4124/2913/1080 4125/2908/1081 4123/2912/1080
f 4126/2909/1081 4127/2904/1105 4125/2908/1081
f 4128/2905/1105 4129/2964/1103 4127/2904/1105
f 4130/2903/1103 4131/2961/1101 4129/2964/1103
f 4132/2962/1101 4133/2957/1099 4131/2961/1101
f 4134/2958/1099 4135/2951/2 4133/2957/1099
f 4136/2952/2 4137/2945/1094 4135/2951/2
f 4138/2946/1094 4139/2939/1091 4137/2945/1094
f 4140/2940/1091 4141/2933/1089 4139/2939/1091
f 4142/2934/1089 4143/2926/1087 4141/2933/1089
f 4144/2927/1087 4145/2922/1085 4143/2926/1087
f 4146/2923/1085 4147/2918/1084 4145/2922/1085
f 4148/2919/1084 4149/2914/1082 4147/2918/1084
f 4150/2915/1082 4151/2910/792 4149/2914/1082
f 4152/2911/792 4153/2906/1079 4151/2910/792
f 4154/2907/1079 4155/2901/1104 4153/2906/1079
f 4156/2902/1104 4157/2963/1102 4155/2901/1104
f 4158/2900/1102 4159/2959/1100 4157/2963/1102
f 4160/2960/1100 4161/2953/1097 4159/2959/1100
f 4162/2954/1097 4163/2947/1095 4161/2953/1097
f 4164/2948/1095 4165/2941/1078 4163/2947/1095
f 4166/2942/1078 4103/2935/9 4165/2941/1078
f 4041/2867/243 4103/2863/243 4104/2864/243
f 4042/2877/474 4106/2776/474 4040/2775/474
f 4043/2869/243 4104/2864/243 4107/2866/243
f 4042/2877/474 4108/2881/474 4105/2879/474
f 4045/2871/243 4107/2866/243 4109/2868/243
f 4044/2878/474 4110/2968/474 4108/2881/474
f 4047/2965/243 4109/2868/243 4111/2870/243
f 4046/2880/474 4112/2882/474 4110/2968/474
f 4049/2872/243 4111/2870/243 4113/2873/243
f 4050/2885/474 4112/2882/474 4048/2883/474
f 4051/2874/243 4113/2873/243 4115/2875/243
f 4052/2888/474 4114/3783/474 4050/2887/474
f 4053/2774/243 4115/2875/243 4117/2876/243
f 4054/2889/474 4116/2886/474 4052/2888/474
f 4053/2774/243 4119/2775/243 4055/2776/243
f 4054/2889/474 4120/2890/474 4118/2971/474
f 4057/2879/243 4119/2775/243 4121/2877/243
f 4058/2893/474 4120/2890/474 4056/2891/474
f 4057/2879/243 4123/2878/243 4059/2881/243
f 4058/2893/474 4124/2896/474 4122/2892/474
f 4059/2881/243 4125/2880/243 4061/2968/243
f 4060/2894/474 4126/2967/474 4124/2896/474
f 4061/2968/243 4127/2883/243 4063/2882/243
f 4062/2895/474 4128/2969/474 4126/2967/474
f 4063/2882/243 4129/2885/243 4065/2884/243
f 4066/2847/474 4128/2969/474 4064/2846/474
f 4065/3783/243 4131/2888/243 4067/2886/243
f 4068/2898/474 4130/2845/474 4066/2847/474
f 4067/2886/243 4133/2889/243 4069/2971/243
f 4070/2849/474 4132/2897/474 4068/2898/474
f 4069/2971/243 4135/2891/243 4071/2890/243
f 4070/2849/474 4136/2848/474 4134/2899/474
f 4073/2892/243 4135/2891/243 4137/2893/243
f 4074/2851/474 4136/2848/474 4072/2850/474
f 4075/2896/243 4137/2893/243 4139/2894/243
f 4074/2851/474 4140/2852/474 4138/2970/474
f 4075/2896/243 4141/2895/243 4077/2967/243
f 4076/2853/474 4142/2854/474 4140/2852/474
f 4077/2967/243 4143/2846/243 4079/2969/243
f 4078/2855/474 4144/2856/474 4142/2854/474
f 4081/2845/243 4143/2846/243 4145/2847/243
f 4080/2857/474 4146/2860/474 4144/2856/474
f 4083/2897/243 4145/2847/243 4147/2898/243
f 4084/2859/474 4146/2860/474 4082/2858/474
f 4085/2899/243 4147/2898/243 4149/2849/243
f 4086/2862/474 4148/2966/474 4084/2859/474
f 4087/2848/243 4149/2849/243 4151/2850/243
f 4088/2863/474 4150/2861/474 4086/2862/474
f 4087/2848/243 4153/2851/243 4089/2970/243
f 4088/2863/474 4154/2867/474 4152/2865/474
f 4089/2970/243 4155/2853/243 4091/2852/243
f 4090/2864/474 4156/2869/474 4154/2867/474
f 4091/2852/243 4157/2855/243 4093/2854/243
f 4092/2866/474 4158/2871/474 4156/2869/474
f 4093/2854/243 4159/2857/243 4095/2856/243
f 4096/2870/474 4158/2871/474 4094/2868/474
f 4097/2860/243 4159/2857/243 4161/2858/243
f 4098/2873/474 4160/2965/474 4096/2870/474
f 4099/2966/243 4161/2858/243 4163/2859/243
f 4100/2875/474 4162/2872/474 4098/2873/474
f 4099/2966/243 4165/2862/243 4101/2861/243
f 4102/2876/474 4164/2874/474 4100/2875/474
f 4101/2861/243 4103/2863/243 4039/2865/243
f 4040/2775/474 4166/2774/474 4102/2876/474
f 4232/2945/1078 4234/2940/9 4231/2939/9
f 4235/2951/1095 4233/2946/1078 4232/2945/1078
f 4237/2957/1097 4236/2952/1095 4235/2951/1095
f 4239/2961/1100 4238/2958/1097 4237/2957/1097
f 4241/2964/1102 4240/2962/1100 4239/2961/1100
f 4243/2904/1104 4242/2903/1102 4241/2964/1102
f 4245/2908/1079 4244/2905/1104 4243/2904/1104
f 4247/2912/792 4246/2909/1079 4245/2908/1079
f 4249/2916/1082 4248/2913/792 4247/2912/792
f 4251/2920/1084 4250/2917/1082 4249/2916/1082
f 4253/2924/1085 4252/2921/1084 4251/2920/1084
f 4255/2931/1087 4254/2925/1085 4253/2924/1085
f 4257/2937/1089 4256/2932/1087 4255/2931/1087
f 4259/2943/1091 4258/2938/1089 4257/2937/1089
f 4261/2949/1094 4260/2944/1091 4259/2943/1091
f 4263/2955/2 4262/2950/1094 4261/2949/1094
f 4265/2929/1099 4264/2928/2 4263/3782/2
f 4267/2935/1101 4266/2930/1099 4265/2929/1099
f 4269/2941/1103 4268/2936/1101 4267/2935/1101
f 4271/2947/1105 4270/2942/1103 4269/2941/1103
f 4273/2953/1081 4272/2948/1105 4271/2947/1105
f 4275/2959/1080 4274/2954/1081 4273/2953/1081
f 4277/2963/1083 4276/2960/1080 4275/2959/1080
f 4279/2901/793 4278/2900/1083 4277/2963/1083
f 4281/2906/1086 4280/2902/793 4279/2901/793
f 4283/2910/1088 4282/2907/1086 4281/2906/1086
f 4285/2914/1090 4284/2911/1088 4283/2910/1088
f 4287/2918/1093 4286/2915/1090 4285/2914/1090
f 4289/2922/1096 4288/2919/1093 4287/2918/1093
f 4291/2926/1098 4290/2923/1096 4289/2922/1096
f 4293/2933/1092 4292/2927/1098 4291/2926/1098
f 4231/2939/9 4294/2934/1092 4293/2933/1092
f 4232/2846/243 4167/2845/243 4169/2969/243
f 4234/2898/474 4170/2899/474 4168/2897/474
f 4235/2895/243 4169/2969/243 4171/2967/243
f 4170/2899/474 4236/2850/474 4172/2848/474
f 4237/2894/243 4171/2967/243 4173/2896/243
f 4172/2848/474 4238/2851/474 4174/2970/474
f 4239/2893/243 4173/2896/243 4175/2892/243
f 4174/2970/474 4240/2853/474 4176/2852/474
f 4241/2891/243 4175/2892/243 4177/2890/243
f 4240/2853/474 4178/2854/474 4176/2852/474
f 4179/2971/243 4241/2891/243 4177/2890/243
f 4242/2855/474 4180/2856/474 4178/2854/474
f 4181/2886/243 4243/2889/243 4179/2971/243
f 4180/2856/474 4246/2858/474 4182/2860/474
f 4183/3783/243 4245/2888/243 4181/2886/243
f 4246/2858/474 4184/2966/474 4182/2860/474
f 4249/2883/243 4183/2884/243 4185/2882/243
f 4184/2966/474 4250/2862/474 4186/2861/474
f 4251/2880/243 4185/2882/243 4187/2968/243
f 4250/2862/474 4188/2865/474 4186/2861/474
f 4253/2878/243 4187/2968/243 4189/2881/243
f 4188/2865/474 4254/2864/474 4190/2867/474
f 4191/2879/243 4253/2878/243 4189/2881/243
f 4254/2864/474 4192/2869/474 4190/2867/474
f 4193/2776/243 4255/2877/243 4191/2879/243
f 4256/2866/474 4194/2871/474 4192/2869/474
f 4195/2774/243 4257/2775/243 4193/2776/243
f 4258/2868/474 4196/2965/474 4194/2871/474
f 4197/2874/243 4259/2876/243 4195/2774/243
f 4260/2870/474 4198/2872/474 4196/2965/474
f 4263/2873/243 4197/2874/243 4199/2872/243
f 4198/2872/474 4264/2875/474 4200/2874/474
f 4265/2870/243 4199/2872/243 4201/2965/243
f 4264/2875/474 4202/2774/474 4200/2874/474
f 4267/2868/243 4201/2965/243 4203/2871/243
f 4202/2774/474 4268/2775/474 4204/2776/474
f 4269/2866/243 4203/2871/243 4205/2869/243
f 4204/2776/474 4270/2877/474 4206/2879/474
f 4207/2867/243 4269/2866/243 4205/2869/243
f 4206/2879/474 4272/2878/474 4208/2881/474
f 4273/2863/243 4207/2867/243 4209/2865/243
f 4272/2878/474 4210/2968/474 4208/2881/474
f 4275/2862/243 4209/2865/243 4211/2861/243
f 4210/2968/474 4276/2883/474 4212/2882/474
f 4277/2859/243 4211/2861/243 4213/2966/243
f 4212/2882/474 4278/2885/474 4214/2884/474
f 4215/2860/243 4277/2859/243 4213/2966/243
f 4278/2887/474 4216/2886/474 4214/3783/474
f 4281/2857/243 4215/2860/243 4217/2856/243
f 4216/2886/474 4282/2889/474 4218/2971/474
f 4219/2854/243 4281/2857/243 4217/2856/243
f 4218/2971/474 4284/2891/474 4220/2890/474
f 4221/2852/243 4283/2855/243 4219/2854/243
f 4284/2891/474 4222/2892/474 4220/2890/474
f 4287/2851/243 4221/2852/243 4223/2970/243
f 4222/2892/474 4288/2894/474 4224/2896/474
f 4225/2848/243 4287/2851/243 4223/2970/243
f 4288/2894/474 4226/2967/474 4224/2896/474
f 4227/2899/243 4289/2850/243 4225/2848/243
f 4290/2895/474 4228/2969/474 4226/2967/474
f 4229/2897/243 4291/2849/243 4227/2899/243
f 4292/2846/474 4230/2845/474 4228/2969/474
f 4167/2845/243 4293/2898/243 4229/2897/243
f 4294/2847/474 4168/2897/474 4230/2845/474
f 4362/2950/9 4360/2943/1092 4359/2949/9
f 4361/2944/1092 4363/2937/1098 4360/2943/1092
f 4364/2938/1098 4365/2931/1096 4363/2937/1098
f 4366/2932/1096 4367/2924/1093 4365/2931/1096
f 4368/2925/1093 4369/2920/1090 4367/2924/1093
f 4370/2921/1090 4371/2916/1088 4369/2920/1090
f 4372/2917/1088 4373/2912/1086 4371/2916/1088
f 4374/2913/1086 4375/2908/793 4373/2912/1086
f 4376/2909/793 4377/2904/1083 4375/2908/793
f 4378/2905/1083 4379/2964/1080 4377/2904/1083
f 4380/2903/1080 4381/2961/1081 4379/2964/1080
f 4382/2962/1081 4383/2957/1105 4381/2961/1081
f 4384/2958/1105 4385/2951/1103 4383/2957/1105
f 4386/2952/1103 4387/2945/1101 4385/2951/1103
f 4388/2946/1101 4389/2939/1099 4387/2945/1101
f 4390/2940/1099 4391/2933/2 4389/2939/1099
f 4392/2934/2 4393/2926/1094 4391/2933/2
f 4394/2927/1094 4395/2922/1091 4393/2926/1094
f 4396/2923/1091 4397/2918/1089 4395/2922/1091
f 4398/2919/1089 4399/2914/1087 4397/2918/1089
f 4400/2915/1087 4401/2910/1085 4399/2914/1087
f 4402/2911/1085 4403/2906/1084 4401/2910/1085
f 4404/2907/1084 4405/2901/1082 4403/2906/1084
f 4406/2902/1082 4407/2963/792 4405/2901/1082
f 4408/2900/792 4409/2959/1079 4407/2963/792
f 4410/2960/1079 4411/2953/1104 4409/2959/1079
f 4412/2954/1104 4413/2947/1102 4411/2953/1104
f 4414/2948/1102 4415/2941/1100 4413/2947/1102
f 4416/2942/1100 4417/2935/1097 4415/2941/1100
f 4418/2936/1097 4419/2929/1095 4417/2935/1097
f 4420/2930/1095 4421/3782/1078 4419/2929/1095
f 4422/2956/1078 4359/2949/9 4421/2955/1078
f 4295/2877/243 4360/2776/243 4297/2775/243
f 4298/2848/474 4362/2851/474 4296/2970/474
f 4297/2775/243 4363/2774/243 4299/2876/243
f 4298/2848/474 4364/2849/474 4361/2850/474
f 4301/2875/243 4363/2774/243 4365/2874/243
f 4300/2899/474 4366/2898/474 4364/2849/474
f 4303/2873/243 4365/2874/243 4367/2872/243
f 4302/2897/474 4368/2847/474 4366/2898/474
f 4305/2870/243 4367/2872/243 4369/2965/243
f 4306/2969/474 4368/2847/474 4304/2845/474
f 4307/2868/243 4369/2965/243 4371/2871/243
f 4308/2967/474 4370/2846/474 4306/2969/474
f 4307/2868/243 4373/2869/243 4309/2866/243
f 4308/2967/474 4374/2894/474 4372/2895/474
f 4311/2864/243 4373/2869/243 4375/2867/243
f 4310/2896/474 4376/2893/474 4374/2894/474
f 4311/2864/243 4377/2865/243 4313/2863/243
f 4314/2890/474 4376/2893/474 4312/2892/474
f 4315/2862/243 4377/2865/243 4379/2861/243
f 4316/2971/474 4378/2891/474 4314/2890/474
f 4315/2862/243 4381/2966/243 4317/2859/243
f 4316/2971/474 4382/2888/474 4380/2889/474
f 4317/2859/243 4383/2860/243 4319/2858/243
f 4318/2886/474 4384/2887/474 4382/2888/474
f 4319/2858/243 4385/2856/243 4321/2857/243
f 4322/2882/474 4384/2885/474 4320/2884/474
f 4321/2857/243 4387/2854/243 4323/2855/243
f 4324/2968/474 4386/2883/474 4322/2882/474
f 4325/2853/243 4387/2854/243 4389/2852/243
f 4326/2881/474 4388/2880/474 4324/2968/474
f 4327/2851/243 4389/2852/243 4391/2970/243
f 4326/2881/474 4392/2877/474 4390/2878/474
f 4327/2851/243 4393/2848/243 4329/2850/243
f 4330/2776/474 4392/2877/474 4328/2879/474
f 4329/2850/243 4395/2899/243 4331/2849/243
f 4330/2776/474 4396/2876/474 4394/2775/474
f 4331/2849/243 4397/2897/243 4333/2898/243
f 4332/2774/474 4398/2875/474 4396/2876/474
f 4333/2898/243 4399/2845/243 4335/2847/243
f 4334/2874/474 4400/2873/474 4398/2875/474
f 4335/2847/243 4401/2969/243 4337/2846/243
f 4338/2965/474 4400/2873/474 4336/2872/474
f 4339/2895/243 4401/2969/243 4403/2967/243
f 4340/2871/474 4402/2870/474 4338/2965/474
f 4341/2894/243 4403/2967/243 4405/2896/243
f 4340/2871/474 4406/2866/474 4404/2868/474
f 4343/2893/243 4405/2896/243 4407/2892/243
f 4344/2867/474 4406/2866/474 4342/2869/474
f 4343/2893/243 4409/2890/243 4345/2891/243
f 4344/2867/474 4410/2863/474 4408/2864/474
f 4345/2891/243 4411/2971/243 4347/2889/243
f 4346/2865/474 4412/2862/474 4410/2863/474
f 4347/2889/243 4413/2886/243 4349/2888/243
f 4348/2861/474 4414/2859/474 4412/2862/474
f 4351/2887/243 4413/2886/243 4415/3783/243
f 4350/2966/474 4416/2858/474 4414/2859/474
f 4353/2883/243 4415/2884/243 4417/2882/243
f 4354/2856/474 4416/2858/474 4352/2860/474
f 4355/2880/243 4417/2882/243 4419/2968/243
f 4356/2854/474 4418/2857/474 4354/2856/474
f 4357/2878/243 4419/2968/243 4421/2881/243
f 4358/2852/474 4420/2855/474 4356/2854/474
f 4295/2877/243 4421/2881/243 4359/2879/243
f 4296/2970/474 4422/2853/474 4358/2852/474
s 0
f 4435/2394/2 4431/2386/2 4430/2389/2
f 4434/2388/2 4437/2395/2 4424/2396/2
f 4433/2399/2 4427/2383/2 4432/2391/2
f 4425/2387/2 4438/2393/2 4431/2386/2
f 4435/2394/2 4429/2390/2 4434/2388/2
f 4433/2398/2 4437/2395/2 4428/2397/2
f 4432/2391/2 4436/2384/2 4423/2382/2
f 4423/2382/2 4438/2393/2 4426/2385/2
f 4440/2390/760 4432/2396/760 4423/2388/760
f 4426/2394/761 4440/2390/761 4423/2388/761
f 4454/2393/762 4431/2387/762 4438/2385/762
f 4445/2386/763 4426/2394/763 4425/2387/763
f 4453/2386/764 4430/2394/764 4431/2387/764
f 4444/2393/765 4425/2387/765 4435/2385/765
f 4430/2394/760 4451/2390/760 4429/2388/760
f 4443/2384/766 4435/2385/766 4434/2382/766
f 4444/2397/9 4453/2396/9 4445/2395/9
f 4450/2382/9 4443/2383/9 4442/2384/9
f 4447/2387/9 4441/2393/9 4439/2386/9
f 4445/2395/9 4454/2388/9 4446/2390/9
f 4451/2391/9 4444/2392/9 4443/2383/9
f 4441/2393/9 4450/2382/9 4442/2384/9
f 4448/2394/9 4439/2386/9 4440/2389/9
f 4454/2388/9 4440/2389/9 4446/2390/9
f 4448/2384/767 4438/2385/767 4436/2382/767
f 4447/2383/766 4436/2382/766 4427/2391/766
f 4439/2395/764 4433/2398/764 4432/2396/764
f 4449/2392/765 4427/2391/765 4428/2399/765
f 4441/2392/762 4424/2391/762 4433/2399/762
f 4450/2395/763 4428/2398/763 4437/2396/763
f 4442/2383/767 4434/2382/767 4424/2391/767
f 4451/2390/761 4437/2396/761 4429/2388/761
s 1
f 4472/3104/763 4455/3105/761 4471/3106/761
f 4473/3107/765 4457/3108/763 4472/3109/763
f 4474/3110/766 4459/3111/765 4473/3107/765
f 4475/3112/767 4461/3113/766 4474/3110/766
f 4476/3114/762 4463/3115/767 4475/3112/767
f 4477/3116/3005 4465/3117/762 4476/3114/762
f 4478/3118/760 4467/3119/3005 4477/3116/3005
f 4468/3120/3006 4502/3121/1171 4470/3122/1171
f 4476/3123/9 4493/3124/1172 4477/3125/9
f 4478/3118/760 4455/3105/761 4469/3126/760
f 4464/3127/2 4482/3128/1173 4462/3129/2
f 4478/3131/9 4493/3124/1172 4494/3130/1174
f 4478/3131/9 4487/3132/1174 4471/3133/9
f 4466/3134/2 4485/3135/1175 4484/3136/3007
f 4456/3131/2 4479/3124/1176 4480/3130/1177
f 4472/3137/9 4487/3132/1174 4488/3135/1178
f 4472/3137/9 4489/3136/1178 4473/3134/9
f 4485/3135/1175 4508/3138/1179 4484/3136/3007
f 4486/3139/1180 4493/3140/1181 4485/3141/1182
f 4483/3141/1183 4515/3142/1184 4505/3143/1184
f 4484/3139/1185 4491/3140/1186 4483/3141/1183
f 4482/3139/1187 4514/3144/1188 4490/3145/1189
f 4482/3139/1187 4489/3140/1190 4481/3141/1191
f 4493/3124/1172 4516/3146/1192 4517/3147/1192
f 4479/3139/3008 4487/3140/3009 4480/3141/3010
f 4458/3125/2 4481/3148/1176 4479/3124/1176
f 4468/3137/2 4486/3132/1177 4485/3135/1175
f 4476/3123/9 4491/3128/1194 4492/3148/1172
f 4474/3127/9 4491/3128/1194 4475/3129/9
f 4464/3127/2 4484/3136/3007 4483/3149/1173
f 4473/3134/9 4490/3149/1194 4474/3127/9
f 4460/3123/2 4482/3128/1173 4481/3148/1176
f 4470/3133/2 4480/3130/1177 4486/3132/1177
f 4458/3150/1195 4497/3151/1196 4460/3152/3011
f 4466/3155/1198 4499/3163/1197 4500/3154/1198
f 4470/3122/1171 4496/3156/3012 4456/3157/1199
f 4462/3159/1200 4497/3151/1196 4498/3158/1200
f 4466/3155/1198 4501/3160/3006 4468/3120/3006
f 4458/3161/1195 4496/3156/3012 4495/3162/1195
f 4464/3153/1197 4498/3158/1200 4499/3163/1197
f 4510/3164/1202 4511/3142/1202 4518/3165/1202
f 4507/3143/1184 4516/3165/1184 4508/3164/1184
f 4505/3143/1203 4514/3165/1203 4506/3164/1203
f 4503/3143/1188 4512/3165/1188 4504/3164/1188
f 4491/3128/1194 4514/3170/1204 4515/3166/3013
f 4484/3139/1185 4516/3144/1203 4492/3145/1205
f 4485/3141/1182 4517/3142/1202 4507/3143/1202
f 4480/3130/1177 4510/3167/1206 4486/3132/1177
f 4489/3136/1178 4512/3168/1207 4513/3138/1207
f 4486/3139/1180 4518/3144/1184 4494/3145/1208
f 4480/3141/3010 4511/3142/1188 4509/3143/1188
f 4481/3148/1176 4504/3147/1209 4479/3124/1176
f 4494/3130/1174 4511/3167/1210 4487/3132/1174
f 4479/3139/3008 4512/3144/1202 4488/3145/3014
f 4481/3141/1191 4513/3142/1203 4503/3143/1203
f 4483/3149/1173 4506/3166/1211 4482/3128/1173
f 4496/3176/2 4502/3178/2 4501/3177/2
s 0
f 4531/2398/2 4527/2395/2 4526/2397/2
f 4530/2391/2 4533/2384/2 4520/2382/2
f 4528/2387/2 4524/2393/2 4523/2386/2
f 4521/2396/2 4534/2390/2 4527/2395/2
f 4530/2391/2 4526/2392/2 4525/2383/2
f 4529/2385/2 4533/2384/2 4524/2393/2
f 4528/2387/2 4532/2389/2 4519/2394/2
f 4519/2394/2 4534/2390/2 4522/2388/2
f 4536/2382/760 4528/2383/760 4519/2384/760
f 4542/2385/761 4519/2384/761 4522/2393/761
f 4550/2394/762 4527/2386/762 4534/2389/762
f 4541/2387/763 4522/2393/763 4521/2386/763
f 4549/2387/764 4526/2393/764 4527/2386/764
f 4540/2394/765 4521/2386/765 4531/2389/765
f 4548/2385/760 4525/2384/760 4526/2393/760
f 4539/2388/766 4531/2389/766 4530/2390/766
f 4540/2387/9 4549/2389/9 4541/2394/9
f 4546/2384/9 4539/2385/9 4538/2382/9
f 4535/2399/9 4545/2383/9 4537/2391/9
f 4541/2394/9 4550/2390/9 4542/2388/9
f 4539/2385/9 4548/2386/9 4540/2387/9
f 4537/2391/9 4546/2384/9 4538/2382/9
f 4544/2395/9 4535/2398/9 4536/2396/9
f 4550/2390/9 4536/2396/9 4542/2388/9
f 4544/2388/767 4534/2389/767 4532/2390/767
f 4543/2396/766 4532/2390/766 4523/2395/766
f 4535/2391/764 4529/2392/764 4528/2383/764
f 4545/2398/765 4523/2395/765 4524/2397/765
f 4529/2397/762 4538/2396/762 4520/2395/762
f 4546/2391/763 4524/2392/763 4533/2383/763
f 4538/2396/767 4530/2390/767 4520/2395/767
f 4547/2382/761 4533/2383/761 4525/2384/761
s 1
f 4568/3109/763 4551/3111/761 4567/3107/761
f 4569/3106/765 4553/3174/763 4568/3104/763
f 4570/3118/766 4555/3105/765 4569/3106/765
f 4571/3116/767 4557/3126/766 4570/3118/766
f 4572/3114/762 4559/3119/767 4571/3116/767
f 4573/3112/764 4561/3117/762 4572/3114/762
f 4574/3110/760 4563/3115/764 4573/3112/764
f 4564/3120/1201 4598/3121/1171 4566/3122/1171
f 4573/3125/9 4588/3148/1172 4589/3124/1172
f 4574/3110/760 4551/3111/761 4565/3113/760
f 4560/3127/2 4578/3128/1173 4558/3129/2
f 4573/3125/9 4590/3130/1174 4574/3131/9
f 4567/3133/9 4590/3130/1174 4583/3132/1174
f 4564/3137/2 4580/3136/1175 4562/3134/2
f 4552/3131/2 4575/3124/1176 4576/3130/3015
f 4568/3137/9 4583/3132/1174 4584/3135/1178
f 4569/3134/9 4584/3135/1178 4585/3136/1178
f 4580/3136/1175 4603/3168/1179 4604/3138/1179
f 4582/3139/1180 4589/3140/3016 4581/3141/1182
f 4579/3141/1183 4611/3142/1184 4601/3143/1184
f 4580/3139/1185 4587/3140/1186 4579/3141/1183
f 4578/3139/1187 4610/3144/1188 4586/3145/1189
f 4578/3139/1187 4585/3140/1190 4577/3141/1191
f 4588/3148/1172 4613/3147/1192 4589/3124/1172
f 4575/3139/3008 4583/3140/3009 4576/3141/3010
f 4554/3125/2 4577/3148/1176 4575/3124/1176
f 4564/3137/2 4582/3132/1177 4581/3135/1175
f 4571/3129/9 4588/3148/1172 4572/3123/9
f 4571/3129/9 4586/3149/1194 4587/3128/1194
f 4560/3127/2 4580/3136/1175 4579/3149/1173
f 4569/3134/9 4586/3149/1194 4570/3127/9
f 4556/3123/2 4578/3128/1173 4577/3148/1176
f 4566/3133/2 4576/3130/3015 4582/3132/1177
f 4554/3150/1195 4593/3151/1196 4556/3152/3011
f 4562/3155/1198 4595/3163/1197 4596/3154/1198
f 4566/3122/1171 4592/3156/3012 4552/3157/3012
f 4556/3152/3011 4594/3158/1200 4558/3159/1200
f 4564/3120/1201 4596/3154/1198 4597/3160/1170
f 4552/3157/3012 4591/3162/1195 4554/3161/1195
f 4558/3159/1200 4595/3163/1197 4560/3153/1197
f 4606/3164/1202 4607/3142/1202 4614/3165/1202
f 4603/3143/1184 4612/3165/1184 4604/3164/1184
f 4601/3143/1203 4610/3165/1203 4602/3164/1203
f 4599/3143/1188 4608/3165/1188 4600/3164/1188
f 4587/3128/1194 4610/3170/1204 4611/3166/1204
f 4580/3139/1185 4612/3144/1203 4588/3145/1205
f 4581/3141/1182 4613/3142/1202 4603/3143/1202
f 4582/3132/1177 4605/3169/1206 4606/3167/1206
f 4585/3136/1178 4608/3168/1207 4609/3138/1207
f 4582/3139/1180 4614/3144/1184 4590/3145/1208
f 4576/3141/3010 4607/3142/1188 4605/3143/1188
f 4577/3148/1176 4600/3147/1209 4575/3124/1176
f 4590/3130/1174 4607/3167/1210 4583/3132/1174
f 4575/3139/3008 4608/3144/1202 4584/3145/3014
f 4577/3141/1191 4609/3142/1203 4599/3143/1203
f 4579/3149/1173 4602/3166/1211 4578/3128/1173
f 4592/3176/2 4598/3178/2 4597/3177/2
f 4616/3784/1092 4618/3785/9 4615/3786/9
f 4619/3787/1098 4617/3788/1092 4616/3784/1092
f 4621/3789/1096 4620/3790/1098 4619/3787/1098
f 4623/3791/1093 4622/3792/1096 4621/3789/1096
f 4625/3793/1090 4624/3794/1093 4623/3791/1093
f 4627/3795/1088 4626/3796/1090 4625/3793/1090
f 4629/3797/1086 4628/3798/1088 4627/3795/1088
f 4631/3799/793 4630/3800/1086 4629/3797/1086
f 4633/3801/1083 4632/3802/793 4631/3799/793
f 4635/3803/1080 4634/3804/1083 4633/3801/1083
f 4637/3805/1081 4636/3806/1080 4635/3807/1080
f 4639/3808/1105 4638/3809/1081 4637/3805/1081
f 4641/3810/1103 4640/3811/1105 4639/3808/1105
f 4643/3812/1101 4642/3813/1103 4641/3810/1103
f 4645/3814/1099 4644/3815/1101 4643/3812/1101
f 4647/3816/2 4646/3817/1099 4645/3814/1099
f 4649/3818/1094 4648/3819/2 4647/3816/2
f 4651/3820/1091 4650/3821/1094 4649/3818/1094
f 4653/3822/1089 4652/3823/1091 4651/3820/1091
f 4655/3824/1087 4654/3825/1089 4653/3822/1089
f 4657/3826/1085 4656/3827/1087 4655/3824/1087
f 4657/3826/1085 4660/3828/1084 4658/3829/1085
f 4659/3830/1084 4662/3831/1082 4660/3828/1084
f 4663/3832/792 4662/3831/1082 4661/3833/1082
f 4665/3834/1079 4664/3835/792 4663/3832/792
f 4665/3834/1079 4668/3836/1104 4666/3837/1079
f 4667/3838/1104 4670/3839/1102 4668/3836/1104
f 4671/3840/1100 4670/3839/1102 4669/3841/1102
f 4673/3842/1097 4672/3843/1100 4671/3840/1100
f 4675/3844/1095 4674/3845/1097 4673/3842/1097
f 4677/3846/1078 4676/3847/1095 4675/3844/1095
f 4615/3786/9 4678/3848/1078 4677/3846/1078
f 4694/3849/474 4615/3850/474 4677/3851/474
f 4633/3852/474 4684/3853/474 4635/3854/474
f 4651/3855/474 4688/3856/474 4653/3857/474
f 4692/3858/474 4671/3859/474 4669/3860/474
f 4681/3861/474 4627/3862/474 4625/3863/474
f 4643/3864/474 4686/3865/474 4645/3866/474
f 4690/3867/474 4663/3868/474 4661/3869/474
f 4616/3870/474 4680/3871/474 4619/3872/474
f 4635/3854/474 4684/3853/474 4637/3873/474
f 4653/3857/474 4689/3874/474 4655/3875/474
f 4671/3859/474 4693/3876/474 4673/3877/474
f 4627/3862/474 4682/3878/474 4629/3879/474
f 4645/3866/474 4687/3880/474 4647/3881/474
f 4663/3868/474 4691/3882/474 4665/3883/474
f 4619/3872/474 4680/3871/474 4621/3884/474
f 4637/3873/474 4685/3885/474 4639/3886/474
f 4655/3875/474 4689/3874/474 4657/3887/474
f 4673/3877/474 4694/3849/474 4675/3888/474
f 4682/3878/474 4631/3889/474 4629/3879/474
f 4647/3881/474 4687/3880/474 4649/3890/474
f 4691/3882/474 4667/3891/474 4665/3883/474
f 4621/3884/474 4681/3861/474 4623/3892/474
f 4639/3886/474 4685/3885/474 4641/3893/474
f 4689/3874/474 4659/3894/474 4657/3887/474
f 4675/3888/474 4694/3849/474 4677/3851/474
f 4631/3889/474 4683/3895/474 4633/3852/474
f 4649/3890/474 4688/3856/474 4651/3855/474
f 4667/3891/474 4692/3858/474 4669/3860/474
f 4623/3892/474 4681/3861/474 4625/3863/474
f 4685/3885/474 4643/3864/474 4641/3893/474
f 4659/3894/474 4690/3867/474 4661/3869/474
f 4615/3850/474 4679/3896/474 4616/3870/474
f 4707/3897/3017 4692/3898/3018 4691/3899/3017
f 4701/3900/3019 4686/3901/3020 4685/3902/3019
f 4708/3903/3018 4693/3904/3021 4692/3898/3018
f 4695/3905/3022 4680/3906/3023 4679/3907/3022
f 4702/3908/3020 4687/3909/3024 4686/3901/3020
f 4709/3910/3021 4694/3911/3025 4693/3904/3021
f 4696/3912/3023 4681/3913/3026 4680/3906/3023
f 4703/3914/3024 4688/3915/3027 4687/3909/3024
f 4710/3916/3025 4679/3907/3022 4694/3911/3025
f 4697/3917/3026 4682/3918/3028 4681/3913/3026
f 4704/3919/3027 4689/3920/3029 4688/3915/3027
f 4698/3921/3028 4683/3922/3030 4682/3918/3028
f 4705/3923/3029 4690/3924/3031 4689/3920/3029
f 4699/3925/3030 4684/3926/3032 4683/3922/3030
f 4706/3927/3031 4691/3899/3017 4690/3924/3031
f 4700/3928/3032 4685/3902/3019 4684/3929/3032
f 4712/3930/3033 4718/3931/3033 4717/3932/3033
f 4712/3933/3034 4715/3934/3034 4711/3935/3034
f 4713/3933/3035 4718/3934/3035 4714/3935/3035
f 4711/3930/3036 4716/3931/3036 4713/3936/3036
f 4720/3930/3037 4726/3931/3037 4725/3932/3038
f 4720/3933/3039 4723/3934/3039 4719/3935/3039
f 4722/3935/3040 4724/3937/3040 4726/3934/3040
f 4719/3930/3041 4724/3931/3041 4721/3936/3041
f 4728/3930/3042 4734/3931/3043 4733/3932/3042
f 4727/3935/3044 4733/3937/3044 4731/3934/3044
f 4730/3936/3045 4732/3932/3045 4734/3931/3045
f 4727/3930/3046 4732/3931/3047 4729/3936/3046
f 4736/3930/3048 4742/3931/3049 4741/3932/3048
f 4735/3935/3050 4741/3937/3050 4739/3934/3050
f 4737/3933/3051 4742/3934/3051 4738/3935/3051
f 4735/3930/3052 4740/3931/3053 4737/3936/3054
f 4744/3930/3055 4750/3931/3055 4749/3932/3055
f 4744/3933/3056 4747/3934/3056 4743/3935/3056
f 4746/3937/3057 4748/3935/3057 4750/3933/3057
f 4743/3930/3058 4748/3931/3058 4745/3936/3058
f 4752/3930/3059 4758/3931/3060 4757/3932/3061
f 4752/3933/3062 4755/3934/3062 4751/3935/3062
f 4754/3937/3063 4756/3935/3063 4758/3933/3063
f 4751/3930/3064 4756/3931/3065 4753/3936/3064
f 4760/3930/3033 4766/3931/3066 4765/3932/3067
f 4759/3937/3034 4765/3935/3034 4763/3933/3034
f 4761/3934/3035 4766/3933/3035 4762/3937/3035
f 4759/3930/3036 4764/3931/3068 4761/3936/3036
f 4768/3930/3037 4774/3931/3038 4773/3932/3037
f 4768/3933/3039 4771/3934/3039 4767/3935/3039
f 4770/3937/3040 4772/3935/3040 4774/3933/3040
f 4767/3930/3041 4772/3931/3041 4769/3936/3041
f 4776/3930/3042 4782/3931/3042 4781/3932/3042
f 4776/3933/3044 4779/3934/3044 4775/3935/3044
f 4778/3937/3045 4780/3935/3045 4782/3933/3045
f 4775/3930/3046 4780/3931/3069 4777/3936/3046
f 4784/3930/3048 4790/3931/3070 4789/3932/3048
f 4783/3935/3050 4789/3937/3050 4787/3934/3050
f 4786/3935/3051 4788/3937/3051 4790/3934/3051
f 4783/3930/3054 4788/3931/3054 4785/3936/3054
f 4792/3930/3071 4798/3931/3072 4797/3932/3055
f 4792/3934/3056 4795/3933/3056 4791/3937/3056
f 4794/3937/3057 4796/3935/3057 4798/3933/3057
f 4791/3930/3058 4796/3931/3073 4793/3936/3058
f 4800/3930/3061 4806/3931/3074 4805/3932/3061
f 4800/3933/3062 4803/3934/3062 4799/3935/3062
f 4802/3937/3063 4804/3935/3063 4806/3933/3063
f 4799/3930/3075 4804/3931/3076 4801/3936/3064
f 4808/3938/1092 4810/3939/9 4807/3940/9
f 4811/3941/1098 4809/3942/1092 4808/3938/1092
f 4813/3943/1096 4812/3944/1098 4811/3941/1098
f 4815/3945/1093 4814/3946/1096 4813/3943/1096
f 4817/3947/1090 4816/3948/1093 4815/3945/1093
f 4819/3949/1088 4818/3950/1090 4817/3947/1090
f 4821/3951/1086 4820/3952/1088 4819/3949/1088
f 4823/3953/793 4822/3954/1086 4821/3951/1086
f 4825/3955/1083 4824/3956/793 4823/3953/793
f 4827/3957/1080 4826/3958/1083 4825/3955/1083
f 4829/3959/1081 4828/3960/1080 4827/3957/1080
f 4831/3961/1105 4830/3962/1081 4829/3959/1081
f 4833/3963/1103 4832/3964/1105 4831/3961/1105
f 4835/3965/1101 4834/3966/1103 4833/3963/1103
f 4837/3967/1099 4836/3968/1101 4835/3965/1101
f 4839/3969/2 4838/3970/1099 4837/3967/1099
f 4841/3817/1094 4840/3816/2 4839/3819/2
f 4843/3971/1091 4842/3972/1094 4841/3973/1094
f 4845/3974/1089 4844/3975/1091 4843/3971/1091
f 4847/3976/1087 4846/3977/1089 4845/3974/1089
f 4847/3976/1087 4850/3978/1085 4848/3979/1087
f 4849/3980/1085 4852/3981/1084 4850/3978/1085
f 4851/3982/1084 4854/3983/1082 4852/3984/1084
f 4855/3985/792 4854/3983/1082 4853/3986/1082
f 4857/3987/1079 4856/3988/792 4855/3985/792
f 4857/3987/1079 4860/3989/1104 4858/3990/1079
f 4859/3991/1104 4862/3992/1102 4860/3989/1104
f 4861/3993/1102 4864/3994/1100 4862/3992/1102
f 4865/3995/1097 4864/3994/1100 4863/3996/1100
f 4867/3997/1095 4866/3998/1097 4865/3995/1097
f 4869/3999/1078 4868/4000/1095 4867/3997/1095
f 4807/3940/9 4870/4001/1078 4869/3999/1078
f 4886/3849/474 4807/3850/474 4869/3851/474
f 4875/3895/474 4827/3854/474 4825/3852/474
f 4843/3855/474 4880/3856/474 4845/3857/474
f 4861/3860/474 4885/3876/474 4863/3859/474
f 4817/3863/474 4874/3878/474 4819/3862/474
f 4835/3864/474 4878/3865/474 4837/3866/474
f 4853/3869/474 4883/3882/474 4855/3868/474
f 4871/3896/474 4811/3872/474 4808/3870/474
f 4827/3854/474 4876/3853/474 4829/3873/474
f 4880/3856/474 4847/3875/474 4845/3857/474
f 4863/3859/474 4885/3876/474 4865/3877/474
f 4819/3862/474 4874/3878/474 4821/3879/474
f 4837/3866/474 4879/3880/474 4839/3881/474
f 4855/3868/474 4883/3882/474 4857/3883/474
f 4811/3872/474 4872/3871/474 4813/3884/474
f 4876/3853/474 4831/3886/474 4829/3873/474
f 4847/3875/474 4881/3874/474 4849/3887/474
f 4865/3877/474 4886/3849/474 4867/3888/474
f 4821/3879/474 4875/3895/474 4823/3889/474
f 4839/3881/474 4879/3880/474 4841/3890/474
f 4883/3882/474 4859/3891/474 4857/3883/474
f 4872/3871/474 4815/3892/474 4813/3884/474
f 4831/3886/474 4877/3885/474 4833/3893/474
f 4849/3887/474 4882/3867/474 4851/3894/474
f 4867/3888/474 4886/3849/474 4869/3851/474
f 4823/3889/474 4875/3895/474 4825/3852/474
f 4879/3880/474 4843/3855/474 4841/3890/474
f 4859/3891/474 4884/3858/474 4861/3860/474
f 4815/3892/474 4873/3861/474 4817/3863/474
f 4833/3893/474 4878/3865/474 4835/3864/474
f 4851/3894/474 4882/3867/474 4853/3869/474
f 4807/3850/474 4871/3896/474 4808/3870/474
f 4899/4002/3017 4884/4003/3018 4883/4004/3017
f 4893/4005/3019 4878/4006/3020 4877/4007/3019
f 4884/4003/3018 4901/4008/3021 4885/4009/3021
f 4887/4010/3022 4872/4011/3023 4871/4012/3022
f 4894/4013/3020 4879/4014/3024 4878/4006/3020
f 4885/4009/3021 4902/4015/3025 4886/4016/3025
f 4888/4017/3023 4873/4018/3026 4872/4011/3023
f 4895/4019/3024 4880/4020/3027 4879/4014/3024
f 4902/4015/3025 4871/4021/3022 4886/4016/3025
f 4889/4022/3026 4874/4023/3028 4873/4018/3026
f 4880/4020/3027 4897/4024/3029 4881/4025/3029
f 4890/4026/3028 4875/4027/3030 4874/4023/3028
f 4881/4025/3029 4898/4028/3031 4882/4029/3031
f 4891/4030/3030 4876/4031/3032 4875/4027/3030
f 4898/4028/3031 4883/4004/3017 4882/4029/3031
f 4892/4032/3032 4877/4007/3019 4876/4031/3032
f 4904/3990/1092 4906/3991/9 4903/3989/9
f 4907/3988/1098 4905/3987/1092 4904/3990/1092
f 4909/3983/1096 4908/3985/1098 4907/3988/1098
f 4911/3984/1093 4910/3986/1096 4909/3983/1096
f 4913/3978/1090 4912/4033/1093 4911/3981/1093
f 4915/3979/1088 4914/3980/1090 4913/3978/1090
f 4917/3977/1086 4916/3976/1088 4915/3979/1088
f 4919/3975/793 4918/3974/1086 4917/3977/1086
f 4921/3972/1083 4920/3971/793 4919/3975/793
f 4923/4034/1080 4922/3973/1083 4921/3972/1083
f 4925/3970/1081 4924/3969/1080 4923/4034/1080
f 4927/3968/1105 4926/3967/1081 4925/3970/1081
f 4929/3966/1103 4928/3965/1105 4927/3968/1105
f 4931/3964/1101 4930/3963/1103 4929/3966/1103
f 4933/3962/1099 4932/3961/1101 4931/3964/1101
f 4935/3960/2 4934/3959/1099 4933/3962/1099
f 4937/3958/1094 4936/3957/2 4935/3960/2
f 4939/3956/1091 4938/3955/1094 4937/3958/1094
f 4941/3954/1089 4940/3953/1091 4939/3956/1091
f 4943/3952/1087 4942/3951/1089 4941/3954/1089
f 4943/3952/1087 4946/3947/1085 4944/3949/1087
f 4945/3950/1085 4948/3945/1084 4946/3947/1085
f 4947/3948/1084 4950/3943/1082 4948/3945/1084
f 4951/3944/792 4950/3943/1082 4949/3946/1082
f 4953/3942/1079 4952/3941/792 4951/3944/792
f 4953/3942/1079 4956/3940/1104 4954/3938/1079
f 4955/3939/1104 4958/3999/1102 4956/3940/1104
f 4957/4001/1102 4960/3997/1100 4958/3999/1102
f 4961/3998/1097 4960/3997/1100 4959/4000/1100
f 4963/3994/1095 4962/3995/1097 4961/3998/1097
f 4965/3992/1078 4964/3996/1095 4963/3994/1095
f 4903/3989/9 4966/3993/1078 4965/3992/1078
f 4965/3881/474 4982/3880/474 4903/3890/474
f 4921/3891/474 4971/3858/474 4923/3860/474
f 4975/3871/474 4941/3892/474 4939/3884/474
f 4957/3886/474 4980/3885/474 4959/3893/474
f 4913/3894/474 4969/3867/474 4915/3869/474
f 4973/3849/474 4933/3850/474 4931/3851/474
f 4949/3889/474 4978/3895/474 4951/3852/474
f 4904/3855/474 4967/3856/474 4907/3857/474
f 4923/3860/474 4972/3876/474 4925/3859/474
f 4941/3892/474 4976/3861/474 4943/3863/474
f 4980/3885/474 4961/3864/474 4959/3893/474
f 4969/3867/474 4917/3868/474 4915/3869/474
f 4933/3850/474 4974/3896/474 4935/3870/474
f 4951/3852/474 4979/3853/474 4953/3854/474
f 4907/3857/474 4968/3874/474 4909/3875/474
f 4925/3859/474 4972/3876/474 4927/3877/474
f 4976/3861/474 4945/3862/474 4943/3863/474
f 4961/3864/474 4981/3865/474 4963/3866/474
f 4917/3868/474 4970/3882/474 4919/3883/474
f 4935/3870/474 4975/3871/474 4937/3872/474
f 4953/3854/474 4979/3853/474 4955/3873/474
f 4909/3875/474 4968/3874/474 4911/3887/474
f 4927/3877/474 4973/3849/474 4929/3888/474
f 4945/3862/474 4977/3878/474 4947/3879/474
f 4963/3866/474 4982/3880/474 4965/3881/474
f 4919/3883/474 4971/3858/474 4921/3891/474
f 4937/3872/474 4975/3871/474 4939/3884/474
f 4979/3853/474 4957/3886/474 4955/3873/474
f 4968/3874/474 4913/3894/474 4911/3887/474
f 4929/3888/474 4973/3849/474 4931/3851/474
f 4947/3879/474 4978/3895/474 4949/3889/474
f 4982/3880/474 4904/3855/474 4903/3890/474
f 4988/4025/3077 4973/4035/3078 4972/4024/3077
f 4979/4026/3079 4996/4018/3080 4980/4022/3080
f 4998/4021/3081 4967/4015/3082 4982/4036/3081
f 4989/4020/3078 4974/4019/3083 4973/4035/3078
f 4980/4022/3080 4997/4011/3084 4981/4017/3084
f 4983/4016/3082 4968/4008/3085 4967/4015/3082
f 4990/4014/3083 4975/4013/3086 4974/4019/3083
f 4997/4011/3084 4982/4010/3081 4981/4017/3084
f 4984/4009/3085 4969/4037/3087 4968/4008/3085
f 4975/4013/3086 4992/4007/3088 4976/4005/3088
f 4985/4003/3087 4970/4002/3089 4969/4037/3087
f 4976/4005/3088 4993/4031/3090 4977/4032/3090
f 4986/4004/3089 4971/4028/3091 4970/4002/3089
f 4993/4031/3090 4978/4030/3092 4977/4032/3090
f 4987/4029/3091 4972/4024/3077 4971/4028/3091
f 4994/4027/3092 4979/4026/3079 4978/4030/3092
f 5000/3930/3033 5006/3931/3093 5005/3932/3033
f 4999/3937/3034 5005/3935/3034 5003/3933/3034
f 5002/3935/3035 5004/3937/3035 5006/3934/3035
f 4999/3930/3036 5004/3931/3094 5001/3936/3036
f 5008/3930/3037 5014/3931/3038 5013/3932/3038
f 5008/3933/3039 5011/3934/3039 5007/3935/3039
f 5010/3937/3040 5012/3935/3040 5014/3933/3040
f 5007/3930/3041 5012/3931/3095 5009/3936/3041
f 5016/3930/3096 5022/3931/3042 5021/3932/3096
f 5016/3934/3044 5019/3933/3044 5015/3937/3044
f 5018/3935/3045 5020/3937/3045 5022/3934/3045
f 5015/3930/3046 5020/3931/3047 5017/3936/3046
f 5024/3930/3048 5030/3931/3048 5029/3932/3048
f 5024/3933/3050 5027/3934/3050 5023/3935/3050
f 5026/3937/3051 5028/3935/3051 5030/3933/3051
f 5023/3930/3054 5028/3931/3052 5025/3936/3054
f 5032/3930/3055 5038/3931/3072 5037/3932/3072
f 5031/3935/3056 5037/3937/3056 5035/3934/3056
f 5034/3935/3057 5036/3937/3057 5038/3934/3057
f 5031/3930/3097 5036/3931/3058 5033/3936/3097
f 5040/3930/3059 5046/3931/3060 5045/3932/3061
f 5039/3935/3062 5045/3937/3062 5043/3934/3062
f 5042/3937/3063 5044/3935/3063 5046/3933/3063
f 5039/3930/3064 5044/3931/3076 5041/3936/3064
f 5047/2679/976 5050/2693/977 5048/2677/976
f 5049/2692/977 5052/2691/978 5050/2693/977
f 5052/2691/978 5053/2687/979 5054/2689/979
f 5054/2689/979 5055/2688/980 5056/2686/980
f 5055/2685/980 5058/2682/981 5056/2684/980
f 5057/2683/981 5060/4038/982 5058/2682/981
f 5059/2681/982 5062/2680/983 5060/4038/982
f 5061/2678/983 5048/2677/976 5062/2680/983
f 5130/2874/474 5063/2873/474 5064/2875/474
f 5134/2776/474 5067/2877/474 5136/2879/474
f 5138/2881/474 5067/2877/474 5068/2878/474
f 5140/2968/474 5068/2878/474 5069/2880/474
f 5140/2968/474 5070/2883/474 5142/2882/474
f 5142/2882/474 5071/2885/474 5144/2884/474
f 5146/2886/474 5071/2887/474 5072/2888/474
f 5148/2971/474 5072/2888/474 5073/2889/474
f 5150/2890/474 5073/2889/474 5074/2891/474
f 5152/2892/474 5074/2891/474 5075/2893/474
f 5154/2896/474 5075/2893/474 5076/2894/474
f 5156/2967/474 5076/2894/474 5077/2895/474
f 5158/2969/474 5077/2895/474 5078/2846/474
f 5158/2969/474 5079/2847/474 5160/2845/474
f 5160/2845/474 5080/2898/474 5162/2897/474
f 5162/2897/474 5081/2849/474 5164/2899/474
f 5164/2899/474 5082/2850/474 5166/2848/474
f 5168/2970/474 5082/2850/474 5083/2851/474
f 5170/2852/474 5083/2851/474 5084/2853/474
f 5170/2852/474 5085/2855/474 5172/2854/474
f 5174/2856/474 5085/2855/474 5086/2857/474
f 5174/2856/474 5087/2858/474 5176/2860/474
f 5176/2860/474 5088/2859/474 5178/2966/474
f 5178/2966/474 5089/2862/474 5180/2861/474
f 5180/2861/474 5090/2863/474 5182/2865/474
f 5182/2865/474 5091/2864/474 5184/2867/474
f 5184/2867/474 5092/2866/474 5186/2869/474
f 5188/2871/474 5092/2866/474 5093/2868/474
f 5190/2965/474 5093/2868/474 5094/2870/474
f 5191/2968/243 5096/2878/243 5095/2880/243
f 5189/2949/1078 5192/2956/9 5195/2950/1078
f 5132/2774/474 5066/2775/474 5134/2776/474
f 5175/2912/792 5244/2917/1079 5242/2913/792
f 5147/2910/1080 5216/2915/1081 5214/2911/1080
f 5173/2908/1082 5242/2913/792 5240/2909/1082
f 5212/2907/1083 5147/2910/1080 5214/2911/1080
f 5171/2904/1084 5240/2909/1082 5238/2905/1084
f 5143/2901/793 5212/2907/1083 5210/2902/793
f 5236/2903/1085 5171/2904/1084 5238/2905/1084
f 5141/2963/1086 5210/2902/793 5208/2900/1086
f 5167/2961/1087 5236/2903/1085 5234/2962/1087
f 5206/2960/1088 5141/2963/1086 5208/2900/1086
f 5165/2957/1089 5234/2962/1087 5232/2958/1089
f 5137/2953/1090 5206/2960/1088 5204/2954/1090
f 5163/2951/1091 5232/2958/1089 5230/2952/1091
f 5128/3782/9 5194/2930/1092 5192/2928/9
f 5202/2948/1093 5137/2953/1090 5204/2954/1090
f 5161/2945/1094 5230/2952/1091 5228/2946/1094
f 5187/2943/1095 5195/2950/1078 5254/2944/1095
f 5133/2941/1096 5202/2948/1093 5200/2942/1096
f 5159/2939/2 5228/2946/1094 5226/2940/2
f 5185/2937/1097 5254/2944/1095 5252/2938/1097
f 5131/2935/1098 5200/2942/1096 5197/2936/1098
f 5157/2933/1099 5226/2940/2 5224/2934/1099
f 5183/2931/1100 5252/2938/1097 5250/2932/1100
f 5129/2929/1092 5197/2936/1098 5194/2930/1092
f 5155/2926/1101 5224/2934/1099 5222/2927/1101
f 5181/2924/1102 5250/2932/1100 5248/2925/1102
f 5130/2874/474 5065/2876/474 5132/2774/474
f 5153/2922/1103 5222/2927/1101 5220/2923/1103
f 5246/2921/1104 5181/2924/1102 5248/2925/1102
f 5151/2918/1105 5220/2923/1103 5218/2919/1105
f 5177/2916/1079 5246/2921/1104 5244/2917/1079
f 5216/2915/1081 5151/2918/1105 5218/2919/1105
f 5215/2865/243 5108/2862/243 5107/2863/243
f 5215/2865/243 5106/2864/243 5213/2867/243
f 5213/2867/243 5105/2866/243 5211/2869/243
f 5211/2869/243 5104/2868/243 5209/2871/243
f 5207/2965/243 5104/2868/243 5103/2870/243
f 5253/2884/243 5097/2883/243 5126/2885/243
f 5205/2872/243 5103/2870/243 5102/2873/243
f 5191/2968/243 5097/2883/243 5196/2882/243
f 5205/2872/243 5101/2875/243 5203/2874/243
f 5198/2879/243 5099/2775/243 5098/2877/243
f 5203/2874/243 5100/2876/243 5201/2774/243
f 5201/2774/243 5099/2775/243 5199/2776/243
f 5251/2886/243 5126/2887/243 5125/2888/243
f 5193/2881/243 5098/2877/243 5096/2878/243
f 5249/2971/243 5125/2888/243 5124/2889/243
f 5247/2890/243 5124/2889/243 5123/2891/243
f 5245/2892/243 5123/2891/243 5122/2893/243
f 5245/2892/243 5121/2894/243 5243/2896/243
f 5243/2896/243 5120/2895/243 5241/2967/243
f 5239/2969/243 5120/2895/243 5119/2846/243
f 5237/2845/243 5119/2846/243 5118/2847/243
f 5237/2845/243 5117/2898/243 5235/2897/243
f 5235/2897/243 5116/2849/243 5233/2899/243
f 5233/2899/243 5115/2850/243 5231/2848/243
f 5231/2848/243 5114/2851/243 5229/2970/243
f 5229/2970/243 5113/2853/243 5227/2852/243
f 5225/2854/243 5113/2853/243 5112/2855/243
f 5225/2854/243 5111/2857/243 5223/2856/243
f 5223/2856/243 5110/2858/243 5221/2860/243
f 5221/2860/243 5109/2859/243 5219/2966/243
f 5219/2966/243 5108/2862/243 5217/2861/243
f 5189/3069/3098 5127/3070/474 5128/3071/3099
f 5188/3066/474 5189/3069/3098 5187/3067/3100
f 5185/3065/3101 5188/3066/474 5187/3067/3100
f 5183/3063/3102 5186/3064/474 5185/3065/3101
f 5181/3060/3103 5184/3062/474 5183/3063/3102
f 5179/3058/3104 5182/3061/474 5181/3060/3103
f 5178/3056/474 5179/3058/3104 5177/3057/3105
f 5176/3054/474 5177/3057/3105 5175/3055/3106
f 5173/3051/3107 5176/3054/474 5175/3055/3106
f 5172/3052/474 5173/3051/3107 5171/3102/3108
f 5170/3048/474 5171/3049/3108 5169/3047/3109
f 5168/3046/474 5169/3047/3109 5167/3045/3110
f 5166/3044/474 5167/3045/3110 5165/3042/3111
f 5163/3101/3112 5166/3044/474 5165/3042/3111
f 5161/3041/3113 5164/3043/474 5163/3101/3112
f 5160/3039/474 5161/3041/3113 5159/3037/3114
f 5157/3100/3115 5160/3039/474 5159/3037/3114
f 5155/3099/3116 5158/3038/474 5157/3100/3115
f 5153/3097/3117 5156/3098/474 5155/3099/3116
f 5151/3095/3118 5154/3096/474 5153/3097/3117
f 5149/3092/3119 5152/3094/474 5151/3095/3118
f 5147/3090/3120 5150/3093/474 5149/3092/3119
f 5145/3089/3121 5148/3091/474 5147/3090/3120
f 5143/3087/3122 5146/3088/474 5145/3089/3121
f 5142/3084/474 5143/3087/3122 5141/3085/3123
f 5139/3082/3124 5142/3084/474 5141/3085/3123
f 5138/3081/474 5139/3082/3124 5137/3080/3125
f 5136/3078/474 5137/3080/3125 5135/3079/3126
f 5134/3076/474 5135/3079/3126 5133/3077/3127
f 5132/3075/474 5133/3077/3127 5131/3074/3128
f 5130/3072/474 5131/3074/3128 5129/3073/3129
f 5127/3070/474 5129/3073/3129 5128/3071/3099
f 5197/3081/3130 5193/3079/243 5194/3078/3131
f 5194/3078/3131 5191/3077/243 5192/3076/3132
f 5195/3075/3133 5253/3073/243 5254/3072/3134
f 5253/3073/243 5252/3070/3135 5254/3072/3134
f 5251/3071/243 5250/3068/3136 5252/3070/3135
f 5249/3069/243 5248/3066/3137 5250/3068/3136
f 5248/3066/3137 5245/3065/243 5246/3064/3138
f 5245/3065/243 5244/3062/3139 5246/3064/3138
f 5243/3063/243 5242/3061/3140 5244/3062/3139
f 5241/3060/243 5240/3059/3141 5242/3061/3140
f 5239/3058/243 5238/3056/3142 5240/3059/3141
f 5238/3056/3142 5235/3055/243 5236/3054/3143
f 5236/3054/3143 5233/3051/243 5234/3053/3144
f 5234/3053/3144 5231/3102/243 5232/3052/3145
f 5231/3049/243 5230/3048/3146 5232/3050/3145
f 5230/3048/3146 5227/3045/243 5228/3046/3147
f 5228/3046/3147 5225/3042/243 5226/3044/3148
f 5225/3042/243 5224/3043/3149 5226/3044/3148
f 5223/3101/243 5222/3040/3150 5224/3043/3149
f 5221/3041/243 5220/3039/3151 5222/3040/3150
f 5219/3037/243 5218/3038/3152 5220/3039/3151
f 5217/3100/243 5216/3098/3153 5218/3038/3152
f 5215/3099/243 5214/3096/3154 5216/3098/3153
f 5214/3096/3154 5211/3095/243 5212/3094/3155
f 5211/3095/243 5210/3093/3156 5212/3094/3155
f 5210/3093/3156 5207/3090/243 5208/3091/3157
f 5207/3090/243 5206/3088/3158 5208/3091/3157
f 5205/3089/243 5204/3086/3159 5206/3088/3158
f 5204/3086/3159 5201/3085/243 5202/3084/3160
f 5202/3084/3160 5199/3082/243 5200/3083/3161
f 5200/3083/3161 5198/3080/243 5197/3081/3130
f 5191/3077/243 5195/3075/3133 5192/3076/3132
f 5127/2872/474 5094/2870/474 5063/2873/474
f 5272/4039/3162 5255/4040/3163 5271/4041/3163
f 5273/4042/3164 5257/4043/3162 5272/4039/3162
f 5274/4044/3165 5259/4045/3164 5273/4046/3164
f 5274/4044/3165 5263/4047/3166 5261/4048/3165
f 5276/4049/3167 5263/4047/3166 5275/4050/3166
f 5277/4051/3168 5265/4052/3167 5276/4049/3167
f 5278/4053/3169 5267/4054/3168 5277/4051/3168
f 5329/4055/3170 5355/4056/3170 5331/4057/3170
f 5277/3133/9 5310/3135/3171 5278/3137/9
f 5278/4053/3169 5255/4040/3163 5269/4058/3169
f 5286/4059/3172 5360/4060/3170 5301/4061/3173
f 5319/3176/2 5315/3177/2 5314/3171/2
f 5295/3136/3171 5374/3168/3174 5352/3138/3174
f 5292/3149/3175 5342/3166/3176 5289/3128/3175
f 5279/3132/3177 5327/3169/3178 5330/3167/3178
f 5271/3134/9 5310/3135/3171 5295/3136/3171
f 5298/3149/3179 5358/3166/3180 5299/3128/3179
f 5290/4059/3181 5366/4060/3182 5305/4061/3183
f 5291/4062/3184 5369/4063/3185 5340/4064/3185
f 5268/3127/2 5289/3128/3175 5266/3129/2
f 5287/4062/3186 5363/4063/3187 5334/4064/3187
f 5266/3129/2 5288/3148/3188 5264/3123/2
f 5283/4062/3189 5357/4063/3182 5328/4064/3182
f 5277/3133/9 5306/3130/3190 5307/3132/3190
f 5280/4059/3191 5354/4060/3185 5297/4061/3192
f 5256/3137/2 5279/3132/3177 5282/3135/3193
f 5291/4062/3184 5309/4061/3194 5308/4065/3195
f 5307/3132/3190 5368/3169/3196 5370/3167/3196
f 5276/3131/9 5303/3124/3197 5306/3130/3190
f 5290/4059/3181 5304/4065/3198 5287/4062/3186
f 5302/3148/3197 5364/3147/3199 5303/3124/3197
f 5286/4059/3172 5300/4065/3200 5283/4062/3189
f 5281/4062/3201 5351/4063/3170 5346/4064/3170
f 5256/3158/3202 5312/3152/3203 5258/3151/3203
f 5266/3160/3204 5324/3155/3205 5268/3154/3205
f 5260/3162/3206 5318/3157/3207 5262/3156/3207
f 5262/3156/3207 5320/3122/3208 5264/3121/3208
f 5268/3154/3205 5326/3153/3209 5270/3163/3209
f 5256/3158/3202 5326/3153/3209 5313/3159/3202
f 5266/3160/3204 5320/3122/3208 5322/3120/3204
f 5349/4057/3185 5353/4066/3185 5373/4056/3185
f 5341/4055/3187 5367/4056/3187 5343/4057/3187
f 5335/4055/3182 5361/4056/3182 5337/4057/3182
f 5275/3125/9 5302/3148/3197 5303/3124/3197
f 5268/3127/2 5293/3136/3193 5292/3149/3175
f 5294/4059/3210 5372/4060/3187 5309/4061/3194
f 5260/3131/2 5285/3124/3188 5284/3130/3177
f 5273/3129/9 5302/3148/3197 5274/3123/9
f 5271/3134/9 5298/3149/3179 5272/3127/9
f 5282/3135/3193 5348/3138/3211 5293/3136/3193
f 5281/4062/3201 5297/4061/3192 5296/4065/3212
f 5273/3129/9 5298/3149/3179 5299/3128/3179
f 5256/3137/2 5293/3136/3193 5270/3134/2
f 5285/3124/3188 5333/3146/3213 5336/3147/3213
f 5262/3125/2 5288/3148/3188 5285/3124/3188
f 5258/3151/3203 5316/3150/3206 5260/3175/3206
f 5327/4067/3214 5328/4068/3182 5329/4069/3170
f 5330/4070/3214 5331/4071/3170 5332/4072/3185
f 5333/4073/3213 5334/4074/3187 5335/4075/3182
f 5336/4070/3213 5337/4071/3182 5338/4072/3170
f 5339/4073/3215 5340/4074/3185 5341/4075/3187
f 5342/4076/3216 5343/4077/3217 5344/4078/3182
f 5345/4067/3211 5346/4068/3170 5347/4069/3185
f 5348/4079/3211 5349/4080/3185 5350/4081/3187
f 5351/4082/3170 5352/4083/3174 5353/4084/3185
f 5354/4085/3185 5355/4086/3170 5356/4087/3180
f 5357/4082/3182 5358/4083/3218 5359/4084/3170
f 5360/4085/3170 5361/4086/3182 5362/4087/3199
f 5363/4082/3187 5364/4083/3199 5365/4084/3182
f 5366/4088/3182 5367/4089/3187 5368/4090/3196
f 5369/4091/3185 5370/4092/3219 5371/4093/3187
f 5372/4094/3187 5373/4095/3185 5374/4096/3174
f 5280/4097/3220 5282/4098/3221 5279/4099/3222
f 5283/4100/3223 5285/4099/3224 5286/4097/3225
f 5287/4101/3226 5289/4102/3227 5290/4103/3228
f 5294/4103/3229 5292/4104/3230 5293/4102/3231
f 5307/4105/3232 5309/4106/3233 5310/4107/3234
f 5306/4108/3235 5304/4109/3236 5305/4110/3237
f 5302/4110/3238 5300/4111/3239 5301/4108/3240
f 5295/4108/3241 5297/4109/3242 5298/4111/3243
f 5312/2394/3244 5314/2386/2 5311/2389/2
f 5316/2388/3245 5311/2389/2 5315/2390/2
f 5318/2396/3246 5315/2390/2 5317/2395/2
f 5318/2396/3246 5319/2397/2 5320/2398/3247
f 5320/2399/3247 5321/2383/2 5322/2391/3248
f 5322/2391/3248 5323/2384/2 5324/2382/3249
f 5324/2382/3249 5325/2393/2 5326/2385/3250
f 5313/2387/3251 5325/2393/2 5314/2386/2
f 5329/4108/3170 5330/4109/3214 5327/4110/3214
f 5335/4108/3182 5336/4109/3213 5333/4110/3213
f 5341/4108/3187 5342/4109/3216 5339/4110/3215
f 5349/4111/3185 5345/4110/3211 5347/4108/3185
f 5346/4064/3170 5353/4066/3185 5347/4055/3185
f 5355/4086/3170 5332/4112/3185 5331/4113/3170
f 5328/4064/3182 5359/4066/3170 5329/4055/3170
f 5361/4086/3182 5338/4112/3170 5337/4113/3182
f 5334/4064/3187 5365/4066/3182 5335/4055/3182
f 5367/4089/3187 5344/4078/3182 5343/4077/3217
f 5340/4064/3185 5371/4066/3187 5341/4055/3187
f 5373/4095/3185 5350/4114/3187 5349/4115/3185
f 5373/4116/3185 5352/4083/3174 5374/4117/3174
f 5368/4090/3196 5371/4118/3187 5370/4119/3219
f 5362/4117/3199 5365/4084/3182 5364/4083/3199
f 5356/4117/3180 5359/4084/3170 5358/4083/3218
f 5305/4120/3237 5368/4121/3196 5306/4122/3235
f 5308/4123/3252 5370/4092/3219 5369/4091/3185
f 5285/4099/3224 5338/4072/3170 5286/4097/3225
f 5362/4120/3199 5301/4121/3240 5360/4122/3170
f 5364/4083/3199 5304/4124/3236 5303/4125/3253
f 5288/4104/3254 5334/4074/3187 5333/4073/3213
f 5340/4074/3185 5292/4104/3230 5291/4101/3255
f 5344/4126/3182 5289/4102/3227 5342/4127/3216
f 5346/4068/3170 5282/4098/3221 5281/4100/3256
f 5350/4126/3187 5293/4102/3231 5348/4127/3211
f 5297/4122/3242 5356/4128/3180 5298/4120/3243
f 5300/4124/3239 5358/4083/3218 5357/4082/3182
f 5374/4096/3174 5309/4106/3233 5372/4094/3187
f 5352/4083/3174 5296/4124/3257 5295/4125/3241
f 5328/4068/3182 5284/4098/3258 5283/4100/3223
f 5332/4072/3185 5279/4099/3222 5330/4070/3214
f 5260/3131/2 5279/3132/3177 5258/3133/2
f 5448/4129/3259 5381/4130/3260 5447/4131/3261
f 5376/4132/3262 5387/4133/3263 5375/4134/3264
f 5377/4135/3265 5388/4136/3266 5376/4132/3262
f 5400/4137/3267 5387/4133/3263 5388/4136/3266
f 5390/4138/3268 5377/4139/3265 5378/4140/3269
f 5391/4141/3270 5378/4140/3269 5379/4142/3271
f 5392/4143/3272 5379/4142/3271 5380/4144/3273
f 5393/4145/3274 5380/4144/3273 5381/4130/3260
f 5394/4146/3275 5381/4130/3260 5382/4147/3276
f 5395/4148/3277 5382/4147/3276 5383/4149/3278
f 5384/4150/3279 5395/4148/3277 5383/4149/3278
f 5385/4151/3280 5396/4152/3281 5384/4150/3279
f 5375/4134/3264 5398/4153/3282 5386/4154/3283
f 5401/4155/3284 5388/4136/3266 5389/4156/3285
f 5386/4154/3283 5397/4157/3286 5385/4151/3280
f 5390/4138/3268 5401/4158/3284 5389/4159/3285
f 5391/4141/3270 5402/4160/3287 5390/4138/3268
f 5392/4143/3272 5403/4161/3288 5391/4141/3270
f 5393/4145/3274 5404/4162/3289 5392/4143/3272
f 5394/4146/3275 5405/4163/3290 5393/4145/3274
f 5395/4148/3277 5406/4164/3291 5394/4146/3275
f 5408/4165/3292 5395/4148/3277 5396/4152/3281
f 5409/4166/3293 5396/4152/3281 5397/4157/3286
f 5399/4167/3294 5398/4153/3282 5387/4133/3263
f 5410/4168/3295 5397/4157/3286 5398/4153/3282
f 5411/4169/3296 5410/4168/3295 5399/4167/3294
f 5412/4170/3297 5399/4167/3294 5400/4137/3267
f 5413/4171/3298 5400/4137/3267 5401/4155/3284
f 5402/4160/3287 5413/4172/3298 5401/4158/3284
f 5403/4161/3288 5414/4173/3299 5402/4160/3287
f 5404/4162/3289 5415/4174/3300 5403/4161/3288
f 5405/4163/3290 5416/4175/3301 5404/4162/3289
f 5418/4176/3302 5405/4163/3290 5406/4164/3291
f 5419/4177/3303 5406/4164/3291 5407/4178/3304
f 5408/4165/3292 5419/4177/3303 5407/4178/3304
f 5409/4166/3293 5420/4179/3305 5408/4165/3292
f 5422/4180/3306 5409/4166/3293 5410/4168/3295
f 5419/4181/2 5446/4182/2 5440/4183/2
f 5422/4184/2 5423/4185/2 5431/4186/2
f 5414/4187/2 5425/4188/2 5413/4189/2
f 5417/4190/2 5428/4191/2 5416/4192/2
f 5411/4193/2 5424/4194/2 5423/4185/2
f 5415/4195/2 5426/4196/2 5414/4187/2
f 5423/4197/3307 5445/4198/3308 5431/4199/3309
f 5424/4200/3310 5432/4201/3311 5423/4197/3307
f 5425/4202/3312 5433/4203/3313 5424/4200/3310
f 5435/4204/3314 5425/4205/3312 5426/4206/3315
f 5436/4207/3316 5426/4206/3315 5427/4208/3317
f 5437/4209/3318 5427/4208/3317 5428/4210/3319
f 5438/4211/3320 5428/4210/3319 5429/4212/3321
f 5439/4213/3322 5429/4212/3321 5430/4214/3323
f 5441/4215/3324 5430/4214/3323 5440/4216/3325
f 5446/4217/3326 5441/4215/3324 5440/4216/3325
f 5443/4218/3327 5442/4219/3328 5446/4217/3326
f 5431/4199/3309 5444/4220/3329 5443/4218/3327
f 5419/4181/2 5430/4221/2 5418/4222/2
f 5421/4223/2 5431/4186/2 5443/4224/2
f 5416/4192/2 5427/4225/2 5415/4195/2
f 5412/4226/2 5425/4227/2 5424/4194/2
f 5420/4228/2 5443/4224/2 5446/4182/2
f 5418/4222/2 5429/4229/2 5417/4190/2
f 5466/3709/3330 5447/3718/3331 5465/3719/3331
f 5465/3721/3331 5458/3722/3332 5464/3679/3332
f 5464/3679/3332 5457/3680/3333 5463/3681/3333
f 5462/3714/3334 5457/3680/3333 5456/3713/3334
f 5462/3714/3334 5455/3716/3335 5461/3715/3335
f 5461/3715/3335 5454/3711/3336 5460/3717/3336
f 5460/3717/3336 5453/3712/3337 5459/3710/3337
f 5470/3723/3338 5453/3712/3337 5452/3677/3338
f 5469/3676/3339 5452/3677/3338 5451/3678/3339
f 5468/3673/3340 5451/3678/3339 5450/3720/3340
f 5468/3673/3340 5449/3674/3341 5467/3675/3341
f 5467/3675/3341 5448/3708/3330 5466/3709/3330
f 5467/3452/2 5480/3499/3342 5468/3500/3342
f 5468/3500/3342 5481/3506/3343 5469/3503/3343
f 5461/3517/9 5474/3512/3344 5462/3513/3344
f 5462/3513/3344 5475/3508/3345 5463/3509/3345
f 5470/3507/792 5471/3514/3346 5459/3511/3346
f 5463/3509/3345 5476/3504/793 5464/3505/793
f 5464/3505/793 5477/3501/3347 5465/3502/3347
f 5469/3503/3343 5482/3510/792 5470/3507/792
f 5465/3502/3347 5478/3520/3348 5466/3450/3348
f 5466/3450/3348 5479/3451/2 5467/3452/2
f 5459/3511/3346 5472/3518/3349 5460/3515/3349
f 5460/3515/3349 5473/3556/9 5461/3519/9
f 5480/3715/3350 5491/3713/3351 5492/3716/3350
f 5481/3717/3352 5492/3716/3350 5493/3711/3352
f 5474/3675/3353 5485/3720/3354 5486/3674/3353
f 5474/3675/3353 5487/3708/3355 5475/3709/3355
f 5482/3710/3356 5483/3677/3357 5471/3723/3357
f 5476/3719/3358 5487/3708/3355 5488/3718/3358
f 5476/3721/3358 5489/3722/3359 5477/3679/3359
f 5482/3710/3356 5493/3711/3352 5494/3712/3356
f 5478/3681/3360 5489/3722/3359 5490/3680/3360
f 5478/3681/3360 5491/3713/3351 5479/3714/3351
f 5471/3723/3357 5484/3678/3361 5472/3676/3361
f 5472/3676/3361 5485/3720/3354 5473/3673/3354
f 5484/3512/3349 5497/3517/9 5485/3516/9
f 5491/3451/2 5504/3450/3342 5492/3520/3342
f 5492/3520/3342 5505/3502/3343 5493/3501/3343
f 5486/3518/3344 5497/3519/9 5498/3515/3344
f 5487/3514/3345 5498/3515/3344 5499/3511/3345
f 5494/3504/792 5495/3509/3346 5483/3508/3346
f 5487/3514/3345 5500/3507/793 5488/3510/793
f 5489/3506/3347 5500/3507/793 5501/3503/3347
f 5493/3501/3343 5506/3505/792 5494/3504/792
f 5490/3499/3348 5501/3503/3347 5502/3500/3348
f 5491/3451/2 5502/3500/3348 5503/3452/2
f 5483/3508/3346 5496/3513/3349 5484/3512/3349
f 5496/3475/3362 5507/3476/3363 5508/3477/3362
f 5496/3475/3362 5509/3484/3364 5497/3481/3364
f 5503/3494/3365 5516/3493/3366 5504/3497/3366
f 5504/3497/3366 5517/3490/3367 5505/3489/3367
f 5498/3483/3368 5509/3484/3364 5510/3482/3368
f 5499/3486/3369 5510/3482/3368 5511/3485/3369
f 5495/3491/3363 5518/3521/3370 5507/3476/3363
f 5500/3479/3371 5511/3485/3369 5512/3480/3371
f 5501/3487/3372 5512/3480/3371 5513/3478/3372
f 5505/3489/3367 5518/3488/3370 5506/3496/3370
f 5501/3487/3372 5514/3492/3373 5502/3498/3373
f 5502/3498/3373 5515/3495/3365 5503/3494/3365
f 5385/4151/3280 5450/4230/3374 5451/4231/3375
f 5386/4154/3283 5451/4231/3375 5452/4232/3376
f 5375/4134/3264 5452/4232/3376 5453/4233/3377
f 5376/4132/3262 5453/4233/3377 5454/4234/3378
f 5377/4135/3265 5454/4234/3378 5455/4235/3379
f 5456/4236/3380 5377/4139/3265 5455/4237/3379
f 5457/4238/3381 5378/4140/3269 5456/4236/3380
f 5447/4131/3261 5380/4144/3273 5458/4239/3382
f 5449/4240/3383 5382/4147/3276 5448/4129/3259
f 5458/4239/3382 5379/4142/3271 5457/4238/3381
f 5384/4150/3279 5449/4240/3383 5450/4230/3374
f 5508/2519/3349 5519/2520/3346 5520/2517/3349
f 5512/2533/793 5523/2538/3345 5524/2536/793
f 5512/2533/793 5525/2534/3347 5513/2531/3347
f 5517/2525/3343 5530/2522/792 5518/2523/792
f 5513/2531/3347 5526/2532/3348 5514/2530/3348
f 5514/2530/3348 5527/2528/2 5515/2529/2
f 5509/2518/9 5520/2517/3349 5521/3444/9
f 5515/2529/2 5528/2526/3342 5516/2527/3342
f 5516/2527/3342 5529/2524/3343 5517/2525/3343
f 5510/2537/3344 5521/3446/9 5522/2540/3344
f 5511/2535/3345 5522/2540/3344 5523/2538/3345
f 5518/2523/792 5519/2520/3346 5507/2521/3346
f 5522/4241/243 5545/4242/243 5546/4243/243
f 5522/4241/243 5547/4244/243 5523/4245/243
f 5542/4187/474 5566/4188/474 5541/4189/474
f 5520/4246/243 5543/4247/243 5544/4248/243
f 5521/4249/243 5544/4248/243 5545/4250/243
f 5542/4187/474 5555/4225/474 5565/4196/474
f 5530/4251/243 5554/4252/243 5553/4253/243
f 5540/4226/474 5563/4185/474 5539/4193/474
f 5541/4254/474 5564/4194/474 5540/4226/474
f 5530/4251/243 5543/4247/243 5519/4255/243
f 5538/4184/474 5561/4224/474 5537/4223/474
f 5539/4193/474 5562/4186/474 5538/4184/474
f 5554/4211/3343 5565/4210/792 5553/4209/792
f 5549/4220/3347 5562/4217/3348 5550/4219/3348
f 5550/4219/3348 5563/4216/2 5551/4215/2
f 5543/4207/3346 5556/4206/3349 5544/4204/3349
f 5544/4204/3349 5557/4205/9 5545/4256/9
f 5551/4215/2 5564/4214/3342 5552/4213/3342
f 5552/4213/3342 5566/4212/3343 5554/4211/3343
f 5545/4257/9 5558/4200/3344 5546/4203/3344
f 5546/4203/3344 5559/4197/3345 5547/4201/3345
f 5553/4209/792 5555/4208/3346 5543/4207/3346
f 5547/4201/3345 5560/4199/793 5548/4198/793
f 5548/4198/793 5561/4218/3347 5549/4220/3347
f 5532/4192/474 5557/4229/474 5556/4191/474
f 5524/4258/243 5549/4259/243 5525/4260/243
f 5532/4192/474 5555/4225/474 5531/4195/474
f 5524/4258/243 5547/4244/243 5548/4261/243
f 5534/4222/474 5559/4183/474 5558/4221/474
f 5526/4262/243 5551/4263/243 5527/4264/243
f 5534/4222/474 5557/4229/474 5533/4190/474
f 5525/4260/243 5550/4265/243 5526/4262/243
f 5536/4228/474 5561/4224/474 5560/4182/474
f 5529/4266/243 5552/4267/243 5554/4252/243
f 5536/4228/474 5559/4183/474 5535/4181/474
f 5528/4268/243 5551/4263/243 5552/4267/243
f 5580/4229/3384 5578/4222/3385 5579/4221/3385
f 5581/4196/3386 5573/4189/3387 5574/4187/3386
f 5583/4225/3388 5574/4187/3386 5575/4195/3388
f 5584/4182/3389 5567/4181/3390 5568/4228/3389
f 5584/4182/3389 5569/4223/3391 5586/4224/3391
f 5583/4225/3388 5576/4192/3392 5587/4191/3392
f 5587/4191/3392 5577/4190/3384 5580/4229/3384
f 5586/4224/3391 5570/4184/3393 5588/4186/3393
f 5588/4186/3393 5571/4193/3394 5589/4185/3394
f 5585/4183/3390 5578/4222/3385 5567/4181/3390
f 5590/4194/3395 5571/4193/3394 5572/4226/3395
f 5582/4227/3387 5572/4226/3395 5573/4254/3387
f 5536/4197/3396 5582/4203/3397 5537/4200/3397
f 5535/4199/3398 5590/4201/3396 5536/4197/3396
f 5542/4212/3399 5585/4213/3400 5531/4214/3400
f 5534/4218/3401 5589/4198/3398 5535/4199/3398
f 5533/4217/3402 5588/4220/3401 5534/4218/3401
f 5541/4210/3403 5587/4207/3404 5580/4209/3403
f 5540/4208/3404 5583/4204/3405 5587/4207/3404
f 5532/4216/3406 5586/4219/3402 5533/4217/3402
f 5531/4214/3400 5584/4215/3406 5532/4216/3406
f 5539/4206/3405 5581/4256/3407 5583/4204/3405
f 5537/4200/3397 5581/4257/3407 5538/4202/3407
f 5542/4212/3399 5580/4209/3403 5579/4211/3399
f 5577/4261/474 5600/4260/474 5601/4258/474
f 5570/4247/474 5593/4246/474 5594/4255/474
f 5571/4253/474 5594/4255/474 5595/4251/474
f 5578/4244/474 5591/4241/474 5567/4243/474
f 5572/4252/474 5595/4251/474 5596/4266/474
f 5572/4252/474 5597/4268/474 5573/4267/474
f 5578/4244/474 5601/4258/474 5602/4245/474
f 5573/4267/474 5598/4264/474 5574/4263/474
f 5574/4263/474 5599/4262/474 5575/4265/474
f 5567/4243/474 5592/4269/474 5568/4242/474
f 5569/4248/474 5592/4249/474 5593/4246/474
f 5576/4259/474 5599/4262/474 5600/4260/474
f 5620/4192/3347 5612/4225/3348 5619/4195/3348
f 5615/4226/3343 5614/4227/3342 5603/4194/3343
f 5619/4195/3348 5613/4196/2 5618/4187/2
f 5625/4223/3349 5605/4186/3346 5606/4224/3349
f 5624/4228/9 5606/4224/3349 5607/4182/9
f 5616/4193/792 5603/4194/3343 5604/4185/792
f 5626/4184/3346 5604/4185/792 5605/4186/3346
f 5621/4190/793 5611/4191/3347 5620/4192/3347
f 5617/4189/3342 5613/4196/2 5614/4188/3342
f 5628/4270/474 5608/4271/474 5607/4272/474
f 5599/4273/2 5635/4274/3348 5636/4275/2
f 5629/4243/243 5624/4269/243 5630/4242/243
f 5628/4270/474 5611/4276/474 5610/4277/474
f 5624/4228/9 5608/4183/3344 5623/4181/3344
f 5639/4259/243 5616/4258/243 5638/4261/243
f 5628/4270/474 5607/4272/474 5606/4278/474
f 5598/4279/3348 5634/4280/3347 5635/4274/3348
f 5628/4270/474 5605/4281/474 5604/4282/474
f 5632/4247/243 5621/4251/243 5633/4253/243
f 5628/4270/474 5614/4283/474 5613/4284/474
f 5613/4284/474 5612/4285/474 5628/4270/474
f 5622/4222/3345 5610/4229/793 5621/4190/793
f 5594/4286/3344 5630/4287/9 5631/4288/3344
f 5592/4289/3349 5630/4290/9 5593/4291/9
f 5595/4289/3345 5631/4288/3344 5632/4292/3345
f 5628/4270/474 5612/4285/474 5611/4276/474
f 5599/4273/2 5637/4293/3342 5600/4294/3342
f 5591/4286/3346 5629/4292/3349 5592/4289/3349
f 5601/4295/3343 5638/4296/792 5602/4297/792
f 5600/4294/3342 5639/4298/3343 5601/4295/3343
f 5628/4270/474 5603/4299/474 5614/4283/474
f 5628/4270/474 5610/4277/474 5609/4300/474
f 5623/4181/3344 5609/4221/3345 5622/4222/3345
f 5639/4259/243 5617/4262/243 5615/4260/243
f 5637/4265/243 5618/4264/243 5617/4262/243
f 5628/4270/474 5609/4300/474 5608/4271/474
f 5635/4267/243 5618/4264/243 5636/4263/243
f 5634/4252/243 5619/4268/243 5635/4267/243
f 5597/4301/3347 5633/4302/793 5634/4280/3347
f 5602/4303/792 5627/4288/3346 5591/4286/3346
f 5628/4270/474 5604/4282/474 5603/4299/474
f 5627/4244/243 5616/4258/243 5626/4245/243
f 5627/4244/243 5625/4241/243 5629/4243/243
f 5632/4247/243 5623/4246/243 5622/4255/243
f 5631/4248/243 5624/4249/243 5623/4246/243
f 5634/4252/243 5621/4251/243 5620/4266/243
f 5596/4291/793 5632/4292/3345 5633/4290/793
f 5628/4270/474 5606/4278/474 5605/4281/474
f 5653/4304/2 5640/4305/2 5651/4306/2
f 5658/4307/793 5650/4308/793 5656/4309/793
f 5647/4310/474 5652/4311/474 5657/4312/474
f 5644/4313/792 5645/4314/792 5641/4315/792
f 5648/4316/9 5655/4317/9 5646/4318/9
f 5642/4319/3408 5643/4320/3409 5644/4321/3410
f 5647/4322/3411 5648/4316/3412 5649/4323/3413
f 5652/4324/3414 5653/4304/3415 5654/4325/3416
f 5657/4326/3417 5658/4307/3418 5659/4327/3419
f 5642/4328/3408 5641/4315/3420 5640/4329/3421
f 5647/4330/3411 5644/4313/3410 5643/4331/3409
f 5646/4332/3422 5649/4333/3413 5648/4334/3412
f 5657/4312/3417 5648/4316/3412 5647/4310/3411
f 5656/4309/3423 5659/4327/3419 5658/4307/3418
f 5652/4335/3414 5658/4307/3418 5657/4326/3417
f 5651/4336/3424 5654/4337/3416 5653/4338/3415
f 5643/4320/3409 5653/4304/3415 5652/4324/3414
s 0
f 5710/4339/1 5748/4340/1 5671/4341/1
f 5667/42/2 5682/21/2 5703/19/2
f 5756/36/3 5714/37/3 5677/38/3
f 5711/6/2 5693/122/2 5690/5/2
f 5772/40/4 5716/39/4 5685/72/4
f 5739/4342/5 5706/4343/5 5665/4344/5
f 5674/39/2 5712/40/2 5720/41/2
f 5728/4345/6 5698/4346/6 5661/4347/6
f 5735/4348/7 5664/4349/7 5702/4350/7
f 5697/76/2 5713/12/2 5662/10/2
f 5727/4351/8 5701/4352/8 5699/4353/8
f 5669/14/2 5723/13/2 5694/71/2
f 5787/20/7 5695/19/7 5722/42/7
f 5764/122/1 5676/6/1 5680/4/1
f 5704/37/2 5689/36/2 5687/70/2
f 5763/7/5 5721/8/5 5715/9/5
f 5750/38/9 5786/70/9 5753/37/9
f 5743/15/9 5779/71/9 5746/14/9
f 5754/9/9 5762/28/9 5730/8/9
f 5747/4/9 5783/5/9 5749/6/9
f 5738/72/9 5775/41/9 5742/39/9
f 5758/33/9 5733/32/9 5726/35/9
f 5766/11/9 5737/10/9 5734/76/9
f 5761/20/9 5725/19/9 5731/42/9
f 5717/15/10 5765/71/10 5683/14/10
f 5740/4354/3 5709/4355/3 5707/4356/3
f 5700/35/2 5679/34/2 5696/32/2
f 5666/8/2 5686/7/2 5719/28/2
f 5776/11/6 5684/10/6 5688/76/6
f 5751/4357/10 5672/4358/10 5668/4359/10
f 5780/33/8 5691/32/8 5692/35/8
f 5660/78/11 5662/77/2 5663/92/2
f 5664/94/3425 5666/95/2 5667/96/2
f 5669/108/2 5671/103/12 5668/101/13
f 5673/91/4 5675/100/2 5672/90/10
f 5676/90/1 5678/89/3426 5679/100/2
f 5681/108/21 5683/103/10 5680/101/1
f 5685/98/4 5687/97/2 5684/104/6
f 5688/105/23 5690/96/2 5691/94/8
f 5692/93/8 5694/85/2 5695/83/7
f 5697/86/2 5699/87/16 5696/88/2
f 5701/83/15 5703/84/2 5700/85/2
f 5704/99/2 5706/104/18 5707/98/19
f 5708/80/2 5710/81/20 5711/82/2
f 5713/92/21 5715/79/5 5712/77/2
f 5716/107/4 5718/82/3427 5719/80/2
f 5721/106/5 5723/88/3428 5720/86/21
f 5725/99/9 5727/104/8 5724/98/6
f 5729/81/11 5731/80/9 5728/107/23
f 5732/105/15 5734/96/9 5735/94/27
f 5736/93/7 5738/85/9 5739/83/5
f 5741/87/18 5743/86/9 5740/106/19
f 5744/78/20 5746/77/9 5747/92/9
f 5748/91/12 5750/100/9 5751/90/13
f 5753/108/9 5755/103/4 5752/101/10
f 5757/101/12 5759/102/9 5756/103/3
f 5761/82/9 5763/107/5 5760/81/3
f 5765/91/10 5767/100/3429 5764/90/1
f 5769/79/11 5771/92/9 5768/78/10
f 5772/106/4 5774/88/25 5775/86/9
f 5776/83/6 5778/84/26 5779/85/9
f 5780/94/8 5782/95/26 5783/96/9
f 5784/98/18 5786/97/9 5787/104/7
f 5669/108/2 5672/90/10 5675/100/2
f 5663/92/2 5673/91/4 5660/78/4
f 5680/101/1 5679/100/2 5681/108/2
f 5688/105/23 5687/97/3430 5689/95/2
f 5691/94/15 5693/112/2 5692/109/8
f 5694/71/2 5670/4/2 5669/14/2
f 5696/88/2 5701/83/8 5700/85/2
f 5704/99/2 5709/107/3 5708/80/2
f 5721/106/18 5712/77/2 5715/79/5
f 5722/42/7 5784/28/5 5787/20/7
f 5707/4356/3 5741/4360/5 5740/4354/3
f 5745/4361/3 5710/4339/1 5709/4355/3
f 5724/98/6 5731/80/9 5725/99/9
f 5732/105/8 5726/97/9 5733/95/9
f 5735/94/27 5737/112/9 5736/109/7
f 5739/83/5 5742/88/9 5741/87/5
f 5745/79/3 5743/86/9 5746/77/9
f 5744/78/1 5749/89/9 5748/91/12
f 5752/101/10 5750/100/9 5753/108/9
f 5755/103/4 5730/82/9 5729/81/4
f 5761/82/26 5756/103/19 5759/102/9
f 5758/108/9 5764/90/1 5767/100/9
f 5766/89/9 5768/78/13 5771/92/9
f 5775/86/9 5769/79/11 5772/106/4
f 5774/88/24 5776/83/23 5779/85/9
f 5783/96/9 5777/109/15 5780/94/8
f 5786/97/9 5781/105/7 5787/104/7
f 5762/80/9 5784/98/18 5763/107/5
f 5778/122/9 5746/14/9 5779/71/9
f 5749/6/9 5782/36/9 5750/38/9
f 5738/126/9 5771/12/9 5770/123/9
f 5742/39/9 5774/13/9 5743/15/9
f 5726/35/9 5759/21/9 5758/33/9
f 5767/34/9 5734/76/9 5733/32/9
f 5786/70/9 5754/9/9 5753/37/9
f 5761/20/9 5730/8/9 5762/28/9
f 5724/4362/6 5699/4353/15 5698/4346/6
f 5715/9/5 5760/70/3 5763/7/5
f 5732/4363/8 5702/4350/7 5701/4352/8
f 5768/13/10 5716/39/4 5769/41/4
f 5662/77/2 5698/106/6 5697/86/2
f 5667/96/2 5702/109/27 5664/94/7
f 5705/97/2 5665/105/5 5706/104/5
f 5670/102/2 5710/81/1 5671/103/12
f 5677/91/19 5713/92/14 5678/89/2
f 5717/81/13 5682/102/21 5718/82/2
f 5716/107/11 5686/99/2 5685/98/4
f 5695/83/7 5723/88/14 5722/87/7
f 5708/38/2 5690/5/2 5689/36/2
f 5718/20/2 5666/8/2 5719/28/2
f 5687/70/2 5705/9/2 5704/37/2
f 5678/11/2 5696/32/2 5679/34/2
f 5703/19/2 5681/33/2 5700/35/2
f 5674/39/2 5723/13/2 5675/15/2
f 5663/126/2 5713/12/2 5712/123/2
f 5672/4358/10 5755/4364/4 5673/4365/4
f 5692/35/8 5781/21/7 5780/33/8
f 5748/4340/1 5668/4366/10 5671/4341/1
f 5688/76/6 5777/34/15 5776/11/6
f 5773/12/6 5685/126/4 5684/10/6
f 5729/4367/4 5661/4347/6 5660/4368/4
f 5677/38/3 5757/5/1 5756/36/3
f 5680/4/1 5765/71/10 5764/122/1
f 5736/4369/7 5665/4344/5 5664/4349/7
f 5673/4365/4 5729/4367/4 5660/4368/4
s 1
f 5805/4039/3162 5788/4040/3163 5804/4041/3163
f 5806/4042/3164 5790/4043/3162 5805/4039/3162
f 5807/4044/3165 5792/4045/3164 5806/4046/3164
f 5807/4044/3165 5796/4047/3166 5794/4048/3165
f 5809/4049/3167 5796/4047/3166 5808/4050/3166
f 5810/4051/3168 5798/4052/3167 5809/4049/3167
f 5811/4053/3169 5800/4054/3168 5810/4051/3168
f 5862/4055/3170 5888/4056/3170 5864/4057/3170
f 5810/3133/9 5843/3135/3171 5811/3137/9
f 5811/4053/3169 5788/4040/3163 5802/4058/3169
f 5819/4059/3172 5893/4060/3170 5834/4061/3173
f 5858/3172/2 5856/3173/2 5848/3177/2
f 5828/3136/3171 5907/3168/3174 5885/3138/3174
f 5825/3149/3175 5875/3166/3176 5822/3128/3175
f 5812/3132/3177 5860/3169/3178 5863/3167/3178
f 5804/3134/9 5843/3135/3171 5828/3136/3171
f 5831/3149/3179 5891/3166/3180 5832/3128/3179
f 5823/4059/3181 5899/4060/3182 5838/4061/3183
f 5824/4062/3184 5902/4063/3185 5873/4064/3185
f 5801/3127/2 5822/3128/3175 5799/3129/2
f 5820/4062/3186 5896/4063/3187 5867/4064/3187
f 5799/3129/2 5821/3148/3188 5797/3123/2
f 5816/4062/3189 5890/4063/3182 5861/4064/3182
f 5810/3133/9 5839/3130/3190 5840/3132/3190
f 5813/4059/3191 5887/4060/3185 5830/4061/3192
f 5791/3133/2 5815/3135/3193 5789/3137/2
f 5824/4062/3184 5842/4061/3194 5841/4065/3195
f 5840/3132/3190 5901/3169/3196 5903/3167/3196
f 5809/3131/9 5836/3124/3197 5839/3130/3190
f 5823/4059/3181 5837/4065/3198 5820/4062/3186
f 5835/3148/3197 5897/3147/3199 5836/3124/3197
f 5819/4059/3172 5833/4065/3200 5816/4062/3189
f 5814/4062/3201 5884/4063/3170 5879/4064/3170
f 5789/3158/3202 5845/3152/3203 5791/3151/3203
f 5799/3160/3204 5857/3155/3205 5801/3154/3205
f 5793/3162/3206 5851/3157/3207 5795/3156/3207
f 5795/3156/3207 5853/3122/3208 5797/3121/3208
f 5801/3154/3205 5859/3153/3209 5803/3163/3209
f 5789/3158/3202 5859/3153/3209 5846/3159/3202
f 5799/3160/3204 5853/3122/3208 5855/3120/3204
f 5882/4057/3185 5886/4066/3185 5906/4056/3185
f 5874/4055/3187 5900/4056/3187 5876/4057/3187
f 5868/4055/3182 5894/4056/3182 5870/4057/3182
f 5808/3125/9 5835/3148/3197 5836/3124/3197
f 5801/3127/2 5826/3136/3193 5825/3149/3175
f 5827/4059/3210 5905/4060/3187 5842/4061/3194
f 5793/3131/2 5818/3124/3188 5817/3130/3177
f 5806/3129/9 5835/3148/3197 5807/3123/9
f 5804/3134/9 5831/3149/3179 5805/3127/9
f 5815/3135/3193 5881/3138/3211 5826/3136/3193
f 5814/4062/3201 5830/4061/3192 5829/4065/3212
f 5806/3129/9 5831/3149/3179 5832/3128/3179
f 5789/3137/2 5826/3136/3193 5803/3134/2
f 5818/3124/3188 5866/3146/3213 5869/3147/3213
f 5795/3125/2 5821/3148/3188 5818/3124/3188
f 5791/3151/3203 5849/3150/3206 5793/3175/3206
f 5860/4067/3214 5861/4068/3182 5862/4069/3170
f 5863/4070/3214 5864/4071/3170 5865/4072/3185
f 5866/4073/3213 5867/4074/3187 5868/4075/3182
f 5869/4070/3213 5870/4071/3182 5871/4072/3170
f 5872/4073/3215 5873/4074/3185 5874/4075/3187
f 5875/4076/3216 5876/4077/3217 5877/4078/3182
f 5878/4067/3211 5879/4068/3170 5880/4069/3185
f 5881/4079/3211 5882/4080/3185 5883/4081/3187
f 5884/4082/3170 5885/4083/3431 5886/4084/3185
f 5887/4085/3185 5888/4086/3170 5889/4087/3180
f 5890/4082/3182 5891/4083/3218 5892/4084/3170
f 5893/4085/3170 5894/4086/3182 5895/4087/3199
f 5896/4082/3187 5897/4083/3199 5898/4084/3182
f 5899/4088/3182 5900/4089/3187 5901/4090/3196
f 5902/4091/3185 5903/4092/3219 5904/4093/3187
f 5905/4094/3187 5906/4095/3185 5907/4096/3174
f 5813/4097/3220 5815/4098/3432 5812/4099/3222
f 5816/4100/3223 5818/4099/3224 5819/4097/3225
f 5820/4101/3226 5822/4102/3227 5823/4103/3228
f 5827/4103/3229 5825/4104/3230 5826/4102/3433
f 5840/4105/3232 5842/4106/3233 5843/4107/3234
f 5839/4108/3235 5837/4109/3236 5838/4110/3237
f 5835/4110/3238 5833/4111/3239 5834/4108/3240
f 5828/4110/3241 5830/4111/3242 5831/4109/3243
f 5845/2394/3244 5847/2386/2 5844/2389/2
f 5849/2388/3245 5844/2389/2 5848/2390/2
f 5851/2396/3246 5848/2390/2 5850/2395/2
f 5851/2396/3246 5852/2397/2 5853/2398/3247
f 5853/2399/3247 5854/2383/2 5855/2391/3248
f 5855/2391/3248 5856/2384/2 5857/2382/3249
f 5857/2382/3249 5858/2393/2 5859/2385/3250
f 5846/2387/3251 5858/2393/2 5847/2386/2
f 5862/4108/3170 5863/4109/3214 5860/4110/3214
f 5868/4109/3182 5869/4108/3213 5866/4111/3213
f 5874/4108/3187 5875/4109/3216 5872/4110/3215
f 5882/4111/3185 5878/4110/3211 5880/4108/3185
f 5879/4064/3170 5886/4066/3185 5880/4055/3185
f 5888/4086/3170 5865/4112/3185 5864/4113/3170
f 5861/4064/3182 5892/4066/3170 5862/4055/3170
f 5894/4086/3182 5871/4112/3170 5870/4113/3182
f 5867/4064/3187 5898/4066/3182 5868/4055/3182
f 5900/4089/3187 5877/4078/3182 5876/4077/3217
f 5873/4064/3185 5904/4066/3187 5874/4055/3187
f 5906/4095/3185 5883/4114/3187 5882/4115/3185
f 5906/4116/3185 5885/4083/3431 5907/4117/3174
f 5901/4090/3196 5904/4118/3187 5903/4119/3219
f 5895/4117/3199 5898/4084/3182 5897/4083/3199
f 5889/4117/3180 5892/4084/3170 5891/4083/3218
f 5838/4121/3237 5901/4120/3196 5839/4128/3235
f 5841/4123/3252 5903/4092/3219 5902/4091/3185
f 5818/4099/3224 5871/4072/3170 5819/4097/3225
f 5895/4121/3199 5834/4120/3240 5893/4128/3170
f 5897/4083/3199 5837/4124/3236 5836/4125/3253
f 5821/4104/3254 5867/4074/3187 5866/4073/3213
f 5873/4074/3185 5825/4104/3230 5824/4101/3255
f 5877/4126/3182 5822/4102/3227 5875/4127/3216
f 5879/4068/3170 5815/4098/3432 5814/4100/3256
f 5883/4126/3187 5826/4102/3433 5881/4127/3211
f 5830/4122/3242 5889/4128/3180 5831/4120/3243
f 5833/4124/3239 5891/4083/3218 5890/4082/3182
f 5907/4096/3174 5842/4106/3233 5905/4094/3187
f 5885/4083/3431 5829/4124/3257 5828/4125/3241
f 5861/4068/3182 5817/4098/3258 5816/4100/3223
f 5865/4072/3185 5812/4099/3222 5863/4070/3214
f 5793/3131/2 5812/3132/3177 5791/3133/2
s 0
f 51/1/1 85/4370/1 89/2/1
f 8/4/2 59/122/2 23/5/2
f 97/7/3 101/28/3 55/8/3
f 52/10/2 11/76/2 34/11/2
f 113/13/4 110/71/4 57/14/4
f 80/16/5 82/110/5 47/17/5
f 15/19/2 4/42/2 53/20/2
f 69/22/6 65/120/6 39/23/6
f 43/25/7 76/4371/7 77/26/7
f 38/9/2 19/7/2 54/28/2
f 68/29/8 73/4372/8 42/30/8
f 10/32/2 16/35/2 64/33/2
f 128/33/7 122/34/7 36/32/7
f 105/36/1 98/70/1 17/37/1
f 45/39/2 49/72/2 30/40/2
f 104/20/5 125/21/5 62/19/5
f 91/43/9 123/114/9 127/44/9
f 84/46/9 115/4373/9 120/47/9
f 95/49/9 126/4374/9 103/50/9
f 88/52/9 119/113/9 124/53/9
f 79/55/9 111/4375/9 116/56/9
f 99/58/9 108/119/9 74/59/9
f 107/61/9 112/4376/9 78/62/9
f 102/64/9 100/118/9 66/65/9
f 58/4/10 109/122/10 106/5/10
f 81/67/3 86/111/3 50/68/3
f 41/38/2 22/36/2 20/70/2
f 7/14/2 46/15/2 27/13/2
f 117/40/6 114/41/6 25/39/6
f 92/73/10 93/4377/10 13/74/10
f 121/11/8 118/12/8 32/10/8
f 1/77/11 2/92/23 3/78/2
f 6/80/3434 7/107/2 8/81/2
f 10/83/2 11/93/2 12/84/12
f 14/86/3435 15/106/2 16/87/2
f 17/89/12 18/100/3 19/90/2
f 21/92/1 22/78/2 23/79/3430
f 26/85/4 27/83/2 28/93/22
f 30/94/3436 31/105/14 32/95/8
f 33/97/8 34/104/2 35/98/14
f 38/91/2 39/89/6 40/100/8
f 41/101/2 42/108/15 43/102/17
f 45/104/2 46/98/2 47/99/18
f 49/105/2 50/95/3 51/96/1
f 54/101/2 55/108/3 56/102/5
f 57/88/11 58/86/10 59/106/2
f 62/82/18 63/80/7 64/107/2
f 66/77/9 67/92/9 68/78/16
f 70/87/11 71/88/9 72/86/9
f 74/89/9 75/100/9 76/90/17
f 78/108/9 79/102/9 80/103/3434
f 82/81/18 83/82/9 84/80/9
f 85/104/1 86/98/3 87/99/9
f 89/105/12 90/95/9 91/96/9
f 94/84/9 95/85/9 96/83/3435
f 98/105/1 99/95/9 100/96/26
f 102/84/3429 103/85/9 104/83/5
f 105/104/1 106/98/10 107/99/9
f 110/81/4 111/82/9 112/80/3429
f 113/103/4 114/101/6 115/108/9
f 118/91/8 119/89/26 120/100/3437
f 121/78/8 122/79/7 123/77/9
f 125/87/5 126/88/9 127/86/25
f 10/83/2 9/85/13 13/88/10
f 4/79/2 15/106/2 14/86/4
f 21/92/1 17/89/12 20/91/2
f 29/96/23 25/112/6 28/109/2
f 32/95/15 31/105/2 34/104/2
f 35/34/2 34/11/2 11/76/2
f 37/90/2 40/100/8 42/108/15
f 45/104/2 48/97/19 50/95/3
f 62/82/18 61/81/3430 53/103/2
f 63/35/7 62/19/5 125/21/5
f 48/69/3 47/17/5 82/110/5
f 86/111/3 85/4370/1 51/1/1
f 65/79/6 69/106/23 72/86/9
f 73/91/15 68/78/8 67/92/9
f 76/90/7 75/100/9 78/108/9
f 80/103/5 79/102/9 83/82/9
f 86/98/3 81/107/19 84/80/9
f 85/104/1 88/97/9 90/95/9
f 93/109/10 92/94/13 91/96/9
f 96/83/4 95/85/9 71/88/9
f 102/112/9 101/109/3 97/94/19
f 99/95/9 98/105/12 105/104/1
f 112/80/9 107/99/9 106/98/10
f 116/102/9 111/82/9 110/81/11
f 115/108/9 114/101/6 117/90/23
f 124/92/9 119/89/9 118/91/15
f 127/86/26 123/77/9 122/79/7
f 103/85/9 126/88/9 125/87/18
f 88/52/9 87/48/9 120/47/9
f 90/54/9 124/53/9 123/114/9
f 111/115/9 79/121/9 78/116/9
f 116/56/9 115/4373/9 84/46/9
f 67/60/9 66/65/9 100/118/9
f 108/119/9 107/61/9 75/63/9
f 127/44/9 126/4374/9 95/49/9
f 102/64/9 72/66/9 71/51/9
f 65/120/6 68/29/8 40/31/8
f 56/42/5 55/8/3 101/28/3
f 73/117/8 76/115/7 43/121/7
f 109/122/10 58/4/10 57/14/4
f 3/78/2 2/92/23 39/89/6
f 8/81/2 44/103/2 43/102/7
f 46/98/2 7/107/2 6/80/5
f 11/109/2 52/94/2 51/96/1
f 18/100/19 55/108/3 54/101/2
f 24/77/10 23/79/2 59/106/3430
f 57/88/11 60/87/2 27/83/2
f 36/99/7 35/98/2 64/107/14
f 30/123/2 49/126/2 52/10/2
f 8/4/2 7/14/2 60/71/2
f 45/39/2 28/41/2 27/13/2
f 19/7/2 38/9/2 37/37/2
f 44/6/2 23/5/2 22/36/2
f 15/19/2 61/21/2 64/33/2
f 4/42/2 3/8/2 54/28/2
f 13/74/10 93/4377/10 96/124/4
f 33/76/8 36/32/7 122/34/7
f 89/2/1 92/73/10 9/75/10
f 29/126/23 32/10/8 118/12/8
f 114/41/6 113/13/4 26/15/4
f 70/127/4 69/22/6 2/24/6
f 18/9/3 17/37/1 98/70/1
f 21/38/1 24/6/10 106/5/10
f 5/27/3438 77/26/7 80/16/5
f 14/125/4 96/124/4 70/127/4
f 1574/2382/2 1564/2391/2 1570/2383/2
f 1573/2385/2 1568/2393/2 1576/2386/2
f 1571/2388/2 1572/2394/2 1567/2389/2
f 1564/2391/2 1565/2399/2 1577/2392/2
f 1573/2385/2 1574/2382/2 1569/2384/2
f 1563/2387/2 1576/2386/2 1567/2389/2
f 1571/2388/2 1566/2390/2 1575/2395/2
f 1562/2396/2 1575/2395/2 1577/2397/2
f 1579/2382/760 1578/2391/760 1571/2383/760
f 1585/2385/761 1579/2382/761 1562/2384/761
f 1593/2394/762 1592/2387/762 1570/2386/762
f 1584/2387/763 1585/2385/763 1565/2393/763
f 1592/2387/764 1591/2385/764 1569/2393/764
f 1583/2394/765 1584/2387/765 1564/2386/765
f 1591/2385/760 1590/2382/760 1568/2384/760
f 1582/2388/766 1583/2394/766 1574/2389/766
f 1583/2390/9 1591/2388/9 1592/2394/9
f 1589/2398/9 1590/2396/9 1582/2395/9
f 1578/2384/9 1586/2382/9 1588/2391/9
f 1584/2389/9 1592/2394/9 1593/2387/9
f 1582/2395/9 1590/2396/9 1591/2388/9
f 1588/2391/9 1589/2399/9 1581/2392/9
f 1587/2385/9 1586/2382/9 1578/2384/9
f 1593/2387/9 1587/2385/9 1579/2393/9
f 1587/2388/767 1593/2394/767 1577/2389/767
f 1586/2396/766 1587/2388/766 1575/2390/766
f 1578/2391/764 1580/2399/764 1572/2392/764
f 1588/2398/765 1586/2396/765 1566/2395/765
f 1580/2398/762 1581/2396/762 1563/2395/762
f 1589/2391/763 1588/2399/763 1567/2392/763
f 1581/2396/767 1582/2388/767 1573/2390/767
f 1590/2382/761 1589/2391/761 1576/2383/761
f 1606/2387/2 1596/2385/2 1602/2393/2
f 1605/2394/2 1600/2389/2 1608/2390/2
f 1604/2396/2 1599/2395/2 1598/2397/2
f 1597/2382/2 1609/2384/2 1602/2393/2
f 1606/2387/2 1601/2386/2 1600/2389/2
f 1595/2388/2 1608/2390/2 1599/2395/2
f 1594/2391/2 1603/2399/2 1598/2392/2
f 1597/2382/2 1594/2391/2 1607/2383/2
f 1611/2386/768 1610/2389/768 1603/2394/768
f 1617/2393/769 1611/2386/769 1594/2387/769
f 1625/2385/770 1624/2382/770 1602/2384/770
f 1616/2384/771 1617/2393/771 1597/2385/771
f 1624/2382/772 1623/2391/772 1601/2383/772
f 1606/2391/773 1615/2383/773 1616/2384/773
f 1623/2391/768 1622/2399/768 1600/2392/768
f 1614/2392/774 1615/2383/774 1606/2391/774
f 1615/2395/9 1623/2396/9 1624/2388/9
f 1621/2391/9 1622/2399/9 1614/2392/9
f 1618/2385/9 1620/2382/9 1612/2384/9
f 1624/2388/9 1625/2394/9 1617/2389/9
f 1622/2398/9 1623/2396/9 1615/2395/9
f 1620/2382/9 1621/2391/9 1613/2383/9
f 1611/2386/9 1619/2387/9 1618/2385/9
f 1617/2389/9 1625/2394/9 1619/2387/9
f 1619/2387/775 1625/2385/775 1609/2393/775
f 1598/2389/774 1618/2394/774 1619/2387/774
f 1610/2389/772 1612/2390/772 1604/2388/772
f 1620/2388/773 1618/2394/773 1598/2389/773
f 1612/2390/770 1613/2395/770 1595/2396/770
f 1621/2396/771 1620/2388/771 1599/2390/771
f 1613/2395/775 1614/2397/775 1605/2398/775
f 1622/2398/769 1621/2396/769 1608/2395/769
s 1
f 1638/2391/2 1628/2399/2 1634/2392/2
f 1637/2382/2 1632/2384/2 1640/2393/2
f 1636/2387/2 1631/2386/2 1630/2389/2
f 1628/2398/2 1629/2396/2 1641/2395/2
f 1638/2391/2 1633/2383/2 1632/2384/2
f 1627/2385/2 1640/2393/2 1631/2386/2
f 1635/2394/2 1630/2389/2 1639/2390/2
f 1629/2396/2 1626/2388/2 1639/2390/2
f 1643/2384/776 1642/2393/776 1635/2385/776
f 1649/2383/777 1643/2384/777 1626/2382/777
f 1657/2395/778 1656/2397/778 1634/2398/778
f 1628/2399/779 1648/2392/779 1649/2383/779
f 1634/2399/780 1656/2392/780 1655/2383/780
f 1647/2395/781 1648/2397/781 1628/2398/781
f 1655/2383/776 1654/2384/776 1632/2382/776
f 1637/2388/782 1646/2390/782 1647/2395/782
f 1647/2383/9 1655/2391/9 1656/2399/9
f 1653/2385/9 1654/2382/9 1646/2384/9
f 1650/2394/9 1652/2387/9 1644/2386/9
f 1648/2397/9 1656/2398/9 1657/2396/9
f 1654/2382/9 1655/2391/9 1647/2383/9
f 1652/2387/9 1653/2385/9 1645/2393/9
f 1651/2388/9 1650/2394/9 1642/2389/9
f 1649/2395/9 1657/2396/9 1651/2388/9
f 1639/2388/783 1651/2390/783 1657/2395/783
f 1630/2394/782 1650/2389/782 1651/2390/782
f 1642/2393/780 1644/2386/780 1636/2387/780
f 1631/2387/781 1652/2386/781 1650/2389/781
f 1644/2386/778 1645/2389/778 1627/2394/778
f 1640/2385/779 1653/2393/779 1652/2386/779
f 1645/2389/783 1646/2390/783 1637/2388/783
f 1654/2384/777 1653/2393/777 1640/2385/777
s 0
f 1660/2395/2 1666/2396/2 1665/2388/2
f 1669/2389/2 1664/2394/2 1672/2387/2
f 1668/2393/2 1663/2385/2 1662/2382/2
f 1660/2395/2 1661/2397/2 1673/2398/2
f 1670/2390/2 1665/2388/2 1664/2394/2
f 1659/2386/2 1672/2387/2 1663/2385/2
f 1667/2384/2 1662/2382/2 1671/2391/2
f 1658/2383/2 1671/2391/2 1673/2399/2
f 1675/2388/784 1674/2394/784 1667/2389/784
f 1661/2395/785 1681/2396/785 1675/2388/785
f 1689/2391/786 1688/2399/786 1666/2392/786
f 1660/2397/787 1680/2398/787 1681/2396/787
f 1666/2397/788 1688/2398/788 1687/2396/788
f 1670/2383/789 1679/2391/789 1680/2399/789
f 1687/2396/784 1686/2388/784 1664/2390/784
f 1669/2384/790 1678/2382/790 1679/2391/790
f 1687/2389/9 1688/2390/9 1680/2388/9
f 1685/2393/9 1686/2386/9 1678/2387/9
f 1682/2383/9 1684/2384/9 1676/2382/9
f 1680/2388/9 1688/2390/9 1689/2395/9
f 1686/2386/9 1687/2389/9 1679/2394/9
f 1684/2384/9 1685/2393/9 1677/2385/9
f 1683/2392/9 1682/2383/9 1674/2391/9
f 1689/2395/9 1683/2397/9 1675/2398/9
f 1671/2384/791 1683/2382/791 1689/2391/791
f 1682/2385/790 1683/2382/790 1671/2384/790
f 1674/2394/788 1676/2387/788 1668/2386/788
f 1663/2386/789 1684/2387/789 1682/2385/789
f 1676/2387/786 1677/2385/786 1659/2393/786
f 1672/2389/787 1685/2394/787 1684/2387/787
f 1677/2385/791 1678/2382/791 1669/2384/791
f 1664/2390/785 1686/2388/785 1685/2394/785
s 1
f 1722/2461/808 1734/3448/831 1745/2462/809
f 1735/2464/811 1734/3448/831 1722/2461/808
f 1724/2466/813 1736/2468/815 1735/2464/811
f 1725/2467/814 1737/2470/817 1736/2468/815
f 1726/2469/816 1738/2472/819 1737/2470/817
f 1727/2471/818 1739/3449/832 1738/2472/819
f 1740/2473/820 1739/3449/832 1727/2471/818
f 1741/2475/822 1740/2473/820 1728/2474/821
f 1742/2477/824 1741/2475/822 1729/2476/823
f 1743/2479/826 1742/2477/824 1730/2478/825
f 1732/2481/828 1744/3447/838 1743/2479/826
f 1745/2482/809 1744/3447/838 1732/2481/828
f 1746/2484/829 1756/3583/853 1755/2485/830
f 1739/2487/832 1750/2507/845 1749/2488/833
f 1751/2490/834 1750/2507/845 1739/2487/832
f 1752/2492/835 1751/2490/834 1740/2491/820
f 1753/2494/836 1752/2492/835 1741/2493/822
f 1754/2496/837 1753/2494/836 1742/2495/824
f 1759/2499/839 1758/2503/843 1748/2500/840
f 1757/2501/841 1756/3583/853 1746/2484/829
f 1758/2503/843 1757/2501/841 1747/2502/842
f 1736/2504/815 1747/2502/842 1746/2484/829
f 1760/2506/844 1759/2499/839 1749/2488/833
f 1751/2490/834 1761/2508/846 1760/2506/844
f 1752/2492/835 1762/2509/847 1761/2508/846
f 1753/2494/836 1763/2510/848 1762/2509/847
f 1754/2496/837 1764/3582/860 1763/2510/848
f 1765/2511/849 1764/3582/860 1754/2496/837
f 1766/2512/850 1765/2511/849 1744/2498/838
f 1734/2486/831 1755/2485/830 1766/2514/850
f 1737/2516/817 1748/2500/840 1747/2502/842
f 1738/2489/819 1749/2488/833 1748/2500/840
f 1767/2517/851 1778/3444/882 1766/2518/850
f 1768/2520/852 1767/2517/851 1755/2519/830
f 1769/2522/854 1768/2520/852 1756/2521/853
f 1770/2524/855 1769/2522/854 1757/2523/841
f 1771/2526/856 1770/2524/855 1758/2525/843
f 1772/2528/857 1771/2526/856 1759/2527/839
f 1761/2530/846 1773/2532/858 1772/2528/857
f 1762/2531/847 1774/2534/859 1773/2532/858
f 1763/2533/848 1775/2536/861 1774/2534/859
f 1764/2535/860 1776/2538/862 1775/2536/861
f 1765/2537/849 1777/2540/863 1776/2538/862
f 1766/2539/850 1778/3446/882 1777/2540/863
f 1779/2484/864 1789/3583/886 1788/2485/865
f 1772/2487/857 1783/2507/877 1782/2488/866
f 1784/2490/867 1783/2507/877 1772/2487/857
f 1785/2492/868 1784/2490/867 1773/2491/858
f 1786/2494/869 1785/2492/868 1774/2493/859
f 1787/2496/870 1786/2494/869 1775/2495/861
f 1792/2499/871 1791/2503/875 1781/2500/872
f 1790/2501/873 1789/3583/886 1779/2484/864
f 1791/2503/875 1790/2501/873 1780/2502/874
f 1769/2504/854 1780/2502/874 1779/2484/864
f 1793/2506/876 1792/2499/871 1782/2488/866
f 1784/2490/867 1794/2508/878 1793/2506/876
f 1785/2492/868 1795/2509/879 1794/2508/878
f 1786/2494/869 1796/2510/880 1795/2509/879
f 1787/2496/870 1797/3582/893 1796/2510/880
f 1798/2511/881 1797/3582/893 1787/2496/870
f 1778/2513/882 1799/2512/884 1798/2511/881
f 1788/2485/865 1799/2514/884 1778/2515/882
f 1770/2516/855 1781/2500/872 1780/2502/874
f 1771/2489/856 1782/2488/866 1781/2500/872
f 1800/2541/883 1811/4518/3439 1799/2542/884
f 1801/2544/885 1800/2541/883 1788/2543/865
f 1802/2546/887 1801/2544/885 1789/2545/886
f 1803/2548/888 1802/2546/887 1790/2547/873
f 1804/2550/889 1803/2548/888 1791/2549/875
f 1805/2552/890 1804/2550/889 1792/2551/871
f 1794/2554/878 1806/2556/891 1805/2552/890
f 1795/2555/879 1807/2558/892 1806/2556/891
f 1796/2557/880 1808/2560/894 1807/2558/892
f 1797/2559/893 1809/2562/895 1808/2560/894
f 1798/2561/881 1810/2564/896 1809/2562/895
f 1799/2563/884 1811/4519/3439 1810/2564/896
s 0
f 1815/2565/897 1819/2571/897 1818/2566/897
f 1819/2568/793 1817/2575/793 1816/2569/793
f 1816/2567/3440 1817/2565/3440 1813/2571/3440
f 1818/2570/3441 1816/2569/3441 1812/2572/3441
f 1819/2568/3442 1815/2576/3442 1813/2574/3442
f 1826/2566/3443 1827/2571/3443 1823/2565/3443
f 1824/2575/792 1825/2569/792 1827/2570/792
f 1824/2567/3444 1820/2566/3444 1821/2571/3444
f 1820/2574/3445 1824/2575/3445 1826/2568/3445
f 1827/2570/3446 1825/2569/3446 1821/2572/3446
s 1
f 1870/2577/2 1895/2623/2 1890/2578/2
f 1834/2580/905 1894/2589/943 1898/2581/906
f 1855/2583/2 1858/4520/2 1883/2584/2
f 1837/2586/907 1888/2608/921 1892/2587/908
f 1829/2589/909 1879/2580/942 1882/2590/910
f 1852/2592/2 1877/4521/2 1896/2593/2
f 1841/4522/2 1849/2595/2 1847/2597/2
f 1849/2595/2 1851/4523/2 1850/4524/2
f 1846/2596/2 1849/2595/2 1850/4524/2
f 1846/2596/2 1848/4525/2 1847/2597/2
f 1847/2597/2 1843/4526/2 1841/4522/2
f 1843/4526/2 1845/4527/2 1844/4528/2
f 1841/4522/2 1843/4526/2 1840/4529/2
f 1844/4528/2 1840/4529/2 1843/4526/2
f 1840/4529/2 1842/4530/2 1841/4522/2
f 1869/2598/2 1893/2618/2 1889/2599/2
f 1861/2601/2 1864/2600/2 1889/2599/2
f 1875/2603/912 1871/4531/937 1850/2604/913
f 1856/2581/914 1842/2582/914 1840/2580/915
f 1844/2590/917 1845/2625/918 1863/2606/918
f 1832/2607/920 1885/2610/3447 1888/2608/921
f 1843/2586/922 1860/2608/939 1863/2587/918
f 1838/2590/923 1839/2625/908 1892/2606/908
f 1847/2607/925 1848/2620/926 1868/2609/926
f 1835/2608/928 1836/2587/906 1898/2588/906
f 1875/2587/912 1851/2588/912 1849/2586/930
f 1828/2610/932 1835/2608/928 1897/2586/929
f 1841/2607/934 1842/2620/914 1856/2609/914
f 1859/2591/919 1854/2589/916 1840/2580/915
f 1857/2611/2 1855/2583/2 1878/2585/2
f 1862/2613/2 1861/2601/2 1884/2602/2
f 1883/2584/2 1858/4520/2 1862/2613/2
f 1866/2615/936 1846/2622/940 1850/2616/913
f 1869/2598/2 1867/2579/2 1890/2578/2
f 1896/2593/2 1899/2624/2 1874/2619/2
f 1828/2610/932 1876/2607/933 1880/2620/938
f 1860/2608/939 1843/2586/922 1847/2607/925
f 1868/2621/926 1848/4532/926 1846/2622/940
f 1895/2623/2 1870/2577/2 1874/2619/2
f 1887/2625/941 1833/2606/941 1831/2591/911
f 1872/2608/931 1849/2586/930 1841/2607/934
f 1887/2609/941 1885/2610/3447 1832/2607/920
f 1829/2589/909 1830/2581/938 1880/2582/938
f 1838/2590/923 1891/2591/924 1894/2589/943
f 1886/2626/2 1887/2630/946 1882/2627/944
f 1886/2626/2 1884/2649/2 1885/2629/945
f 1893/2631/2 1890/2646/2 1891/2632/947
f 1893/2631/2 1892/2633/948 1888/2634/949
f 1899/2636/2 1896/2647/2 1897/2637/950
f 1899/2636/2 1898/2638/951 1894/2639/952
f 1881/2641/2 1878/2648/2 1879/2642/953
f 1881/2641/2 1880/2643/954 1876/2644/955
f 1856/2633/956 1857/2631/2 1852/2635/2
f 1856/2633/956 1854/2632/3448 1855/2646/22
f 1863/2638/958 1860/2637/965 1861/2647/2
f 1863/2638/958 1862/2636/2 1858/2640/21
f 1868/2643/960 1869/2641/2 1864/2645/2
f 1868/2643/960 1866/2642/3449 1867/2648/21
f 1875/2630/962 1872/2629/964 1873/2649/2
f 1875/2630/962 1874/2626/2 1870/2628/22
f 1883/2628/2 1882/2627/944 1879/2642/953
f 1877/2645/2 1876/2644/955 1897/2637/950
f 1884/2649/2 1889/2635/2 1888/2634/949
f 1890/2646/2 1895/2640/2 1894/2639/952
f 1855/2646/22 1854/2632/3448 1859/2639/959
f 1852/2635/2 1873/2649/2 1872/2629/964
f 1865/2644/961 1864/2645/2 1861/2647/2
f 1867/2648/21 1866/2642/3449 1871/2627/963
f 1857/2611/2 1881/2612/2 1877/2650/2
f 1914/2660/967 1906/2664/967 1907/2661/968
f 1913/2663/969 1905/2695/969 1906/2664/967
f 1904/2665/970 1905/2695/969 1913/2663/969
f 1911/2667/971 1903/2671/973 1904/2668/970
f 1910/2670/972 1902/2694/972 1903/2671/973
f 1901/2672/974 1902/2694/972 1910/2670/972
f 1908/2674/975 1901/2672/974 1909/2673/974
f 1915/2662/968 1907/2661/968 1908/2674/975
f 1917/2677/976 1919/2680/977 1920/2678/977
f 1919/2680/977 1921/4038/978 1922/2681/978
f 1922/2681/978 1921/4038/978 1923/2682/979
f 1924/2683/979 1923/2682/979 1925/2684/980
f 1925/2686/980 1927/2689/981 1928/2687/981
f 1927/2689/981 1929/2691/982 1930/2690/982
f 1929/2691/982 1931/2693/983 1932/2692/983
f 1931/2693/983 1917/2677/976 1918/2679/976
f 1942/2670/984 1934/2694/984 1935/2671/985
f 1940/2674/987 1941/2672/988 1949/2673/988
f 1947/2662/989 1939/2661/989 1940/2674/987
f 1938/2664/990 1939/2661/989 1947/2662/989
f 1945/2663/991 1937/2695/991 1938/2664/990
f 1936/2665/992 1937/2695/991 1945/2663/991
f 1935/2671/985 1936/2668/992 1944/2669/992
f 1941/2672/988 1934/2694/984 1942/2670/984
f 1959/2694/993 1960/2671/994 1952/2667/994
f 1966/2672/996 1958/2673/996 1957/2675/997
f 1964/2661/998 1965/2674/997 1957/2675/997
f 1964/2661/998 1956/2662/998 1955/2660/999
f 1962/2695/1000 1963/2664/999 1955/2660/999
f 1961/2665/1001 1962/2695/1000 1954/2663/1000
f 1961/2668/1001 1953/2669/1001 1952/2667/994
f 1959/2694/993 1951/2670/993 1958/2673/996
f 1982/2660/1003 1974/2664/1003 1975/2661/1004
f 1981/2663/1005 1973/2695/1005 1974/2664/1003
f 1980/2666/1006 1972/2665/1006 1973/2695/1005
f 1979/2667/1007 1971/2671/1007 1972/2668/1006
f 1970/2694/1008 1971/2671/1007 1979/2667/1007
f 1969/2672/1009 1970/2694/1008 1978/2670/1008
f 1976/2675/1010 1968/2674/1010 1969/2672/1009
f 1975/2661/1004 1968/2674/1010 1976/2675/1010
f 1999/2696/1012 1991/2700/1016 1992/2697/1013
f 1998/2699/1015 1990/2702/1018 1991/2700/1016
f 1997/2701/1017 1989/2712/3450 1990/2702/1018
f 1988/2703/1019 1989/2712/3450 1997/2701/1017
f 1987/2705/1021 1988/2703/1019 1996/2704/1020
f 1986/2707/1023 1987/4533/1021 1995/2708/1022
f 1985/2710/1025 1986/2707/1023 1994/2709/1024
f 2000/2698/1014 1992/2697/1013 1985/2710/1025
f 2016/2696/1028 2017/2698/1043 2009/2697/1029
f 2015/2699/1031 2016/2696/1028 2008/2700/1030
f 2014/2701/1033 2015/2699/1031 2007/2702/1032
f 2014/2701/1033 2006/2712/1034 2005/2703/1035
f 2013/2704/1036 2005/2703/1035 2004/2705/1037
f 2012/2708/1038 2004/4533/1037 2003/2707/1039
f 2011/2709/1040 2003/2707/1039 2002/2710/1041
f 2017/2698/1043 2010/2711/1042 2002/2710/1041
f 2027/2670/1044 2019/2694/1044 2020/2671/1045
f 2033/2675/1047 2025/2674/1047 2026/2672/1048
f 2032/2662/1049 2024/2661/1049 2025/2674/1047
f 2023/2664/1050 2024/2661/1049 2032/2662/1049
f 2030/2663/1051 2022/2695/1051 2023/2664/1050
f 2021/2665/1052 2022/2695/1051 2030/2663/1051
f 2020/2671/1045 2021/2668/1052 2029/2669/1052
f 2026/2672/1048 2019/2694/1044 2027/2670/1044
f 2045/2663/1053 2037/2695/1053 2036/2664/1054
f 2050/2675/1056 2051/2662/1057 2043/2661/1057
f 2050/2675/1056 2042/2674/1056 2041/2672/1058
f 2049/2673/1058 2041/2672/1058 2040/2694/1059
f 2047/2667/1060 2048/2670/1059 2040/2694/1059
f 2047/2667/1060 2039/2671/1060 2038/2668/1061
f 2046/2666/1061 2038/2665/1061 2037/2695/1053
f 2051/2662/1057 2044/2660/1054 2036/2664/1054
f 2054/2668/1062 2062/2669/1066 2061/2667/1063
f 2055/2695/1065 2063/2663/1068 2062/2666/1066
f 2056/2664/1067 2064/2660/1070 2063/2663/1068
f 2056/2664/1067 2057/2661/1071 2065/2662/1069
f 2057/2661/1071 2058/2674/1073 2066/2675/1072
f 2058/2674/1073 2059/2672/1075 2067/2673/1074
f 2059/2672/1075 2060/2694/3451 2068/2670/1076
f 2068/2670/1076 2060/2694/3451 2053/2671/1064
f 2200/2713/474 2197/3103/474 2069/2714/474
f 2204/2716/474 2072/2781/474 2073/2717/474
f 2208/2719/474 2206/2718/474 2073/2717/474
f 2208/2719/474 2074/2720/474 2075/2721/474
f 2210/2722/474 2075/2721/474 2076/2723/474
f 2212/2724/474 2076/2723/474 2077/2725/474
f 2214/2726/474 2077/2725/474 2078/2727/474
f 2218/2729/474 2216/2728/474 2078/2727/474
f 2218/2729/474 2079/2730/474 2080/2731/474
f 2222/2733/474 2220/2732/474 2080/2731/474
f 2224/2735/474 2222/2733/474 2081/2734/474
f 2226/2737/474 2224/2735/474 2082/2736/474
f 2226/2737/474 2083/2738/474 2084/2739/474
f 2228/2740/474 2084/2739/474 2085/2741/474
f 2230/2742/474 2085/2741/474 2086/2743/474
f 2234/2745/474 2232/2744/474 2086/2743/474
f 2236/2747/474 2234/2745/474 2087/2746/474
f 2238/2749/474 2236/2747/474 2088/2748/474
f 2238/2751/474 2089/4534/474 2090/2752/474
f 2242/2754/474 2240/2753/474 2090/2752/474
f 2242/2754/474 2091/2755/474 2092/2756/474
f 2244/2757/474 2092/2756/474 2093/2758/474
f 2246/2759/474 2093/2758/474 2094/2760/474
f 2250/2762/474 2248/2761/474 2094/2760/474
f 2252/2764/474 2250/2762/474 2095/2763/474
f 2254/2766/474 2252/2764/474 2096/2765/474
f 2254/2766/474 2097/2767/474 2098/2768/474
f 2256/2769/474 2098/2768/474 2099/2770/474
f 2258/2771/474 2099/2770/474 2100/2772/474
f 2263/2774/243 2134/2876/243 2133/2775/243
f 2259/2777/1078 2198/4535/9 2262/2778/9
f 2202/2780/474 2071/2836/474 2072/2781/474
f 2245/2782/792 2247/2843/1079 2314/2783/1079
f 2217/2785/1080 2219/2844/1081 2286/2786/1081
f 2243/2788/1082 2245/2782/792 2312/2784/792
f 2215/2790/1083 2217/2785/1080 2284/2787/1080
f 2241/2792/1084 2243/2788/1082 2310/2789/1082
f 2213/2794/793 2215/2790/1083 2282/2791/1083
f 2239/2796/1085 2241/2792/1084 2308/2793/1084
f 2211/2798/1086 2213/2794/793 2280/2795/793
f 2237/2800/1087 2239/2796/1085 2306/2797/1085
f 2209/2802/1088 2211/2798/1086 2278/2799/1086
f 2235/2804/1089 2237/2800/1087 2304/2801/1087
f 2207/2806/1090 2209/2802/1088 2276/2803/1088
f 2233/2808/1091 2235/2804/1089 2302/2805/1089
f 2198/2810/9 2199/2831/1092 2264/2811/1092
f 2205/2813/1093 2207/2806/1090 2274/2807/1090
f 2231/2815/1094 2233/2808/1091 2300/2809/1091
f 2257/2817/1095 2259/2777/1078 2265/2779/1078
f 2203/2819/1096 2205/2813/1093 2272/2814/1093
f 2229/2821/2 2231/2815/1094 2298/2816/1094
f 2255/2823/1097 2257/2817/1095 2324/2818/1095
f 2201/2825/1098 2203/2819/1096 2270/2820/1096
f 2227/2827/1099 2229/2821/2 2296/2822/2
f 2253/2829/1100 2255/2823/1097 2322/2824/1097
f 2199/2831/1092 2201/2825/1098 2267/2826/1098
f 2225/2832/1101 2227/2827/1099 2294/2828/1099
f 2251/2834/1102 2253/2829/1100 2320/2830/1100
f 2202/2780/474 2200/2713/474 2070/2715/474
f 2223/2837/1103 2225/2832/1101 2292/2833/1101
f 2249/2839/1104 2251/2834/1102 2318/2835/1102
f 2221/2841/1105 2223/2837/1103 2290/2838/1103
f 2247/2843/1079 2249/2839/1104 2316/2840/1104
f 2219/2844/1081 2221/2841/1105 2288/2842/1105
f 2102/2845/474 2101/2969/474 2326/2846/474
f 2105/2848/474 2104/2899/474 2331/2849/474
f 2335/2851/474 2106/2970/474 2105/2848/474
f 2107/2852/474 2106/2970/474 2335/2851/474
f 2108/2854/474 2107/2852/474 2337/2853/474
f 2109/2856/474 2108/2854/474 2339/2855/474
f 2343/2858/474 2110/2860/474 2109/2856/474
f 2345/2859/474 2111/2966/474 2110/2860/474
f 2112/2861/474 2111/2966/474 2345/2859/474
f 2349/2863/474 2113/2865/474 2112/2861/474
f 2351/2864/474 2114/2867/474 2113/2865/474
f 2353/2866/474 2115/2869/474 2114/2867/474
f 2355/2868/474 2116/2871/474 2115/2869/474
f 2357/2870/474 2117/2965/474 2116/2871/474
f 2118/2872/474 2117/2965/474 2357/2870/474
f 2119/2874/474 2118/2872/474 2359/2873/474
f 2120/2774/474 2119/2874/474 2361/2875/474
f 2365/2775/474 2121/2776/474 2120/2774/474
f 2367/2877/474 2122/2879/474 2121/2776/474
f 2369/2878/474 2123/2881/474 2122/2879/474
f 2371/2880/474 2124/2968/474 2123/2881/474
f 2125/2882/474 2124/2968/474 2371/2880/474
f 2126/2884/474 2125/2882/474 2373/2883/474
f 2127/2886/474 2126/3783/474 2375/2887/474
f 2379/2889/474 2128/2971/474 2127/2886/474
f 2129/2890/474 2128/2971/474 2379/2889/474
f 2130/2892/474 2129/2890/474 2381/2891/474
f 2385/2894/474 2131/2896/474 2130/2892/474
f 2387/2895/474 2132/2967/474 2131/2896/474
f 2392/2848/243 2390/2899/243 2165/2849/243
f 2103/2897/474 2102/2845/474 2327/2847/474
f 2104/2899/474 2103/2897/474 2329/2898/474
f 2441/2900/1086 2376/2963/1086 2374/2901/793
f 2413/2903/1085 2348/2964/1085 2346/2904/1084
f 2439/2902/793 2374/2901/793 2372/2906/1083
f 2411/2905/1084 2346/2904/1084 2344/2908/1082
f 2437/2907/1083 2372/2906/1083 2370/2910/1080
f 2409/2909/1082 2344/2908/1082 2342/2912/792
f 2435/2911/1080 2370/2910/1080 2368/2914/1081
f 2407/2913/792 2342/2912/792 2340/2916/1079
f 2433/2915/1081 2368/2914/1081 2366/2918/1105
f 2405/2917/1079 2340/2916/1079 2338/2920/1104
f 2431/2919/1105 2366/2918/1105 2364/2922/1103
f 2403/2921/1104 2338/2920/1104 2336/2924/1102
f 2429/2923/1103 2364/2922/1103 2362/2926/1101
f 2389/2928/9 2325/3782/9 2388/2929/1092
f 2401/2925/1102 2336/2924/1102 2334/2931/1100
f 2427/2927/1101 2362/2926/1101 2360/2933/1099
f 2394/2930/1092 2388/2929/1092 2386/2935/1098
f 2399/2932/1100 2334/2931/1100 2332/2937/1097
f 2425/2934/1099 2360/2933/1099 2358/2939/2
f 2451/2936/1098 2386/2935/1098 2384/2941/1096
f 2397/2938/1097 2332/2937/1097 2330/2943/1095
f 2423/2940/2 2358/2939/2 2356/2945/1094
f 2449/2942/1096 2384/2941/1096 2382/2947/1093
f 2396/2944/1095 2330/2943/1095 2328/2949/1078
f 2421/2946/1094 2356/2945/1094 2354/2951/1091
f 2447/2948/1093 2382/2947/1093 2380/2953/1090
f 2391/2950/1078 2328/2949/1078 2325/2955/9
f 2419/2952/1091 2354/2951/1091 2352/2957/1089
f 2445/2954/1090 2380/2953/1090 2378/2959/1088
f 2417/2958/1089 2352/2957/1089 2350/2961/1087
f 2443/2960/1088 2378/2959/1088 2376/2963/1086
f 2415/2962/1087 2350/2961/1087 2348/2964/1085
f 2285/2860/243 2287/2856/243 2146/2857/243
f 2418/2965/243 2179/2870/243 2180/2873/243
f 2283/2966/243 2285/2860/243 2145/2858/243
f 2416/2871/243 2178/2868/243 2179/2870/243
f 2283/2966/243 2144/2859/243 2143/2862/243
f 2414/2869/243 2177/2866/243 2178/2868/243
f 2279/2865/243 2281/2861/243 2143/2862/243
f 2412/2867/243 2176/2864/243 2177/2866/243
f 2279/2865/243 2142/2863/243 2141/2864/243
f 2266/2879/243 2135/2877/243 2164/2878/243
f 2412/2867/243 2410/2865/243 2175/2863/243
f 2275/2869/243 2277/2867/243 2141/2864/243
f 2261/2776/243 2133/2775/243 2135/2877/243
f 2410/2865/243 2408/2861/243 2174/2862/243
f 2273/2871/243 2275/2869/243 2140/2866/243
f 2268/2874/243 2269/2872/243 2137/2873/243
f 2406/2966/243 2173/2859/243 2174/2862/243
f 2273/2871/243 2139/2868/243 2138/2870/243
f 2452/2845/243 2196/2847/243 2167/2898/243
f 2326/2846/474 2101/2969/474 2132/2967/474
f 2404/2860/243 2172/2858/243 2173/2859/243
f 2393/2897/243 2167/2898/243 2165/2849/243
f 2271/2965/243 2138/2870/243 2137/2873/243
f 2321/2968/243 2323/2881/243 2164/2878/243
f 2404/2860/243 2402/2856/243 2171/2857/243
f 2398/2852/243 2395/2970/243 2168/2851/243
f 2268/2874/243 2136/2875/243 2134/2876/243
f 2319/2882/243 2321/2968/243 2163/2880/243
f 2402/2856/243 2400/2854/243 2170/2855/243
f 2319/2882/243 2162/2883/243 2161/2885/243
f 2400/2854/243 2398/2852/243 2169/2853/243
f 2450/2969/243 2195/2846/243 2196/2847/243
f 2315/2886/243 2317/3783/243 2161/2887/243
f 2395/2970/243 2392/2848/243 2166/2850/243
f 2448/2967/243 2194/2895/243 2195/2846/243
f 2313/2971/243 2315/2886/243 2160/2888/243
f 2446/2896/243 2193/2894/243 2194/2895/243
f 2311/2890/243 2313/2971/243 2159/2889/243
f 2446/2896/243 2444/2892/243 2192/2893/243
f 2311/2890/243 2158/2891/243 2157/2893/243
f 2444/2892/243 2442/2890/243 2191/2891/243
f 2309/2892/243 2157/2893/243 2156/2894/243
f 2442/2890/243 2440/2971/243 2190/2889/243
f 2307/2896/243 2156/2894/243 2155/2895/243
f 2438/2886/243 2189/2888/243 2190/2889/243
f 2303/2969/243 2305/2967/243 2155/2895/243
f 2438/2886/243 2436/3783/243 2188/2887/243
f 2303/2969/243 2154/2846/243 2153/2847/243
f 2434/2882/243 2187/2883/243 2188/2885/243
f 2301/2845/243 2153/2847/243 2152/2898/243
f 2432/2968/243 2186/2880/243 2187/2883/243
f 2297/2899/243 2299/2897/243 2152/2898/243
f 2432/2968/243 2430/2881/243 2185/2878/243
f 2295/2848/243 2297/2899/243 2151/2849/243
f 2428/2879/243 2184/2877/243 2185/2878/243
f 2293/2970/243 2295/2848/243 2150/2850/243
f 2428/2879/243 2426/2776/243 2183/2775/243
f 2291/2852/243 2293/2970/243 2149/2851/243
f 2426/2776/243 2424/2774/243 2182/2876/243
f 2291/2852/243 2148/2853/243 2147/2855/243
f 2422/2874/243 2181/2875/243 2182/2876/243
f 2289/2854/243 2147/2855/243 2146/2857/243
f 2420/2872/243 2180/2873/243 2181/2875/243
f 2259/2972/1106 2260/2976/474 2197/2973/474
f 2259/2972/1106 2257/4536/1108 2258/2975/474
f 2257/2977/1108 2255/2981/1110 2256/2978/474
f 2253/2980/1109 2254/2983/474 2256/2978/474
f 2251/2982/1111 2252/2985/474 2254/2983/474
f 2249/2984/1112 2250/2987/474 2252/2985/474
f 2249/2984/1112 2247/2988/1113 2248/2986/474
f 2247/2988/1113 2245/2991/1115 2246/2989/474
f 2243/2990/1114 2244/2993/474 2246/2989/474
f 2241/2992/1116 2242/2995/474 2244/2993/474
f 2239/2994/1117 2240/2997/474 2242/2995/474
f 2239/2994/1117 2237/2998/1118 2238/2996/474
f 2237/2998/1118 2235/3001/1120 2236/2999/474
f 2233/3000/1119 2234/3003/474 2236/2999/474
f 2231/3002/1121 2232/3005/474 2234/3003/474
f 2231/3002/1121 2229/3007/1123 2230/3004/474
f 2227/3006/1122 2228/3009/474 2230/3004/474
f 2227/3006/1122 2225/3010/1124 2226/3008/474
f 2225/3010/1124 2223/3013/1126 2224/3011/474
f 2221/3012/1125 2222/3015/474 2224/3011/474
f 2219/3014/1127 2220/3017/474 2222/3015/474
f 2217/3016/1128 2218/3019/474 2220/3017/474
f 2217/3016/1128 2215/3020/1129 2216/3018/474
f 2215/3020/1129 2213/3023/1131 2214/3021/474
f 2211/3022/1130 2212/3025/474 2214/3021/474
f 2209/3024/1132 2210/3027/474 2212/3025/474
f 2209/3024/1132 2207/3028/1133 2208/3026/474
f 2207/3028/1133 2205/3030/1134 2206/3029/474
f 2205/3030/1134 2203/3033/1136 2204/3031/474
f 2201/3032/1135 2202/3035/474 2204/3031/474
f 2199/3034/1137 2200/3036/474 2202/3035/474
f 2199/3034/1137 2198/2974/1107 2197/2973/474
f 2264/3037/1138 2267/3100/1168 2268/3038/243
f 2264/3037/1138 2263/3039/243 2261/3040/243
f 2324/3042/1140 2265/3101/1169 2266/3043/243
f 2322/3045/1141 2324/3042/1140 2323/3044/243
f 2320/3047/1142 2322/3045/1141 2321/3046/243
f 2318/3049/1143 2320/3047/1142 2319/3048/243
f 2316/3051/1144 2318/3102/1143 2317/3052/243
f 2316/3051/1144 2315/3053/243 2313/3054/243
f 2314/3055/1145 2313/3054/243 2311/3056/243
f 2310/3058/1147 2312/3057/1146 2311/3056/243
f 2308/3060/1148 2310/3058/1147 2309/3059/243
f 2308/3060/1148 2307/3061/243 2305/3062/243
f 2306/3063/1149 2305/3062/243 2303/3064/243
f 2304/3065/1150 2303/3064/243 2301/3066/243
f 2302/3067/1151 2301/3066/243 2299/3068/243
f 2300/3069/1152 2299/3068/243 2297/3070/243
f 2298/3071/1153 2297/3070/243 2295/3072/243
f 2294/3074/1155 2296/3073/1154 2295/3072/243
f 2294/3074/1155 2293/3075/243 2291/3076/243
f 2292/3077/1156 2291/3076/243 2289/3078/243
f 2288/3080/1158 2290/3079/1157 2289/3078/243
f 2286/3082/1159 2288/3080/1158 2287/3081/243
f 2286/3082/1159 2285/3083/243 2283/3084/243
f 2284/3085/1160 2283/3084/243 2281/3086/243
f 2282/3087/1161 2281/3086/243 2279/3088/243
f 2278/3090/1163 2280/3089/1162 2279/3088/243
f 2276/3092/1164 2278/3090/1163 2277/3091/243
f 2276/3092/1164 2275/3093/243 2273/3094/243
f 2274/3095/1165 2273/3094/243 2271/3096/243
f 2272/3097/1166 2271/3096/243 2269/3098/243
f 2267/3100/1168 2270/3099/1167 2269/3098/243
f 2265/3101/1169 2262/3041/1139 2261/3040/243
f 2326/3093/474 2387/3094/474 2388/3095/1137
f 2385/3096/474 2386/3097/1135 2388/3095/1137
f 2383/3098/474 2384/3099/1136 2386/3097/1135
f 2383/3098/474 2381/3038/474 2382/3100/1134
f 2381/3038/474 2379/3039/474 2380/3037/1133
f 2379/3039/474 2377/3040/474 2378/3041/1132
f 2375/3043/474 2376/3101/1130 2378/3041/1132
f 2373/3044/474 2374/3042/1131 2376/3101/1130
f 2373/3044/474 2371/3046/474 2372/3045/1129
f 2371/3046/474 2369/3048/474 2370/3047/1128
f 2367/3050/474 2368/3049/1127 2370/3047/1128
f 2365/3053/474 2366/3051/1125 2368/3102/1127
f 2363/3054/474 2364/3055/1126 2366/3051/1125
f 2363/3054/474 2361/3056/474 2362/3057/1124
f 2361/3056/474 2359/3059/474 2360/3058/1122
f 2357/3061/474 2358/3060/1123 2360/3058/1122
f 2357/3061/474 2355/3062/474 2356/3063/1121
f 2355/3062/474 2353/3064/474 2354/3065/1119
f 2353/3064/474 2351/3066/474 2352/3067/1120
f 2351/3066/474 2349/3068/474 2350/3069/1118
f 2349/3068/474 2347/3070/474 2348/3071/1117
f 2345/3072/474 2346/3073/1116 2348/3071/1117
f 2343/3075/474 2344/3074/1114 2346/3073/1116
f 2343/3075/474 2341/3076/474 2342/3077/1115
f 2339/3078/474 2340/3079/1113 2342/3077/1115
f 2337/3081/474 2338/3080/1112 2340/3079/1113
f 2335/3083/474 2336/3082/1111 2338/3080/1112
f 2333/3084/474 2334/3085/1109 2336/3082/1111
f 2331/3086/474 2332/3087/1110 2334/3085/1109
f 2329/3088/474 2330/3089/1108 2332/3087/1110
f 2327/3091/474 2328/3090/1106 2330/3089/1108
f 2326/3093/474 2325/3092/1107 2328/3090/1106
f 2392/3080/243 2395/3079/243 2396/3078/1140
f 2390/3082/243 2392/3080/243 2391/3081/1169
f 2452/3087/243 2393/3085/243 2394/3084/1138
f 2452/3087/243 2451/3086/1168 2449/3088/1167
f 2450/3089/243 2449/3088/1167 2447/3091/1166
f 2448/3090/243 2447/3091/1166 2445/3093/1165
f 2446/3092/243 2445/3093/1165 2443/3094/1164
f 2444/3095/243 2443/3094/1164 2441/3096/1163
f 2440/3099/243 2442/3097/243 2441/3096/1163
f 2440/3099/243 2439/3098/1162 2437/3038/1161
f 2438/3100/243 2437/3038/1161 2435/3039/1160
f 2436/3037/243 2435/3039/1160 2433/3040/1159
f 2432/3101/243 2434/3041/243 2433/3040/1159
f 2430/3042/243 2432/3101/243 2431/3043/1158
f 2428/3045/243 2430/3042/243 2429/3044/1157
f 2426/3047/243 2428/3045/243 2427/3046/1156
f 2424/3049/243 2426/3047/243 2425/3048/1155
f 2424/3102/243 2423/3052/1154 2421/3053/1153
f 2422/3051/243 2421/3053/1153 2419/3054/1152
f 2420/3055/243 2419/3054/1152 2417/3056/1151
f 2418/3057/243 2417/3056/1151 2415/3059/1150
f 2416/3058/243 2415/3059/1150 2413/3061/1149
f 2414/3060/243 2413/3061/1149 2411/3062/1148
f 2410/3065/243 2412/3063/243 2411/3062/1148
f 2410/3065/243 2409/3064/1147 2407/3066/1146
f 2406/3069/243 2408/3067/243 2407/3066/1146
f 2404/3071/243 2406/3069/243 2405/3068/1145
f 2402/3073/243 2404/3071/243 2403/3070/1144
f 2400/3074/243 2402/3073/243 2401/3072/1143
f 2398/3077/243 2400/3074/243 2399/3075/1142
f 2395/3079/243 2398/3077/243 2397/3076/1141
f 2390/3082/243 2389/3083/1139 2394/3084/1138
f 2197/3103/474 2260/2773/474 2100/2772/474
f 2470/3104/763 2455/3174/763 2453/3105/761
f 2471/3107/765 2457/3111/765 2455/3108/763
f 2472/3110/766 2459/3113/766 2457/3111/765
f 2473/3112/767 2461/3115/767 2459/3113/766
f 2474/3114/762 2463/3117/762 2461/3115/767
f 2475/3116/764 2465/3119/764 2463/3117/762
f 2476/3118/760 2467/3126/760 2465/3119/764
f 2466/3120/1170 2499/3160/1201 2500/3121/1171
f 2474/3123/9 2490/3148/1172 2491/3124/1172
f 2476/3118/760 2469/3106/761 2453/3105/761
f 2462/3127/2 2481/3149/1173 2480/3128/1173
f 2475/3125/9 2491/3124/1172 2492/3130/1174
f 2476/3131/9 2492/3130/1174 2485/3132/1174
f 2464/3134/2 2466/3137/2 2483/3135/1175
f 2454/3131/2 2456/3125/2 2477/3124/1176
f 2470/3137/9 2469/3133/9 2485/3132/1174
f 2471/3134/9 2470/3137/9 2486/3135/1178
f 2483/3135/1175 2505/3168/1179 2506/3138/1179
f 2484/3139/1180 2492/3145/1208 2491/3140/1181
f 2481/3141/1183 2489/3140/1186 2513/3142/1184
f 2482/3139/1185 2490/3145/1205 2489/3140/1186
f 2480/3139/1187 2504/4537/1188 2512/3144/1188
f 2480/3139/1187 2488/3145/1189 2487/3140/1190
f 2491/3124/1172 2490/3148/1172 2514/3146/1192
f 2477/3139/1193 2486/3145/1193 2485/3140/1193
f 2456/3125/2 2458/3123/2 2479/3148/1176
f 2466/3137/2 2468/3133/2 2484/3132/1177
f 2473/3129/9 2489/3128/1194 2490/3148/1172
f 2473/3129/9 2472/3127/9 2488/3149/1194
f 2462/3127/2 2464/3134/2 2482/3136/1175
f 2471/3134/9 2487/3136/1178 2488/3149/1194
f 2458/3123/2 2460/3129/2 2480/3128/1173
f 2468/3133/2 2454/3131/2 2478/3130/1177
f 2456/3150/1195 2493/3175/1195 2495/3151/1196
f 2462/3153/1197 2497/3163/1197 2498/3154/1198
f 2468/3122/1171 2500/3121/1171 2494/3156/1199
f 2458/3152/1196 2495/3151/1196 2496/3158/1200
f 2464/3155/1198 2498/3154/1198 2499/3160/1201
f 2456/3161/1195 2454/3157/1199 2494/3156/1199
f 2460/3159/1200 2496/3158/1200 2497/3163/1197
f 2508/3164/1202 2507/3143/1202 2509/3142/1202
f 2505/3143/1184 2515/3142/1184 2514/3165/1184
f 2503/3143/1203 2513/3142/1203 2512/3165/1203
f 2501/3143/1188 2511/3142/1188 2510/3165/1188
f 2488/3149/1194 2512/3170/1204 2513/3166/1204
f 2482/3139/1185 2506/4537/1203 2514/3144/1203
f 2483/3141/1182 2491/3140/1181 2515/3142/1202
f 2478/3130/1177 2507/3169/1206 2508/3167/1206
f 2487/3136/1178 2486/3135/1178 2510/3168/1207
f 2484/3139/1180 2508/4537/1184 2516/3144/1184
f 2478/3141/1188 2485/3140/1188 2509/3142/1188
f 2479/3148/1176 2501/3146/1209 2502/3147/1209
f 2485/3132/1174 2492/3130/1174 2516/3169/1210
f 2477/3139/1202 2502/4537/1202 2510/3144/1202
f 2479/3141/1191 2487/3140/1190 2511/3142/1203
f 2480/3128/1173 2481/3149/1173 2503/3170/1211
f 2499/3173/2 2498/4538/2 2497/3176/2
f 2497/3176/2 2496/3178/2 2499/3173/2
f 2496/3178/2 2495/3177/2 2499/3173/2
f 2495/3177/2 2493/4539/2 2499/3173/2
f 2493/4539/2 2494/3171/2 2499/3173/2
f 2534/3105/771 2519/3106/771 2517/3104/769
f 2535/3126/773 2521/3118/773 2519/3106/771
f 2536/3119/774 2523/3116/774 2521/3118/773
f 2537/3117/775 2525/3114/775 2523/3116/774
f 2538/3115/770 2527/3112/770 2525/3114/775
f 2539/3113/772 2529/3110/772 2527/3112/770
f 2540/3111/768 2531/3107/768 2529/3110/772
f 2532/3151/1212 2530/3158/1213 2563/3159/1213
f 2538/3123/9 2554/3148/1214 2555/3124/1214
f 2540/3111/768 2533/3108/769 2517/3109/769
f 2526/3127/2 2545/3149/1215 2544/3128/1215
f 2540/3131/9 2539/3125/9 2555/3124/1214
f 2533/3133/9 2540/3131/9 2556/3130/1216
f 2528/3134/2 2530/3137/2 2547/3135/1217
f 2518/3131/2 2520/3125/2 2541/3124/1218
f 2534/3137/9 2533/3133/9 2549/3132/1216
f 2535/3134/9 2534/3137/9 2550/3135/1220
f 2547/3135/1217 2569/3168/1221 2570/3138/1221
f 2548/3139/1222 2556/3145/1250 2555/3140/1223
f 2545/3141/1224 2553/3140/1227 2577/3142/1225
f 2546/3139/1226 2554/3145/1247 2553/3140/1227
f 2544/3139/1228 2568/4537/1229 2576/3144/1229
f 2543/3141/1231 2544/3139/1228 2552/3145/1230
f 2555/3124/1214 2554/3148/1214 2578/3146/1233
f 2541/3139/1234 2550/3145/1253 2549/3140/1235
f 2522/3123/2 2543/3148/1218 2541/3124/1218
f 2532/3133/2 2548/3132/1219 2547/3135/1217
f 2538/3123/9 2537/3129/9 2553/3128/1237
f 2537/3129/9 2536/3127/9 2552/3149/1237
f 2526/3127/2 2528/3134/2 2546/3136/1217
f 2536/3127/9 2535/3134/9 2551/3136/1220
f 2522/3123/2 2524/3129/2 2544/3128/1215
f 2518/3131/2 2542/3130/1219 2548/3132/1219
f 2520/3156/1238 2557/3157/1238 2559/3122/1239
f 2528/3163/1240 2526/3154/1241 2561/3155/1241
f 2532/3151/1212 2564/3152/1212 2558/3150/1242
f 2522/3121/1239 2559/3122/1239 2560/3120/1243
f 2530/3158/1213 2528/3163/1240 2562/3153/1240
f 2518/3162/1242 2558/3161/1242 2557/3157/1238
f 2524/3160/1243 2560/3120/1243 2561/3155/1241
f 2572/3164/1244 2571/3143/1244 2573/3142/1244
f 2569/3143/1225 2579/3142/1225 2578/3165/1225
f 2567/3143/1245 2577/3142/1245 2576/3165/1245
f 2565/3143/1229 2575/3142/1229 2574/3165/1229
f 2553/3128/1237 2552/3149/1237 2576/3170/1246
f 2546/3139/1226 2570/4537/1245 2578/3144/1245
f 2547/3141/1244 2555/3140/1244 2579/3142/1244
f 2548/3132/1219 2542/3130/1219 2571/3169/1248
f 2550/3135/1220 2574/3168/1249 2575/3138/1249
f 2548/3139/1222 2572/4537/1225 2580/3144/1225
f 2542/3141/1236 2549/3140/1235 2573/3142/1229
f 2541/3124/1218 2543/3148/1218 2565/3146/1251
f 2556/3130/1216 2580/3169/1252 2573/3167/1252
f 2541/3139/1234 2566/4537/1244 2574/3144/1244
f 2543/3141/1231 2551/3140/1232 2575/3142/1245
f 2544/3128/1215 2545/3149/1215 2567/3170/1254
f 2563/3173/2 2562/4538/2 2561/3176/2
f 2561/3176/2 2560/3178/2 2559/3177/2
f 2559/3177/2 2557/4539/2 2558/3171/2
f 2558/3171/2 2564/3172/2 2559/3177/2
f 2564/3172/2 2563/3173/2 2559/3177/2
f 2598/3112/779 2583/3115/779 2581/3113/1255
f 2598/3112/779 2599/3114/781 2585/3117/781
f 2600/3116/782 2587/3119/782 2585/3117/781
f 2601/3118/1256 2589/3126/783 2587/3119/782
f 2602/3106/778 2591/3105/778 2589/3126/783
f 2603/3104/780 2593/3174/780 2591/3105/778
f 2603/3109/780 2604/3107/776 2595/3111/776
f 2594/3156/1257 2627/3157/1257 2628/3122/1258
f 2603/3125/9 2602/3123/9 2618/3148/1259
f 2604/3107/776 2597/3110/777 2581/3113/1255
f 2590/3127/2 2609/3149/1260 2608/3128/1260
f 2603/3125/9 2619/3124/1259 2620/3130/1261
f 2604/3131/9 2620/3130/1261 2613/3132/1261
f 2592/3134/2 2594/3137/2 2611/3135/1262
f 2584/3125/2 2605/3124/1282 2606/3130/1263
f 2598/3137/9 2597/3133/9 2613/3132/1261
f 2599/3134/9 2598/3137/9 2614/3135/1264
f 2610/3136/1262 2611/3135/1262 2633/3168/1265
f 2612/3139/1266 2620/3145/1297 2619/3140/1267
f 2609/3141/1269 2617/3140/1272 2641/3142/1270
f 2610/3139/1271 2618/3145/1294 2617/3140/1272
f 2608/3139/1273 2632/4537/1274 2640/3144/1274
f 2608/3139/1273 2616/3145/1275 2615/3140/1276
f 2618/3148/1259 2642/3146/1278 2643/3147/1278
f 2606/3141/1279 2605/3139/1300 2614/3145/1280
f 2584/3125/2 2586/3123/2 2607/3148/1282
f 2594/3137/2 2596/3133/2 2612/3132/1263
f 2601/3129/9 2617/3128/1283 2618/3148/1259
f 2601/3129/9 2600/3127/9 2616/3149/1283
f 2590/3127/2 2592/3134/2 2610/3136/1262
f 2599/3134/9 2615/3136/1264 2616/3149/1283
f 2586/3123/2 2588/3129/2 2608/3128/1260
f 2596/3133/2 2582/3131/2 2606/3130/1263
f 2584/3154/1284 2621/3155/1284 2623/3153/1285
f 2590/3151/1286 2625/3152/1286 2626/3150/1287
f 2596/3121/1258 2628/3122/1258 2622/3120/1288
f 2586/3163/1285 2623/3153/1285 2624/3159/1289
f 2592/3162/1287 2626/3161/1287 2627/3157/1257
f 2582/3160/1288 2622/3120/1288 2621/3155/1284
f 2590/3151/1286 2588/3158/1289 2624/3159/1289
f 2636/3164/1290 2635/3143/1290 2637/3142/1290
f 2633/3143/1270 2643/3142/1270 2642/3165/1270
f 2631/3143/1291 2641/3142/1291 2640/3165/1291
f 2629/3143/1274 2639/3142/1274 2638/3165/1274
f 2616/3149/1283 2640/3170/1293 2641/3166/1293
f 2610/3139/1271 2634/4537/1291 2642/3144/1291
f 2611/3141/1268 2619/3140/1267 2643/3142/1290
f 2606/3130/1263 2635/3169/1295 2636/3167/1295
f 2615/3136/1264 2614/3135/1264 2638/3168/1296
f 2612/3139/1266 2636/4537/1270 2644/3144/1270
f 2606/3141/1279 2613/3140/1281 2637/3142/1274
f 2607/3148/1282 2629/3146/1298 2630/3147/1298
f 2613/3132/1261 2620/3130/1261 2644/3169/1299
f 2605/3139/1300 2630/4537/1290 2638/3144/1290
f 2607/3141/1277 2615/3140/1276 2639/3142/1291
f 2608/3128/1260 2609/3149/1260 2631/3170/1301
f 2627/3177/2 2626/4539/2 2625/3171/2
f 2625/3171/2 2624/3172/2 2627/3177/2
f 2624/3172/2 2623/3173/2 2627/3177/2
f 2623/3173/2 2621/4538/2 2622/3176/2
f 2622/3176/2 2628/3178/2 2623/3173/2
f 2662/3119/787 2647/3116/787 2645/3118/785
f 2662/3119/787 2663/3117/789 2649/3114/789
f 2663/3117/789 2664/3115/790 2651/3112/790
f 2665/3113/791 2653/3110/791 2651/3112/790
f 2666/3111/786 2655/3107/786 2653/3110/791
f 2667/3108/788 2657/3109/788 2655/3107/786
f 2667/3174/788 2668/3105/784 2659/3106/784
f 2658/3156/1302 2691/3157/1302 2692/3122/1303
f 2667/3125/9 2666/3123/9 2682/3148/1304
f 2668/3105/784 2661/3126/785 2645/3118/785
f 2654/3127/2 2673/3149/1305 2672/3128/1305
f 2667/3125/9 2683/3124/1304 2684/3130/1306
f 2661/3133/9 2668/3131/9 2684/3130/1306
f 2658/3137/2 2675/3135/1307 2674/3136/1307
f 2646/3131/2 2648/3125/2 2669/3124/1308
f 2661/3133/9 2677/3132/1306 2678/3135/1310
f 2662/3137/9 2678/3135/1310 2679/3136/1310
f 2674/3136/1307 2675/3135/1307 2697/3168/1311
f 2676/3139/1312 2684/3145/1341 2683/3140/1313
f 2673/3141/1315 2681/3140/1318 2705/3142/1316
f 2674/3139/1317 2682/3145/1338 2681/3140/1318
f 2672/3139/1319 2696/4537/1320 2704/3144/1320
f 2672/3139/1319 2680/3145/1321 2679/3140/1322
f 2682/3148/1304 2706/3146/1324 2707/3147/1324
f 2670/3141/1325 2669/3139/1344 2678/3145/1326
f 2648/3125/2 2650/3123/2 2671/3148/1308
f 2658/3137/2 2660/3133/2 2676/3132/1309
f 2666/3123/9 2665/3129/9 2681/3128/1328
f 2665/3129/9 2664/3127/9 2680/3149/1328
f 2656/3134/2 2674/3136/1307 2673/3149/1305
f 2664/3127/9 2663/3134/9 2679/3136/1310
f 2650/3123/2 2652/3129/2 2672/3128/1305
f 2660/3133/2 2646/3131/2 2670/3130/1309
f 2648/3154/1329 2685/3155/1329 2687/3153/1330
f 2654/3151/1331 2689/3152/1331 2690/3150/1332
f 2660/3121/1303 2692/3122/1303 2686/3120/1333
f 2650/3163/1330 2687/3153/1330 2688/3159/1334
f 2656/3162/1332 2690/3161/1332 2691/3157/1302
f 2648/3154/1329 2646/3160/1333 2686/3120/1333
f 2652/3158/1334 2688/3159/1334 2689/3152/1331
f 2700/3164/1335 2699/3143/1335 2701/3142/1335
f 2697/3143/1316 2707/3142/1316 2706/3165/1316
f 2695/3143/1336 2705/3142/1336 2704/3165/1336
f 2694/3164/1320 2693/3143/1320 2703/3142/1320
f 2680/3149/1328 2704/3170/1337 2705/3166/1337
f 2674/3139/1317 2698/4537/1336 2706/3144/1336
f 2675/3141/1314 2683/3140/1313 2707/3142/1335
f 2676/3132/1309 2670/3130/1309 2699/3169/1339
f 2679/3136/1310 2678/3135/1310 2702/3168/1340
f 2676/3139/1312 2700/4537/1316 2708/3144/1316
f 2670/3141/1325 2677/3140/1327 2701/3142/1320
f 2671/3148/1308 2693/3146/1342 2694/3147/1342
f 2684/3130/1306 2708/3169/1343 2701/3167/1343
f 2669/3139/1344 2694/4537/1335 2702/3144/1335
f 2671/3141/1323 2679/3140/1322 2703/3142/1336
f 2672/3128/1305 2673/3149/1305 2695/3170/1345
f 2691/3173/2 2690/4538/2 2689/3176/2
f 2689/3176/2 2688/3178/2 2687/3177/2
f 2687/3177/2 2685/4539/2 2686/3171/2
f 2686/3171/2 2692/3172/2 2691/3173/2
f 2691/3173/2 2689/3176/2 2686/3171/2
f 2711/3179/1346 2744/3280/1346 2748/3180/1347
f 2745/3199/1364 2744/3280/1346 2711/3179/1346
f 2725/3201/1365 2774/3296/1365 2745/3199/1364
f 2713/3202/1366 2750/3228/1366 2752/3203/1367
f 2752/3203/1367 2754/3285/1368 2715/3205/1368
f 2715/3205/1368 2754/3285/1368 2756/3206/1369
f 2716/3207/1369 2756/3206/1369 2758/3208/1370
f 2717/3209/1370 2758/3208/1370 2760/3210/1371
f 2760/3212/1371 2762/3215/1372 2719/3213/1372
f 2762/3215/1372 2764/3217/1373 2720/3216/1373
f 2764/3217/1373 2766/3292/1374 2721/3218/1374
f 2721/3218/1374 2766/3292/1374 2768/3219/1375
f 2768/3219/1375 2770/3222/1376 2723/3221/1376
f 2770/3222/1376 2772/3224/1377 2724/3223/1377
f 2772/3224/1377 2774/3296/1365 2725/3201/1365
f 2712/3181/1347 2748/3180/1347 2750/3228/1366
f 2729/3229/1377 2779/3278/1377 2775/3230/1365
f 2728/3231/1365 2775/3230/1365 2778/3249/1364
f 2742/3251/1346 2726/3250/1364 2778/3249/1364
f 2730/3253/1376 2731/3257/1375 2783/3254/1375
f 2732/3256/1374 2785/3259/1374 2783/3254/1375
f 2732/3256/1374 2733/3260/1373 2787/3258/1373
f 2733/3260/1373 2734/3262/1372 2789/3261/1372
f 2734/3262/1372 2735/4540/1371 2791/3263/1371
f 2736/3264/1370 2793/3268/1370 2791/3265/1371
f 2737/3267/1369 2795/3270/1369 2793/3268/1370
f 2738/3269/1368 2797/3272/1368 2795/3270/1369
f 2738/3269/1368 2739/3274/1367 2799/3271/1367
f 2740/3273/1366 2801/3276/1366 2799/3271/1367
f 2741/3275/1347 2803/3277/1347 2801/3276/1366
f 2741/3275/1347 2742/3251/1346 2805/3252/1346
f 2729/3229/1377 2730/3253/1376 2781/3255/1376
f 2745/3199/1378 2746/3298/1363 2743/3279/1349
f 2744/3280/1379 2743/3279/1349 2747/3281/1380
f 2748/3180/1381 2747/3281/1380 2749/3282/1382
f 2750/3228/1383 2749/3282/1382 2751/3283/1351
f 2752/3203/1384 2751/3283/1351 2753/3284/1385
f 2756/3206/1387 2754/3285/1386 2753/3284/1385
f 2758/3208/1389 2756/3206/1387 2755/3286/1388
f 2760/3210/1390 2758/3208/1389 2757/3287/1354
f 2760/3212/1390 2759/4541/1355 2761/3289/1356
f 2762/3215/1391 2761/3289/1356 2763/3290/1392
f 2764/3217/1393 2763/3290/1392 2765/3291/1394
f 2768/3219/1396 2766/3292/1395 2765/3291/1394
f 2770/3222/1397 2768/3219/1396 2767/3293/1359
f 2772/3224/1399 2770/3222/1397 2769/3294/1398
f 2774/3296/1401 2772/3224/1399 2771/3295/1400
f 2745/3199/1378 2774/3296/1401 2773/3297/1362
f 2776/3299/1402 2777/3314/1363 2778/3249/1378
f 2780/3300/1400 2776/3299/1402 2775/3230/1401
f 2782/3301/1398 2780/3300/1400 2779/3278/1399
f 2784/3302/1359 2782/3301/1398 2781/3255/1397
f 2786/3303/1404 2784/3302/1359 2783/3254/1403
f 2786/3303/1404 2785/3259/1395 2787/3258/1393
f 2788/3304/1392 2787/3258/1393 2789/3261/1391
f 2790/3305/1356 2789/3261/1391 2791/3263/1390
f 2794/3307/1354 2792/4542/1355 2791/3265/1390
f 2796/3308/1388 2794/3307/1354 2793/3268/1389
f 2798/3309/1385 2796/3308/1388 2795/3270/1387
f 2798/3309/1385 2797/3272/1386 2799/3271/1384
f 2800/3310/1351 2799/3271/1384 2801/3276/1383
f 2802/3311/1382 2801/3276/1383 2803/3277/1381
f 2804/3312/1348 2803/3277/1381 2805/3252/1405
f 2806/3313/1406 2805/3252/1405 2778/3249/1378
f 2809/3315/1407 2813/3318/1415 2812/3316/1408
f 2811/3318/1410 2814/3316/1413 2810/3317/1411
f 2814/3318/1413 2813/3316/1415 2809/3317/1407
f 2815/3319/1414 2818/3320/1417 2814/3316/1413
f 2812/3318/1408 2816/3319/1416 2815/3320/1414
f 2813/3318/1415 2817/3319/1419 2816/3320/1416
f 2818/3319/1417 2817/3320/1419 2813/3316/1415
f 2819/3321/1418 2822/3322/1421 2818/3320/1417
f 2816/3319/1416 2820/3321/1420 2819/3322/1418
f 2817/3319/1419 2821/3321/1423 2820/3322/1420
f 2822/3321/1421 2821/3322/1423 2817/3320/1419
f 2823/3323/1422 2826/3324/1425 2822/3322/1421
f 2820/3321/1420 2824/3323/1424 2823/3324/1422
f 2821/3321/1423 2825/3323/1428 2824/3324/1424
f 2826/3323/1425 2825/3324/1428 2821/3322/1423
f 2827/3325/1426 2830/3326/1431 2826/3324/1425
f 2828/3325/1427 2827/3326/1426 2823/3324/1422
f 2825/3323/1428 2829/3325/1429 2828/3326/1427
f 2826/3323/1425 2830/3325/1431 2829/3326/1429
f 2827/3325/1426 2831/3328/1434 2834/3327/1430
f 2832/3328/1432 2831/3327/1434 2827/3326/1426
f 2833/3328/1433 2832/3327/1432 2828/3326/1427
f 2830/3325/1431 2834/3328/1430 2833/3327/1433
f 2831/3328/1434 2835/3330/1439 2838/3329/1435
f 2836/3330/1436 2835/3329/1439 2831/3327/1434
f 2837/3330/1437 2836/3329/1436 2832/3327/1432
f 2834/3328/1430 2838/3330/1435 2837/3329/1437
f 2841/3331/1438 2840/3332/1445 2836/3329/1436
f 2835/3330/1439 2839/3331/1442 2842/3332/1440
f 2838/3330/1435 2842/3331/1440 2841/3332/1438
f 2843/3333/1441 2846/3334/1443 2842/3332/1440
f 2846/3333/1443 2845/3334/1447 2841/3332/1438
f 2841/3331/1438 2845/3333/1447 2844/3334/1444
f 2849/3335/1446 2848/3337/1448 2844/3334/1444
f 2848/3335/1448 2852/3338/1454 2851/3336/1449
f 2846/3333/1443 2850/3335/1451 2849/3337/1446
f 2843/3333/1441 2847/3335/1450 2850/3337/1451
f 2853/3338/1452 2852/3336/1454 2848/3337/1448
f 2847/3335/1450 2851/3338/1449 2854/3336/1453
f 2854/3338/1453 2853/3336/1452 2849/3337/1446
f 2852/3338/1454 2856/3340/1459 2855/3339/1455
f 2857/3340/1456 2856/3339/1459 2852/3336/1454
f 2851/3338/1449 2855/3340/1455 2858/3339/1457
f 2858/3340/1457 2857/3339/1456 2853/3336/1452
f 2860/3341/1458 2859/3342/1463 2855/3339/1455
f 2861/3341/1460 2860/3342/1458 2856/3339/1459
f 2855/3340/1455 2859/3341/1463 2862/3342/1461
f 2858/3340/1457 2862/3341/1461 2861/3342/1460
f 2864/3343/1462 2863/3344/1467 2859/3342/1463
f 2865/3343/1464 2864/3344/1462 2860/3342/1458
f 2859/3341/1463 2863/3343/1467 2866/3344/1465
f 2862/3341/1461 2866/3343/1465 2865/3344/1464
f 2868/3345/1466 2867/3346/1471 2863/3344/1467
f 2869/3345/1468 2868/3346/1466 2864/3344/1462
f 2863/3343/1467 2867/3345/1471 2870/3346/1469
f 2866/3343/1465 2870/3345/1469 2869/3346/1468
f 2872/3347/1470 2871/3348/1475 2867/3346/1471
f 2873/3347/1472 2872/3348/1470 2868/3346/1466
f 2867/3345/1471 2871/3347/1475 2874/3348/1473
f 2870/3345/1469 2874/3347/1473 2873/3348/1472
f 2876/3349/1474 2875/3350/3452 2871/3348/1475
f 2877/3349/1476 2876/3350/1474 2872/3348/1470
f 2871/3347/1475 2875/3349/3452 2878/3350/1477
f 2874/3347/1473 2878/3349/1477 2877/3350/1476
f 2808/3315/1409 2812/3318/1408 2811/3316/1410
f 2840/3331/1445 2839/3332/1442 2835/3329/1439
f 2840/3331/1445 2844/3333/1444 2843/3334/1441
f 2848/3335/1448 2847/3337/1450 2843/3334/1441
f 2880/3351/1478 2884/3354/1482 2883/3352/1479
f 2881/3351/1481 2885/3354/1489 2884/3352/1482
f 2886/3354/1483 2885/3352/1489 2881/3353/1481
f 2916/3355/1485 2915/3370/1518 2911/3356/1486
f 2883/3354/1479 2886/3352/1483 2882/3353/1484
f 2887/3358/1488 2890/3359/1491 2886/3352/1483
f 2884/3354/1482 2888/3358/1490 2887/3359/1488
f 2885/3354/1489 2889/3358/1493 2888/3359/1490
f 2890/3358/1491 2889/3359/1493 2885/3352/1489
f 2891/3360/1492 2894/3361/1495 2890/3359/1491
f 2888/3358/1490 2892/3360/1494 2891/3361/1492
f 2889/3358/1493 2893/3360/1497 2892/3361/1494
f 2894/3360/1495 2893/3361/1497 2889/3359/1493
f 2895/3362/1496 2898/3363/1499 2894/3361/1495
f 2892/3360/1494 2896/3362/1498 2895/3363/1496
f 2893/3360/1497 2897/3362/1501 2896/3363/1498
f 2898/3362/1499 2897/3363/1501 2893/3361/1497
f 2899/3364/1500 2902/3365/1503 2898/3363/1499
f 2896/3362/1498 2900/3364/1502 2899/3365/1500
f 2897/3362/1501 2901/3364/1505 2900/3365/1502
f 2902/3364/1503 2901/3365/1505 2897/3363/1501
f 2903/3366/1504 2906/3367/1507 2902/3365/1503
f 2900/3364/1502 2904/3366/1506 2903/3367/1504
f 2901/3364/1505 2905/3366/1511 2904/3367/1506
f 2906/3366/1507 2905/3367/1511 2901/3365/1505
f 2903/3366/1504 2907/3369/1512 2910/3368/1508
f 2908/3369/1509 2907/3368/1512 2903/3367/1504
f 2909/3369/1510 2908/3368/1509 2904/3367/1506
f 2906/3366/1507 2910/3369/1508 2909/3368/1510
f 2907/3369/1512 2911/3357/1486 2914/3356/1513
f 2912/3357/1487 2911/3356/1486 2907/3368/1512
f 2913/3357/1514 2912/3356/1487 2908/3368/1509
f 2910/3369/1508 2914/3357/1513 2913/3356/1514
f 2914/3357/1513 2918/3355/1516 2917/3370/1515
f 2911/3357/1486 2915/3355/1518 2918/3370/1516
f 2920/3371/1517 2919/3372/1522 2915/3370/1518
f 2917/3355/1515 2916/3370/1485 2912/3356/1487
f 2921/3371/1519 2920/3372/1517 2916/3370/1485
f 2915/3355/1518 2919/3371/1522 2922/3372/1520
f 2918/3355/1516 2922/3371/1520 2921/3372/1519
f 2923/3373/1521 2926/3374/1524 2922/3372/1520
f 2920/3371/1517 2924/3373/1523 2923/3374/1521
f 2921/3371/1519 2925/3373/1526 2924/3374/1523
f 2926/3373/1524 2925/3374/1526 2921/3372/1519
f 2929/3375/1525 2928/3376/1531 2924/3374/1523
f 2923/3373/1521 2927/3375/1529 2930/3376/1527
f 2930/3375/1527 2929/3376/1525 2925/3374/1526
f 2930/3375/1527 2934/3378/1530 2933/3377/1528
f 2927/3375/1529 2931/3378/1533 2934/3377/1530
f 2924/3373/1523 2928/3375/1531 2927/3376/1529
f 2933/3378/1528 2932/3377/1535 2928/3376/1531
f 2938/3379/1532 2937/3380/1534 2933/3377/1528
f 2931/3378/1533 2935/3379/1536 2938/3380/1532
f 2937/3379/1534 2936/3380/3453 2932/3377/1535
f 2932/3378/1535 2936/3379/3453 2935/3380/1536
f 2932/3378/1535 2931/3377/1533 2927/3376/1529
f 2951/3381/1537 2962/3525/1564 2950/3382/1538
f 2952/3384/1540 2951/3381/1537 2939/3383/1539
f 2953/3386/1542 2952/3384/1540 2940/3385/1541
f 2942/3388/1544 2954/3523/1566 2953/3386/1542
f 2955/3389/1545 2954/3523/1566 2942/3388/1544
f 2956/3391/1547 2955/3389/1545 2943/3390/1546
f 2945/3393/1549 2957/3524/1572 2956/3394/1547
f 2958/3396/1550 2957/3524/1572 2945/3393/1549
f 2947/3398/1552 2959/3400/1554 2958/3396/1550
f 2948/3399/1553 2960/3402/1556 2959/3400/1554
f 2949/3401/1555 2961/3403/1557 2960/3402/1556
f 2950/3382/1538 2962/3525/1564 2961/3403/1557
f 2971/3404/1558 2963/3425/1574 2964/3405/1559
f 2967/3407/1561 2959/3442/1554 2960/3408/1556
f 2968/3409/1562 2960/3408/1556 2961/3410/1557
f 2969/3411/1563 2961/3410/1557 2962/3412/1564
f 2954/3414/1566 2955/3417/1545 2975/3415/1567
f 2955/3417/1545 2956/3526/1547 2976/3418/1569
f 2956/3419/1547 2957/3423/1572 2977/3420/1570
f 2966/3422/1571 2978/3424/1573 2977/3420/1570
f 2967/3407/1561 2979/3430/1579 2978/3424/1573
f 2962/3412/1564 2951/3445/1537 2963/3425/1574
f 2972/3406/1560 2964/3405/1559 2965/3426/1575
f 2973/3427/1576 2965/3426/1575 2954/3414/1566
f 2983/3428/1577 2971/3404/1558 2972/3406/1560
f 2979/3430/1579 2967/3407/1561 2968/3409/1562
f 2968/3409/1562 2969/3411/1563 2981/3432/1581
f 2969/3411/1563 2970/3413/1565 2982/3433/1582
f 2978/3424/1573 2979/3430/1579 2987/3435/1584
f 2970/3413/1565 2963/3425/1574 2971/3404/1558
f 2984/3429/1578 2972/3406/1560 2973/3427/1576
f 2952/3437/1540 2953/3443/1542 2965/3426/1575
f 2979/3430/1579 2980/3431/1580 2988/3438/1586
f 2980/3431/1580 2981/3432/1581 2989/3439/1587
f 2989/3439/1587 2981/3432/1581 2982/3433/1582
f 2959/3442/1554 2967/3407/1561 2966/3422/1571
f 2990/3440/1588 2982/3433/1582 2971/3404/1558
f 2991/2532/1589 3002/2528/1599 2990/2529/1588
f 2992/2534/1590 2991/2532/1589 2983/2530/1577
f 2993/2536/1591 2992/2534/1590 2984/2531/1578
f 2974/2535/1568 2994/2538/1592 2993/2536/1591
f 2975/2537/1567 2995/2540/1593 2994/2538/1592
f 2976/2539/1569 2996/3446/1594 2995/2540/1593
f 2977/2519/1570 2997/2517/1595 2996/3444/1594
f 2986/2521/1583 2998/2520/1596 2997/2517/1595
f 2987/2523/1584 2999/2522/1604 2998/2520/1596
f 3000/2524/1597 2999/2522/1604 2987/2523/1584
f 3001/2526/1598 3000/2524/1597 2988/2525/1586
f 3002/2528/1599 3001/2526/1598 2989/2527/1587
f 3003/3425/1600 3004/3405/1616 3012/3406/1601
f 3000/3408/1597 3008/3409/1605 3007/3407/1603
f 3001/3410/1598 3009/3411/1606 3008/3409/1605
f 3002/3412/1599 3010/3413/1614 3009/3411/1606
f 2994/3414/1592 2995/3417/1593 3015/3415/1607
f 2995/3417/1593 2996/3526/1594 3016/3418/1609
f 2996/3419/1594 2997/3423/1595 3017/3420/1610
f 3017/3420/1610 2997/3423/1595 3006/3422/1611
f 3006/3422/1611 3007/3407/1603 3019/3430/1613
f 3002/3412/1599 2991/3445/1589 3003/3425/1600
f 3005/3426/1615 3013/3427/1617 3012/3406/1601
f 2994/3414/1592 3014/3416/1608 3013/3427/1617
f 3012/3406/1601 3024/3429/1624 3023/3428/1618
f 3008/3409/1605 3020/3431/1620 3019/3430/1613
f 3008/3409/1605 3009/3411/1606 3021/3432/1619
f 3010/3413/1614 3022/3433/1623 3021/3432/1619
f 3018/3424/1612 3019/3430/1613 3027/3435/1622
f 3003/3425/1600 3011/3404/1602 3022/3433/1623
f 3013/3427/1617 3025/3436/1625 3024/3429/1624
f 2992/3437/1590 2993/3443/1591 3005/3426/1615
f 3019/3430/1613 3020/3431/1620 3028/3438/1626
f 3020/3431/1620 3021/3432/1619 3029/3439/1627
f 3021/3432/1619 3022/3433/1623 3030/3440/1628
f 2951/3445/1537 2952/3437/1540 2964/3405/1559
f 3006/3422/1611 2998/3441/1596 2999/3442/1604
f 2991/3445/1589 2992/3437/1590 3004/3405/1616
f 3011/3404/1602 3023/3428/1618 3030/3440/1628
f 3039/2533/1629 3038/2535/1645 3154/2538/1630
f 3109/2473/1632 3108/2474/1771 3116/2476/1633
f 3126/2522/1635 3033/2523/1684 3032/2525/1636
f 3034/2521/1638 3033/2523/1684 3126/2522/1635
f 3035/2519/1640 3034/2521/1638 3134/2520/1639
f 3036/2518/1642 3035/2519/1640 3142/2517/1641
f 3150/2540/1644 3037/2537/1668 3036/2539/1642
f 3038/2535/1645 3037/2537/1668 3150/2540/1644
f 3120/2467/1646 3128/2469/1773 3129/2472/1647
f 3112/2466/1649 3120/2467/1646 3121/2470/1648
f 3041/2530/1651 3040/2531/1658 3122/2534/1652
f 3135/2528/1654 3042/2529/1660 3041/2530/1651
f 3051/3409/1655 3043/3431/1671 3044/3432/1656
f 3049/3424/1659 3041/3434/1651 3042/3435/1660
f 3054/3425/1662 3046/3404/1687 3047/3406/1663
f 3048/3427/1665 3056/3426/1667 3055/3405/1664
f 3048/3427/1665 3037/3416/1668 3057/3414/1666
f 3037/3416/1668 3038/3415/1645 3058/3417/1669
f 3039/3418/1629 3059/3526/1676 3058/3417/1669
f 3050/3430/1661 3042/3435/1660 3031/3438/1670
f 3052/3411/1657 3044/3432/1656 3045/3433/1672
f 3045/3433/1672 3046/3404/1687 3054/3425/1662
f 3051/3409/1655 3052/3411/1657 3064/3410/1674
f 3059/3419/1676 3039/3421/1629 3040/3420/1658
f 3040/3420/1658 3049/3424/1659 3061/3422/1678
f 3061/3422/1678 3049/3424/1659 3050/3430/1661
f 3066/3445/1680 3054/3425/1662 3055/3405/1664
f 3056/3426/1667 3068/3443/1682 3067/3437/1681
f 3062/3407/1679 3050/3430/1661 3043/3431/1671
f 3052/3411/1657 3053/3413/1673 3065/3412/1683
f 3065/3412/1683 3053/3413/1673 3054/3425/1662
f 3044/3432/1656 3032/3439/1636 3033/3440/1684
f 3061/3422/1678 3062/3407/1679 3070/3442/1686
f 3035/3429/1640 3036/3436/1642 3048/3427/1665
f 3062/3407/1679 3051/3409/1655 3063/3408/1675
f 3033/3440/1684 3034/3428/1638 3046/3404/1687
f 3034/3428/1638 3035/3429/1640 3047/3406/1663
f 3071/2473/1688 3082/3449/3454 3070/2471/1686
f 3072/2475/1689 3071/2473/1688 3063/2474/1675
f 3073/2477/1690 3072/2475/1689 3064/2476/1674
f 3074/2479/1691 3073/2477/1690 3065/2478/1683
f 3075/3447/1692 3074/2479/1691 3066/2480/1680
f 3076/2482/1693 3075/3447/1692 3067/2481/1681
f 3077/3448/1694 3076/2462/1693 3068/2463/1682
f 3058/2465/1669 3078/2464/1695 3077/3448/1694
f 3059/2466/1676 3079/2468/1696 3078/2464/1695
f 3060/2467/1677 3080/2470/1697 3079/2468/1696
f 3069/2469/1685 3081/2472/1698 3080/2470/1697
f 3070/2471/1686 3082/3449/3454 3081/2472/1698
f 3043/3431/1671 3031/3438/1670 3032/3439/1636
f 3140/2481/1699 3144/2483/1710 3145/2482/1700
f 3129/2472/1647 3128/2469/1773 3137/2471/1702
f 3117/2475/1634 3116/2476/1633 3124/2478/1704
f 3122/2534/1652 3040/2531/1658 3039/2533/1629
f 3105/3450/1647 3106/3520/1647 3103/3451/1706
f 3148/2461/1707 3152/2465/1713 3153/2464/1708
f 3144/2463/1710 3148/2461/1707 3149/3448/1709
f 3133/2479/1711 3132/2480/1712 3140/2481/1699
f 3125/2477/1705 3124/2478/1704 3132/2480/1712
f 3152/2465/1713 3112/2466/1649 3113/2468/1650
f 3118/2524/1637 3032/2525/1636 3031/2527/1670
f 3138/3453/1715 3127/3456/1716 3029/3454/1627
f 3127/3456/1716 3119/3458/1717 3028/3457/1626
f 3119/3458/1717 3111/3460/1718 3027/3459/1622
f 3111/3460/1718 3151/3552/3455 3026/3461/1621
f 3026/3461/1621 3151/3552/3455 3147/3462/1719
f 3147/3462/1719 3143/3640/3456 3016/3464/1609
f 3016/3465/1609 3143/3553/3456 3139/3466/1720
f 3015/3467/1607 3139/3466/1720 3131/3468/1721
f 3131/3468/1721 3123/3554/3457 3025/3470/1625
f 3025/3470/1625 3123/3554/3457 3115/3471/1722
f 3024/3472/1624 3115/3471/1722 3107/3473/1723
f 3023/3474/1618 3107/3473/1723 3138/3453/1715
f 3110/2526/1714 3031/2527/1670 3042/2529/1660
f 3088/3475/1724 3084/3491/1725 3147/3476/1725
f 3109/3478/1726 3175/3487/1764 3103/3479/1727
f 3114/3481/1728 3093/3484/1728 3097/3482/1729
f 3170/3481/1730 3166/3475/1809 3132/3477/1731
f 3090/3475/1732 3086/3491/1733 3149/3476/1733
f 3105/3485/1734 3104/3480/1735 3135/3479/1735
f 3135/3479/1735 3104/3480/1735 3176/3478/1736
f 3143/3488/1737 3157/3496/1737 3161/3489/1738
f 3085/3476/1739 3089/3477/1740 3154/3475/1740
f 3108/3485/1741 3178/3486/1741 3174/3483/1742
f 3145/3488/1744 3155/3496/1744 3159/3489/1745
f 3120/3492/1747 3095/3498/1747 3099/3487/1748
f 3131/3493/1749 3165/3497/1749 3169/3494/1750
f 3160/3490/1751 3156/3488/1752 3146/3496/1752
f 3133/3493/1753 3163/3497/1753 3167/3494/1754
f 3152/3493/1755 3087/3497/1755 3091/3494/1756
f 3115/3492/1757 3173/3498/1757 3177/3487/1758
f 3100/3486/1759 3096/3483/1760 3119/3482/1760
f 3168/3495/1761 3164/3493/1762 3134/3497/1762
f 3117/3492/1763 3171/3498/1808 3175/3487/1764
f 3158/3496/1765 3083/3489/1766 3148/3490/1766
f 3106/3486/1767 3098/3483/1803 3121/3482/1768
f 3092/3481/1769 3088/3475/1724 3151/3477/1724
f 3110/3487/1736 3176/3478/1736 3172/3492/1770
f 3136/3449/1703 3137/2471/1702 3108/2474/1771
f 3101/3452/1772 3102/3451/1702 3099/3499/1773
f 3098/3501/1774 3106/3520/1647 3105/3450/1647
f 3099/3499/1773 3095/3506/1779 3096/3503/1776
f 3094/3504/1777 3098/3501/1774 3097/3502/1775
f 3095/3506/1779 3091/3510/1782 3092/3507/1780
f 3090/3508/1708 3094/3504/1777 3093/3505/1778
f 3091/3510/1782 3087/3514/1713 3088/3511/1783
f 3086/3512/1784 3090/3508/1708 3089/3509/1781
f 3087/3514/1713 3083/3518/1789 3084/3515/1786
f 3155/3516/1787 3086/3512/1784 3085/3513/1785
f 3083/3518/1789 3158/3556/1793 3157/3519/1790
f 3159/3518/1791 3155/3556/1787 3156/3519/1788
f 3158/3516/1793 3162/3512/1795 3161/3513/1794
f 3163/3514/1711 3159/3518/1791 3160/3515/1792
f 3162/3512/1795 3166/3508/1712 3165/3509/1712
f 3168/3507/1796 3167/3510/1705 3163/3514/1711
f 3165/3509/1712 3166/3508/1712 3170/3504/1797
f 3172/3503/1798 3171/3506/1800 3167/3510/1705
f 3169/3505/1704 3170/3504/1797 3174/3501/1634
f 3176/3500/1799 3175/3499/1802 3171/3506/1800
f 3173/3502/1634 3174/3501/1634 3178/3520/1801
f 3104/3452/1706 3103/3451/1706 3175/3499/1802
f 3177/3450/1632 3178/3520/1801 3102/3451/1702
f 3098/3483/1803 3094/3481/1804 3113/3484/1804
f 3162/3491/1805 3158/3522/1765 3144/3521/1765
f 3107/3478/1758 3177/3487/1758 3101/3479/1806
f 3103/3479/1727 3106/3486/1767 3129/3485/1767
f 3118/3498/1770 3172/3492/1770 3168/3495/1761
f 3096/3483/1760 3092/3481/1769 3111/3484/1769
f 3137/3480/1807 3102/3479/1807 3178/3486/1741
f 3083/3489/1766 3087/3497/1755 3152/3493/1755
f 3125/3495/1754 3167/3494/1754 3171/3498/1808
f 3164/3493/1762 3160/3490/1751 3142/3489/1751
f 3101/3479/1806 3100/3486/1759 3127/3485/1759
f 3123/3495/1750 3169/3494/1750 3173/3498/1757
f 3112/3495/1756 3091/3494/1756 3095/3498/1747
f 3141/3490/1746 3159/3489/1745 3163/3497/1753
f 3156/3521/1752 3085/3476/1739 3150/3491/1739
f 3139/3490/1738 3161/3489/1738 3165/3497/1749
f 3128/3478/1748 3099/3487/1748 3102/3479/1807
f 3149/3476/1733 3086/3491/1733 3155/3522/1744
f 3116/3482/1743 3174/3483/1742 3170/3481/1730
f 3154/3475/1740 3089/3477/1740 3093/3484/1728
f 3147/3476/1725 3084/3491/1725 3157/3522/1737
f 3094/3481/1804 3090/3475/1732 3153/3477/1732
f 3166/3475/1809 3162/3491/1805 3140/3476/1805
f 3097/3482/1729 3105/3485/1734 3130/3486/1734
f 3190/3382/1810 3202/3525/1833 3191/3381/1811
f 3179/3383/1812 3191/3381/1811 3192/3384/1813
f 3180/3385/1814 3192/3384/1813 3193/3386/1815
f 3182/3388/1817 3181/3387/1816 3193/3386/1815
f 3182/3388/1817 3194/3523/1818 3195/3389/1819
f 3183/3390/1820 3195/3389/1819 3196/3391/1821
f 3185/3393/1823 3184/3395/1822 3196/3394/1821
f 3185/3393/1823 3197/3524/1824 3198/3396/1825
f 3187/3398/1827 3186/3397/1826 3198/3396/1825
f 3188/3399/1829 3187/3398/1827 3199/3400/1828
f 3189/3401/1831 3188/3399/1829 3200/3402/1830
f 3190/3382/1810 3189/3401/1831 3201/3403/1832
f 3211/3425/1834 3212/3405/1847 3204/3406/1835
f 3207/3430/1837 3208/3431/1838 3200/3438/1830
f 3208/3431/1838 3209/3432/1839 3201/3439/1832
f 3209/3432/1839 3210/3433/1846 3202/3440/1833
f 3215/3417/1840 3195/3415/1819 3194/3416/1818
f 3195/3415/1819 3215/3417/1840 3216/3526/1842
f 3196/3421/1821 3216/3419/1842 3217/3423/1843
f 3217/3423/1843 3218/3422/1845 3206/3424/1844
f 3218/3422/1845 3219/3407/1851 3207/3430/1837
f 3203/3404/1836 3191/3428/1811 3202/3440/1833
f 3212/3405/1847 3213/3426/1849 3205/3427/1848
f 3213/3426/1849 3214/3414/1841 3194/3416/1818
f 3223/3445/1850 3224/3437/1857 3212/3405/1847
f 3219/3407/1851 3220/3409/1852 3208/3431/1838
f 3220/3409/1852 3221/3411/1854 3209/3432/1839
f 3222/3413/1853 3210/3433/1846 3209/3432/1839
f 3218/3422/1845 3226/3441/1855 3227/3442/1856
f 3211/3425/1834 3203/3404/1836 3210/3433/1846
f 3224/3437/1857 3225/3443/1858 3213/3426/1849
f 3205/3427/1848 3193/3436/1815 3192/3429/1813
f 3228/3408/1859 3220/3409/1852 3219/3407/1851
f 3229/3410/1860 3221/3411/1854 3220/3409/1852
f 3229/3410/1860 3230/3412/1861 3222/3413/1853
f 3206/3424/1844 3207/3430/1837 3199/3435/1828
f 3230/3412/1861 3223/3445/1850 3211/3425/1834
f 3230/2529/1861 3242/2528/1873 3231/2532/1862
f 3223/2530/1850 3231/2532/1862 3232/2534/1863
f 3224/2531/1857 3232/2534/1863 3233/2536/1864
f 3214/2535/1841 3225/2533/1858 3233/2536/1864
f 3215/2537/1840 3214/2535/1841 3234/2538/1865
f 3216/2539/1842 3215/2537/1840 3235/2540/1866
f 3217/2519/1843 3216/2518/1842 3236/3444/1867
f 3226/2521/1855 3217/2519/1843 3237/2517/1868
f 3227/2523/1856 3226/2521/1855 3238/2520/1869
f 3227/2523/1856 3239/2522/1870 3240/2524/1871
f 3228/2525/1859 3240/2524/1871 3241/2526/1872
f 3229/2527/1860 3241/2526/1872 3242/2528/1873
f 3243/3425/1874 3251/3404/1889 3252/3406/1875
f 3247/3407/1877 3248/3409/1878 3240/3408/1871
f 3248/3409/1878 3249/3411/1879 3241/3410/1872
f 3249/3411/1879 3250/3413/1891 3242/3412/1873
f 3234/3414/1865 3254/3416/1897 3255/3415/1880
f 3256/3418/1881 3236/3526/1867 3235/3417/1866
f 3257/3420/1882 3237/3423/1868 3236/3419/1867
f 3257/3420/1882 3258/3424/1885 3246/3422/1883
f 3259/3430/1884 3247/3407/1877 3246/3422/1883
f 3242/3412/1873 3250/3413/1891 3243/3425/1874
f 3252/3406/1875 3253/3427/1887 3245/3426/1886
f 3253/3427/1887 3254/3416/1897 3234/3414/1865
f 3263/3428/1888 3264/3429/1895 3252/3406/1875
f 3259/3430/1884 3260/3431/1899 3248/3409/1878
f 3248/3409/1878 3260/3431/1899 3261/3432/1890
f 3261/3432/1890 3262/3433/1894 3250/3413/1891
f 3267/3435/1893 3259/3430/1884 3258/3424/1885
f 3262/3433/1894 3251/3404/1889 3243/3425/1874
f 3264/3429/1895 3265/3436/1896 3253/3427/1887
f 3232/3437/1863 3244/3405/1876 3245/3426/1886
f 3259/3430/1884 3267/3435/1893 3268/3438/1898
f 3260/3431/1899 3268/3438/1898 3269/3439/1900
f 3261/3432/1890 3269/3439/1900 3270/3440/1901
f 3204/3406/1835 3192/3429/1813 3191/3428/1811
f 3246/3422/1883 3247/3407/1877 3239/3442/1870
f 3231/3445/1862 3243/3425/1874 3244/3405/1876
f 3270/3440/1901 3263/3428/1888 3251/3404/1889
f 3394/3527/1902 3278/3542/1919 3279/3528/1903
f 3349/2472/1905 3357/2470/1977 3356/2467/1906
f 3366/3530/1908 3358/3550/1989 3272/3531/1909
f 3366/3530/1908 3273/3532/1910 3274/3533/1911
f 3374/3534/1912 3274/3533/1911 3275/3535/1913
f 3382/3536/1914 3275/3535/1913 3276/3537/1915
f 3390/3539/1917 3386/4543/1916 3276/3540/1915
f 3390/3539/1917 3277/3541/1918 3278/3542/1919
f 3369/2473/1920 3368/2474/1976 3360/2476/1921
f 3361/2475/1922 3360/2476/1921 3352/2478/1923
f 3362/3543/1925 3280/4544/1933 3281/3544/1926
f 3375/3546/1928 3370/3545/1927 3281/3544/1926
f 3291/3409/1930 3292/3411/1944 3284/3432/1931
f 3289/3424/1934 3290/3430/1942 3282/3435/1929
f 3294/3425/1935 3295/3405/1938 3287/3406/1936
f 3295/3405/1938 3296/3426/1954 3288/3427/1939
f 3288/3427/1939 3296/3426/1954 3297/3414/1940
f 3277/3416/1918 3297/3414/1940 3298/3417/1941
f 3298/3417/1941 3299/3526/1949 3279/3418/1903
f 3290/3430/1942 3283/3431/1932 3271/3438/1943
f 3292/3411/1944 3293/3413/1946 3285/3433/1945
f 3294/3425/1935 3286/3404/1937 3285/3433/1945
f 3304/3410/1947 3292/3411/1944 3291/3409/1930
f 3299/3419/1949 3300/3423/1951 3280/3420/1933
f 3301/3422/1950 3289/3424/1934 3280/3420/1933
f 3301/3422/1950 3302/3407/1956 3290/3430/1942
f 3306/3445/1952 3307/3437/1953 3295/3405/1938
f 3307/3437/1953 3308/3443/1955 3296/3426/1954
f 3291/3409/1930 3283/3431/1932 3290/3430/1942
f 3305/3412/1957 3293/3413/1946 3292/3411/1944
f 3305/3412/1957 3306/3445/1952 3294/3425/1935
f 3284/3432/1931 3285/3433/1945 3273/3440/1910
f 3310/3442/1959 3302/3407/1956 3301/3422/1950
f 3275/3429/1913 3287/3406/1936 3288/3427/1939
f 3303/3408/1948 3291/3409/1930 3302/3407/1956
f 3286/3404/1937 3274/3428/1911 3273/3440/1910
f 3287/3406/1936 3275/3429/1913 3274/3428/1911
f 3303/2469/1948 3310/2471/1959 3322/3449/1960
f 3303/2469/1948 3311/2472/1961 3312/2470/1962
f 3304/2467/1947 3312/2470/1962 3313/2468/1963
f 3305/2466/1957 3313/2468/1963 3314/2464/1964
f 3306/2465/1952 3314/2464/1964 3315/3448/1965
f 3307/2461/1953 3315/3448/1965 3316/2462/1966
f 3308/2483/1955 3316/2482/1966 3317/3447/1967
f 3298/2480/1941 3297/2481/1940 3317/3447/1967
f 3299/2478/1949 3298/2480/1941 3318/2479/1968
f 3300/2476/1951 3299/2478/1949 3319/2477/1969
f 3309/2474/1958 3300/2476/1951 3320/2475/1970
f 3310/2471/1959 3309/2474/1958 3321/2473/1971
f 3283/3431/1932 3284/3432/1931 3272/3439/1909
f 3385/2462/1972 3384/2463/1984 3380/2461/1973
f 3369/2473/1920 3376/3449/2048 3377/2471/1975
f 3357/2470/1977 3365/2468/1987 3364/2466/1978
f 3362/3548/1925 3354/3529/1904 3279/3528/1903
f 3345/3500/1979 3344/3452/1980 3343/3451/1980
f 3393/2479/1981 3392/2480/1988 3388/2481/1982
f 3389/3447/1983 3388/2481/1982 3384/2483/1984
f 3373/2464/1985 3381/3448/1974 3380/2461/1973
f 3365/2468/1987 3373/2464/1985 3372/2465/1986
f 3353/2477/1924 3352/2478/1923 3392/2480/1988
f 3358/3550/1989 3350/3555/2001 3271/3551/1943
f 3269/3454/1900 3367/3456/1990 3378/3453/1975
f 3268/3457/1898 3359/3458/1991 3367/3456/1990
f 3267/3459/1893 3351/3460/1992 3359/3458/1991
f 3266/3461/1892 3391/3552/1994 3351/3460/1992
f 3266/3461/1892 3257/3463/1882 3387/3462/1993
f 3256/3464/1881 3383/3640/1996 3387/3462/1993
f 3256/3465/1881 3255/3467/1880 3379/3466/1995
f 3255/3467/1880 3254/3469/1897 3371/3468/1997
f 3265/3470/1896 3363/3554/1999 3371/3468/1997
f 3265/3470/1896 3264/3472/1895 3355/3471/1998
f 3264/3472/1895 3263/3474/1888 3347/3473/2000
f 3263/3474/1888 3270/3455/1901 3378/3453/1975
f 3350/3555/2001 3375/3546/1928 3282/3547/1929
f 3387/3491/2002 3324/3476/2002 3328/3477/2003
f 3349/3487/2004 3376/3479/2005 3343/3480/2005
f 3354/3484/2007 3362/3482/2008 3337/3483/2008
f 3372/3475/2009 3406/3477/2088 3410/3484/2010
f 3389/3491/2011 3326/3476/2011 3330/3477/2012
f 3375/3480/2013 3344/3479/2013 3345/3486/2014
f 3375/3480/2013 3350/3478/2015 3416/3487/2015
f 3383/3496/2016 3379/3489/2017 3401/3490/2017
f 3394/3477/2018 3329/3475/2018 3325/3491/2019
f 3348/3486/2020 3356/3483/2087 3414/3482/2021
f 3385/3496/2022 3381/3489/2086 3399/3490/2023
f 3360/3498/2024 3368/3487/2025 3339/3478/2025
f 3371/3497/2026 3363/3494/2027 3409/3495/2027
f 3386/3488/2028 3396/3496/2028 3400/3489/2029
f 3373/3497/2030 3365/3494/2031 3407/3495/2031
f 3392/3497/2032 3352/3494/2033 3331/3495/2033
f 3355/3498/2034 3347/3487/2035 3417/3478/2035
f 3359/3483/2036 3336/3482/2036 3340/3485/2037
f 3374/3493/2039 3404/3497/2039 3408/3494/2040
f 3357/3498/2041 3349/3487/2004 3415/3478/2006
f 3388/3489/2042 3323/3490/2042 3398/3488/2043
f 3361/3483/2044 3338/3482/2082 3346/3485/2045
f 3391/3475/2003 3328/3477/2003 3332/3484/2046
f 3350/3478/2015 3358/3492/2047 3412/3498/2047
f 3376/3449/2048 3349/2472/1905 3348/2469/1907
f 3341/3451/2049 3340/3499/1976 3339/3500/1976
f 3345/3500/1979 3346/3499/1979 3338/3506/2050
f 3336/3506/2052 3335/3503/2056 3339/3500/1976
f 3337/3503/2051 3338/3506/2050 3334/3510/2053
f 3332/3510/2055 3331/3507/2059 3335/3503/2056
f 3333/3507/2054 3334/3510/2053 3330/3514/1981
f 3328/3514/2058 3327/3511/1988 3331/3507/2059
f 3329/3511/2057 3330/3514/1981 3326/3518/2060
f 3324/3518/2062 3323/3515/2066 3327/3511/1988
f 3325/3515/2061 3326/3518/2060 3395/3556/2063
f 3397/3556/2065 3398/3519/2070 3323/3515/2066
f 3396/3517/2064 3395/3516/2063 3399/3512/2067
f 3401/3512/2069 3402/3513/1974 3398/3517/2070
f 3400/3513/2068 3399/3512/2067 3403/3508/1985
f 3405/3508/1986 3406/3509/1986 3402/3513/1974
f 3408/3505/2072 3404/3509/2071 3403/3508/1985
f 3405/3508/1986 3409/3504/1978 3410/3505/2073
f 3412/3502/2074 3408/3505/2072 3407/3504/1987
f 3409/3504/1978 3413/3501/2076 3414/3502/2076
f 3416/3450/2077 3412/3502/2074 3411/3501/2075
f 3413/3501/2076 3417/3520/2080 3418/3450/2079
f 3344/3452/1980 3416/3450/2077 3415/3520/2078
f 3417/3520/2080 3341/3451/2049 3342/3452/1975
f 3353/3481/2081 3334/3484/2081 3338/3482/2082
f 3384/3522/2043 3398/3521/2043 3402/3476/2083
f 3347/3487/2035 3378/3479/2084 3341/3480/2084
f 3369/3486/2045 3346/3485/2045 3343/3480/2005
f 3358/3492/2047 3366/3495/2040 3408/3494/2040
f 3351/3481/2046 3332/3484/2046 3336/3482/2036
f 3377/3479/2085 3348/3486/2020 3418/3485/2020
f 3392/3497/2032 3327/3493/2032 3323/3490/2042
f 3365/3494/2031 3357/3498/2041 3411/3492/2041
f 3382/3490/2029 3400/3489/2029 3404/3497/2039
f 3367/3486/2038 3340/3485/2037 3341/3480/2084
f 3363/3494/2027 3355/3498/2034 3413/3492/2034
f 3352/3494/2033 3360/3498/2024 3335/3492/2024
f 3381/3489/2086 3373/3497/2030 3403/3493/2030
f 3390/3476/2019 3325/3491/2019 3396/3522/2028
f 3379/3489/2017 3371/3497/2026 3405/3493/2026
f 3368/3487/2025 3377/3479/2085 3342/3480/2085
f 3389/3491/2011 3385/3522/2022 3395/3521/2022
f 3356/3483/2087 3364/3481/2010 3410/3484/2010
f 3394/3477/2018 3354/3484/2007 3333/3481/2007
f 3387/3491/2002 3383/3522/2016 3397/3521/2016
f 3393/3475/2012 3330/3477/2012 3334/3484/2081
f 3380/3491/2083 3402/3476/2083 3406/3477/2088
f 3370/3485/2014 3345/3486/2014 3337/3483/2008
f 3419/3557/2089 3431/3561/2093 3442/3558/2090
f 3420/3560/2092 3432/3563/2095 3431/3561/2093
f 3421/3562/2094 3433/3584/2126 3432/3563/2095
f 3434/3564/2096 3433/3584/2126 3421/3562/2094
f 3435/3566/2098 3434/3564/2096 3422/3565/2097
f 3436/3568/2100 3435/3566/2098 3423/3567/2099
f 3437/3570/2102 3436/3568/2100 3424/3569/2101
f 3438/3572/2104 3437/3570/2102 3425/3571/2103
f 3439/3574/2106 3438/3572/2104 3426/3573/2105
f 3428/3576/2108 3440/3580/2110 3439/3577/2106
f 3429/3579/2109 3441/3581/2111 3440/3580/2110
f 3430/3559/2091 3442/3558/2090 3441/3581/2111
f 3456/2489/2112 3455/2516/2132 3443/2500/2113
f 3448/2494/2115 3447/2492/2120 3435/2509/2098
f 3449/2496/2116 3448/2494/2115 3436/2510/2100
f 3438/2511/2104 3450/2498/2117 3449/2496/2116
f 3439/2512/2106 3451/2513/2147 3450/2498/2117
f 3452/2486/2118 3451/2515/2147 3439/2514/2106
f 3453/2484/2119 3452/2486/2118 3440/2485/2110
f 3442/2501/2090 3454/2502/2123 3453/2484/2119
f 3447/2492/2120 3459/2493/2127 3458/2491/2121
f 3431/2503/2093 3443/2500/2113 3454/2502/2123
f 3457/2487/2124 3456/2489/2112 3444/2488/2114
f 3446/2490/2122 3458/2491/2121 3457/2487/2124
f 3433/2506/2126 3445/2507/2125 3444/2488/2114
f 3448/2494/2115 3460/2495/2128 3459/2493/2127
f 3449/2496/2116 3461/2497/2129 3460/2495/2128
f 3463/2504/2131 3462/2505/2130 3453/2484/2119
f 3455/2516/2132 3463/2504/2131 3454/2502/2123
f 3446/2490/2122 3445/2507/2125 3433/2506/2126
f 3447/2492/2120 3446/2490/2122 3434/2508/2096
f 3612/3384/2133 3653/3386/2264 3463/3387/2131
f 3626/3559/2134 3614/3557/2288 3615/3561/2135
f 3638/3579/2137 3626/3559/2134 3627/3558/2136
f 3638/3579/2137 3639/3581/2137 3651/3580/2138
f 3459/3399/2127 3616/3402/2269 3648/3403/2139
f 3630/3573/2140 3618/3575/2279 3619/3574/2141
f 3642/3571/2143 3630/3573/2140 3631/3572/2142
f 3655/3569/2145 3642/3571/2143 3643/3570/2144
f 3451/3395/2147 3620/3394/3458 3652/3524/2148
f 3634/3562/2149 3622/3565/2302 3623/3564/2150
f 3646/3560/2152 3634/3562/2149 3635/3584/2151
f 3476/3585/2154 3487/4545/2178 3475/3586/2155
f 3477/3588/2157 3476/3610/2154 3464/3589/2156
f 3478/3591/2159 3477/3588/2157 3465/3590/2158
f 3479/3593/2161 3478/3591/2159 3466/3592/2160
f 3480/3595/2163 3479/3593/2161 3467/3594/2162
f 3481/3597/2165 3480/3595/2163 3468/3596/2164
f 3470/3599/2167 3482/3601/2169 3481/3597/2165
f 3471/3600/2168 3483/3603/2171 3482/3601/2169
f 3472/3602/2170 3484/3605/2173 3483/3603/2171
f 3473/3604/2172 3485/3607/2175 3484/3605/2173
f 3474/3606/2174 3486/3619/2176 3485/3607/2175
f 3475/3586/2155 3487/4545/2178 3486/3585/2176
f 3488/3608/2177 3499/3629/2195 3487/3609/2178
f 3489/3611/2179 3488/3608/2177 3476/3610/2154
f 3490/3612/2180 3489/3611/2179 3477/3588/2157
f 3491/3613/2181 3490/3612/2180 3478/3591/2159
f 3492/3614/2182 3491/3613/2181 3479/3593/2161
f 3493/3615/2183 3492/3614/2182 3480/3595/2163
f 3482/3601/2169 3494/3616/2184 3493/3615/2183
f 3483/3603/2171 3495/3617/2185 3494/3616/2184
f 3484/3605/2173 3496/3618/2186 3495/3617/2185
f 3485/3607/2175 3497/3620/2187 3496/3618/2186
f 3486/3619/2176 3498/3622/2188 3497/3620/2187
f 3487/3621/2178 3499/3638/2195 3498/3622/2188
f 3490/3612/2180 3501/3624/2190 3500/3623/2189
f 3491/3613/2181 3502/3625/2191 3501/3624/2190
f 3492/3614/2182 3503/3626/2192 3502/3625/2191
f 3493/3615/2183 3504/3627/2193 3503/3626/2192
f 3505/3628/2194 3516/4546/3459 3499/3629/2195
f 3500/3623/2189 3506/4547/3460 3505/3628/2194
f 3507/3630/2196 3506/4547/3460 3500/3623/2189
f 3508/3631/2197 3507/3630/2196 3501/3624/2190
f 3509/3632/2198 3508/3631/2197 3502/3625/2191
f 3510/3633/2199 3509/3632/2198 3503/3626/2192
f 3511/3634/2200 3510/3633/2199 3504/3627/2193
f 3512/3635/2201 3511/3634/2200 3494/3616/2184
f 3496/3618/2186 3513/3636/2202 3512/3635/2201
f 3497/3620/2187 3514/3637/2203 3513/3636/2202
f 3498/3622/2188 3515/3639/2204 3514/3637/2203
f 3499/3638/2195 3516/4548/3459 3515/3639/2204
f 3657/3471/2205 3517/3472/2209 3528/3470/2206
f 3660/3473/2208 3518/3474/2239 3517/3472/2209
f 3519/3455/2210 3518/3474/2239 3660/3473/2208
f 3520/3454/2212 3519/3455/2210 3663/3453/2211
f 3521/3457/2214 3520/3454/2212 3666/3456/2213
f 3522/3459/2216 3521/3457/2214 3658/3458/2215
f 3523/3461/2218 3522/3459/2216 3661/3460/2217
f 3667/3462/2220 3524/3463/2231 3523/3461/2218
f 3525/3464/2221 3524/3463/2231 3667/3462/2220
f 3662/3466/2223 3526/3467/2225 3525/3465/2221
f 3665/3468/2224 3527/3469/2233 3526/3467/2225
f 3538/3641/2226 3537/3671/2246 3529/3642/2227
f 3534/3644/2229 3533/3653/2234 3521/3645/2214
f 3535/3647/2230 3534/3644/2229 3522/3646/2216
f 3533/3653/2234 3541/3661/2240 3540/3654/2235
f 3517/3656/2209 3529/3642/2227 3536/3651/2232
f 3539/3657/2237 3538/3641/2226 3530/3643/2228
f 3532/3655/2236 3540/3654/2235 3539/3657/2237
f 3519/3659/2210 3531/3658/2238 3530/3643/2228
f 3534/3644/2229 3542/3662/2241 3541/3661/2240
f 3535/3647/2230 3543/3780/2253 3542/3662/2241
f 3544/3663/2242 3543/3780/2253 3535/3647/2230
f 3545/3664/2243 3544/3663/2242 3524/3649/2231
f 3526/3666/2225 3546/3669/2244 3545/3667/2243
f 3527/3652/2233 3547/3670/2245 3546/3669/2244
f 3536/3651/2232 3548/3781/2248 3547/3670/2245
f 3537/3671/2246 3548/3781/2248 3536/3651/2232
f 3532/3655/2236 3531/3658/2238 3519/3659/2210
f 3533/3653/2234 3532/3655/2236 3520/3672/2212
f 3549/3557/2247 3560/3559/2259 3548/3558/2248
f 3550/3560/2249 3549/3557/2247 3537/3561/2246
f 3551/3562/2250 3550/3560/2249 3538/3563/2226
f 3540/3564/2235 3552/3565/2251 3551/3562/2250
f 3541/3566/2240 3553/3567/2252 3552/3565/2251
f 3542/3568/2241 3554/3569/2254 3553/3567/2252
f 3543/3570/2253 3555/3571/2255 3554/3569/2254
f 3544/3572/2242 3556/3573/2256 3555/3571/2255
f 3545/3574/2243 3557/3575/3461 3556/3573/2256
f 3558/3576/2257 3557/3578/3461 3545/3577/2243
f 3559/3579/2258 3558/3576/2257 3546/3580/2244
f 3560/3559/2259 3559/3579/2258 3547/3581/2245
f 3458/3401/2121 3648/3403/2139 3636/3525/2260
f 3636/3525/2260 3624/3381/2270 3456/3383/2112
f 3516/3673/2261 3694/3720/2540 3700/3674/2262
f 3653/3386/2264 3644/3523/3462 3462/3388/2130
f 3462/3388/2130 3644/3523/3462 3632/3389/2265
f 3632/3389/2265 3620/3391/3458 3451/3392/2147
f 3469/3494/2266 3468/3498/2428 3683/3492/2267
f 3652/3524/2148 3640/3396/3463 3461/3397/2129
f 3461/3397/2129 3640/3396/3463 3628/3400/2268
f 3460/3398/2128 3628/3400/2268 3616/3402/2269
f 3624/3381/2270 3612/3384/2133 3455/3385/2132
f 3607/3505/2271 3606/3509/2362 3605/3508/2272
f 3469/3494/2266 3684/3495/2266 3696/3493/2274
f 3680/3497/2276 3712/3493/2521 3709/3490/2277
f 3618/3578/2279 3650/3576/2138 3651/3580/2138
f 3661/3484/2280 3658/3482/2292 3714/3483/2281
f 3465/3486/2283 3464/3483/2532 3681/3482/2284
f 3466/3479/2286 3465/3486/2283 3682/3485/2285
f 3614/3557/2288 3646/3560/2152 3647/3563/2153
f 3675/3522/2289 3708/3521/2538 3728/3476/2290
f 3658/3482/2292 3666/3485/2426 3722/3486/2293
f 3505/3676/2294 3506/3723/2552 3689/3677/2295
f 3610/3567/2297 3655/3569/2145 3654/3568/2146
f 3512/3679/2299 3704/3722/2543 3699/3680/2300
f 3610/3567/2297 3611/3566/2298 3623/3564/2150
f 3650/3682/2303 3618/4549/2304 3595/3683/2304
f 3616/3492/2306 3577/3498/2306 3573/3487/2307
f 3617/3521/2309 3649/3476/2408 3592/3491/2310
f 3614/3685/2312 3579/3695/2312 3575/3686/2313
f 3631/3491/2315 3619/3522/2316 3594/3521/2316
f 3611/3483/2318 3654/3481/2319 3601/3484/2319
f 3632/3476/2321 3597/3491/2344 3593/3522/2322
f 3645/3485/2324 3576/3486/2404 3580/3483/2325
f 3653/3484/2326 3612/3482/2340 3561/3483/2327
f 3627/3494/2328 3615/3498/2329 3578/3492/2329
f 3655/3688/2330 3610/3696/2347 3563/3689/2331
f 3618/3691/2304 3630/3699/2352 3599/3692/2332
f 3628/3495/2333 3581/3494/2333 3577/3498/2306
f 3609/3492/2334 3656/3495/2411 3607/3494/2335
f 3623/3486/2336 3611/3483/2318 3562/3482/2320
f 3617/3488/2309 3596/3496/2311 3600/3489/2337
f 3614/3685/2312 3626/3707/2339 3583/3694/2339
f 3612/3482/2340 3624/3485/2341 3565/3486/2341
f 3643/3475/2342 3631/3491/2315 3598/3476/2317
f 3644/3477/2343 3603/3475/2343 3597/3491/2344
f 3613/3482/2325 3580/3483/2325 3584/3481/2345
f 3610/3696/2347 3622/3706/2420 3567/3697/2348
f 3639/3497/2349 3627/3494/2328 3582/3495/2328
f 3642/3698/2351 3605/3705/2351 3599/3692/2332
f 3628/3495/2333 3640/3493/2418 3585/3497/2353
f 3621/3478/2354 3609/3492/2334 3564/3498/2334
f 3471/3489/2356 3702/3490/2531 3685/3488/2357
f 3603/3511/2359 3602/3507/2401 3601/3510/2360
f 3606/3509/2362 3600/3513/2366 3599/3512/2363
f 3597/3515/2364 3603/3511/2359 3604/3514/2361
f 3600/3513/2366 3596/3517/2370 3595/3516/2367
f 3593/3519/2368 3597/3515/2364 3598/3518/2365
f 3596/3519/2370 3592/3515/2374 3591/3518/2371
f 3589/3513/2372 3593/3517/2368 3594/3516/2369
f 3592/3515/2374 3588/3511/2375 3587/3514/2375
f 3585/3509/2376 3589/3513/2372 3590/3512/2373
f 3588/3511/2375 3584/3507/2381 3583/3510/2378
f 3581/3505/2379 3585/3509/2376 3586/3508/2377
f 3584/3507/2381 3580/3503/2385 3579/3506/2382
f 3577/3502/2383 3581/3505/2379 3582/3504/2380
f 3580/3503/2385 3576/3500/2389 3575/3499/2386
f 3573/3450/2387 3577/3502/2383 3578/3501/2384
f 3576/3500/2389 3572/3452/2393 3571/3451/2390
f 3569/3452/2391 3573/3450/2387 3574/3520/2388
f 3572/3452/2393 3568/3450/2397 3567/3520/2394
f 3565/3500/2395 3569/3452/2391 3570/3451/2392
f 3568/3450/2397 3564/3502/2400 3563/3501/2398
f 3561/3503/2399 3565/3500/2395 3566/3499/2396
f 3564/3502/2400 3607/3505/2271 3608/3504/2273
f 3602/3507/2401 3561/3503/2399 3562/3506/2399
f 3615/3498/2329 3647/3487/2416 3574/3478/2402
f 3633/3480/2403 3572/3479/2403 3576/3486/2404
f 3652/3490/2405 3620/3488/2323 3593/3496/2322
f 3619/3496/2316 3651/3489/2419 3590/3490/2406
f 3634/3700/2407 3646/3687/2314 3575/3686/2313
f 3649/3476/2408 3637/3477/2421 3588/3475/2409
f 3641/3493/2410 3606/3497/2410 3607/3494/2335
f 3648/3478/2308 3573/3487/2307 3569/3479/2412
f 3638/3702/2414 3650/4550/2303 3591/3703/2305
f 3647/3487/2416 3635/3479/2417 3570/3480/2417
f 3642/3698/2351 3655/3688/2330 3608/3690/2330
f 3633/3480/2403 3621/3478/2354 3568/3487/2355
f 3640/3493/2418 3652/3490/2405 3589/3489/2405
f 3651/3489/2419 3639/3497/2349 3586/3493/2350
f 3653/3484/2326 3602/3481/2326 3603/3475/2343
f 3622/3706/2420 3634/3700/2407 3571/3701/2407
f 3637/3477/2421 3625/3484/2346 3584/3481/2345
f 3654/3481/2319 3643/3475/2342 3604/3477/2342
f 3624/3485/2341 3636/3480/2413 3569/3479/2412
f 3626/3707/2339 3638/3702/2414 3587/3704/2415
f 3629/3490/2338 3600/3489/2337 3606/3497/2410
f 3635/3479/2417 3623/3486/2336 3566/3485/2336
f 3515/3675/2263 3700/3674/2262 3693/3708/2422
f 3676/3491/2291 3728/3476/2290 3711/3477/2424
f 3666/3485/2426 3663/3480/2432 3719/3479/2427
f 3468/3498/2428 3467/3487/2525 3701/3478/2429
f 3679/3475/2425 3711/3477/2424 3707/3484/2430
f 3663/3480/2432 3660/3478/2442 3716/3487/2433
f 3507/3710/2434 3508/3717/2530 3703/3711/2435
f 3511/3681/2301 3699/3680/2300 3691/3713/2437
f 3673/3486/2439 3672/3483/2529 3706/3482/2440
f 3660/3478/2442 3657/3492/2446 3713/3498/2443
f 3678/3479/2444 3673/3486/2439 3727/3485/2441
f 3657/3492/2446 3668/3495/2549 3724/3494/2447
f 3621/2469/2448 3669/2472/3464 3670/2470/2449
f 3670/2470/2449 3671/2468/2467 3656/2466/2451
f 3678/3449/2452 3669/2472/3464 3621/2469/2448
f 3673/2473/2454 3678/3449/2452 3633/2471/2453
f 3672/2475/2456 3673/2473/2454 3645/2474/2455
f 3679/2479/2458 3674/2477/2468 3625/2478/2459
f 3676/3447/2461 3679/2479/2458 3637/2480/2460
f 3675/2482/2463 3676/3447/2461 3649/2481/2462
f 3680/2464/2464 3677/3448/2469 3629/2461/2465
f 3671/2468/2467 3680/2464/2464 3641/2465/2466
f 3674/2477/2468 3672/2475/2456 3613/2476/2457
f 3677/3448/2469 3675/2462/2463 3617/2463/2463
f 3686/3513/2470 3685/3517/2480 3708/3516/2471
f 3707/3510/2473 3684/3507/3465 3683/3503/2474
f 3687/3505/2476 3697/3509/2479 3712/3508/2477
f 3697/3509/2479 3686/3513/2470 3709/3512/2472
f 3685/3519/2480 3702/3515/2482 3728/3518/2481
f 3702/3515/2482 3696/3511/2484 3711/3514/2483
f 3696/3511/2484 3684/3507/3465 3707/3510/2473
f 3706/3506/2475 3683/3503/2474 3701/3500/2485
f 3727/3499/2486 3701/3500/2485 3695/3452/2487
f 3710/3451/2488 3695/3452/2487 3682/3450/2489
f 3725/3501/2491 3681/3502/2492 3687/3505/2476
f 3705/3520/2490 3682/3450/2489 3681/3502/2492
f 3713/3502/2493 3724/3505/3466 3694/3504/2494
f 3716/3450/2496 3713/3502/2493 3688/3501/2495
f 3719/3452/2498 3716/3450/2496 3689/3520/2497
f 3722/3500/2500 3719/3452/2498 3698/3451/2499
f 3714/3503/2502 3722/3500/2500 3703/3499/2501
f 3717/3507/2504 3714/3503/2502 3690/3506/2503
f 3699/3514/2506 3720/3511/2508 3717/3507/2504
f 3704/3518/2507 3723/3515/2510 3720/3511/2508
f 3692/3556/2509 3715/3519/2512 3723/3515/2510
f 3693/3512/2511 3718/3513/2514 3715/3517/2512
f 3700/3508/2513 3721/3509/2515 3718/3513/2514
f 3694/3504/2494 3724/3505/3466 3721/3509/2515
f 3509/3715/2516 3510/3714/2438 3691/3713/2437
f 3661/3484/2280 3717/3481/2282 3720/3475/2518
f 3671/3494/2520 3726/3495/2550 3712/3493/2521
f 3473/3491/2522 3686/3476/2526 3697/3477/2523
f 3467/3487/2525 3466/3479/2286 3695/3480/2287
f 3472/3522/2358 3685/3521/2357 3686/3476/2526
f 3664/3477/2519 3720/3475/2518 3723/3491/2527
f 3672/3483/2529 3674/3481/2431 3707/3484/2430
f 3508/3717/2530 3509/3715/2516 3690/3716/2517
f 3470/3497/2275 3696/3493/2274 3702/3490/2531
f 3464/3483/2532 3475/3481/2539 3687/3484/2533
f 3514/3709/2423 3693/3708/2422 3692/3718/2534
f 3667/3476/2528 3723/3491/2527 3715/3522/2536
f 3677/3489/2278 3709/3490/2277 3708/3488/2538
f 3474/3475/2524 3697/3477/2523 3687/3484/2533
f 3516/3673/2261 3505/3676/2294 3688/3678/2296
f 3659/3488/2537 3715/3496/2536 3718/3489/2541
f 3513/3721/2535 3692/4551/2534 3704/3722/2543
f 3662/3490/2542 3718/3489/2541 3721/3497/2544
f 3670/3498/2546 3669/3487/2551 3705/3478/2547
f 3665/3493/2545 3721/3497/2544 3724/3494/2447
f 3671/3494/2520 3670/3498/2546 3725/3492/2548
f 3669/3487/2551 3678/3479/2444 3710/3480/2445
f 3506/3723/2552 3507/3710/2434 3698/3712/2436
f 3528/3470/2206 3527/3469/2233 3665/3468/2224
f 3432/2499/2095 3444/2488/2114 3443/2500/2113
f 3518/3660/2239 3530/3643/2228 3529/3642/2227
f 3729/3557/2553 3740/3559/2101 3752/3558/2554
f 3730/3560/2097 3729/3557/2553 3741/3561/2555
f 3731/3562/2556 3730/3560/2097 3742/3563/2096
f 3731/3562/2556 3743/3584/2126 3744/3564/2095
f 3732/3565/2557 3744/3564/2095 3745/3566/2093
f 3733/3567/2558 3745/3566/2093 3746/3568/2090
f 3734/3569/2091 3746/3568/2090 3747/3570/2111
f 3735/3571/2559 3747/3570/2111 3748/3572/2110
f 3736/3573/2560 3748/3572/2110 3749/3574/2106
f 3738/3576/2105 3737/3578/2107 3749/3577/2106
f 3739/3579/2103 3738/3576/2105 3750/3580/2104
f 3740/3559/2101 3739/3579/2103 3751/3581/2102
f 3753/2500/2120 3765/2516/2575 3766/2489/2561
f 3745/2509/2093 3757/2492/2113 3758/2494/2123
f 3746/2510/2090 3758/2494/2123 3759/2496/2119
f 3748/2511/2110 3747/3582/2111 3759/2496/2119
f 3749/2512/2106 3748/2511/2110 3760/2498/2563
f 3749/2514/2106 3761/2515/2564 3762/2486/2565
f 3750/2485/2104 3762/2486/2565 3763/2484/2566
f 3752/2501/2554 3751/3583/2102 3763/2484/2566
f 3757/2492/2113 3756/2490/2570 3768/2491/2567
f 3741/2503/2555 3752/2501/2554 3764/2502/2115
f 3754/2488/2562 3766/2489/2561 3767/2487/2569
f 3756/2490/2570 3755/2507/2125 3767/2487/2569
f 3743/2506/2126 3742/2499/2096 3754/2488/2562
f 3758/2494/2123 3757/2492/2113 3769/2493/2568
f 3759/2496/2119 3758/2494/2123 3770/2495/2571
f 3763/2484/2566 3772/2505/2573 3773/2504/2574
f 3764/2502/2115 3773/2504/2574 3765/2516/2575
f 3743/2506/2126 3755/2507/2125 3756/2490/2570
f 3744/2508/2095 3756/2490/2570 3757/2492/2113
f 3773/3387/2574 3963/3386/2711 3922/3384/2576
f 3936/3568/2577 3937/3569/2581 3925/3567/2578
f 3948/3570/2580 3949/3571/3467 3937/3569/2581
f 3961/3573/2582 3949/3571/3467 3948/3570/2580
f 3769/3399/2568 3768/3401/2567 3958/3403/2584
f 3940/3580/2586 3941/3576/2590 3929/3578/2587
f 3952/3581/2589 3953/3579/2592 3941/3576/2590
f 3965/3558/2591 3964/3559/2746 3953/3579/2592
f 3761/3395/2564 3760/3393/2563 3962/3524/2593
f 3944/3584/2595 3945/3562/2598 3933/3560/2596
f 3956/3564/2597 3957/3565/2736 3945/3562/2598
f 3785/3724/2599 3797/3749/2622 3786/3725/2600
f 3774/3726/2601 3786/3725/2600 3787/3727/2602
f 3775/3728/2603 3787/3727/2602 3788/3729/2604
f 3776/3730/2605 3788/3729/2604 3789/3731/2606
f 3777/3732/2607 3789/3731/2606 3790/3733/2608
f 3778/3734/2609 3790/3733/2608 3791/3735/2610
f 3780/3737/2612 3779/3736/2611 3791/3735/2610
f 3781/3739/2614 3780/3737/2612 3792/3738/2613
f 3782/3741/2616 3781/3739/2614 3793/3740/2615
f 3783/3743/2618 3782/3741/2616 3794/3742/2617
f 3784/3745/2620 3783/3743/2618 3795/3744/2619
f 3785/3747/2599 3784/3745/2620 3796/3746/2621
f 3797/3749/2622 3809/3767/2634 3798/3750/2623
f 3786/3725/2600 3798/3750/2623 3799/3751/2624
f 3787/3727/2602 3799/3751/2624 3800/3752/2625
f 3788/3729/2604 3800/3752/2625 3801/3753/2626
f 3789/3731/2606 3801/3753/2626 3802/3754/2627
f 3790/3733/2608 3802/3754/2627 3803/3755/2628
f 3792/3738/2613 3791/3735/2610 3803/3755/2628
f 3793/3740/2615 3792/3738/2613 3804/3756/2629
f 3794/3742/2617 3793/3740/2615 3805/3757/2630
f 3795/3744/2619 3794/3742/2617 3806/3758/2631
f 3796/3746/2621 3795/3744/2619 3807/3759/2632
f 3797/3748/2622 3796/3746/2621 3808/3760/2633
f 3800/3752/2625 3799/3751/2624 3810/3762/2635
f 3801/3753/2626 3800/3752/2625 3811/3763/2636
f 3802/3754/2627 3801/3753/2626 3812/3764/2637
f 3803/3755/2628 3802/3754/2627 3813/3765/2638
f 3809/3767/2634 3826/4552/2651 3815/3768/2640
f 3810/3762/2635 3798/3750/2623 3815/3768/2640
f 3810/3762/2635 3816/3769/2641 3817/3770/2642
f 3811/3763/2636 3817/3770/2642 3818/3771/2643
f 3812/3764/2637 3818/3771/2643 3819/3772/2644
f 3813/3765/2638 3819/3772/2644 3820/3773/2645
f 3814/3766/2639 3820/3773/2645 3821/3774/2646
f 3804/3756/2629 3821/3774/2646 3822/3775/2647
f 3806/3758/2631 3805/3757/2630 3822/3775/2647
f 3807/3759/2632 3806/3758/2631 3823/3776/2648
f 3808/3760/2633 3807/3759/2632 3824/3777/2649
f 3809/3761/2634 3808/3760/2633 3825/3778/2650
f 3967/3471/2652 3978/3554/3004 3838/3470/2653
f 3970/3473/2655 3967/3471/2652 3827/3472/2654
f 3970/3473/2655 3828/3474/2656 3829/3455/2657
f 3973/3453/2658 3829/3455/2657 3830/3454/2659
f 3976/3456/2660 3830/3454/2659 3831/3457/2661
f 3968/3458/2662 3831/3457/2661 3832/3459/2663
f 3971/3460/2664 3832/3459/2663 3833/3461/2665
f 3977/3462/2667 3974/3552/2666 3833/3461/2665
f 3977/3462/2667 3834/3463/2668 3835/3464/2669
f 3972/3466/2671 3969/3553/2670 3835/3465/2669
f 3975/3468/2673 3972/3466/2671 3836/3467/2672
f 3839/3642/2675 3847/3671/2694 3848/3641/2676
f 3831/3645/2661 3843/3653/2681 3844/3644/2678
f 3832/3646/2663 3844/3644/2678 3845/3647/2679
f 3843/3653/2681 3842/3655/2686 3850/3654/2682
f 3827/3656/2654 3838/3650/2653 3846/3651/2680
f 3840/3643/2677 3848/3641/2676 3849/3657/2684
f 3842/3655/2686 3841/3658/2685 3849/3657/2684
f 3829/3659/2657 3828/3660/2656 3840/3643/2677
f 3844/3644/2678 3843/3653/2681 3851/3661/2683
f 3845/3647/2679 3844/3644/2678 3852/3662/2687
f 3845/3647/2679 3853/3780/2688 3854/3663/2689
f 3834/3649/2668 3854/3663/2689 3855/3664/2690
f 3836/3666/2672 3835/3668/2669 3855/3667/2690
f 3837/3652/2674 3836/3666/2672 3856/3669/2691
f 3846/3651/2680 3837/3652/2674 3857/3670/2692
f 3846/3651/2680 3858/3781/2693 3847/3671/2694
f 3829/3659/2657 3841/3658/2685 3842/3655/2686
f 3830/3672/2659 3842/3655/2686 3843/3653/2681
f 3858/3559/2693 3870/3558/2706 3859/3561/2695
f 3847/3557/2694 3859/3561/2695 3860/3563/2696
f 3848/3560/2676 3860/3563/2696 3861/3584/2697
f 3850/3565/2682 3849/3562/2684 3861/3584/2697
f 3851/3567/2683 3850/3565/2682 3862/3564/2698
f 3852/3569/2687 3851/3567/2683 3863/3566/2699
f 3853/3571/2688 3852/3569/2687 3864/3568/2700
f 3854/3573/2689 3853/3571/2688 3865/3570/2701
f 3855/3575/2690 3854/3573/2689 3866/3572/2702
f 3855/3578/2690 3867/3577/2703 3868/3580/2704
f 3856/3576/2691 3868/3580/2704 3869/3581/2705
f 3857/3579/2692 3869/3581/2705 3870/3558/2706
f 3768/3401/2567 3767/3382/2569 3946/3525/2707
f 3766/3383/2561 3934/3381/2719 3946/3525/2707
f 4010/3674/2708 4004/3720/3468 3826/3673/2709
f 3772/3388/2573 3954/3523/2713 3963/3386/2711
f 3772/3388/2573 3762/3390/2565 3942/3389/2712
f 3761/3392/2564 3930/3391/2594 3942/3389/2712
f 3779/3481/2714 3994/3484/2714 3993/3482/2715
f 3771/3397/2572 3950/3396/2718 3962/3524/2593
f 3771/3397/2572 3770/3398/2571 3938/3400/2717
f 3770/3398/2571 3769/3399/2568 3926/3402/2585
f 3765/3385/2575 3922/3384/2576 3934/3381/2719
f 3917/3510/2720 3918/3507/2851 3915/3511/2721
f 4006/3477/2723 3994/3484/2714 3779/3481/2714
f 4019/3490/2725 4022/3493/2974 3990/3497/2726
f 3928/3574/2588 3929/3575/2587 3961/3573/2582
f 3971/3481/2728 4027/3484/3469 4024/3482/2729
f 3775/3487/2731 3992/3478/2735 3991/3492/2732
f 3776/3479/2734 4005/3480/2979 3992/3478/2735
f 3924/3566/2579 3925/3567/2578 3957/3565/2736
f 4038/3476/2737 4018/3521/2991 3985/3522/2738
f 3968/3483/2730 4024/3482/2729 4032/3485/2740
f 3815/3676/2742 3998/3678/2992 3999/3677/2743
f 3920/3561/2745 3921/3557/3470 3964/3559/2746
f 4009/3680/2747 4014/3722/2995 3822/3679/2748
f 3933/3560/2596 3921/3557/3470 3920/3561/2745
f 3960/3490/2750 3901/3489/2867 3905/3496/2751
f 3883/3485/2752 3887/3482/2753 3926/3483/2753
f 3927/3496/2755 3906/3488/3471 3902/3490/2756
f 3885/3487/2758 3889/3498/2759 3924/3492/2759
f 3941/3491/2761 3908/3476/2792 3904/3521/2762
f 3921/3483/2763 3872/3482/2786 3911/3484/2764
f 3903/3488/2765 3907/3490/2793 3942/3489/2766
f 3890/3492/2768 3886/3478/2855 3955/3487/2769
f 3963/3494/2771 3912/3495/2771 3871/3492/2772
f 3937/3494/2774 3892/3495/2774 3888/3492/2775
f 3965/3484/2776 3918/3481/2776 3873/3483/2777
f 3928/3521/2751 3905/3522/2751 3909/3491/2779
f 3887/3482/2753 3891/3484/2781 3938/3481/2781
f 3919/3483/2782 3874/3482/2804 3917/3484/2783
f 3933/3486/2785 3876/3485/2785 3872/3482/2786
f 3910/3476/2787 3906/3521/3471 3927/3522/2755
f 3924/3492/2759 3889/3498/2759 3893/3494/2789
f 3922/3498/2773 3871/3492/2772 3875/3478/2790
f 3953/3475/2791 3914/3477/2791 3908/3476/2792
f 3907/3490/2793 3913/3493/2794 3954/3497/2794
f 3894/3495/2795 3890/3492/2768 3923/3498/2770
f 3920/3482/2778 3873/3483/2777 3877/3486/2797
f 3949/3497/2799 3896/3493/2871 3892/3495/2774
f 3909/3491/2779 3915/3475/2800 3952/3477/2800
f 3938/3481/2781 3891/3484/2781 3895/3477/2801
f 3931/3486/2803 3878/3485/2869 3874/3482/2804
f 3995/3521/2805 4012/3476/2984 3781/3491/2806
f 3913/3509/2808 3914/3508/2814 3911/3504/2809
f 3916/3514/2722 3915/3511/2721 3909/3515/2811
f 3907/3513/2813 3908/3512/2818 3914/3508/2814
f 3910/3518/2812 3909/3515/2811 3905/3519/2815
f 3903/3517/2817 3904/3516/2822 3908/3512/2818
f 3906/3516/2816 3905/3517/2815 3901/3513/2819
f 3899/3515/2821 3900/3518/2826 3904/3556/2822
f 3902/3512/2820 3901/3513/2819 3897/3509/2823
f 3895/3511/2825 3896/3514/2830 3900/3518/2826
f 3898/3508/2824 3897/3509/2823 3893/3505/2827
f 3891/3507/2829 3892/3510/2834 3896/3514/2830
f 3894/3504/2828 3893/3505/2827 3889/3502/2831
f 3887/3503/2833 3888/3506/2838 3892/3510/2834
f 3890/3501/2832 3889/3502/2831 3885/3450/2835
f 3883/3500/2837 3884/3499/2842 3888/3506/2838
f 3886/3520/2836 3885/3450/2835 3881/3452/2839
f 3879/3452/2841 3880/3451/2846 3884/3499/2842
f 3882/3451/2840 3881/3452/2839 3877/3500/2843
f 3875/3450/2845 3876/3520/2850 3880/3451/2846
f 3878/3499/2844 3877/3500/2843 3873/3503/2847
f 3871/3502/2849 3872/3501/2852 3876/3520/2850
f 3874/3506/2848 3873/3503/2847 3918/3507/2851
f 3912/3505/2810 3911/3504/2809 3872/3501/2852
f 3925/3498/2775 3888/3492/2775 3884/3478/2853
f 3886/3478/2855 3882/3480/2856 3943/3479/2856
f 3962/3491/2857 3899/3476/2870 3903/3521/2765
f 3929/3496/2762 3904/3488/2762 3900/3490/2858
f 3944/3480/2860 3881/3479/2860 3885/3487/2758
f 3959/3489/2757 3902/3490/2756 3898/3493/2861
f 3917/3484/2783 3916/3477/2873 3951/3475/2863
f 3879/3480/2864 3883/3485/2752 3958/3486/2754
f 3948/3493/2866 3897/3497/2872 3901/3489/2867
f 3957/3487/2854 3884/3478/2853 3880/3480/2868
f 3952/3477/2800 3915/3475/2800 3918/3481/2776
f 3943/3479/2856 3882/3480/2856 3878/3485/2869
f 3950/3475/2802 3895/3477/2801 3899/3476/2870
f 3961/3489/2859 3900/3490/2858 3896/3493/2871
f 3913/3493/2794 3912/3495/2771 3963/3494/2771
f 3932/3485/2798 3877/3486/2797 3881/3479/2860
f 3947/3497/2862 3898/3493/2861 3894/3495/2795
f 3964/3481/2764 3911/3484/2764 3914/3477/2791
f 3934/3487/2790 3875/3478/2790 3879/3480/2864
f 3936/3495/2789 3893/3494/2789 3897/3497/2872
f 3916/3477/2873 3910/3476/2787 3939/3491/2788
f 3945/3479/2868 3880/3480/2868 3876/3485/2785
f 4003/3708/2874 4010/3674/2708 3825/3675/2710
f 4021/3477/2876 4038/3476/2737 3986/3491/2739
f 3976/3486/2741 4032/3485/2740 4029/3480/2878
f 3778/3483/2716 3993/3482/2715 4011/3485/2880
f 4017/3484/2882 4021/3477/2876 3989/3475/2877
f 3973/3479/2879 4029/3480/2878 4026/3478/2884
f 3817/3710/2886 4008/3712/3003 4013/3711/2887
f 4001/3713/2889 4009/3680/2747 3821/3681/2749
f 3983/3486/2891 4037/3485/2897 4016/3482/2892
f 3970/3487/2885 4026/3478/2884 4023/3492/2894
f 3988/3479/2896 4020/3480/3002 4037/3485/2897
f 3967/3498/2895 4023/3492/2894 4034/3495/2898
f 3931/2473/2900 3919/2475/2904 3980/2476/2901
f 3966/2477/2903 3981/2478/2920 3980/2476/2901
f 3931/2473/2900 3979/2474/2902 3988/2471/2905
f 3943/3449/2906 3988/2471/2905 3983/2469/2907
f 3955/2472/2908 3983/2469/2907 3982/2467/2909
f 3935/2468/2911 3984/2466/2921 3989/2465/2912
f 3959/3448/2914 3947/2464/2913 3989/2465/2912
f 3959/3448/2914 3986/2461/2915 3985/2463/2916
f 3939/3447/2917 3987/2481/2922 3990/2480/2918
f 3951/2479/2919 3990/2480/2918 3981/2478/2920
f 3923/2470/2910 3982/2467/2909 3984/2466/2921
f 3927/2482/2916 3985/2483/2916 3987/2481/2922
f 4018/3519/2923 3995/3556/2934 3996/3518/2924
f 4017/3505/2926 4016/3502/2938 3993/3501/2927
f 4022/3511/2929 4007/3514/2932 3997/3510/2930
f 4019/3515/2925 3996/3518/2924 4007/3514/2932
f 4038/3513/2933 4012/3512/2936 3995/3516/2934
f 4021/3509/2935 4006/3508/2937 4012/3512/2936
f 4017/3505/2926 3994/3504/2928 4006/3508/2937
f 4016/3502/2938 4037/3450/2940 4011/3520/2939
f 4037/3450/2940 4020/3452/2942 4005/3451/2941
f 4020/3452/2942 4015/3500/2946 3992/3499/2943
f 4035/3503/2944 4036/3507/2931 3997/3510/2930
f 4015/3500/2946 4035/3503/2944 3991/3506/2945
f 4004/3504/2947 4034/3505/2970 4023/3502/2948
f 3998/3501/2949 4023/3502/2948 4026/3450/2950
f 3999/3520/2951 4026/3450/2950 4029/3452/2952
f 4008/3451/2953 4029/3452/2952 4032/3500/2954
f 4013/3499/2955 4032/3500/2954 4024/3503/2956
f 4000/3506/2957 4024/3503/2956 4027/3507/2958
f 4009/3514/2960 4001/3510/2959 4027/3507/2958
f 4014/3518/2962 4009/3514/2960 4030/3511/2961
f 4002/3556/2964 4014/3518/2962 4033/3515/2963
f 4003/3512/2966 4002/3516/2964 4025/3517/2965
f 4010/3508/2968 4003/3512/2966 4028/3513/2967
f 4004/3504/2947 4010/3508/2968 4031/3509/2969
f 3819/3715/2971 4000/3716/2983 4001/3713/2889
f 4030/3477/2972 4027/3484/3469 3971/3481/2728
f 4022/3493/2974 4036/3495/3472 3981/3494/2975
f 4007/3493/2976 3996/3490/2980 3783/3489/2977
f 3777/3486/2881 4011/3485/2880 4005/3480/2979
f 3996/3490/2980 3995/3488/2805 3782/3496/2807
f 4033/3476/2981 4030/3477/2972 3974/3475/2973
f 3982/3483/2893 4016/3482/2892 4017/3484/2882
f 3818/3717/2888 4013/3711/2887 4000/3716/2983
f 4012/3476/2984 4006/3477/2723 3780/3475/2724
f 3774/3498/2733 3991/3492/2732 3997/3495/2985
f 4002/3718/2987 4003/3708/2874 3824/3709/2875
f 4025/3521/2989 4033/3476/2981 3977/3491/2982
f 4018/3488/2991 4019/3490/2725 3987/3489/2727
f 3997/3495/2985 4007/3493/2976 3784/3497/2978
f 3826/3673/2709 4004/3720/3468 3998/3678/2992
f 4028/3490/2993 4025/3488/2989 3969/3496/2990
f 4014/3722/2995 4002/4551/2987 3823/3721/2988
f 4031/3493/2996 4028/3490/2993 3972/3489/2994
f 3980/3498/2998 4035/3492/3001 4015/3478/2999
f 4034/3495/2898 4031/3493/2996 3975/3497/2997
f 3981/3494/2975 4036/3495/3472 4035/3492/3001
f 3979/3487/3000 4015/3478/2999 4020/3480/3002
f 3816/3723/2744 3999/3677/2743 4008/3712/3003
f 3975/3468/2673 3837/3469/2674 3838/3470/2653
f 3742/2499/2096 3741/2503/2555 3753/2500/2120
f 3828/3660/2656 3827/3656/2654 3839/3642/2675
f 4106/2936/9 4105/2930/1092 4104/2929/1092
f 4105/2930/1092 4108/2928/1098 4107/3782/1098
f 4108/2956/1098 4110/2950/1096 4109/2949/1096
f 4110/2950/1096 4112/2944/1093 4111/2943/1093
f 4112/2944/1093 4114/2938/1090 4113/2937/1090
f 4114/2938/1090 4116/2932/1088 4115/2931/1088
f 4116/2932/1088 4118/2925/1086 4117/2924/1086
f 4118/2925/1086 4120/2921/793 4119/2920/793
f 4120/2921/793 4122/2917/1083 4121/2916/1083
f 4122/2917/1083 4124/2913/1080 4123/2912/1080
f 4124/2913/1080 4126/2909/1081 4125/2908/1081
f 4126/2909/1081 4128/2905/1105 4127/2904/1105
f 4128/2905/1105 4130/2903/1103 4129/2964/1103
f 4130/2903/1103 4132/2962/1101 4131/2961/1101
f 4132/2962/1101 4134/2958/1099 4133/2957/1099
f 4134/2958/1099 4136/2952/2 4135/2951/2
f 4136/2952/2 4138/2946/1094 4137/2945/1094
f 4138/2946/1094 4140/2940/1091 4139/2939/1091
f 4140/2940/1091 4142/2934/1089 4141/2933/1089
f 4142/2934/1089 4144/2927/1087 4143/2926/1087
f 4144/2927/1087 4146/2923/1085 4145/2922/1085
f 4146/2923/1085 4148/2919/1084 4147/2918/1084
f 4148/2919/1084 4150/2915/1082 4149/2914/1082
f 4150/2915/1082 4152/2911/792 4151/2910/792
f 4152/2911/792 4154/2907/1079 4153/2906/1079
f 4154/2907/1079 4156/2902/1104 4155/2901/1104
f 4156/2902/1104 4158/2900/1102 4157/2963/1102
f 4158/2900/1102 4160/2960/1100 4159/2959/1100
f 4160/2960/1100 4162/2954/1097 4161/2953/1097
f 4162/2954/1097 4164/2948/1095 4163/2947/1095
f 4164/2948/1095 4166/2942/1078 4165/2941/1078
f 4166/2942/1078 4106/2936/9 4103/2935/9
f 4041/2867/243 4039/2865/243 4103/2863/243
f 4042/2877/474 4105/2879/474 4106/2776/474
f 4043/2869/243 4041/2867/243 4104/2864/243
f 4042/2877/474 4044/2878/474 4108/2881/474
f 4045/2871/243 4043/2869/243 4107/2866/243
f 4044/2878/474 4046/2880/474 4110/2968/474
f 4047/2965/243 4045/2871/243 4109/2868/243
f 4046/2880/474 4048/2883/474 4112/2882/474
f 4049/2872/243 4047/2965/243 4111/2870/243
f 4050/2885/474 4114/2884/474 4112/2882/474
f 4051/2874/243 4049/2872/243 4113/2873/243
f 4052/2888/474 4116/2886/474 4114/3783/474
f 4053/2774/243 4051/2874/243 4115/2875/243
f 4054/2889/474 4118/2971/474 4116/2886/474
f 4053/2774/243 4117/2876/243 4119/2775/243
f 4054/2889/474 4056/2891/474 4120/2890/474
f 4057/2879/243 4055/2776/243 4119/2775/243
f 4058/2893/474 4122/2892/474 4120/2890/474
f 4057/2879/243 4121/2877/243 4123/2878/243
f 4058/2893/474 4060/2894/474 4124/2896/474
f 4059/2881/243 4123/2878/243 4125/2880/243
f 4060/2894/474 4062/2895/474 4126/2967/474
f 4061/2968/243 4125/2880/243 4127/2883/243
f 4062/2895/474 4064/2846/474 4128/2969/474
f 4063/2882/243 4127/2883/243 4129/2885/243
f 4066/2847/474 4130/2845/474 4128/2969/474
f 4065/3783/243 4129/2887/243 4131/2888/243
f 4068/2898/474 4132/2897/474 4130/2845/474
f 4067/2886/243 4131/2888/243 4133/2889/243
f 4070/2849/474 4134/2899/474 4132/2897/474
f 4069/2971/243 4133/2889/243 4135/2891/243
f 4070/2849/474 4072/2850/474 4136/2848/474
f 4073/2892/243 4071/2890/243 4135/2891/243
f 4074/2851/474 4138/2970/474 4136/2848/474
f 4075/2896/243 4073/2892/243 4137/2893/243
f 4074/2851/474 4076/2853/474 4140/2852/474
f 4075/2896/243 4139/2894/243 4141/2895/243
f 4076/2853/474 4078/2855/474 4142/2854/474
f 4077/2967/243 4141/2895/243 4143/2846/243
f 4078/2855/474 4080/2857/474 4144/2856/474
f 4081/2845/243 4079/2969/243 4143/2846/243
f 4080/2857/474 4082/2858/474 4146/2860/474
f 4083/2897/243 4081/2845/243 4145/2847/243
f 4084/2859/474 4148/2966/474 4146/2860/474
f 4085/2899/243 4083/2897/243 4147/2898/243
f 4086/2862/474 4150/2861/474 4148/2966/474
f 4087/2848/243 4085/2899/243 4149/2849/243
f 4088/2863/474 4152/2865/474 4150/2861/474
f 4087/2848/243 4151/2850/243 4153/2851/243
f 4088/2863/474 4090/2864/474 4154/2867/474
f 4089/2970/243 4153/2851/243 4155/2853/243
f 4090/2864/474 4092/2866/474 4156/2869/474
f 4091/2852/243 4155/2853/243 4157/2855/243
f 4092/2866/474 4094/2868/474 4158/2871/474
f 4093/2854/243 4157/2855/243 4159/2857/243
f 4096/2870/474 4160/2965/474 4158/2871/474
f 4097/2860/243 4095/2856/243 4159/2857/243
f 4098/2873/474 4162/2872/474 4160/2965/474
f 4099/2966/243 4097/2860/243 4161/2858/243
f 4100/2875/474 4164/2874/474 4162/2872/474
f 4099/2966/243 4163/2859/243 4165/2862/243
f 4102/2876/474 4166/2774/474 4164/2874/474
f 4101/2861/243 4165/2862/243 4103/2863/243
f 4040/2775/474 4106/2776/474 4166/2774/474
f 4232/2945/1078 4233/2946/1078 4234/2940/9
f 4235/2951/1095 4236/2952/1095 4233/2946/1078
f 4237/2957/1097 4238/2958/1097 4236/2952/1095
f 4239/2961/1100 4240/2962/1100 4238/2958/1097
f 4241/2964/1102 4242/2903/1102 4240/2962/1100
f 4243/2904/1104 4244/2905/1104 4242/2903/1102
f 4245/2908/1079 4246/2909/1079 4244/2905/1104
f 4247/2912/792 4248/2913/792 4246/2909/1079
f 4249/2916/1082 4250/2917/1082 4248/2913/792
f 4251/2920/1084 4252/2921/1084 4250/2917/1082
f 4253/2924/1085 4254/2925/1085 4252/2921/1084
f 4255/2931/1087 4256/2932/1087 4254/2925/1085
f 4257/2937/1089 4258/2938/1089 4256/2932/1087
f 4259/2943/1091 4260/2944/1091 4258/2938/1089
f 4261/2949/1094 4262/2950/1094 4260/2944/1091
f 4263/2955/2 4264/2956/2 4262/2950/1094
f 4265/2929/1099 4266/2930/1099 4264/2928/2
f 4267/2935/1101 4268/2936/1101 4266/2930/1099
f 4269/2941/1103 4270/2942/1103 4268/2936/1101
f 4271/2947/1105 4272/2948/1105 4270/2942/1103
f 4273/2953/1081 4274/2954/1081 4272/2948/1105
f 4275/2959/1080 4276/2960/1080 4274/2954/1081
f 4277/2963/1083 4278/2900/1083 4276/2960/1080
f 4279/2901/793 4280/2902/793 4278/2900/1083
f 4281/2906/1086 4282/2907/1086 4280/2902/793
f 4283/2910/1088 4284/2911/1088 4282/2907/1086
f 4285/2914/1090 4286/2915/1090 4284/2911/1088
f 4287/2918/1093 4288/2919/1093 4286/2915/1090
f 4289/2922/1096 4290/2923/1096 4288/2919/1093
f 4291/2926/1098 4292/2927/1098 4290/2923/1096
f 4293/2933/1092 4294/2934/1092 4292/2927/1098
f 4231/2939/9 4234/2940/9 4294/2934/1092
f 4232/2846/243 4231/2847/243 4167/2845/243
f 4234/2898/474 4233/2849/474 4170/2899/474
f 4235/2895/243 4232/2846/243 4169/2969/243
f 4170/2899/474 4233/2849/474 4236/2850/474
f 4237/2894/243 4235/2895/243 4171/2967/243
f 4172/2848/474 4236/2850/474 4238/2851/474
f 4239/2893/243 4237/2894/243 4173/2896/243
f 4174/2970/474 4238/2851/474 4240/2853/474
f 4241/2891/243 4239/2893/243 4175/2892/243
f 4240/2853/474 4242/2855/474 4178/2854/474
f 4179/2971/243 4243/2889/243 4241/2891/243
f 4242/2855/474 4244/2857/474 4180/2856/474
f 4181/2886/243 4245/2888/243 4243/2889/243
f 4180/2856/474 4244/2857/474 4246/2858/474
f 4183/3783/243 4247/2887/243 4245/2888/243
f 4246/2858/474 4248/2859/474 4184/2966/474
f 4249/2883/243 4247/2885/243 4183/2884/243
f 4184/2966/474 4248/2859/474 4250/2862/474
f 4251/2880/243 4249/2883/243 4185/2882/243
f 4250/2862/474 4252/2863/474 4188/2865/474
f 4253/2878/243 4251/2880/243 4187/2968/243
f 4188/2865/474 4252/2863/474 4254/2864/474
f 4191/2879/243 4255/2877/243 4253/2878/243
f 4254/2864/474 4256/2866/474 4192/2869/474
f 4193/2776/243 4257/2775/243 4255/2877/243
f 4256/2866/474 4258/2868/474 4194/2871/474
f 4195/2774/243 4259/2876/243 4257/2775/243
f 4258/2868/474 4260/2870/474 4196/2965/474
f 4197/2874/243 4261/2875/243 4259/2876/243
f 4260/2870/474 4262/2873/474 4198/2872/474
f 4263/2873/243 4261/2875/243 4197/2874/243
f 4198/2872/474 4262/2873/474 4264/2875/474
f 4265/2870/243 4263/2873/243 4199/2872/243
f 4264/2875/474 4266/2876/474 4202/2774/474
f 4267/2868/243 4265/2870/243 4201/2965/243
f 4202/2774/474 4266/2876/474 4268/2775/474
f 4269/2866/243 4267/2868/243 4203/2871/243
f 4204/2776/474 4268/2775/474 4270/2877/474
f 4207/2867/243 4271/2864/243 4269/2866/243
f 4206/2879/474 4270/2877/474 4272/2878/474
f 4273/2863/243 4271/2864/243 4207/2867/243
f 4272/2878/474 4274/2880/474 4210/2968/474
f 4275/2862/243 4273/2863/243 4209/2865/243
f 4210/2968/474 4274/2880/474 4276/2883/474
f 4277/2859/243 4275/2862/243 4211/2861/243
f 4212/2882/474 4276/2883/474 4278/2885/474
f 4215/2860/243 4279/2858/243 4277/2859/243
f 4278/2887/474 4280/2888/474 4216/2886/474
f 4281/2857/243 4279/2858/243 4215/2860/243
f 4216/2886/474 4280/2888/474 4282/2889/474
f 4219/2854/243 4283/2855/243 4281/2857/243
f 4218/2971/474 4282/2889/474 4284/2891/474
f 4221/2852/243 4285/2853/243 4283/2855/243
f 4284/2891/474 4286/2893/474 4222/2892/474
f 4287/2851/243 4285/2853/243 4221/2852/243
f 4222/2892/474 4286/2893/474 4288/2894/474
f 4225/2848/243 4289/2850/243 4287/2851/243
f 4288/2894/474 4290/2895/474 4226/2967/474
f 4227/2899/243 4291/2849/243 4289/2850/243
f 4290/2895/474 4292/2846/474 4228/2969/474
f 4229/2897/243 4293/2898/243 4291/2849/243
f 4292/2846/474 4294/2847/474 4230/2845/474
f 4167/2845/243 4231/2847/243 4293/2898/243
f 4294/2847/474 4234/2898/474 4168/2897/474
f 4362/2950/9 4361/2944/1092 4360/2943/1092
f 4361/2944/1092 4364/2938/1098 4363/2937/1098
f 4364/2938/1098 4366/2932/1096 4365/2931/1096
f 4366/2932/1096 4368/2925/1093 4367/2924/1093
f 4368/2925/1093 4370/2921/1090 4369/2920/1090
f 4370/2921/1090 4372/2917/1088 4371/2916/1088
f 4372/2917/1088 4374/2913/1086 4373/2912/1086
f 4374/2913/1086 4376/2909/793 4375/2908/793
f 4376/2909/793 4378/2905/1083 4377/2904/1083
f 4378/2905/1083 4380/2903/1080 4379/2964/1080
f 4380/2903/1080 4382/2962/1081 4381/2961/1081
f 4382/2962/1081 4384/2958/1105 4383/2957/1105
f 4384/2958/1105 4386/2952/1103 4385/2951/1103
f 4386/2952/1103 4388/2946/1101 4387/2945/1101
f 4388/2946/1101 4390/2940/1099 4389/2939/1099
f 4390/2940/1099 4392/2934/2 4391/2933/2
f 4392/2934/2 4394/2927/1094 4393/2926/1094
f 4394/2927/1094 4396/2923/1091 4395/2922/1091
f 4396/2923/1091 4398/2919/1089 4397/2918/1089
f 4398/2919/1089 4400/2915/1087 4399/2914/1087
f 4400/2915/1087 4402/2911/1085 4401/2910/1085
f 4402/2911/1085 4404/2907/1084 4403/2906/1084
f 4404/2907/1084 4406/2902/1082 4405/2901/1082
f 4406/2902/1082 4408/2900/792 4407/2963/792
f 4408/2900/792 4410/2960/1079 4409/2959/1079
f 4410/2960/1079 4412/2954/1104 4411/2953/1104
f 4412/2954/1104 4414/2948/1102 4413/2947/1102
f 4414/2948/1102 4416/2942/1100 4415/2941/1100
f 4416/2942/1100 4418/2936/1097 4417/2935/1097
f 4418/2936/1097 4420/2930/1095 4419/2929/1095
f 4420/2930/1095 4422/2928/1078 4421/3782/1078
f 4422/2956/1078 4362/2950/9 4359/2949/9
f 4295/2877/243 4359/2879/243 4360/2776/243
f 4298/2848/474 4361/2850/474 4362/2851/474
f 4297/2775/243 4360/2776/243 4363/2774/243
f 4298/2848/474 4300/2899/474 4364/2849/474
f 4301/2875/243 4299/2876/243 4363/2774/243
f 4300/2899/474 4302/2897/474 4366/2898/474
f 4303/2873/243 4301/2875/243 4365/2874/243
f 4302/2897/474 4304/2845/474 4368/2847/474
f 4305/2870/243 4303/2873/243 4367/2872/243
f 4306/2969/474 4370/2846/474 4368/2847/474
f 4307/2868/243 4305/2870/243 4369/2965/243
f 4308/2967/474 4372/2895/474 4370/2846/474
f 4307/2868/243 4371/2871/243 4373/2869/243
f 4308/2967/474 4310/2896/474 4374/2894/474
f 4311/2864/243 4309/2866/243 4373/2869/243
f 4310/2896/474 4312/2892/474 4376/2893/474
f 4311/2864/243 4375/2867/243 4377/2865/243
f 4314/2890/474 4378/2891/474 4376/2893/474
f 4315/2862/243 4313/2863/243 4377/2865/243
f 4316/2971/474 4380/2889/474 4378/2891/474
f 4315/2862/243 4379/2861/243 4381/2966/243
f 4316/2971/474 4318/2886/474 4382/2888/474
f 4317/2859/243 4381/2966/243 4383/2860/243
f 4318/2886/474 4320/3783/474 4384/2887/474
f 4319/2858/243 4383/2860/243 4385/2856/243
f 4322/2882/474 4386/2883/474 4384/2885/474
f 4321/2857/243 4385/2856/243 4387/2854/243
f 4324/2968/474 4388/2880/474 4386/2883/474
f 4325/2853/243 4323/2855/243 4387/2854/243
f 4326/2881/474 4390/2878/474 4388/2880/474
f 4327/2851/243 4325/2853/243 4389/2852/243
f 4326/2881/474 4328/2879/474 4392/2877/474
f 4327/2851/243 4391/2970/243 4393/2848/243
f 4330/2776/474 4394/2775/474 4392/2877/474
f 4329/2850/243 4393/2848/243 4395/2899/243
f 4330/2776/474 4332/2774/474 4396/2876/474
f 4331/2849/243 4395/2899/243 4397/2897/243
f 4332/2774/474 4334/2874/474 4398/2875/474
f 4333/2898/243 4397/2897/243 4399/2845/243
f 4334/2874/474 4336/2872/474 4400/2873/474
f 4335/2847/243 4399/2845/243 4401/2969/243
f 4338/2965/474 4402/2870/474 4400/2873/474
f 4339/2895/243 4337/2846/243 4401/2969/243
f 4340/2871/474 4404/2868/474 4402/2870/474
f 4341/2894/243 4339/2895/243 4403/2967/243
f 4340/2871/474 4342/2869/474 4406/2866/474
f 4343/2893/243 4341/2894/243 4405/2896/243
f 4344/2867/474 4408/2864/474 4406/2866/474
f 4343/2893/243 4407/2892/243 4409/2890/243
f 4344/2867/474 4346/2865/474 4410/2863/474
f 4345/2891/243 4409/2890/243 4411/2971/243
f 4346/2865/474 4348/2861/474 4412/2862/474
f 4347/2889/243 4411/2971/243 4413/2886/243
f 4348/2861/474 4350/2966/474 4414/2859/474
f 4351/2887/243 4349/2888/243 4413/2886/243
f 4350/2966/474 4352/2860/474 4416/2858/474
f 4353/2883/243 4351/2885/243 4415/2884/243
f 4354/2856/474 4418/2857/474 4416/2858/474
f 4355/2880/243 4353/2883/243 4417/2882/243
f 4356/2854/474 4420/2855/474 4418/2857/474
f 4357/2878/243 4355/2880/243 4419/2968/243
f 4358/2852/474 4422/2853/474 4420/2855/474
f 4295/2877/243 4357/2878/243 4421/2881/243
f 4296/2970/474 4362/2851/474 4422/2853/474
s 0
f 4435/2394/2 4425/2387/2 4431/2386/2
f 4434/2388/2 4429/2390/2 4437/2395/2
f 4433/2399/2 4428/2392/2 4427/2383/2
f 4425/2387/2 4426/2385/2 4438/2393/2
f 4435/2394/2 4430/2389/2 4429/2390/2
f 4433/2398/2 4424/2396/2 4437/2395/2
f 4432/2391/2 4427/2383/2 4436/2384/2
f 4423/2382/2 4436/2384/2 4438/2393/2
f 4440/2390/760 4439/2395/760 4432/2396/760
f 4426/2394/761 4446/2389/761 4440/2390/761
f 4454/2393/762 4453/2386/762 4431/2387/762
f 4445/2386/763 4446/2389/763 4426/2394/763
f 4453/2386/764 4452/2389/764 4430/2394/764
f 4444/2393/765 4445/2386/765 4425/2387/765
f 4430/2394/760 4452/2389/760 4451/2390/760
f 4443/2384/766 4444/2393/766 4435/2385/766
f 4444/2397/9 4452/2398/9 4453/2396/9
f 4450/2382/9 4451/2391/9 4443/2383/9
f 4447/2387/9 4449/2385/9 4441/2393/9
f 4445/2395/9 4453/2396/9 4454/2388/9
f 4451/2391/9 4452/2399/9 4444/2392/9
f 4441/2393/9 4449/2385/9 4450/2382/9
f 4448/2394/9 4447/2387/9 4439/2386/9
f 4454/2388/9 4448/2394/9 4440/2389/9
f 4448/2384/767 4454/2393/767 4438/2385/767
f 4447/2383/766 4448/2384/766 4436/2382/766
f 4439/2395/764 4441/2397/764 4433/2398/764
f 4449/2392/765 4447/2383/765 4427/2391/765
f 4441/2392/762 4442/2383/762 4424/2391/762
f 4450/2395/763 4449/2397/763 4428/2398/763
f 4442/2383/767 4443/2384/767 4434/2382/767
f 4451/2390/761 4450/2395/761 4437/2396/761
s 1
f 4472/3104/763 4457/3174/763 4455/3105/761
f 4473/3107/765 4459/3111/765 4457/3108/763
f 4474/3110/766 4461/3113/766 4459/3111/765
f 4475/3112/767 4463/3115/767 4461/3113/766
f 4476/3114/762 4465/3117/762 4463/3115/767
f 4477/3116/3005 4467/3119/3005 4465/3117/762
f 4478/3118/760 4469/3126/760 4467/3119/3005
f 4468/3120/3006 4501/3160/3006 4502/3121/1171
f 4476/3123/9 4492/3148/1172 4493/3124/1172
f 4478/3118/760 4471/3106/761 4455/3105/761
f 4464/3127/2 4483/3149/1173 4482/3128/1173
f 4478/3131/9 4477/3125/9 4493/3124/1172
f 4478/3131/9 4494/3130/1174 4487/3132/1174
f 4466/3134/2 4468/3137/2 4485/3135/1175
f 4456/3131/2 4458/3125/2 4479/3124/1176
f 4472/3137/9 4471/3133/9 4487/3132/1174
f 4472/3137/9 4488/3135/1178 4489/3136/1178
f 4485/3135/1175 4507/3168/1179 4508/3138/1179
f 4486/3139/1180 4494/3145/1208 4493/3140/1181
f 4483/3141/1183 4491/3140/1186 4515/3142/1184
f 4484/3139/1185 4492/3145/1205 4491/3140/1186
f 4482/3139/1187 4506/4537/1188 4514/3144/1188
f 4482/3139/1187 4490/3145/1189 4489/3140/1190
f 4493/3124/1172 4492/3148/1172 4516/3146/1192
f 4479/3139/3008 4488/3145/3014 4487/3140/3009
f 4458/3125/2 4460/3123/2 4481/3148/1176
f 4468/3137/2 4470/3133/2 4486/3132/1177
f 4476/3123/9 4475/3129/9 4491/3128/1194
f 4474/3127/9 4490/3149/1194 4491/3128/1194
f 4464/3127/2 4466/3134/2 4484/3136/3007
f 4473/3134/9 4489/3136/1178 4490/3149/1194
f 4460/3123/2 4462/3129/2 4482/3128/1173
f 4470/3133/2 4456/3131/2 4480/3130/1177
f 4458/3150/1195 4495/3175/1195 4497/3151/1196
f 4466/3155/1198 4464/3153/1197 4499/3163/1197
f 4470/3122/1171 4502/3121/1171 4496/3156/3012
f 4462/3159/1200 4460/3152/3011 4497/3151/1196
f 4466/3155/1198 4500/3154/1198 4501/3160/3006
f 4458/3161/1195 4456/3157/1199 4496/3156/3012
f 4464/3153/1197 4462/3159/1200 4498/3158/1200
f 4510/3164/1202 4509/3143/1202 4511/3142/1202
f 4507/3143/1184 4517/3142/1184 4516/3165/1184
f 4505/3143/1203 4515/3142/1203 4514/3165/1203
f 4503/3143/1188 4513/3142/1188 4512/3165/1188
f 4491/3128/1194 4490/3149/1194 4514/3170/1204
f 4484/3139/1185 4508/4537/1203 4516/3144/1203
f 4485/3141/1182 4493/3140/1181 4517/3142/1202
f 4480/3130/1177 4509/3169/1206 4510/3167/1206
f 4489/3136/1178 4488/3135/1178 4512/3168/1207
f 4486/3139/1180 4510/4537/1184 4518/3144/1184
f 4480/3141/3010 4487/3140/3009 4511/3142/1188
f 4481/3148/1176 4503/3146/1209 4504/3147/1209
f 4494/3130/1174 4518/3169/1210 4511/3167/1210
f 4479/3139/3008 4504/4537/1202 4512/3144/1202
f 4481/3141/1191 4489/3140/1190 4513/3142/1203
f 4483/3149/1173 4505/3170/1211 4506/3166/1211
f 4501/3177/2 4500/4539/2 4499/3171/2
f 4499/3171/2 4498/3172/2 4501/3177/2
f 4498/3172/2 4497/3173/2 4501/3177/2
f 4497/3173/2 4495/4538/2 4501/3177/2
f 4495/4538/2 4496/3176/2 4501/3177/2
s 0
f 4531/2398/2 4521/2396/2 4527/2395/2
f 4530/2391/2 4525/2383/2 4533/2384/2
f 4528/2387/2 4529/2385/2 4524/2393/2
f 4521/2396/2 4522/2388/2 4534/2390/2
f 4530/2391/2 4531/2399/2 4526/2392/2
f 4529/2385/2 4520/2382/2 4533/2384/2
f 4528/2387/2 4523/2386/2 4532/2389/2
f 4519/2394/2 4532/2389/2 4534/2390/2
f 4536/2382/760 4535/2391/760 4528/2383/760
f 4542/2385/761 4536/2382/761 4519/2384/761
f 4550/2394/762 4549/2387/762 4527/2386/762
f 4541/2387/763 4542/2385/763 4522/2393/763
f 4549/2387/764 4548/2385/764 4526/2393/764
f 4540/2394/765 4541/2387/765 4521/2386/765
f 4548/2385/760 4547/2382/760 4525/2384/760
f 4539/2388/766 4540/2394/766 4531/2389/766
f 4540/2387/9 4548/2386/9 4549/2389/9
f 4546/2384/9 4547/2393/9 4539/2385/9
f 4535/2399/9 4543/2392/9 4545/2383/9
f 4541/2394/9 4549/2389/9 4550/2390/9
f 4539/2385/9 4547/2393/9 4548/2386/9
f 4537/2391/9 4545/2383/9 4546/2384/9
f 4544/2395/9 4543/2397/9 4535/2398/9
f 4550/2390/9 4544/2395/9 4536/2396/9
f 4544/2388/767 4550/2394/767 4534/2389/767
f 4543/2396/766 4544/2388/766 4532/2390/766
f 4535/2391/764 4537/2399/764 4529/2392/764
f 4545/2398/765 4543/2396/765 4523/2395/765
f 4529/2397/762 4537/2398/762 4538/2396/762
f 4546/2391/763 4545/2399/763 4524/2392/763
f 4538/2396/767 4539/2388/767 4530/2390/767
f 4547/2382/761 4546/2391/761 4533/2383/761
s 1
f 4568/3109/763 4553/3108/763 4551/3111/761
f 4569/3106/765 4555/3105/765 4553/3174/763
f 4570/3118/766 4557/3126/766 4555/3105/765
f 4571/3116/767 4559/3119/767 4557/3126/766
f 4572/3114/762 4561/3117/762 4559/3119/767
f 4573/3112/764 4563/3115/764 4561/3117/762
f 4574/3110/760 4565/3113/760 4563/3115/764
f 4564/3120/1201 4597/3160/1170 4598/3121/1171
f 4573/3125/9 4572/3123/9 4588/3148/1172
f 4574/3110/760 4567/3107/761 4551/3111/761
f 4560/3127/2 4579/3149/1173 4578/3128/1173
f 4573/3125/9 4589/3124/1172 4590/3130/1174
f 4567/3133/9 4574/3131/9 4590/3130/1174
f 4564/3137/2 4581/3135/1175 4580/3136/1175
f 4552/3131/2 4554/3125/2 4575/3124/1176
f 4568/3137/9 4567/3133/9 4583/3132/1174
f 4569/3134/9 4568/3137/9 4584/3135/1178
f 4580/3136/1175 4581/3135/1175 4603/3168/1179
f 4582/3139/1180 4590/3145/1208 4589/3140/3016
f 4579/3141/1183 4587/3140/1186 4611/3142/1184
f 4580/3139/1185 4588/3145/1205 4587/3140/1186
f 4578/3139/1187 4602/4537/1188 4610/3144/1188
f 4578/3139/1187 4586/3145/1189 4585/3140/1190
f 4588/3148/1172 4612/3146/1192 4613/3147/1192
f 4575/3139/3008 4584/3145/3014 4583/3140/3009
f 4554/3125/2 4556/3123/2 4577/3148/1176
f 4564/3137/2 4566/3133/2 4582/3132/1177
f 4571/3129/9 4587/3128/1194 4588/3148/1172
f 4571/3129/9 4570/3127/9 4586/3149/1194
f 4560/3127/2 4562/3134/2 4580/3136/1175
f 4569/3134/9 4585/3136/1178 4586/3149/1194
f 4556/3123/2 4558/3129/2 4578/3128/1173
f 4566/3133/2 4552/3131/2 4576/3130/3015
f 4554/3150/1195 4591/3175/1195 4593/3151/1196
f 4562/3155/1198 4560/3153/1197 4595/3163/1197
f 4566/3122/1171 4598/3121/1171 4592/3156/3012
f 4556/3152/3011 4593/3151/1196 4594/3158/1200
f 4564/3120/1201 4562/3155/1198 4596/3154/1198
f 4552/3157/3012 4592/3156/3012 4591/3162/1195
f 4558/3159/1200 4594/3158/1200 4595/3163/1197
f 4606/3164/1202 4605/3143/1202 4607/3142/1202
f 4603/3143/1184 4613/3142/1184 4612/3165/1184
f 4601/3143/1203 4611/3142/1203 4610/3165/1203
f 4599/3143/1188 4609/3142/1188 4608/3165/1188
f 4587/3128/1194 4586/3149/1194 4610/3170/1204
f 4580/3139/1185 4604/4537/1203 4612/3144/1203
f 4581/3141/1182 4589/3140/3016 4613/3142/1202
f 4582/3132/1177 4576/3130/3015 4605/3169/1206
f 4585/3136/1178 4584/3135/1178 4608/3168/1207
f 4582/3139/1180 4606/4537/1184 4614/3144/1184
f 4576/3141/3010 4583/3140/3009 4607/3142/1188
f 4577/3148/1176 4599/3146/1209 4600/3147/1209
f 4590/3130/1174 4614/3169/1210 4607/3167/1210
f 4575/3139/3008 4600/4537/1202 4608/3144/1202
f 4577/3141/1191 4585/3140/1190 4609/3142/1203
f 4579/3149/1173 4601/3170/1211 4602/3166/1211
f 4597/3177/2 4596/4539/2 4595/3171/2
f 4595/3171/2 4594/3172/2 4597/3177/2
f 4594/3172/2 4593/3173/2 4597/3177/2
f 4593/3173/2 4591/4538/2 4597/3177/2
f 4591/4538/2 4592/3176/2 4597/3177/2
f 4616/3784/1092 4617/3788/1092 4618/3785/9
f 4619/3787/1098 4620/3790/1098 4617/3788/1092
f 4621/3789/1096 4622/3792/1096 4620/3790/1098
f 4623/3791/1093 4624/3794/1093 4622/3792/1096
f 4625/3793/1090 4626/3796/1090 4624/3794/1093
f 4627/3795/1088 4628/3798/1088 4626/3796/1090
f 4629/3797/1086 4630/3800/1086 4628/3798/1088
f 4631/3799/793 4632/3802/793 4630/3800/1086
f 4633/3801/1083 4634/3804/1083 4632/3802/793
f 4635/3803/1080 4636/4553/1080 4634/3804/1083
f 4637/3805/1081 4638/3809/1081 4636/3806/1080
f 4639/3808/1105 4640/3811/1105 4638/3809/1081
f 4641/3810/1103 4642/3813/1103 4640/3811/1105
f 4643/3812/1101 4644/3815/1101 4642/3813/1103
f 4645/3814/1099 4646/3817/1099 4644/3815/1101
f 4647/3816/2 4648/3819/2 4646/3817/1099
f 4649/3818/1094 4650/3821/1094 4648/3819/2
f 4651/3820/1091 4652/3823/1091 4650/3821/1094
f 4653/3822/1089 4654/3825/1089 4652/3823/1091
f 4655/3824/1087 4656/3827/1087 4654/3825/1089
f 4657/3826/1085 4658/3829/1085 4656/3827/1087
f 4657/3826/1085 4659/3830/1084 4660/3828/1084
f 4659/3830/1084 4661/3833/1082 4662/3831/1082
f 4663/3832/792 4664/3835/792 4662/3831/1082
f 4665/3834/1079 4666/3837/1079 4664/3835/792
f 4665/3834/1079 4667/3838/1104 4668/3836/1104
f 4667/3838/1104 4669/3841/1102 4670/3839/1102
f 4671/3840/1100 4672/3843/1100 4670/3839/1102
f 4673/3842/1097 4674/3845/1097 4672/3843/1100
f 4675/3844/1095 4676/3847/1095 4674/3845/1097
f 4677/3846/1078 4678/3848/1078 4676/3847/1095
f 4615/3786/9 4618/3785/9 4678/3848/1078
f 4694/3849/474 4679/3896/474 4615/3850/474
f 4633/3852/474 4683/3895/474 4684/3853/474
f 4692/3858/474 4693/3876/474 4671/3859/474
f 4681/3861/474 4682/3878/474 4627/3862/474
f 4690/3867/474 4691/3882/474 4663/3868/474
f 4616/3870/474 4679/3896/474 4680/3871/474
f 4653/3857/474 4688/3856/474 4689/3874/474
f 4645/3866/474 4686/3865/474 4687/3880/474
f 4637/3873/474 4684/3853/474 4685/3885/474
f 4673/3877/474 4693/3876/474 4694/3849/474
f 4682/3878/474 4683/3895/474 4631/3889/474
f 4691/3882/474 4692/3858/474 4667/3891/474
f 4621/3884/474 4680/3871/474 4681/3861/474
f 4689/3874/474 4690/3867/474 4659/3894/474
f 4649/3890/474 4687/3880/474 4688/3856/474
f 4685/3885/474 4686/3865/474 4643/3864/474
f 4707/3897/3017 4708/3903/3018 4692/3898/3018
f 4701/3900/3019 4702/3908/3020 4686/3901/3020
f 4708/3903/3018 4709/3910/3021 4693/3904/3021
f 4695/3905/3022 4696/3912/3023 4680/3906/3023
f 4702/3908/3020 4703/3914/3024 4687/3909/3024
f 4709/3910/3021 4710/3916/3025 4694/3911/3025
f 4696/3912/3023 4697/3917/3026 4681/3913/3026
f 4703/3914/3024 4704/3919/3027 4688/3915/3027
f 4710/3916/3025 4695/3905/3022 4679/3907/3022
f 4697/3917/3026 4698/3921/3028 4682/3918/3028
f 4704/3919/3027 4705/3923/3029 4689/3920/3029
f 4698/3921/3028 4699/3925/3030 4683/3922/3030
f 4705/3923/3029 4706/3927/3031 4690/3924/3031
f 4699/3925/3030 4700/4554/3032 4684/3926/3032
f 4706/3927/3031 4707/3897/3017 4691/3899/3017
f 4700/3928/3032 4701/3900/3019 4685/3902/3019
f 4712/3930/3033 4714/3936/3033 4718/3931/3033
f 4712/3933/3034 4717/3937/3034 4715/3934/3034
f 4713/3933/3035 4716/3937/3035 4718/3934/3035
f 4711/3930/3036 4715/3932/3036 4716/3931/3036
f 4720/3930/3037 4722/3936/3037 4726/3931/3037
f 4720/3933/3039 4725/3937/3039 4723/3934/3039
f 4722/3935/3040 4721/3933/3040 4724/3937/3040
f 4719/3930/3041 4723/3932/3473 4724/3931/3041
f 4728/3930/3042 4730/3936/3042 4734/3931/3043
f 4727/3935/3044 4728/3933/3044 4733/3937/3044
f 4730/3936/3045 4729/3930/3045 4732/3932/3045
f 4727/3930/3046 4731/3932/3474 4732/3931/3047
f 4736/3930/3048 4738/3936/3048 4742/3931/3049
f 4735/3935/3050 4736/3933/3050 4741/3937/3050
f 4737/3933/3051 4740/3937/3051 4742/3934/3051
f 4735/3930/3052 4739/3932/3054 4740/3931/3053
f 4744/3930/3055 4746/3936/3072 4750/3931/3055
f 4744/3933/3056 4749/3937/3056 4747/3934/3056
f 4746/3937/3057 4745/3934/3057 4748/3935/3057
f 4743/3930/3058 4747/3932/3058 4748/3931/3058
f 4752/3930/3059 4754/3936/3061 4758/3931/3060
f 4752/3933/3062 4757/3937/3062 4755/3934/3062
f 4754/3937/3063 4753/3934/3063 4756/3935/3063
f 4751/3930/3064 4755/3932/3064 4756/3931/3065
f 4760/3930/3033 4762/3936/3033 4766/3931/3066
f 4759/3937/3034 4760/3934/3034 4765/3935/3034
f 4761/3934/3035 4764/3935/3035 4766/3933/3035
f 4759/3930/3036 4763/3932/3068 4764/3931/3068
f 4768/3930/3037 4770/3936/3038 4774/3931/3038
f 4768/3933/3039 4773/3937/3039 4771/3934/3039
f 4770/3937/3040 4769/3934/3040 4772/3935/3040
f 4767/3930/3041 4771/3932/3041 4772/3931/3041
f 4776/3930/3042 4778/3936/3042 4782/3931/3042
f 4776/3933/3044 4781/3937/3044 4779/3934/3044
f 4778/3937/3045 4777/3934/3045 4780/3935/3045
f 4775/3930/3046 4779/3932/3046 4780/3931/3069
f 4784/3930/3048 4786/3936/3048 4790/3931/3070
f 4783/3935/3050 4784/3933/3050 4789/3937/3050
f 4786/3935/3051 4785/3933/3051 4788/3937/3051
f 4783/3930/3054 4787/3932/3054 4788/3931/3054
f 4792/3930/3071 4794/3936/3055 4798/3931/3072
f 4792/3934/3056 4797/3935/3056 4795/3933/3056
f 4794/3937/3057 4793/3934/3057 4796/3935/3057
f 4791/3930/3058 4795/3932/3097 4796/3931/3073
f 4800/3930/3061 4802/3936/3061 4806/3931/3074
f 4800/3933/3062 4805/3937/3062 4803/3934/3062
f 4802/3937/3063 4801/3934/3063 4804/3935/3063
f 4799/3930/3075 4803/3932/3076 4804/3931/3076
f 4808/3938/1092 4809/3942/1092 4810/3939/9
f 4811/3941/1098 4812/3944/1098 4809/3942/1092
f 4813/3943/1096 4814/3946/1096 4812/3944/1098
f 4815/3945/1093 4816/3948/1093 4814/3946/1096
f 4817/3947/1090 4818/3950/1090 4816/3948/1093
f 4819/3949/1088 4820/3952/1088 4818/3950/1090
f 4821/3951/1086 4822/3954/1086 4820/3952/1088
f 4823/3953/793 4824/3956/793 4822/3954/1086
f 4825/3955/1083 4826/3958/1083 4824/3956/793
f 4827/3957/1080 4828/3960/1080 4826/3958/1083
f 4829/3959/1081 4830/3962/1081 4828/3960/1080
f 4831/3961/1105 4832/3964/1105 4830/3962/1081
f 4833/3963/1103 4834/3966/1103 4832/3964/1105
f 4835/3965/1101 4836/3968/1101 4834/3966/1103
f 4837/3967/1099 4838/3970/1099 4836/3968/1101
f 4839/3969/2 4840/4034/2 4838/3970/1099
f 4841/3817/1094 4842/3814/1094 4840/3816/2
f 4843/3971/1091 4844/3975/1091 4842/3972/1094
f 4845/3974/1089 4846/3977/1089 4844/3975/1091
f 4847/3976/1087 4848/3979/1087 4846/3977/1089
f 4847/3976/1087 4849/3980/1085 4850/3978/1085
f 4849/3980/1085 4851/4033/1084 4852/3981/1084
f 4851/3982/1084 4853/3986/1082 4854/3983/1082
f 4855/3985/792 4856/3988/792 4854/3983/1082
f 4857/3987/1079 4858/3990/1079 4856/3988/792
f 4857/3987/1079 4859/3991/1104 4860/3989/1104
f 4859/3991/1104 4861/3993/1102 4862/3992/1102
f 4861/3993/1102 4863/3996/1100 4864/3994/1100
f 4865/3995/1097 4866/3998/1097 4864/3994/1100
f 4867/3997/1095 4868/4000/1095 4866/3998/1097
f 4869/3999/1078 4870/4001/1078 4868/4000/1095
f 4807/3940/9 4810/3939/9 4870/4001/1078
f 4886/3849/474 4871/3896/474 4807/3850/474
f 4875/3895/474 4876/3853/474 4827/3854/474
f 4861/3860/474 4884/3858/474 4885/3876/474
f 4817/3863/474 4873/3861/474 4874/3878/474
f 4853/3869/474 4882/3867/474 4883/3882/474
f 4871/3896/474 4872/3871/474 4811/3872/474
f 4880/3856/474 4881/3874/474 4847/3875/474
f 4837/3866/474 4878/3865/474 4879/3880/474
f 4876/3853/474 4877/3885/474 4831/3886/474
f 4865/3877/474 4885/3876/474 4886/3849/474
f 4821/3879/474 4874/3878/474 4875/3895/474
f 4883/3882/474 4884/3858/474 4859/3891/474
f 4872/3871/474 4873/3861/474 4815/3892/474
f 4849/3887/474 4881/3874/474 4882/3867/474
f 4879/3880/474 4880/3856/474 4843/3855/474
f 4833/3893/474 4877/3885/474 4878/3865/474
f 4899/4002/3017 4900/4037/3018 4884/4003/3018
f 4893/4005/3019 4894/4013/3020 4878/4006/3020
f 4884/4003/3018 4900/4037/3018 4901/4008/3021
f 4887/4010/3022 4888/4017/3023 4872/4011/3023
f 4894/4013/3020 4895/4019/3024 4879/4014/3024
f 4885/4009/3021 4901/4008/3021 4902/4015/3025
f 4888/4017/3023 4889/4022/3026 4873/4018/3026
f 4895/4019/3024 4896/4035/3027 4880/4020/3027
f 4902/4015/3025 4887/4036/3022 4871/4021/3022
f 4889/4022/3026 4890/4026/3028 4874/4023/3028
f 4880/4020/3027 4896/4035/3027 4897/4024/3029
f 4890/4026/3028 4891/4030/3030 4875/4027/3030
f 4881/4025/3029 4897/4024/3029 4898/4028/3031
f 4891/4030/3030 4892/4032/3032 4876/4031/3032
f 4898/4028/3031 4899/4002/3017 4883/4004/3017
f 4892/4032/3032 4893/4005/3019 4877/4007/3019
f 4904/3990/1092 4905/3987/1092 4906/3991/9
f 4907/3988/1098 4908/3985/1098 4905/3987/1092
f 4909/3983/1096 4910/3986/1096 4908/3985/1098
f 4911/3984/1093 4912/3982/1093 4910/3986/1096
f 4913/3978/1090 4914/3980/1090 4912/4033/1093
f 4915/3979/1088 4916/3976/1088 4914/3980/1090
f 4917/3977/1086 4918/3974/1086 4916/3976/1088
f 4919/3975/793 4920/3971/793 4918/3974/1086
f 4921/3972/1083 4922/3973/1083 4920/3971/793
f 4923/4034/1080 4924/3969/1080 4922/3973/1083
f 4925/3970/1081 4926/3967/1081 4924/3969/1080
f 4927/3968/1105 4928/3965/1105 4926/3967/1081
f 4929/3966/1103 4930/3963/1103 4928/3965/1105
f 4931/3964/1101 4932/3961/1101 4930/3963/1103
f 4933/3962/1099 4934/3959/1099 4932/3961/1101
f 4935/3960/2 4936/3957/2 4934/3959/1099
f 4937/3958/1094 4938/3955/1094 4936/3957/2
f 4939/3956/1091 4940/3953/1091 4938/3955/1094
f 4941/3954/1089 4942/3951/1089 4940/3953/1091
f 4943/3952/1087 4944/3949/1087 4942/3951/1089
f 4943/3952/1087 4945/3950/1085 4946/3947/1085
f 4945/3950/1085 4947/3948/1084 4948/3945/1084
f 4947/3948/1084 4949/3946/1082 4950/3943/1082
f 4951/3944/792 4952/3941/792 4950/3943/1082
f 4953/3942/1079 4954/3938/1079 4952/3941/792
f 4953/3942/1079 4955/3939/1104 4956/3940/1104
f 4955/3939/1104 4957/4001/1102 4958/3999/1102
f 4957/4001/1102 4959/4000/1100 4960/3997/1100
f 4961/3998/1097 4962/3995/1097 4960/3997/1100
f 4963/3994/1095 4964/3996/1095 4962/3995/1097
f 4965/3992/1078 4966/3993/1078 4964/3996/1095
f 4903/3989/9 4906/3991/9 4966/3993/1078
f 4975/3871/474 4976/3861/474 4941/3892/474
f 4973/3849/474 4974/3896/474 4933/3850/474
f 4923/3860/474 4971/3858/474 4972/3876/474
f 4980/3885/474 4981/3865/474 4961/3864/474
f 4969/3867/474 4970/3882/474 4917/3868/474
f 4951/3852/474 4978/3895/474 4979/3853/474
f 4907/3857/474 4967/3856/474 4968/3874/474
f 4976/3861/474 4977/3878/474 4945/3862/474
f 4935/3870/474 4974/3896/474 4975/3871/474
f 4927/3877/474 4972/3876/474 4973/3849/474
f 4963/3866/474 4981/3865/474 4982/3880/474
f 4919/3883/474 4970/3882/474 4971/3858/474
f 4979/3853/474 4980/3885/474 4957/3886/474
f 4968/3874/474 4969/3867/474 4913/3894/474
f 4947/3879/474 4977/3878/474 4978/3895/474
f 4982/3880/474 4967/3856/474 4904/3855/474
f 4988/4025/3077 4989/4020/3078 4973/4035/3078
f 4979/4026/3079 4995/4023/3079 4996/4018/3080
f 4998/4021/3081 4983/4016/3082 4967/4015/3082
f 4989/4020/3078 4990/4014/3083 4974/4019/3083
f 4980/4022/3080 4996/4018/3080 4997/4011/3084
f 4983/4016/3082 4984/4009/3085 4968/4008/3085
f 4990/4014/3083 4991/4006/3086 4975/4013/3086
f 4997/4011/3084 4998/4012/3081 4982/4010/3081
f 4984/4009/3085 4985/4003/3087 4969/4037/3087
f 4975/4013/3086 4991/4006/3086 4992/4007/3088
f 4985/4003/3087 4986/4004/3089 4970/4002/3089
f 4976/4005/3088 4992/4007/3088 4993/4031/3090
f 4986/4004/3089 4987/4029/3091 4971/4028/3091
f 4993/4031/3090 4994/4027/3092 4978/4030/3092
f 4987/4029/3091 4988/4025/3077 4972/4024/3077
f 4994/4027/3092 4995/4023/3079 4979/4026/3079
f 5000/3930/3033 5002/3936/3033 5006/3931/3093
f 4999/3937/3034 5000/3934/3034 5005/3935/3034
f 5002/3935/3035 5001/3933/3035 5004/3937/3035
f 4999/3930/3036 5003/3932/3036 5004/3931/3094
f 5008/3930/3037 5010/3936/3038 5014/3931/3038
f 5008/3933/3039 5013/3937/3039 5011/3934/3039
f 5010/3937/3040 5009/3934/3040 5012/3935/3040
f 5007/3930/3041 5011/3932/3041 5012/3931/3095
f 5016/3930/3096 5018/3936/3096 5022/3931/3042
f 5016/3934/3044 5021/3935/3044 5019/3933/3044
f 5018/3935/3045 5017/3933/3045 5020/3937/3045
f 5015/3930/3046 5019/3932/3046 5020/3931/3047
f 5024/3930/3048 5026/3936/3048 5030/3931/3048
f 5024/3933/3050 5029/3937/3050 5027/3934/3050
f 5026/3937/3051 5025/3934/3051 5028/3935/3051
f 5023/3930/3054 5027/3932/3054 5028/3931/3052
f 5032/3930/3055 5034/3936/3055 5038/3931/3072
f 5031/3935/3056 5032/3933/3056 5037/3937/3056
f 5034/3935/3057 5033/3933/3057 5036/3937/3057
f 5031/3930/3097 5035/3932/3475 5036/3931/3058
f 5040/3930/3059 5042/3936/3061 5046/3931/3060
f 5039/3935/3062 5040/3933/3062 5045/3937/3062
f 5042/3937/3063 5041/3934/3063 5044/3935/3063
f 5039/3930/3064 5043/3932/3064 5044/3931/3076
f 5047/2679/976 5049/2692/977 5050/2693/977
f 5049/2692/977 5051/2690/978 5052/2691/978
f 5052/2691/978 5051/2690/978 5053/2687/979
f 5054/2689/979 5053/2687/979 5055/2688/980
f 5055/2685/980 5057/2683/981 5058/2682/981
f 5057/2683/981 5059/2681/982 5060/4038/982
f 5059/2681/982 5061/2678/983 5062/2680/983
f 5061/2678/983 5047/2679/976 5048/2677/976
f 5130/2874/474 5127/2872/474 5063/2873/474
f 5134/2776/474 5066/2775/474 5067/2877/474
f 5138/2881/474 5136/2879/474 5067/2877/474
f 5140/2968/474 5138/2881/474 5068/2878/474
f 5140/2968/474 5069/2880/474 5070/2883/474
f 5142/2882/474 5070/2883/474 5071/2885/474
f 5146/2886/474 5144/3783/474 5071/2887/474
f 5148/2971/474 5146/2886/474 5072/2888/474
f 5150/2890/474 5148/2971/474 5073/2889/474
f 5152/2892/474 5150/2890/474 5074/2891/474
f 5154/2896/474 5152/2892/474 5075/2893/474
f 5156/2967/474 5154/2896/474 5076/2894/474
f 5158/2969/474 5156/2967/474 5077/2895/474
f 5158/2969/474 5078/2846/474 5079/2847/474
f 5160/2845/474 5079/2847/474 5080/2898/474
f 5162/2897/474 5080/2898/474 5081/2849/474
f 5164/2899/474 5081/2849/474 5082/2850/474
f 5168/2970/474 5166/2848/474 5082/2850/474
f 5170/2852/474 5168/2970/474 5083/2851/474
f 5170/2852/474 5084/2853/474 5085/2855/474
f 5174/2856/474 5172/2854/474 5085/2855/474
f 5174/2856/474 5086/2857/474 5087/2858/474
f 5176/2860/474 5087/2858/474 5088/2859/474
f 5178/2966/474 5088/2859/474 5089/2862/474
f 5180/2861/474 5089/2862/474 5090/2863/474
f 5182/2865/474 5090/2863/474 5091/2864/474
f 5184/2867/474 5091/2864/474 5092/2866/474
f 5188/2871/474 5186/2869/474 5092/2866/474
f 5190/2965/474 5188/2871/474 5093/2868/474
f 5191/2968/243 5193/2881/243 5096/2878/243
f 5189/2949/1078 5128/2955/9 5192/2956/9
f 5132/2774/474 5065/2876/474 5066/2775/474
f 5175/2912/792 5177/2916/1079 5244/2917/1079
f 5147/2910/1080 5149/2914/1081 5216/2915/1081
f 5173/2908/1082 5175/2912/792 5242/2913/792
f 5212/2907/1083 5145/2906/1083 5147/2910/1080
f 5171/2904/1084 5173/2908/1082 5240/2909/1082
f 5143/2901/793 5145/2906/1083 5212/2907/1083
f 5236/2903/1085 5169/2964/1085 5171/2904/1084
f 5141/2963/1086 5143/2901/793 5210/2902/793
f 5167/2961/1087 5169/2964/1085 5236/2903/1085
f 5206/2960/1088 5139/2959/1088 5141/2963/1086
f 5165/2957/1089 5167/2961/1087 5234/2962/1087
f 5137/2953/1090 5139/2959/1088 5206/2960/1088
f 5163/2951/1091 5165/2957/1089 5232/2958/1089
f 5128/3782/9 5129/2929/1092 5194/2930/1092
f 5202/2948/1093 5135/2947/1093 5137/2953/1090
f 5161/2945/1094 5163/2951/1091 5230/2952/1091
f 5187/2943/1095 5189/2949/1078 5195/2950/1078
f 5133/2941/1096 5135/2947/1093 5202/2948/1093
f 5159/2939/2 5161/2945/1094 5228/2946/1094
f 5185/2937/1097 5187/2943/1095 5254/2944/1095
f 5131/2935/1098 5133/2941/1096 5200/2942/1096
f 5157/2933/1099 5159/2939/2 5226/2940/2
f 5183/2931/1100 5185/2937/1097 5252/2938/1097
f 5129/2929/1092 5131/2935/1098 5197/2936/1098
f 5155/2926/1101 5157/2933/1099 5224/2934/1099
f 5181/2924/1102 5183/2931/1100 5250/2932/1100
f 5130/2874/474 5064/2875/474 5065/2876/474
f 5153/2922/1103 5155/2926/1101 5222/2927/1101
f 5246/2921/1104 5179/2920/1104 5181/2924/1102
f 5151/2918/1105 5153/2922/1103 5220/2923/1103
f 5177/2916/1079 5179/2920/1104 5246/2921/1104
f 5216/2915/1081 5149/2914/1081 5151/2918/1105
f 5215/2865/243 5217/2861/243 5108/2862/243
f 5215/2865/243 5107/2863/243 5106/2864/243
f 5213/2867/243 5106/2864/243 5105/2866/243
f 5211/2869/243 5105/2866/243 5104/2868/243
f 5207/2965/243 5209/2871/243 5104/2868/243
f 5253/2884/243 5196/2882/243 5097/2883/243
f 5205/2872/243 5207/2965/243 5103/2870/243
f 5191/2968/243 5095/2880/243 5097/2883/243
f 5205/2872/243 5102/2873/243 5101/2875/243
f 5198/2879/243 5199/2776/243 5099/2775/243
f 5203/2874/243 5101/2875/243 5100/2876/243
f 5201/2774/243 5100/2876/243 5099/2775/243
f 5251/2886/243 5253/3783/243 5126/2887/243
f 5193/2881/243 5198/2879/243 5098/2877/243
f 5249/2971/243 5251/2886/243 5125/2888/243
f 5247/2890/243 5249/2971/243 5124/2889/243
f 5245/2892/243 5247/2890/243 5123/2891/243
f 5245/2892/243 5122/2893/243 5121/2894/243
f 5243/2896/243 5121/2894/243 5120/2895/243
f 5239/2969/243 5241/2967/243 5120/2895/243
f 5237/2845/243 5239/2969/243 5119/2846/243
f 5237/2845/243 5118/2847/243 5117/2898/243
f 5235/2897/243 5117/2898/243 5116/2849/243
f 5233/2899/243 5116/2849/243 5115/2850/243
f 5231/2848/243 5115/2850/243 5114/2851/243
f 5229/2970/243 5114/2851/243 5113/2853/243
f 5225/2854/243 5227/2852/243 5113/2853/243
f 5225/2854/243 5112/2855/243 5111/2857/243
f 5223/2856/243 5111/2857/243 5110/2858/243
f 5221/2860/243 5110/2858/243 5109/2859/243
f 5219/2966/243 5109/2859/243 5108/2862/243
f 5189/3069/3098 5190/3068/474 5127/3070/474
f 5188/3066/474 5190/3068/474 5189/3069/3098
f 5185/3065/3101 5186/3064/474 5188/3066/474
f 5183/3063/3102 5184/3062/474 5186/3064/474
f 5181/3060/3103 5182/3061/474 5184/3062/474
f 5179/3058/3104 5180/3059/474 5182/3061/474
f 5178/3056/474 5180/3059/474 5179/3058/3104
f 5176/3054/474 5178/3056/474 5177/3057/3105
f 5173/3051/3107 5174/3053/474 5176/3054/474
f 5172/3052/474 5174/3053/474 5173/3051/3107
f 5170/3048/474 5172/3050/474 5171/3049/3108
f 5168/3046/474 5170/3048/474 5169/3047/3109
f 5166/3044/474 5168/3046/474 5167/3045/3110
f 5163/3101/3112 5164/3043/474 5166/3044/474
f 5161/3041/3113 5162/3040/474 5164/3043/474
f 5160/3039/474 5162/3040/474 5161/3041/3113
f 5157/3100/3115 5158/3038/474 5160/3039/474
f 5155/3099/3116 5156/3098/474 5158/3038/474
f 5153/3097/3117 5154/3096/474 5156/3098/474
f 5151/3095/3118 5152/3094/474 5154/3096/474
f 5149/3092/3119 5150/3093/474 5152/3094/474
f 5147/3090/3120 5148/3091/474 5150/3093/474
f 5145/3089/3121 5146/3088/474 5148/3091/474
f 5143/3087/3122 5144/3086/474 5146/3088/474
f 5142/3084/474 5144/3086/474 5143/3087/3122
f 5139/3082/3124 5140/3083/474 5142/3084/474
f 5138/3081/474 5140/3083/474 5139/3082/3124
f 5136/3078/474 5138/3081/474 5137/3080/3125
f 5134/3076/474 5136/3078/474 5135/3079/3126
f 5132/3075/474 5134/3076/474 5133/3077/3127
f 5130/3072/474 5132/3075/474 5131/3074/3128
f 5127/3070/474 5130/3072/474 5129/3073/3129
f 5197/3081/3130 5198/3080/243 5193/3079/243
f 5194/3078/3131 5193/3079/243 5191/3077/243
f 5195/3075/3133 5196/3074/243 5253/3073/243
f 5253/3073/243 5251/3071/243 5252/3070/3135
f 5251/3071/243 5249/3069/243 5250/3068/3136
f 5249/3069/243 5247/3067/243 5248/3066/3137
f 5248/3066/3137 5247/3067/243 5245/3065/243
f 5245/3065/243 5243/3063/243 5244/3062/3139
f 5243/3063/243 5241/3060/243 5242/3061/3140
f 5241/3060/243 5239/3058/243 5240/3059/3141
f 5239/3058/243 5237/3057/243 5238/3056/3142
f 5238/3056/3142 5237/3057/243 5235/3055/243
f 5236/3054/3143 5235/3055/243 5233/3051/243
f 5234/3053/3144 5233/3051/243 5231/3102/243
f 5231/3049/243 5229/3047/243 5230/3048/3146
f 5230/3048/3146 5229/3047/243 5227/3045/243
f 5228/3046/3147 5227/3045/243 5225/3042/243
f 5225/3042/243 5223/3101/243 5224/3043/3149
f 5223/3101/243 5221/3041/243 5222/3040/3150
f 5221/3041/243 5219/3037/243 5220/3039/3151
f 5219/3037/243 5217/3100/243 5218/3038/3152
f 5217/3100/243 5215/3099/243 5216/3098/3153
f 5215/3099/243 5213/3097/243 5214/3096/3154
f 5214/3096/3154 5213/3097/243 5211/3095/243
f 5211/3095/243 5209/3092/243 5210/3093/3156
f 5210/3093/3156 5209/3092/243 5207/3090/243
f 5207/3090/243 5205/3089/243 5206/3088/3158
f 5205/3089/243 5203/3087/243 5204/3086/3159
f 5204/3086/3159 5203/3087/243 5201/3085/243
f 5202/3084/3160 5201/3085/243 5199/3082/243
f 5200/3083/3161 5199/3082/243 5198/3080/243
f 5191/3077/243 5196/3074/243 5195/3075/3133
f 5127/2872/474 5190/2965/474 5094/2870/474
f 5272/4039/3162 5257/4043/3162 5255/4040/3163
f 5273/4042/3164 5259/4555/3164 5257/4043/3162
f 5274/4044/3165 5261/4048/3165 5259/4045/3164
f 5274/4044/3165 5275/4050/3166 5263/4047/3166
f 5276/4049/3167 5265/4052/3167 5263/4047/3166
f 5277/4051/3168 5267/4054/3168 5265/4052/3167
f 5278/4053/3169 5269/4058/3169 5267/4054/3168
f 5329/4055/3170 5359/4066/3170 5355/4056/3170
f 5277/3133/9 5307/3132/3190 5310/3135/3171
f 5278/4053/3169 5271/4041/3163 5255/4040/3163
f 5286/4059/3172 5338/4556/3170 5360/4060/3170
f 5323/3173/2 5321/4538/2 5319/3176/2
f 5319/3176/2 5317/3178/2 5315/3177/2
f 5315/3177/2 5311/4539/2 5314/3171/2
f 5314/3171/2 5325/3172/2 5323/3173/2
f 5323/3173/2 5319/3176/2 5314/3171/2
f 5295/3136/3171 5310/3135/3171 5374/3168/3174
f 5292/3149/3175 5339/3170/3176 5342/3166/3176
f 5279/3132/3177 5284/3130/3177 5327/3169/3178
f 5271/3134/9 5278/3137/9 5310/3135/3171
f 5298/3149/3179 5356/3170/3180 5358/3166/3180
f 5290/4059/3181 5344/4556/3182 5366/4060/3182
f 5291/4062/3184 5308/4065/3195 5369/4063/3185
f 5268/3127/2 5292/3149/3175 5289/3128/3175
f 5287/4062/3186 5304/4065/3198 5363/4063/3187
f 5266/3129/2 5289/3128/3175 5288/3148/3188
f 5283/4062/3189 5300/4065/3200 5357/4063/3182
f 5277/3133/9 5276/3131/9 5306/3130/3190
f 5280/4059/3191 5332/4556/3185 5354/4060/3185
f 5256/3137/2 5258/3133/2 5279/3132/3177
f 5291/4062/3184 5294/4059/3210 5309/4061/3194
f 5307/3132/3190 5306/3130/3190 5368/3169/3196
f 5276/3131/9 5275/3125/9 5303/3124/3197
f 5290/4059/3181 5305/4061/3183 5304/4065/3198
f 5302/3148/3197 5362/3146/3199 5364/3147/3199
f 5286/4059/3172 5301/4061/3173 5300/4065/3200
f 5281/4062/3201 5296/4065/3212 5351/4063/3170
f 5256/3158/3202 5313/3159/3202 5312/3152/3203
f 5266/3160/3204 5322/3120/3204 5324/3155/3205
f 5260/3162/3206 5316/3161/3206 5318/3157/3207
f 5262/3156/3207 5318/3157/3207 5320/3122/3208
f 5268/3154/3205 5324/3155/3205 5326/3153/3209
f 5256/3158/3202 5270/3163/3209 5326/3153/3209
f 5266/3160/3204 5264/3121/3208 5320/3122/3208
f 5349/4057/3185 5347/4055/3185 5353/4066/3185
f 5341/4055/3187 5371/4066/3187 5367/4056/3187
f 5335/4055/3182 5365/4066/3182 5361/4056/3182
f 5275/3125/9 5274/3123/9 5302/3148/3197
f 5268/3127/2 5270/3134/2 5293/3136/3193
f 5294/4059/3210 5350/4556/3187 5372/4060/3187
f 5260/3131/2 5262/3125/2 5285/3124/3188
f 5273/3129/9 5299/3128/3179 5302/3148/3197
f 5271/3134/9 5295/3136/3171 5298/3149/3179
f 5282/3135/3193 5345/3168/3211 5348/3138/3211
f 5281/4062/3201 5280/4059/3191 5297/4061/3192
f 5273/3129/9 5272/3127/9 5298/3149/3179
f 5256/3137/2 5282/3135/3193 5293/3136/3193
f 5285/3124/3188 5288/3148/3188 5333/3146/3213
f 5262/3125/2 5264/3123/2 5288/3148/3188
f 5258/3151/3203 5312/3152/3203 5316/3150/3206
f 5280/4097/3220 5281/4100/3256 5282/4098/3221
f 5283/4100/3223 5284/4098/3258 5285/4099/3224
f 5287/4101/3226 5288/4104/3254 5289/4102/3227
f 5294/4103/3229 5291/4101/3255 5292/4104/3230
f 5307/4105/3232 5308/4123/3252 5309/4106/3233
f 5306/4108/3235 5303/4111/3253 5304/4109/3236
f 5302/4110/3238 5299/4109/3476 5300/4111/3239
f 5295/4108/3241 5296/4110/3257 5297/4109/3242
f 5312/2394/3244 5313/2387/3251 5314/2386/2
f 5316/2388/3245 5312/2394/3244 5311/2389/2
f 5318/2396/3246 5316/2388/3245 5315/2390/2
f 5318/2396/3246 5317/2395/2 5319/2397/2
f 5320/2399/3247 5319/2392/2 5321/2383/2
f 5322/2391/3248 5321/2383/2 5323/2384/2
f 5324/2382/3249 5323/2384/2 5325/2393/2
f 5313/2387/3251 5326/2385/3250 5325/2393/2
f 5329/4108/3170 5331/4111/3170 5330/4109/3214
f 5335/4108/3182 5337/4111/3182 5336/4109/3213
f 5341/4108/3187 5343/4111/3217 5342/4109/3216
f 5349/4111/3185 5348/4109/3211 5345/4110/3211
f 5346/4064/3170 5351/4063/3170 5353/4066/3185
f 5355/4086/3170 5354/4085/3185 5332/4112/3185
f 5328/4064/3182 5357/4063/3182 5359/4066/3170
f 5361/4086/3182 5360/4085/3170 5338/4112/3170
f 5334/4064/3187 5363/4063/3187 5365/4066/3182
f 5367/4089/3187 5366/4088/3182 5344/4078/3182
f 5340/4064/3185 5369/4063/3185 5371/4066/3187
f 5373/4095/3185 5372/4094/3187 5350/4114/3187
f 5373/4116/3185 5353/4084/3185 5352/4083/3174
f 5368/4090/3196 5367/4089/3187 5371/4118/3187
f 5362/4117/3199 5361/4116/3182 5365/4084/3182
f 5356/4117/3180 5355/4116/3170 5359/4084/3170
f 5305/4120/3237 5366/4128/3182 5368/4121/3196
f 5308/4123/3252 5307/4105/3232 5370/4092/3219
f 5285/4099/3224 5336/4070/3213 5338/4072/3170
f 5362/4120/3199 5302/4128/3238 5301/4121/3240
f 5364/4083/3199 5363/4082/3187 5304/4124/3236
f 5288/4104/3254 5287/4101/3226 5334/4074/3187
f 5340/4074/3185 5339/4073/3215 5292/4104/3230
f 5344/4126/3182 5290/4103/3228 5289/4102/3227
f 5346/4068/3170 5345/4067/3211 5282/4098/3221
f 5350/4126/3187 5294/4103/3229 5293/4102/3231
f 5297/4122/3242 5354/4121/3185 5356/4128/3180
f 5300/4124/3239 5299/4125/3476 5358/4083/3218
f 5374/4096/3174 5310/4107/3234 5309/4106/3233
f 5352/4083/3174 5351/4082/3170 5296/4124/3257
f 5328/4068/3182 5327/4067/3214 5284/4098/3258
f 5332/4072/3185 5280/4097/3220 5279/4099/3222
f 5260/3131/2 5284/3130/3177 5279/3132/3177
f 5448/4129/3259 5382/4147/3276 5381/4130/3260
f 5376/4132/3262 5388/4136/3266 5387/4133/3263
f 5377/4135/3265 5389/4156/3285 5388/4136/3266
f 5400/4137/3267 5399/4167/3294 5387/4133/3263
f 5390/4138/3268 5389/4159/3285 5377/4139/3265
f 5391/4141/3270 5390/4138/3268 5378/4140/3269
f 5392/4143/3272 5391/4141/3270 5379/4142/3271
f 5393/4145/3274 5392/4143/3272 5380/4144/3273
f 5394/4146/3275 5393/4145/3274 5381/4130/3260
f 5395/4148/3277 5394/4146/3275 5382/4147/3276
f 5384/4150/3279 5396/4152/3281 5395/4148/3277
f 5385/4151/3280 5397/4157/3286 5396/4152/3281
f 5375/4134/3264 5387/4133/3263 5398/4153/3282
f 5401/4155/3284 5400/4137/3267 5388/4136/3266
f 5386/4154/3283 5398/4153/3282 5397/4157/3286
f 5390/4138/3268 5402/4160/3287 5401/4158/3284
f 5391/4141/3270 5403/4161/3288 5402/4160/3287
f 5392/4143/3272 5404/4162/3289 5403/4161/3288
f 5393/4145/3274 5405/4163/3290 5404/4162/3289
f 5394/4146/3275 5406/4164/3291 5405/4163/3290
f 5395/4148/3277 5407/4178/3304 5406/4164/3291
f 5408/4165/3292 5407/4178/3304 5395/4148/3277
f 5409/4166/3293 5408/4165/3292 5396/4152/3281
f 5399/4167/3294 5410/4168/3295 5398/4153/3282
f 5410/4168/3295 5409/4166/3293 5397/4157/3286
f 5411/4169/3296 5422/4180/3306 5410/4168/3295
f 5412/4170/3297 5411/4169/3296 5399/4167/3294
f 5413/4171/3298 5412/4170/3297 5400/4137/3267
f 5402/4160/3287 5414/4173/3299 5413/4172/3298
f 5403/4161/3288 5415/4174/3300 5414/4173/3299
f 5404/4162/3289 5416/4175/3301 5415/4174/3300
f 5405/4163/3290 5417/4557/3477 5416/4175/3301
f 5418/4176/3302 5417/4557/3477 5405/4163/3290
f 5419/4177/3303 5418/4176/3302 5406/4164/3291
f 5408/4165/3292 5420/4179/3305 5419/4177/3303
f 5409/4166/3293 5421/4558/3478 5420/4179/3305
f 5422/4180/3306 5421/4558/3478 5409/4166/3293
f 5419/4181/2 5420/4228/2 5446/4182/2
f 5422/4184/2 5411/4193/2 5423/4185/2
f 5414/4187/2 5426/4196/2 5425/4188/2
f 5417/4190/2 5429/4229/2 5428/4191/2
f 5411/4193/2 5412/4226/2 5424/4194/2
f 5415/4195/2 5427/4225/2 5426/4196/2
f 5423/4197/3307 5432/4201/3311 5445/4198/3308
f 5424/4200/3310 5433/4203/3313 5432/4201/3311
f 5425/4202/3312 5434/4257/3479 5433/4203/3313
f 5435/4204/3314 5434/4256/3479 5425/4205/3312
f 5436/4207/3316 5435/4204/3314 5426/4206/3315
f 5437/4209/3318 5436/4207/3316 5427/4208/3317
f 5438/4211/3320 5437/4209/3318 5428/4210/3319
f 5439/4213/3322 5438/4211/3320 5429/4212/3321
f 5441/4215/3324 5439/4213/3322 5430/4214/3323
f 5446/4217/3326 5442/4219/3328 5441/4215/3324
f 5443/4218/3327 5444/4220/3329 5442/4219/3328
f 5431/4199/3309 5445/4198/3308 5444/4220/3329
f 5419/4181/2 5440/4183/2 5430/4221/2
f 5421/4223/2 5422/4184/2 5431/4186/2
f 5416/4192/2 5428/4191/2 5427/4225/2
f 5412/4226/2 5413/4254/2 5425/4227/2
f 5420/4228/2 5421/4223/2 5443/4224/2
f 5418/4222/2 5430/4221/2 5429/4229/2
f 5466/3709/3330 5448/3708/3330 5447/3718/3331
f 5465/3721/3331 5447/4551/3331 5458/3722/3332
f 5464/3679/3332 5458/3722/3332 5457/3680/3333
f 5462/3714/3334 5463/3681/3333 5457/3680/3333
f 5462/3714/3334 5456/3713/3334 5455/3716/3335
f 5461/3715/3335 5455/3716/3335 5454/3711/3336
f 5460/3717/3336 5454/3711/3336 5453/3712/3337
f 5470/3723/3338 5459/3710/3337 5453/3712/3337
f 5469/3676/3339 5470/3723/3338 5452/3677/3338
f 5468/3673/3340 5469/3676/3339 5451/3678/3339
f 5468/3673/3340 5450/3720/3340 5449/3674/3341
f 5467/3675/3341 5449/3674/3341 5448/3708/3330
f 5467/3452/2 5479/3451/2 5480/3499/3342
f 5468/3500/3342 5480/3499/3342 5481/3506/3343
f 5461/3517/9 5473/3516/9 5474/3512/3344
f 5462/3513/3344 5474/3512/3344 5475/3508/3345
f 5470/3507/792 5482/3510/792 5471/3514/3346
f 5463/3509/3345 5475/3508/3345 5476/3504/793
f 5464/3505/793 5476/3504/793 5477/3501/3347
f 5469/3503/3343 5481/3506/3343 5482/3510/792
f 5465/3502/3347 5477/3501/3347 5478/3520/3348
f 5466/3450/3348 5478/3520/3348 5479/3451/2
f 5459/3511/3346 5471/3514/3346 5472/3518/3349
f 5460/3515/3349 5472/3518/3349 5473/3556/9
f 5480/3715/3350 5479/3714/3351 5491/3713/3351
f 5481/3717/3352 5480/3715/3350 5492/3716/3350
f 5474/3675/3353 5473/3673/3354 5485/3720/3354
f 5474/3675/3353 5486/3674/3353 5487/3708/3355
f 5482/3710/3356 5494/3712/3356 5483/3677/3357
f 5476/3719/3358 5475/3709/3355 5487/3708/3355
f 5476/3721/3358 5488/4551/3358 5489/3722/3359
f 5482/3710/3356 5481/3717/3352 5493/3711/3352
f 5478/3681/3360 5477/3679/3359 5489/3722/3359
f 5478/3681/3360 5490/3680/3360 5491/3713/3351
f 5471/3723/3357 5483/3677/3357 5484/3678/3361
f 5472/3676/3361 5484/3678/3361 5485/3720/3354
f 5484/3512/3349 5496/3513/3349 5497/3517/9
f 5491/3451/2 5503/3452/2 5504/3450/3342
f 5492/3520/3342 5504/3450/3342 5505/3502/3343
f 5486/3518/3344 5485/3556/9 5497/3519/9
f 5487/3514/3345 5486/3518/3344 5498/3515/3344
f 5494/3504/792 5506/3505/792 5495/3509/3346
f 5487/3514/3345 5499/3511/3345 5500/3507/793
f 5489/3506/3347 5488/3510/793 5500/3507/793
f 5493/3501/3343 5505/3502/3343 5506/3505/792
f 5490/3499/3348 5489/3506/3347 5501/3503/3347
f 5491/3451/2 5490/3499/3348 5502/3500/3348
f 5483/3508/3346 5495/3509/3346 5496/3513/3349
f 5496/3475/3362 5495/3491/3363 5507/3476/3363
f 5496/3475/3362 5508/3477/3362 5509/3484/3364
f 5503/3494/3365 5515/3495/3365 5516/3493/3366
f 5504/3497/3366 5516/3493/3366 5517/3490/3367
f 5498/3483/3368 5497/3481/3364 5509/3484/3364
f 5499/3486/3369 5498/3483/3368 5510/3482/3368
f 5495/3491/3363 5506/3522/3370 5518/3521/3370
f 5500/3479/3371 5499/3486/3369 5511/3485/3369
f 5501/3487/3372 5500/3479/3371 5512/3480/3371
f 5505/3489/3367 5517/3490/3367 5518/3488/3370
f 5501/3487/3372 5513/3478/3372 5514/3492/3373
f 5502/3498/3373 5514/3492/3373 5515/3495/3365
f 5385/4151/3280 5384/4150/3279 5450/4230/3374
f 5386/4154/3283 5385/4151/3280 5451/4231/3375
f 5375/4134/3264 5386/4154/3283 5452/4232/3376
f 5376/4132/3262 5375/4134/3264 5453/4233/3377
f 5377/4135/3265 5376/4132/3262 5454/4234/3378
f 5456/4236/3380 5378/4140/3269 5377/4139/3265
f 5457/4238/3381 5379/4142/3271 5378/4140/3269
f 5447/4131/3261 5381/4130/3260 5380/4144/3273
f 5449/4240/3383 5383/4149/3278 5382/4147/3276
f 5458/4239/3382 5380/4144/3273 5379/4142/3271
f 5384/4150/3279 5383/4149/3278 5449/4240/3383
f 5508/2519/3349 5507/2521/3346 5519/2520/3346
f 5512/2533/793 5511/2535/3345 5523/2538/3345
f 5512/2533/793 5524/2536/793 5525/2534/3347
f 5517/2525/3343 5529/2524/3343 5530/2522/792
f 5513/2531/3347 5525/2534/3347 5526/2532/3348
f 5514/2530/3348 5526/2532/3348 5527/2528/2
f 5509/2518/9 5508/2519/3349 5520/2517/3349
f 5515/2529/2 5527/2528/2 5528/2526/3342
f 5516/2527/3342 5528/2526/3342 5529/2524/3343
f 5510/2537/3344 5509/2539/9 5521/3446/9
f 5511/2535/3345 5510/2537/3344 5522/2540/3344
f 5518/2523/792 5530/2522/792 5519/2520/3346
f 5522/4241/243 5521/4269/243 5545/4242/243
f 5522/4241/243 5546/4243/243 5547/4244/243
f 5542/4187/474 5565/4196/474 5566/4188/474
f 5520/4246/243 5519/4255/243 5543/4247/243
f 5521/4249/243 5520/4246/243 5544/4248/243
f 5542/4187/474 5531/4195/474 5555/4225/474
f 5530/4251/243 5529/4266/243 5554/4252/243
f 5540/4226/474 5564/4194/474 5563/4185/474
f 5541/4254/474 5566/4227/474 5564/4194/474
f 5530/4251/243 5553/4253/243 5543/4247/243
f 5538/4184/474 5562/4186/474 5561/4224/474
f 5539/4193/474 5563/4185/474 5562/4186/474
f 5554/4211/3343 5566/4212/3343 5565/4210/792
f 5549/4220/3347 5561/4218/3347 5562/4217/3348
f 5550/4219/3348 5562/4217/3348 5563/4216/2
f 5543/4207/3346 5555/4208/3346 5556/4206/3349
f 5544/4204/3349 5556/4206/3349 5557/4205/9
f 5551/4215/2 5563/4216/2 5564/4214/3342
f 5552/4213/3342 5564/4214/3342 5566/4212/3343
f 5545/4257/9 5557/4202/9 5558/4200/3344
f 5546/4203/3344 5558/4200/3344 5559/4197/3345
f 5553/4209/792 5565/4210/792 5555/4208/3346
f 5547/4201/3345 5559/4197/3345 5560/4199/793
f 5548/4198/793 5560/4199/793 5561/4218/3347
f 5532/4192/474 5533/4190/474 5557/4229/474
f 5524/4258/243 5548/4261/243 5549/4259/243
f 5532/4192/474 5556/4191/474 5555/4225/474
f 5524/4258/243 5523/4245/243 5547/4244/243
f 5534/4222/474 5535/4181/474 5559/4183/474
f 5526/4262/243 5550/4265/243 5551/4263/243
f 5534/4222/474 5558/4221/474 5557/4229/474
f 5525/4260/243 5549/4259/243 5550/4265/243
f 5536/4228/474 5537/4223/474 5561/4224/474
f 5529/4266/243 5528/4268/243 5552/4267/243
f 5536/4228/474 5560/4182/474 5559/4183/474
f 5528/4268/243 5527/4264/243 5551/4263/243
f 5580/4229/3384 5577/4190/3384 5578/4222/3385
f 5581/4196/3386 5582/4188/3387 5573/4189/3387
f 5583/4225/3388 5581/4196/3386 5574/4187/3386
f 5584/4182/3389 5585/4183/3390 5567/4181/3390
f 5584/4182/3389 5568/4228/3389 5569/4223/3391
f 5583/4225/3388 5575/4195/3388 5576/4192/3392
f 5587/4191/3392 5576/4192/3392 5577/4190/3384
f 5586/4224/3391 5569/4223/3391 5570/4184/3393
f 5588/4186/3393 5570/4184/3393 5571/4193/3394
f 5585/4183/3390 5579/4221/3385 5578/4222/3385
f 5590/4194/3395 5589/4185/3394 5571/4193/3394
f 5582/4227/3387 5590/4194/3395 5572/4226/3395
f 5536/4197/3396 5590/4201/3396 5582/4203/3397
f 5535/4199/3398 5589/4198/3398 5590/4201/3396
f 5542/4212/3399 5579/4211/3399 5585/4213/3400
f 5534/4218/3401 5588/4220/3401 5589/4198/3398
f 5533/4217/3402 5586/4219/3402 5588/4220/3401
f 5541/4210/3403 5540/4208/3404 5587/4207/3404
f 5540/4208/3404 5539/4206/3405 5583/4204/3405
f 5532/4216/3406 5584/4215/3406 5586/4219/3402
f 5531/4214/3400 5585/4213/3400 5584/4215/3406
f 5539/4206/3405 5538/4205/3407 5581/4256/3407
f 5537/4200/3397 5582/4203/3397 5581/4257/3407
f 5542/4212/3399 5541/4210/3403 5580/4209/3403
f 5577/4261/474 5576/4259/474 5600/4260/474
f 5570/4247/474 5569/4248/474 5593/4246/474
f 5571/4253/474 5570/4247/474 5594/4255/474
f 5578/4244/474 5602/4245/474 5591/4241/474
f 5572/4252/474 5571/4253/474 5595/4251/474
f 5572/4252/474 5596/4266/474 5597/4268/474
f 5578/4244/474 5577/4261/474 5601/4258/474
f 5573/4267/474 5597/4268/474 5598/4264/474
f 5574/4263/474 5598/4264/474 5599/4262/474
f 5567/4243/474 5591/4241/474 5592/4269/474
f 5569/4248/474 5568/4250/474 5592/4249/474
f 5576/4259/474 5575/4265/474 5599/4262/474
f 5620/4192/3347 5611/4191/3347 5612/4225/3348
f 5615/4226/3343 5617/4254/3342 5614/4227/3342
f 5619/4195/3348 5612/4225/3348 5613/4196/2
f 5625/4223/3349 5626/4184/3346 5605/4186/3346
f 5624/4228/9 5625/4223/3349 5606/4224/3349
f 5616/4193/792 5615/4226/3343 5603/4194/3343
f 5626/4184/3346 5616/4193/792 5604/4185/792
f 5621/4190/793 5610/4229/793 5611/4191/3347
f 5617/4189/3342 5618/4187/2 5613/4196/2
f 5599/4273/2 5598/4279/3348 5635/4274/3348
f 5629/4243/243 5625/4241/243 5624/4269/243
f 5624/4228/9 5607/4182/9 5608/4183/3344
f 5639/4259/243 5615/4260/243 5616/4258/243
f 5598/4279/3348 5597/4301/3347 5634/4280/3347
f 5632/4247/243 5622/4255/243 5621/4251/243
f 5622/4222/3345 5609/4221/3345 5610/4229/793
f 5594/4286/3344 5593/4303/9 5630/4287/9
f 5592/4289/3349 5629/4292/3349 5630/4290/9
f 5595/4289/3345 5594/4286/3344 5631/4288/3344
f 5599/4273/2 5636/4275/2 5637/4293/3342
f 5591/4286/3346 5627/4288/3346 5629/4292/3349
f 5601/4295/3343 5639/4298/3343 5638/4296/792
f 5600/4294/3342 5637/4293/3342 5639/4298/3343
f 5623/4181/3344 5608/4183/3344 5609/4221/3345
f 5639/4259/243 5637/4265/243 5617/4262/243
f 5637/4265/243 5636/4263/243 5618/4264/243
f 5635/4267/243 5619/4268/243 5618/4264/243
f 5634/4252/243 5620/4266/243 5619/4268/243
f 5597/4301/3347 5596/4559/793 5633/4302/793
f 5602/4303/792 5638/4287/792 5627/4288/3346
f 5627/4244/243 5638/4261/243 5616/4258/243
f 5627/4244/243 5626/4245/243 5625/4241/243
f 5632/4247/243 5631/4248/243 5623/4246/243
f 5631/4248/243 5630/4250/243 5624/4249/243
f 5634/4252/243 5633/4253/243 5621/4251/243
f 5596/4291/793 5595/4289/3345 5632/4292/3345
f 5653/4304/2 5642/4319/2 5640/4305/2
f 5658/4307/793 5654/4337/793 5650/4308/793
f 5647/4310/474 5643/4560/474 5652/4311/474
f 5644/4313/792 5649/4333/792 5645/4314/792
f 5648/4316/9 5659/4561/9 5655/4317/9
f 5642/4328/3408 5644/4313/3410 5641/4315/3420
f 5647/4330/3411 5649/4333/3413 5644/4313/3410
f 5646/4332/3422 5645/4314/3480 5649/4333/3413
f 5657/4312/3417 5659/4561/3419 5648/4316/3412
f 5656/4309/3423 5655/4562/3481 5659/4327/3419
f 5652/4335/3414 5654/4337/3416 5658/4307/3418
f 5651/4336/3424 5650/4308/3482 5654/4337/3416
f 5643/4320/3409 5642/4319/3408 5653/4304/3415
s 0
f 5710/4339/1 5744/4563/1 5748/4340/1
f 5667/42/2 5718/20/2 5682/21/2
f 5756/36/3 5760/70/3 5714/37/3
f 5711/6/2 5670/4/2 5693/122/2
f 5772/40/4 5769/41/4 5716/39/4
f 5739/4342/5 5741/4360/5 5706/4343/5
f 5674/39/2 5663/72/2 5712/40/2
f 5728/4345/6 5724/4362/6 5698/4346/6
f 5735/4348/7 5736/4369/7 5664/4349/7
f 5697/76/2 5678/11/2 5713/12/2
f 5727/4351/8 5732/4363/8 5701/4352/8
f 5669/14/2 5675/15/2 5723/13/2
f 5787/20/7 5781/21/7 5695/19/7
f 5764/122/1 5757/5/1 5676/6/1
f 5704/37/2 5708/38/2 5689/36/2
f 5763/7/5 5784/28/5 5721/8/5
f 5750/38/9 5782/36/9 5786/70/9
f 5743/15/9 5774/13/9 5779/71/9
f 5754/9/9 5785/7/9 5762/28/9
f 5747/4/9 5778/122/9 5783/5/9
f 5738/72/9 5770/40/9 5775/41/9
f 5758/33/9 5767/34/9 5733/32/9
f 5766/11/9 5771/12/9 5737/10/9
f 5761/20/9 5759/21/9 5725/19/9
f 5717/15/10 5768/13/10 5765/71/10
f 5740/4354/3 5745/4361/3 5709/4355/3
f 5700/35/2 5681/33/2 5679/34/2
f 5666/8/2 5705/9/2 5686/7/2
f 5776/11/6 5773/12/6 5684/10/6
f 5751/4357/10 5752/4564/10 5672/4358/10
f 5780/33/8 5777/34/8 5691/32/8
f 5660/78/11 5661/79/23 5662/77/2
f 5664/94/7 5665/105/5 5666/95/2
f 5669/108/2 5670/102/2 5671/103/12
f 5673/91/3435 5674/89/2 5675/100/2
f 5676/90/12 5677/91/3 5678/89/2
f 5681/108/14 5682/102/2 5683/103/10
f 5685/98/4 5686/99/2 5687/97/22
f 5688/105/6 5689/95/2 5690/96/14
f 5692/93/8 5693/84/2 5694/85/14
f 5697/86/2 5698/106/6 5699/87/8
f 5701/83/15 5702/93/27 5703/84/2
f 5704/99/2 5705/97/2 5706/104/18
f 5708/80/2 5709/107/3 5710/81/1
f 5713/92/2 5714/78/3 5715/79/5
f 5716/107/4 5717/81/10 5718/82/2
f 5721/106/18 5722/87/7 5723/88/2
f 5725/99/9 5726/97/9 5727/104/16
f 5729/81/11 5730/82/9 5731/80/9
f 5732/105/15 5733/95/9 5734/96/9
f 5736/93/3425 5737/84/9 5738/85/9
f 5741/87/18 5742/88/9 5743/86/9
f 5744/78/1 5745/79/3 5746/77/9
f 5748/91/12 5749/89/9 5750/100/9
f 5753/108/9 5754/102/9 5755/103/3435
f 5757/101/1 5758/108/9 5759/102/3483
f 5761/82/3429 5762/80/9 5763/107/5
f 5765/91/10 5766/89/9 5767/100/26
f 5769/79/4 5770/77/9 5771/92/3484
f 5772/106/4 5773/87/6 5774/88/9
f 5776/83/23 5777/93/8 5778/84/9
f 5780/94/8 5781/105/7 5782/95/9
f 5784/98/5 5785/99/3429 5786/97/3485
f 5669/108/2 5668/101/13 5672/90/10
f 5663/92/2 5674/89/2 5673/91/4
f 5680/101/1 5676/90/12 5679/100/2
f 5688/105/23 5684/104/6 5687/97/2
f 5691/94/15 5690/96/2 5693/112/2
f 5694/71/2 5693/122/2 5670/4/2
f 5696/88/2 5699/87/8 5701/83/15
f 5704/99/2 5707/98/19 5709/107/3
f 5721/106/18 5720/86/2 5712/77/2
f 5722/42/7 5721/8/5 5784/28/5
f 5707/4356/3 5706/4343/5 5741/4360/5
f 5745/4361/3486 5744/4563/1 5710/4339/1
f 5724/98/6 5728/107/23 5731/80/9
f 5732/105/15 5727/104/8 5726/97/9
f 5735/94/7 5734/96/9 5737/112/9
f 5739/83/5 5738/85/9 5742/88/9
f 5745/79/3 5740/106/19 5743/86/9
f 5744/78/1 5747/92/9 5749/89/9
f 5752/101/10 5751/90/13 5750/100/9
f 5755/103/4 5754/102/9 5730/82/9
f 5761/82/9 5760/81/3 5756/103/19
f 5758/108/9 5757/101/12 5764/90/1
f 5766/89/3429 5765/91/10 5768/78/13
f 5775/86/9 5770/77/9 5769/79/11
f 5774/88/24 5773/87/3487 5776/83/23
f 5783/96/9 5778/112/9 5777/109/15
f 5786/97/9 5782/95/9 5781/105/7
f 5762/80/9 5785/99/9 5784/98/18
f 5778/122/9 5747/4/9 5746/14/9
f 5749/6/9 5783/5/9 5782/36/9
f 5738/126/9 5737/10/9 5771/12/9
f 5742/39/9 5775/41/9 5774/13/9
f 5726/35/9 5725/19/9 5759/21/9
f 5767/34/9 5766/11/9 5734/76/9
f 5786/70/9 5785/7/9 5754/9/9
f 5761/20/9 5731/42/9 5730/8/9
f 5724/4362/6 5727/4351/8 5699/4353/8
f 5715/9/5 5714/37/3 5760/70/3
f 5732/4363/8 5735/4348/7 5702/4350/7
f 5768/13/10 5717/15/10 5716/39/4
f 5662/77/2 5661/79/23 5698/106/6
f 5667/96/2 5703/112/2 5702/109/7
f 5705/97/2 5666/95/2 5665/105/5
f 5670/102/2 5711/82/2 5710/81/1
f 5677/91/19 5714/78/3 5713/92/2
f 5717/81/13 5683/103/10 5682/102/2
f 5716/107/11 5719/80/2 5686/99/2
f 5695/83/7 5694/85/2 5723/88/2
f 5708/38/2 5711/6/2 5690/5/2
f 5718/20/2 5667/42/2 5666/8/2
f 5687/70/2 5686/7/2 5705/9/2
f 5678/11/2 5697/76/2 5696/32/2
f 5703/19/2 5682/21/2 5681/33/2
f 5674/39/2 5720/41/2 5723/13/2
f 5663/126/2 5662/10/2 5713/12/2
f 5672/4358/10 5752/4564/10 5755/4364/4
f 5692/35/8 5695/19/7 5781/21/7
f 5748/4340/1 5751/4565/10 5668/4366/10
f 5688/76/23 5691/32/8 5777/34/8
f 5773/12/6 5772/123/4 5685/126/4
f 5729/4367/4 5728/4345/6 5661/4347/6
f 5677/38/3 5676/6/1 5757/5/1
f 5680/4/1 5683/14/10 5765/71/10
f 5736/4369/7 5739/4342/5 5665/4344/5
f 5673/4365/4 5755/4364/4 5729/4367/4
s 1
f 5805/4039/3162 5790/4043/3162 5788/4040/3163
f 5806/4042/3164 5792/4555/3164 5790/4043/3162
f 5807/4044/3165 5794/4048/3165 5792/4045/3164
f 5807/4044/3165 5808/4050/3166 5796/4047/3166
f 5809/4049/3167 5798/4052/3167 5796/4047/3166
f 5810/4051/3168 5800/4054/3168 5798/4052/3167
f 5811/4053/3169 5802/4058/3169 5800/4054/3168
f 5862/4055/3170 5892/4066/3170 5888/4056/3170
f 5810/3133/9 5840/3132/3190 5843/3135/3171
f 5811/4053/3169 5804/4041/3163 5788/4040/3163
f 5819/4059/3172 5871/4556/3170 5893/4060/3170
f 5856/3173/2 5854/4538/2 5852/3176/2
f 5852/3176/2 5850/3178/2 5856/3173/2
f 5850/3178/2 5848/3177/2 5856/3173/2
f 5848/3177/2 5844/4539/2 5847/3171/2
f 5847/3171/2 5858/3172/2 5848/3177/2
f 5828/3136/3171 5843/3135/3171 5907/3168/3174
f 5825/3149/3175 5872/3170/3176 5875/3166/3176
f 5812/3132/3177 5817/3130/3177 5860/3169/3178
f 5804/3134/9 5811/3137/9 5843/3135/3171
f 5831/3149/3179 5889/3170/3180 5891/3166/3180
f 5823/4059/3181 5877/4556/3182 5899/4060/3182
f 5824/4062/3184 5841/4065/3195 5902/4063/3185
f 5801/3127/2 5825/3149/3175 5822/3128/3175
f 5820/4062/3186 5837/4065/3198 5896/4063/3187
f 5799/3129/2 5822/3128/3175 5821/3148/3188
f 5816/4062/3189 5833/4065/3200 5890/4063/3182
f 5810/3133/9 5809/3131/9 5839/3130/3190
f 5813/4059/3191 5865/4556/3185 5887/4060/3185
f 5791/3133/2 5812/3132/3177 5815/3135/3193
f 5824/4062/3184 5827/4059/3210 5842/4061/3194
f 5840/3132/3190 5839/3130/3190 5901/3169/3196
f 5809/3131/9 5808/3125/9 5836/3124/3197
f 5823/4059/3181 5838/4061/3183 5837/4065/3198
f 5835/3148/3197 5895/3146/3199 5897/3147/3199
f 5819/4059/3172 5834/4061/3173 5833/4065/3200
f 5814/4062/3201 5829/4065/3212 5884/4063/3170
f 5789/3158/3202 5846/3159/3202 5845/3152/3203
f 5799/3160/3204 5855/3120/3204 5857/3155/3205
f 5793/3162/3206 5849/3161/3206 5851/3157/3207
f 5795/3156/3207 5851/3157/3207 5853/3122/3208
f 5801/3154/3205 5857/3155/3205 5859/3153/3209
f 5789/3158/3202 5803/3163/3209 5859/3153/3209
f 5799/3160/3204 5797/3121/3208 5853/3122/3208
f 5882/4057/3185 5880/4055/3185 5886/4066/3185
f 5874/4055/3187 5904/4066/3187 5900/4056/3187
f 5868/4055/3182 5898/4066/3182 5894/4056/3182
f 5808/3125/9 5807/3123/9 5835/3148/3197
f 5801/3127/2 5803/3134/2 5826/3136/3193
f 5827/4059/3210 5883/4556/3187 5905/4060/3187
f 5793/3131/2 5795/3125/2 5818/3124/3188
f 5806/3129/9 5832/3128/3179 5835/3148/3197
f 5804/3134/9 5828/3136/3171 5831/3149/3179
f 5815/3135/3193 5878/3168/3211 5881/3138/3211
f 5814/4062/3201 5813/4059/3191 5830/4061/3192
f 5806/3129/9 5805/3127/9 5831/3149/3179
f 5789/3137/2 5815/3135/3193 5826/3136/3193
f 5818/3124/3188 5821/3148/3188 5866/3146/3213
f 5795/3125/2 5797/3123/2 5821/3148/3188
f 5791/3151/3203 5845/3152/3203 5849/3150/3206
f 5813/4097/3220 5814/4100/3256 5815/4098/3432
f 5816/4100/3223 5817/4098/3258 5818/4099/3224
f 5820/4101/3226 5821/4104/3254 5822/4102/3227
f 5827/4103/3229 5824/4101/3255 5825/4104/3230
f 5840/4105/3232 5841/4123/3252 5842/4106/3233
f 5839/4108/3235 5836/4111/3253 5837/4109/3236
f 5835/4110/3238 5832/4109/3476 5833/4111/3239
f 5828/4110/3241 5829/4108/3257 5830/4111/3242
f 5845/2394/3244 5846/2387/3251 5847/2386/2
f 5849/2388/3245 5845/2394/3244 5844/2389/2
f 5851/2396/3246 5849/2388/3245 5848/2390/2
f 5851/2396/3246 5850/2395/2 5852/2397/2
f 5853/2399/3247 5852/2392/2 5854/2383/2
f 5855/2391/3248 5854/2383/2 5856/2384/2
f 5857/2382/3249 5856/2384/2 5858/2393/2
f 5846/2387/3251 5859/2385/3250 5858/2393/2
f 5862/4108/3170 5864/4111/3170 5863/4109/3214
f 5868/4109/3182 5870/4110/3182 5869/4108/3213
f 5874/4108/3187 5876/4111/3217 5875/4109/3216
f 5882/4111/3185 5881/4109/3211 5878/4110/3211
f 5879/4064/3170 5884/4063/3170 5886/4066/3185
f 5888/4086/3170 5887/4085/3185 5865/4112/3185
f 5861/4064/3182 5890/4063/3182 5892/4066/3170
f 5894/4086/3182 5893/4085/3170 5871/4112/3170
f 5867/4064/3187 5896/4063/3187 5898/4066/3182
f 5900/4089/3187 5899/4088/3182 5877/4078/3182
f 5873/4064/3185 5902/4063/3185 5904/4066/3187
f 5906/4095/3185 5905/4094/3187 5883/4114/3187
f 5906/4116/3185 5886/4084/3185 5885/4083/3431
f 5901/4090/3196 5900/4089/3187 5904/4118/3187
f 5895/4117/3199 5894/4116/3182 5898/4084/3182
f 5889/4117/3180 5888/4116/3170 5892/4084/3170
f 5838/4121/3237 5899/4122/3182 5901/4120/3196
f 5841/4123/3252 5840/4105/3232 5903/4092/3219
f 5818/4099/3224 5869/4070/3213 5871/4072/3170
f 5895/4121/3199 5835/4122/3238 5834/4120/3240
f 5897/4083/3199 5896/4082/3187 5837/4124/3236
f 5821/4104/3254 5820/4101/3226 5867/4074/3187
f 5873/4074/3185 5872/4073/3215 5825/4104/3230
f 5877/4126/3182 5823/4103/3228 5822/4102/3227
f 5879/4068/3170 5878/4067/3211 5815/4098/3432
f 5883/4126/3187 5827/4103/3229 5826/4102/3433
f 5830/4122/3242 5887/4121/3185 5889/4128/3180
f 5833/4124/3239 5832/4125/3476 5891/4083/3218
f 5907/4096/3174 5843/4107/3234 5842/4106/3233
f 5885/4083/3431 5884/4082/3170 5829/4124/3257
f 5861/4068/3182 5860/4067/3214 5817/4098/3258
f 5865/4072/3185 5813/4097/3220 5812/4099/3222
f 5793/3131/2 5817/3130/3177 5812/3132/3177
usemtl Material_1
f 1695/2400/792 1690/2401/792 1694/2402/792
f 1696/2403/9 1699/2404/9 1694/2405/9
f 1717/2406/474 1710/2407/474 1709/2408/474
f 1691/2409/474 1697/2410/474 1693/2411/474
f 1692/2412/243 1694/2413/243 1690/2414/243
f 1692/2415/793 1697/2416/793 1696/2417/793
f 1707/2418/793 1713/2419/793 1719/2420/793
f 1695/2421/9 1699/2404/9 1718/2422/9
f 1697/2423/9 1721/2424/9 1696/2403/9
f 1720/2425/243 1701/2426/243 1700/2427/243
f 1702/2428/2 1711/2429/2 1705/2430/2
f 1697/2423/9 1718/2422/9 1708/2431/9
f 1698/2432/792 1699/2404/9 1700/2433/243
f 1701/2426/794 1702/2434/22 1703/2435/795
f 1704/2436/792 1705/2430/2 1706/2437/796
f 1707/2418/793 1708/2438/9 1709/2439/474
f 1710/2407/797 1711/2440/2 1712/2441/798
f 1713/2442/798 1714/2443/14 1715/2444/799
f 1716/2445/792 1717/2406/474 1718/2446/9
f 1719/2447/793 1720/2425/243 1721/2448/9
f 1701/2426/800 1698/2449/792 1700/2427/243
f 1705/2430/2 1703/2450/801 1702/2428/2
f 1710/2407/802 1707/2451/793 1709/2408/474
f 1714/2443/2 1712/2452/803 1711/2429/2
f 1715/2453/804 1702/2434/805 1701/2426/243
f 1706/2454/474 1711/2440/2 1710/2407/474
f 1717/2406/474 1704/2455/792 1706/2454/474
f 1720/2425/806 1713/2456/807 1715/2453/243
f 1709/2408/474 1718/2446/9 1717/2406/474
f 1700/2427/243 1721/2448/9 1720/2425/243
f 1719/2420/793 1708/2438/9 1707/2418/793
f 1699/2404/9 1716/2457/792 1718/2422/9
f 1704/2458/792 1698/2459/792 1703/2460/792
f 1695/2400/792 1691/4507/792 1690/2401/792
f 1696/2403/9 1721/2424/9 1699/2404/9
f 1717/2406/474 1706/2454/474 1710/2407/474
f 1691/2409/474 1695/4508/474 1697/2410/474
f 1692/2412/243 1696/4509/243 1694/2413/243
f 1692/2415/793 1693/4510/793 1697/2416/793
f 1707/2418/793 1712/4511/793 1713/2419/793
f 1695/2421/9 1694/2405/9 1699/2404/9
f 1697/2423/9 1708/2431/9 1721/2424/9
f 1720/2425/243 1715/2453/243 1701/2426/243
f 1702/2428/2 1714/2443/2 1711/2429/2
f 1697/2423/9 1695/2421/9 1718/2422/9
f 1701/2426/800 1703/2435/792 1698/2449/792
f 1705/2430/2 1704/2436/792 1703/2450/801
f 1710/2407/802 1712/2441/793 1707/2451/793
f 1714/2443/2 1713/2442/793 1712/2452/803
f 1715/2453/804 1714/4512/2 1702/2434/805
f 1706/2454/474 1705/4513/2 1711/2440/2
f 1717/2406/474 1716/2445/792 1704/2455/792
f 1720/2425/806 1719/2447/793 1713/2456/807
f 1709/2408/474 1708/4514/9 1718/2446/9
f 1700/2427/243 1699/4515/9 1721/2448/9
f 1719/2420/793 1721/4516/9 1708/2438/9
f 1699/2404/9 1698/2432/792 1716/2457/792
f 1704/2458/792 1716/4517/792 1698/2459/792
