# WaveFront *.obj file (generated by CINEMA 4D)

v -167.97886657714844 -58.83148956298828 789.699462890625
v -73.04743194580078 -58.83148956298828 789.699462890625
v -167.97886657714844 -58.83148956298828 783.09393310546875
v -73.04743194580078 -58.83148956298828 783.09393310546875
v -140.99288940429688 -56.91681289672852 789.699462890625
v -116.30156707763672 23.45843124389648 789.699462890625
v -116.30156707763672 23.45843124389648 783.09393310546875
v -140.99288940429688 -56.91681289672852 783.09393310546875
v -143.57083129882812 -58.83148956298828 789.699462890625
v -143.57083129882812 -58.83148956298828 783.09393310546875
v -113.72362518310547 25.37310600280762 789.699462890625
v -99.19029235839844 25.37310600280762 789.699462890625
v -99.19029235839844 25.37310600280762 783.09393310546875
v -113.72362518310547 25.37310600280762 783.09393310546875
v -97.11885833740234 23.3743839263916 789.699462890625
v -94.20135498046875 -56.832763671875 789.699462890625
v -94.20135498046875 -56.832763671875 783.09393310546875
v -97.11885833740234 23.3743839263916 783.09393310546875
v -92.12992095947266 -58.83148956298828 789.699462890625
v -92.12992095947266 -58.83148956298828 783.09393310546875
v -167.97886657714844 -61.03148651123047 789.699462890625
v -73.04743194580078 -61.03148651123047 789.699462890625
v -167.97886657714844 -61.03148651123047 783.09393310546875
v -73.04743194580078 -61.03148651123047 783.09393310546875
v -139.09700012207031 -58.24912643432617 789.699462890625
v -114.40568542480469 22.12611770629883 789.699462890625
v -114.40568542480469 22.12611770629883 783.09393310546875
v -139.09700012207031 -58.24912643432617 783.09393310546875
v -142.84321594238281 -61.03148651123047 789.699462890625
v -142.84321594238281 -61.03148651123047 783.09393310546875
v -112.99600219726562 23.1731071472168 789.699462890625
v -100.07862854003906 23.1731071472168 789.699462890625
v -100.07862854003906 23.1731071472168 783.09393310546875
v -112.99600219726562 23.1731071472168 783.09393310546875
v -99.28572845458984 22.40803909301758 789.699462890625
v -96.36822509765625 -57.79911041259766 789.699462890625
v -96.36822509765625 -57.79911041259766 783.09393310546875
v -99.28572845458984 22.40803909301758 783.09393310546875
v -93.01825714111328 -61.03148651123047 789.699462890625
v -93.01825714111328 -61.03148651123047 783.09393310546875
v 69.11571502685547 46.46874618530273 954.9798583984375
v 68.21330261230469 48.58057022094727 955.0091552734375
v 69.04027557373047 50.70199203491211 954.7080078125
v 71.10822296142578 51.59195709228516 954.25347900390625
v 73.20747375488281 50.72512435913086 953.91180419921875
v 74.10989379882812 48.61329650878906 953.882568359375
v 73.28291320800781 46.49187469482422 954.1837158203125
v 71.21497344970703 45.60190963745117 954.63818359375
v 66.6822509765625 45.6043701171875 942.212646484375
v 65.75956726074219 47.70893096923828 942.1412353515625
v 66.54765319824219 49.81736373901367 941.64178466796875
v 68.58089447021484 50.69622421264648 941.00762939453125
v 70.66999053955078 49.82669448852539 940.6103515625
v 71.59266662597656 47.72213745117188 940.6817626953125
v 70.80458831787109 45.61370468139648 941.18121337890625
v 68.77134704589844 44.73484039306641 941.81536865234375
v 64.79411315917969 44.24670028686523 936.14666748046875
v 63.80642318725586 46.30593872070312 935.8814697265625
v 64.47018432617188 48.33028793334961 934.998046875
v 66.39266967773438 49.13560104370117 934.01483154296875
v 68.44959259033203 48.24622344970703 933.50830078125
v 69.43728637695312 46.18698501586914 933.77349853515625
v 68.77352142333984 44.16263580322266 934.65692138671875
v 66.85103607177734 43.35732269287109 935.64007568359375
v 63.2733154296875 42.87784957885742 932.8040771484375
v 62.1976318359375 44.86034393310547 932.3572998046875
v 62.69099807739258 46.73816299438477 931.111328125
v 64.46058654785156 47.41305923461914 929.7972412109375
v 66.47184753417969 46.48592376708984 929.18560791015625
v 67.54753112792969 44.50342559814453 929.6324462890625
v 67.05416107177734 42.62560653686523 930.87835693359375
v 65.28456878662109 41.95071411132812 932.19244384765625
v 61.95845031738281 41.5435905456543 930.75946044921875
v 60.7764778137207 43.42131805419922 930.15667724609375
v 61.06199645996094 45.09594345092773 928.59661865234375
v 62.64404678344727 45.58835601806641 926.99456787109375
v 64.59812164306641 44.60654067993164 926.29010009765625
v 65.78009796142578 42.72881317138672 926.8929443359375
v 65.49457550048828 41.0541877746582 928.45294189453125
v 63.91252899169922 40.56177520751953 930.05499267578125
v 60.90305328369141 40.38742446899414 929.5927734375
v 59.60457611083984 42.14091491699219 928.86834716796875
v 59.66042709350586 43.57200622558594 927.0611572265625
v 61.03430557250977 43.84436798095703 925.23138427734375
v 62.92387771606445 42.79513168334961 924.4521484375
v 64.22235870361328 41.04164123535156 925.1766357421875
v 64.16650390625 39.61055374145508 926.9837646484375
v 62.79262542724609 39.33818817138672 928.8135986328125
v 59.79194641113281 39.10152053833008 928.7576904296875
v 58.36905670166016 40.71451568603516 927.945556640625
v 58.17804718017578 41.86803817749023 925.95782470703125
v 59.32735061645508 41.88850784301758 923.96038818359375
v 61.14642715454102 40.7608757019043 923.1248779296875
v 62.56931686401367 39.14788055419922 923.93695068359375
v 62.76033020019531 37.99435806274414 925.92474365234375
v 61.61102294921875 37.9738883972168 927.92218017578125
v 58.58941268920898 37.6446647644043 928.235107421875
v 57.04746246337891 39.11637115478516 927.37542724609375
v 56.61882019042969 39.98886489868164 925.287353515625
v 57.55126190185547 39.75334167480469 923.1956787109375
v 59.30149841308594 38.54497909545898 922.3272705078125
v 60.84344482421875 37.07327651977539 923.1868896484375
v 61.27208709716797 36.20078277587891 925.27496337890625
v 60.33964538574219 36.43630218505859 927.36669921875
v 57.67555999755859 36.49711608886719 928.06732177734375
v 56.02999496459961 37.84104537963867 927.19140625
v 55.39363861083984 38.45809555053711 925.06671142578125
v 56.13605117797852 37.98924255371094 922.9395751953125
v 57.82546234130859 36.70658111572266 922.0576171875
v 59.47102737426758 35.36265182495117 922.93353271484375
v 60.10738372802734 34.74560165405273 925.05816650390625
v 59.36497116088867 35.21445465087891 927.18536376953125
v 56.22939300537109 34.62990951538086 928.1341552734375
v 54.52561187744141 35.89925003051758 927.26171875
v 53.73812484741211 36.32258224487305 925.144287109375
v 54.32515716552734 35.65452194213867 923.02398681640625
v 55.94606018066406 34.28400421142578 922.1444091796875
v 57.64984130859375 33.01466369628906 923.01690673828125
v 58.43732833862305 32.59133529663086 925.13427734375
v 57.85029983520508 33.25939178466797 927.254638671875
v 42.62804412841797 17.87957954406738 930.7509765625
v 41.03658294677734 19.29230308532715 929.864501953125
v 40.37466430664062 19.88275527954102 927.72509765625
v 41.02701950073242 19.30772399902344 925.58770751953125
v 42.61452484130859 17.90137672424316 924.7060546875
v 44.20598220825195 16.4886531829834 925.592529296875
v 44.86790084838867 15.89820194244385 927.73193359375
v 44.21554946899414 16.47323226928711 929.86932373046875
v 34.14414978027344 9.07648944854736 929.238037109375
v 32.7542724609375 10.70519542694092 928.40093994140625
v 32.39488983154297 11.626877784729 926.3223876953125
v 33.27347946166992 11.30424785614014 924.22174072265625
v 34.87800979614258 9.9232063293457 923.33099365234375
v 36.26788711547852 8.29450035095215 924.1680908203125
v 36.62726974487305 7.37281799316406 926.24664306640625
v 35.74868392944336 7.69544839859009 928.34735107421875
v 24.64764976501465 0.08249666541815 925.8885498046875
v 23.39865112304688 1.84352791309357 925.1051025390625
v 23.19955825805664 2.91911387443542 923.0855712890625
v 24.16403007507324 2.68187427520752 921.01470947265625
v 25.72945785522461 1.26743853092194 920.1070556640625
v 26.97845840454102 -0.49359267950058 920.8905029296875
v 27.17754936218262 -1.56917870044708 922.9100341796875
v 26.21307945251465 -1.33193910121918 924.98089599609375
v -27.58978652954102 -41.79254531860352 906.12896728515625
v -28.73468208312988 -39.94868469238281 905.3768310546875
v -28.93963050842285 -38.88427352905273 903.35003662109375
v -28.08725738525391 -39.21990203857422 901.2376708984375
v -26.67469787597656 -40.7624626159668 900.27862548828125
v -25.52980041503906 -42.6063232421875 901.03082275390625
v -25.32485198974609 -43.67073822021484 903.05755615234375
v -26.17722702026367 -43.33510971069336 905.169921875
v -62.97185516357422 -65.84239196777344 898.97998046875
v -63.88655090332031 -63.83522796630859 898.2919921875
v -63.91963958740234 -62.634765625 896.30963134765625
v -63.05413055419922 -62.94111251831055 894.19598388671875
v -61.79529190063477 -64.57862854003906 893.1905517578125
v -60.88059997558594 -66.58579254150391 893.87847900390625
v -60.84750747680664 -67.7862548828125 895.86083984375
v -61.71301651000977 -67.47990417480469 897.9744873046875
v -72.53404998779297 -70.28047180175781 894.67877197265625
v -73.11111450195312 -68.10987091064453 894.171630859375
v -72.71524047851562 -66.68617248535156 892.40020751953125
v -71.58061218261719 -66.84023284912109 890.40423583984375
v -70.37079620361328 -68.48591613769531 889.35382080078125
v -69.79373168945312 -70.65650939941406 889.86102294921875
v -70.18960571289062 -72.08020782470703 891.63238525390625
v -71.32423400878906 -71.92615509033203 893.62835693359375
v -80.30377197265625 -72.79344177246094 889.7725830078125
v -80.64217376708984 -70.54313659667969 889.43231201171875
v -79.92775726318359 -69.00489807128906 887.872802734375
v -78.58128356933594 -69.07668304443359 886.00958251953125
v -77.39086151123047 -70.72071075439453 884.93475341796875
v -77.05245971679688 -72.97101593017578 885.2750244140625
v -77.76686859130859 -74.50925445556641 886.83453369140625
v -79.11334228515625 -74.43746948242188 888.69775390625
v -86.52020263671875 -73.99945831298828 884.7952880859375
v -86.65719604492188 -71.70897674560547 884.63031005859375
v -85.67131042480469 -70.10963439941406 883.2977294921875
v -84.14231109619141 -70.13520050048828 881.58013916015625
v -82.96559906005859 -71.77503967285156 880.48406982421875
v -82.82860565185547 -74.06552124023438 880.64898681640625
v -83.81449127197266 -75.66486358642578 881.98162841796875
v -85.34349060058594 -75.63930511474609 883.69921875
v -93.58563995361328 -74.36848449707031 877.82977294921875
v -93.53076934814453 -72.06787872314453 877.87078857421875
v -92.28318023681641 -70.44646453857422 876.80780029296875
v -90.57592010498047 -70.45095825195312 875.265625
v -89.4091796875 -72.08309173583984 874.1475830078125
v -89.46405792236328 -74.38369750976562 874.1065673828125
v -90.71164703369141 -76.00511169433594 875.1695556640625
v -92.41890716552734 -76.00061798095703 876.71173095703125
v -102.34851837158203 -73.06453704833984 866.888671875
v -102.11294555664062 -70.79281616210938 867.17840576171875
v -100.61455535888672 -69.19999694824219 866.44464111328125
v -98.73329162597656 -69.21605682373047 865.119384765625
v -97.57162475585938 -70.83589935302734 863.97845458984375
v -97.80720520019531 -73.10761260986328 863.688720703125
v -99.30559539794922 -74.700439453125 864.4224853515625
v -101.18685913085938 -74.68437957763672 865.74774169921875
v -112.29526519775391 -68.59767150878906 850.5771484375
v -111.95082092285156 -66.3790283203125 851.066650390625
v -110.26567077636719 -64.86501312255859 850.65374755859375
v -108.22921752929688 -64.93942260742188 849.58245849609375
v -107.03504943847656 -66.56289672851562 848.47930908203125
v -107.37949371337891 -68.78153991699219 847.98980712890625
v -109.06464385986328 -70.29555511474609 848.4027099609375
v -111.10109710693359 -70.22113800048828 849.47406005859375
v -123.68270111083984 -59.89591217041016 823.81536865234375
v -123.35557556152344 -57.66158676147461 824.25445556640625
v -121.59430694580078 -56.20689010620117 824.01397705078125
v -119.43309020996094 -56.38072967529297 823.2364501953125
v -118.13855743408203 -58.08551406860352 822.37652587890625
v -118.46568298339844 -60.31983947753906 821.93743896484375
v -120.22695159912109 -61.7745361328125 822.17791748046875
v -122.38816833496094 -61.6006965637207 822.9554443359375
v -128.52128601074219 -56.66274642944336 805.29638671875
v -128.24102783203125 -54.38932418823242 805.49871826171875
v -126.45867919921875 -52.95402526855469 805.302490234375
v -124.22093963623047 -53.19425201416016 804.82354736328125
v -122.83917999267578 -54.97359848022461 804.34197998046875
v -123.11943817138672 -57.24702072143555 804.1396484375
v -124.90178680419922 -58.68231964111328 804.33587646484375
v -127.13953399658203 -58.44209289550781 804.81488037109375
v -131.33769226074219 -55.55332183837891 785.86566162109375
v -131.07855224609375 -53.26813507080078 785.8309326171875
v -129.28236389160156 -51.84535598754883 785.6732177734375
v -127.00400543212891 -52.11500930786133 785.48504638671875
v -125.57862854003906 -53.9234619140625 785.37677001953125
v -125.83777618408203 -56.20865249633789 785.4114990234375
v -127.63397216796875 -57.63142776489258 785.56927490234375
v -129.91232299804688 -57.36177825927734 785.75738525390625
v -131.95494079589844 -57.36674118041992 758.5726318359375
v -131.68585205078125 -55.10068511962891 758.2802734375
v -129.8787841796875 -53.68715667724609 758.17010498046875
v -127.59501647949219 -53.95079040527344 758.30615234375
v -126.17285919189453 -55.74144744873047 758.6092529296875
v -126.44195556640625 -58.00750350952148 758.901611328125
v -128.24900817871094 -59.4210319519043 759.01177978515625
v -130.53277587890625 -59.15739822387695 758.875732421875
v -128.16162109375 -64.22354888916016 724.6981201171875
v -127.86103820800781 -61.99040985107422 724.25274658203125
v -126.05555725097656 -60.56923294067383 724.2373046875
v -123.805419921875 -60.78923797607422 724.65966796875
v -122.42929840087891 -62.52577972412109 725.2733154296875
v -122.72988128662109 -64.75892639160156 725.71875
v -124.53536224365234 -66.18009948730469 725.73419189453125
v -126.78549957275391 -65.96009826660156 725.311767578125
v -121.50818634033203 -71.47065734863281 694.62518310546875
v -121.22900390625 -69.21164703369141 694.28863525390625
v -119.46818542480469 -67.74208831787109 694.48284912109375
v -117.25977325439453 -67.9195556640625 695.0927734375
v -115.89796447753906 -69.64437866210938 695.76177978515625
v -116.17714691162109 -71.90339660644531 696.09832763671875
v -117.93796539306641 -73.37295532226562 695.90411376953125
v -120.14637756347656 -73.19548797607422 695.294189453125
v -112.56280517578125 -75.08575439453125 665.01531982421875
v -112.38181304931641 -72.79107666015625 664.9613037109375
v -110.72202301025391 -71.27454376220703 665.462158203125
v -108.55837249755859 -71.42124176025391 666.223388671875
v -107.15864562988281 -73.14958953857422 666.7991943359375
v -107.33964538574219 -75.44427490234375 666.85321044921875
v -108.99943542480469 -76.96080780029297 666.35235595703125
v -111.1630859375 -76.81410980224609 665.59112548828125
v -98.21599578857422 -74.33900451660156 628.7919921875
v -98.17538452148438 -72.05005645751953 629.04931640625
v -96.66162109375 -70.52882385253906 629.89031982421875
v -94.564208984375 -70.66316223144531 630.821533203125
v -93.11186218261719 -72.37872314453125 631.29693603515625
v -93.15247344970703 -74.66767120361328 631.03961181640625
v -94.66623687744141 -76.18891143798828 630.19854736328125
v -96.76364898681641 -76.05457305908203 629.26739501953125
v -79.07284545898438 -67.10951232910156 591.16717529296875
v -79.18068695068359 -64.87216186523438 591.691162109375
v -77.81606292724609 -63.3961181640625 592.80877685546875
v -75.78123474121094 -63.54282379150391 593.8646240234375
v -74.26796722412109 -65.23058319091797 594.23919677734375
v -74.16012573242188 -67.46793365478516 593.7152099609375
v -75.52474975585938 -68.94397735595703 592.59759521484375
v -77.55957794189453 -68.79727172851562 591.541748046875
v -67.58016204833984 -60.4102897644043 570.93853759765625
v -67.79725646972656 -58.23630523681641 571.6536865234375
v -66.5030517578125 -56.8006706237793 572.89453125
v -64.45870208740234 -56.94125366210938 573.93365478515625
v -62.86135101318359 -58.57982635498047 574.1611328125
v -62.64425659179688 -60.75381469726562 573.44598388671875
v -63.93846893310547 -62.18944931030273 572.20513916015625
v -65.98281860351562 -62.04886627197266 571.16595458984375
v -57.47546005249023 -51.65909957885742 550.7666015625
v -57.79019546508789 -49.57259750366211 551.68463134765625
v -56.51723861694336 -48.16006469726562 552.97320556640625
v -54.40552139282227 -48.24602508544922 553.87744140625
v -52.69146728515625 -49.78408050537109 553.865966796875
v -52.37672805786133 -51.87057876586914 552.94793701171875
v -53.64968490600586 -53.28311538696289 551.659423828125
v -55.76140213012695 -53.1971549987793 550.755126953125
v -49.12532043457031 -39.33796310424805 529.65655517578125
v -49.53730392456055 -37.40396118164062 530.83819580078125
v -48.28227233886719 -36.02947235107422 532.18438720703125
v -46.09888458251953 -36.01707458496094 532.90716552734375
v -44.26536178588867 -37.37770080566406 532.58087158203125
v -43.85337829589844 -39.31170272827148 531.39923095703125
v -45.10841369628906 -40.68619155883789 530.05303955078125
v -47.29179763793945 -40.69858932495117 529.33026123046875
v -45.31149291992188 -27.56867790222168 514.65643310546875
v -45.78540420532227 -25.84963607788086 516.114990234375
v -44.53891754150391 -24.52676773071289 517.51953125
v -42.30583953857422 -24.37288856506348 518.04864501953125
v -40.39337539672852 -25.48140335083008 517.3895263671875
v -39.91946411132812 -27.2004451751709 515.9310302734375
v -41.16595077514648 -28.52331352233887 514.52642822265625
v -43.39903259277344 -28.67719268798828 513.99737548828125
v -44.3128547668457 -15.80972194671631 503.1578369140625
v -44.80036926269531 -14.34710502624512 504.86990356445312
v -43.55144119262695 -13.08360576629639 506.32601928710938
v -41.30134582519531 -12.75783729553223 506.675048828125
v -39.36724090576172 -13.56340599060059 505.70928955078125
v -38.87973022460938 -15.02602195739746 503.9971923828125
v -40.12865829467773 -16.28952217102051 502.54107666015625
v -42.37874984741211 -16.61528968811035 502.19204711914062
v -45.58850860595703 -2.86615681648254 493.45855712890625
v -46.05660247802734 -1.62736201286316 495.3350830078125
v -44.80091857910156 -0.45438751578331 496.8590087890625
v -42.56064987182617 -0.03324685618281 497.13983154296875
v -40.64723205566406 -0.61299049854279 496.00946044921875
v -40.17914199829102 -1.85178530216217 494.1329345703125
v -41.4348258972168 -3.0247597694397 492.6090087890625
v -43.67509460449219 -3.44590044021606 492.32818603515625
v -47.07527923583984 11.30942821502686 484.58074951171875
v -47.53615188598633 12.41407012939453 486.54193115234375
v -46.2667350769043 13.40335845947266 488.18701171875
v -44.0142707824707 13.69886875152588 488.55447387695312
v -42.09735488891602 13.12539863586426 487.42535400390625
v -41.63648223876953 12.0207576751709 485.46417236328125
v -42.90590286254883 11.03146934509277 483.81906127929688
v -45.15836334228516 10.73595809936523 483.45159912109375
v -46.64543914794922 27.63702392578125 476.06915283203125
v -47.11018753051758 28.6104736328125 478.0986328125
v -45.8492431640625 29.29131889343262 479.90478515625
v -43.60488891601562 29.28204917907715 480.43157958984375
v -41.69095993041992 28.58624649047852 479.36663818359375
v -41.22621154785156 27.61279487609863 477.337158203125
v -42.48715591430664 26.93194961547852 475.531005859375
v -44.73151016235352 26.94122123718262 475.00418090820312
v -44.71551895141602 37.66522979736328 472.1619873046875
v -45.21074295043945 38.48311233520508 474.251953125
v -44.02072525024414 38.79791641235352 476.20098876953125
v -41.84614562988281 38.42683029174805 476.86935424804688
v -39.95990753173828 37.58567428588867 475.86151123046875
v -39.46468353271484 36.76778793334961 473.77157592773438
v -40.65469741821289 36.45298385620117 471.822509765625
v -42.82927703857422 36.82407379150391 471.15414428710938
v -42.24284744262695 44.72710037231445 470.29342651367188
v -42.79201126098633 45.39242935180664 472.423583984375
v -41.72827529907227 45.34794616699219 474.46795654296875
v -39.67825317382812 44.62157821655273 475.2308349609375
v -37.84177398681641 43.63755798339844 474.26126098632812
v -37.29261016845703 42.97222900390625 472.13107299804688
v -38.35634613037109 43.01670837402344 470.08670043945312
v -40.40636825561523 43.74307632446289 469.32382202148438
v -39.40468978881836 50.27457046508789 469.53558349609375
v -40.03382873535156 50.78474426269531 471.686767578125
v -39.15777969360352 50.37449264526367 473.78134155273438
v -37.29306793212891 49.28628540039062 474.59417724609375
v -35.53081893920898 48.15660858154297 473.64498901367188
v -34.90167999267578 47.64643478393555 471.49380493164062
v -35.77772903442383 48.05668258666992 469.39920043945312
v -37.6424446105957 49.14488983154297 468.58639526367188
v -35.38264465332031 55.89659118652344 469.67861938476562
v -36.08699798583984 56.30040740966797 471.827392578125
v -35.42396545410156 55.59124755859375 473.91409301757812
v -33.78509140014648 54.18695449829102 474.71817016601562
v -32.12907028198242 52.90937805175781 473.76455688476562
v -31.42472076416016 52.50556564331055 471.61578369140625
v -32.08774948120117 53.21472549438477 469.529052734375
v -33.72662353515625 54.61901473999023 468.7249755859375
v -30.67061233520508 60.94774627685547 470.38717651367188
v -31.27309036254883 61.46847534179688 472.55007934570312
v -30.58439826965332 60.79417037963867 474.6435546875
v -29.01088333129883 59.3224983215332 475.443115234375
v -27.47314643859863 57.9145622253418 474.476318359375
v -26.87066841125488 57.39382934570312 472.31341552734375
v -27.55936050415039 58.06813430786133 470.21994018554688
v -29.13287544250488 59.5398063659668 469.42037963867188
v -28.03645515441895 63.77866744995117 470.06634521484375
v -28.38437271118164 64.60488891601562 472.19091796875
v -27.43520545959473 64.24166107177734 474.26168823242188
v -25.7476921081543 62.90465545654297 475.06741333007812
v -24.3096981048584 61.37550735473633 474.132080078125
v -23.9617805480957 60.54928588867188 472.00753784179688
v -24.91094970703125 60.91251754760742 469.93673706054688
v -26.59846305847168 62.2495231628418 469.13101196289062
v -26.70153617858887 65.24461364746094 469.48550415039062
v -26.80423736572266 66.37686157226562 471.49139404296875
v -25.59465789794922 66.33596038818359 473.45498657226562
v -23.78392028808594 65.14897918701172 474.22763061523438
v -22.43253898620605 63.50909423828125 473.35296630859375
v -22.32983779907227 62.37684631347656 471.3470458984375
v -23.5394172668457 62.41774749755859 469.38345336914062
v -25.35015296936035 63.6047248840332 468.61080932617188
v -25.62098503112793 66.46494293212891 468.63131713867188
v -25.49282836914062 67.9010009765625 470.4337158203125
v -24.03278160095215 68.18596649169922 472.20025634765625
v -22.09853935241699 67.15621948242188 472.89761352539062
v -20.82340240478516 65.41225433349609 472.11386108398438
v -20.95155906677246 63.97620010375977 470.31146240234375
v -22.41160774230957 63.69123077392578 468.544921875
v -24.34584999084473 64.72097778320312 467.84756469726562
v -24.7792911529541 67.45194244384766 467.52423095703125
v -24.45005798339844 69.17637634277344 469.0235595703125
v -22.76495552062988 69.778076171875 470.48519897460938
v -20.71340560913086 68.90805816650391 471.05416870117188
v -19.49780464172363 67.07270050048828 470.39434814453125
v -19.8270378112793 65.34827423095703 468.89505004882812
v -21.51214027404785 64.74657440185547 467.43341064453125
v -23.56369018554688 65.61658477783203 466.86441040039062
v -24.13711547851562 68.25888061523438 466.13290405273438
v -23.66747856140137 70.21193695068359 467.26748657226562
v -21.81858444213867 71.07167816162109 468.35037231445312
v -19.67573547363281 70.33808135986328 468.74822998046875
v -18.49507713317871 68.43717956542969 468.225830078125
v -18.9647159576416 66.48412322998047 467.09124755859375
v -20.8136100769043 65.62438201904297 466.00833129882812
v -22.95645904541016 66.35797882080078 465.61050415039062
v -23.68556785583496 68.90322113037109 464.4146728515625
v -23.13912963867188 71.01484680175781 465.16302490234375
v -21.19413566589355 72.05942535400391 465.83499145507812
v -18.99215316772461 71.42872619628906 466.03765869140625
v -17.82411766052246 69.48821258544922 465.65090942382812
v -18.37055587768555 67.37657928466797 464.90255737304688
v -20.3155517578125 66.33200836181641 464.23056030273438
v -22.51753234863281 66.96269989013672 464.02789306640625
v -23.39424324035645 69.49794006347656 461.66082763671875
v -22.82860565185547 71.70326232910156 462.0201416015625
v -20.85048675537109 72.86293029785156 462.27023315429688
v -18.62087440490723 72.30133819580078 462.26510620117188
v -17.44692230224609 70.34327697753906 462.007080078125
v -18.0125617980957 68.13795471191406 461.64779663085938
v -19.99068069458008 66.97828674316406 461.39767456054688
v -22.22029113769531 67.53987121582031 461.40280151367188
v -23.51653480529785 69.82225799560547 457.4681396484375
v -22.97726821899414 72.05987548828125 457.48434448242188
v -21.0190372467041 73.26493835449219 457.35675048828125
v -18.79120826721191 72.73525238037109 457.16036987304688
v -17.5998420715332 70.77686309814453 457.01019287109375
v -18.13910865783691 68.53924560546875 456.99398803710938
v -20.09734153747559 67.33418273925781 457.12161254882812
v -22.32516860961914 67.86386108398438 457.3179931640625
v -24.19771194458008 69.66185760498047 452.36239624023438
v -23.70357131958008 71.89410400390625 452.11471557617188
v -21.78987503051758 73.09918975830078 451.69381713867188
v -19.57994270324707 72.57487487792969 451.346435546875
v -18.36926078796387 70.62407684326172 451.2764892578125
v -18.86340141296387 68.39183044433594 451.524169921875
v -20.77709770202637 67.18674468994141 451.94503784179688
v -22.98703193664551 67.71105194091797 452.29244995117188
v -25.75735664367676 68.81551361083984 445.13076782226562
v -25.28931045532227 71.03505706787109 444.77078247070312
v -23.40358734130859 72.22712707519531 444.224853515625
v -21.20713806152344 71.69713592529297 443.81289672851562
v -19.98750305175781 69.75131988525391 443.77685546875
v -20.45555114746094 67.53177642822266 444.1368408203125
v -22.34127235412598 66.33969879150391 444.6827392578125
v -24.53772163391113 66.86969757080078 445.0947265625
v 138.4390869140625 46.41921234130859 955.716796875
v 137.69735717773438 48.49942398071289 956.34735107421875
v 138.51893615722656 50.63683319091797 956.169921875
v 140.41902160644531 51.58090209960938 955.29046630859375
v 142.28596496582031 50.77465438842773 954.22296142578125
v 143.02769470214844 48.69444274902344 953.5924072265625
v 142.20610046386719 46.55703353881836 953.7698974609375
v 140.30601501464844 45.61296463012695 954.64935302734375
v 130.55136108398438 48.19139099121094 940.57159423828125
v 129.72660827636719 50.28760528564453 941.05169677734375
v 130.44306945800781 52.44942474365234 940.68157958984375
v 132.27748107910156 53.41201019287109 939.68011474609375
v 134.15682983398438 52.60751342773438 938.633056640625
v 134.9815673828125 50.51129913330078 938.1529541015625
v 134.26510620117188 48.3494758605957 938.5230712890625
v 132.43069458007812 47.38689041137695 939.5245361328125
v 126.48348236083984 47.50159454345703 933.57025146484375
v 125.47128295898438 49.56161117553711 933.7618408203125
v 125.94989776611328 51.69289398193359 933.01800537109375
v 127.63534545898438 52.64845275878906 931.77642822265625
v 129.542236328125 51.8646240234375 930.76409912109375
v 130.55442810058594 49.80460739135742 930.572509765625
v 130.07582092285156 47.67332077026367 931.31634521484375
v 128.39036560058594 46.7177619934082 932.557861328125
v 124.22676086425781 46.33086776733398 930.083740234375
v 123.02217102050781 48.29225158691406 930.01019287109375
v 123.25318145751953 50.31114196777344 928.91766357421875
v 124.78078460693359 51.20632553100586 927.44793701171875
v 126.71243286132812 50.44969940185547 926.46221923828125
v 127.91701507568359 48.48831176757812 926.5357666015625
v 127.68601226806641 46.46942520141602 927.62835693359375
v 126.15840148925781 45.57424163818359 929.0980224609375
v 122.607421875 44.96387481689453 927.85003662109375
v 121.21486663818359 46.77242660522461 927.5465087890625
v 121.20063018798828 48.60578536987305 926.146484375
v 122.5693359375 49.39136505126953 924.471923828125
v 124.52186584472656 48.66555023193359 923.50439453125
v 125.91441345214844 46.85699844360352 923.80792236328125
v 125.92865753173828 45.02363967895508 925.20794677734375
v 124.55994415283203 44.23805999755859 926.88250732421875
v 121.49900054931641 43.66112899780273 926.503662109375
v 119.92877197265625 45.27139282226562 926.0113525390625
v 119.67966461181641 46.85628890991211 924.354248046875
v 120.89385986328125 47.48872756958008 922.50494384765625
v 122.86307525634766 46.79517364501953 921.547607421875
v 124.43329620361328 45.18490982055664 922.0399169921875
v 124.68241119384766 43.60001373291016 923.697021484375
v 123.46821594238281 42.96757507324219 925.54632568359375
v 120.50247955322266 42.13795852661133 925.47509765625
v 118.76618957519531 43.50888824462891 924.83636474609375
v 118.29454803466797 44.78762817382812 922.9749755859375
v 119.36008453369141 45.22636032104492 920.9830322265625
v 121.34191131591797 44.56547927856445 920.02862548828125
v 123.07820129394531 43.19454956054688 920.6673583984375
v 123.54983520507812 41.91580963134766 922.52874755859375
v 122.48429870605469 41.47707748413086 924.52069091796875
v 119.6051025390625 40.37945556640625 924.750244140625
v 117.72206878662109 41.48094177246094 924.01507568359375
v 117.05091857910156 42.40907669067383 922.013427734375
v 117.98102569580078 42.62137222290039 919.9195556640625
v 119.97111511230469 41.99137496948242 918.9615478515625
v 121.85414886474609 40.88988876342773 919.69671630859375
v 122.52529907226562 39.96175003051758 921.69842529296875
v 121.59519195556641 39.74945449829102 923.792236328125
v 118.79798126220703 38.36376190185547 924.32562255859375
v 116.79240417480469 39.18033218383789 923.54437255859375
v 115.95198059082031 39.73230743408203 921.46875
v 116.76524353027344 39.69748687744141 919.3165283203125
v 118.75959014892578 39.09471893310547 918.34991455078125
v 120.76516723632812 38.27814483642578 919.13116455078125
v 121.6055908203125 37.72617340087891 921.206787109375
v 120.79232788085938 37.76099395751953 923.3590087890625
v 117.81296539306641 35.1846923828125 924.21826171875
v 115.76498413085938 35.87100601196289 923.4373779296875
v 114.84767913818359 36.19386672973633 921.35662841796875
v 115.59464263916016 35.96538162231445 919.19683837890625
v 117.57218933105469 35.31808471679688 918.22454833984375
v 119.62017059326172 34.63177108764648 919.00543212890625
v 120.5374755859375 34.30891036987305 921.08612060546875
v 119.79051971435547 34.53739929199219 923.2459716796875
v 114.61259460449219 26.05181312561035 924.3636474609375
v 112.64109039306641 26.96285629272461 923.58544921875
v 111.76748657226562 27.42673873901367 921.5048828125
v 112.49988555908203 27.17328643798828 919.342529296875
v 114.41300964355469 26.34923934936523 918.36663818359375
v 116.384521484375 25.43819427490234 919.144775390625
v 117.25812530517578 24.97431182861328 921.225341796875
v 116.52572631835938 25.22776412963867 923.3876953125
v 109.43736267089844 16.66089820861816 923.52435302734375
v 107.64579010009766 17.9070930480957 922.78985595703125
v 106.91281890869141 18.65256118774414 920.74029541015625
v 107.66441345214844 18.46254920959473 918.57818603515625
v 109.46369171142578 17.44599533081055 917.5714111328125
v 111.25527191162109 16.19980239868164 918.305908203125
v 111.98823547363281 15.45433139801025 920.35546875
v 111.23664093017578 15.64434432983398 922.517578125
v 103.66545867919922 8.794264793396 922.07421875
v 102.0428466796875 10.27476596832275 921.39105224609375
v 101.44593811035156 11.21836471557617 919.38116455078125
v 102.22116851806641 11.07449340820312 917.223876953125
v 103.91749572753906 9.92462158203125 916.1842041015625
v 105.54010772705078 8.44411945343018 916.867431640625
v 106.13701629638672 7.50052165985107 918.8773193359375
v 105.36178588867188 7.64439249038696 921.03460693359375
v 95.82244110107422 0.12689986824989 919.70465087890625
v 94.38594055175781 1.8155632019043 919.0843505859375
v 93.92787933349609 2.92085981369019 917.12066650390625
v 94.71360778808594 2.79775524139404 914.966064453125
v 96.28557586669922 1.51515710353851 913.88372802734375
v 97.72208404541016 -0.17350614070892 914.5040283203125
v 98.18013763427734 -1.2788028717041 916.46771240234375
v 97.3944091796875 -1.15569818019867 918.622314453125
v 75.99660491943359 -16.54722785949707 913.43194580078125
v 74.78068542480469 -14.67399597167969 912.87841796875
v 74.42198944091797 -13.48842239379883 910.94415283203125
v 75.12805938720703 -13.68222522735596 908.7645263671875
v 76.48760223388672 -15.145432472229 907.6173095703125
v 77.70352935791016 -17.0186653137207 908.1708984375
v 78.06221771240234 -18.20423698425293 910.1051025390625
v 77.35614776611328 -18.01043510437012 912.28472900390625
v 57.0035514831543 -28.37081146240234 909.47100830078125
v 55.96656036376953 -26.38765907287598 908.94915771484375
v 55.62736129760742 -25.19557189941406 907.0155029296875
v 56.18251800537109 -25.48979949951172 904.80511474609375
v 57.30878829956055 -27.10174942016602 903.61376953125
v 58.34577941894531 -29.08490180969238 904.13568115234375
v 58.68497467041016 -30.2769889831543 906.06927490234375
v 58.12982177734375 -29.98276138305664 908.2796630859375
v 30.89848709106445 -41.88992691040039 905.71551513671875
v 30.0056037902832 -39.83427429199219 905.21343994140625
v 29.7020378112793 -38.62518310546875 903.28448486328125
v 30.16379547119141 -38.96769714355469 901.06085205078125
v 31.12207984924316 -40.66508102416992 899.84613037109375
v 32.01496505737305 -42.72073364257812 900.34820556640625
v 32.31853103637695 -43.92982864379883 902.27716064453125
v 31.85677337646484 -43.58731079101562 904.50079345703125
v -29.7657470703125 -67.33023071289062 897.96099853515625
v -30.42311477661133 -65.17035675048828 897.5050048828125
v -30.43500518798828 -63.82379150390625 895.6226806640625
v -29.79619216918945 -64.07608795166016 893.4189453125
v -28.87963676452637 -65.78356170654297 892.1856689453125
v -28.22227096557617 -67.94343566894531 892.6416015625
v -28.21038055419922 -69.29000854492188 894.52398681640625
v -28.84919357299805 -69.03770446777344 896.7276611328125
v -44.46956634521484 -71.67054748535156 892.48651123046875
v -44.86624526977539 -69.43156433105469 892.141357421875
v -44.42934417724609 -67.94184112548828 890.43487548828125
v -43.41668319702148 -68.07084655761719 888.36907958984375
v -42.42071533203125 -69.74726867675781 887.1546630859375
v -42.0240364074707 -71.98624420166016 887.499755859375
v -42.4609375 -73.47597503662109 889.20623779296875
v -43.47359848022461 -73.34696960449219 891.27203369140625
v -53.83342361450195 -73.58834075927734 887.01861572265625
v -54.04489898681641 -71.3106689453125 886.78900146484375
v -53.27048873901367 -69.74686431884766 885.2845458984375
v -51.96586990356445 -69.80985260009766 883.3887939453125
v -50.89486694335938 -71.46704864501953 882.21270751953125
v -50.68339157104492 -73.74472045898438 882.44232177734375
v -51.45779800415039 -75.30852508544922 883.94677734375
v -52.76241683959961 -75.24553680419922 885.842529296875
v -59.33321380615234 -74.23046875 882.666259765625
v -59.3998908996582 -71.93561553955078 882.55706787109375
v -58.36009979248047 -70.33750915527344 881.2666015625
v -56.8250846862793 -70.36917877197266 879.55291748046875
v -55.69390869140625 -72.01642608642578 878.42010498046875
v -55.62723159790039 -74.31128692626953 878.529296875
v -56.66701889038086 -75.90938568115234 879.81976318359375
v -58.2020378112793 -75.87771606445312 881.533447265625
v -64.16367340087891 -74.34573364257812 877.7872314453125
v -64.09998321533203 -72.04779052734375 877.8162841796875
v -62.81957626342773 -70.44082641601562 876.7733154296875
v -61.07476043701172 -70.46306610107422 875.27130126953125
v -59.88774108886719 -72.10584259033203 874.19012451171875
v -59.95143508911133 -74.40378570556641 874.16107177734375
v -61.23183822631836 -76.01074981689453 875.20404052734375
v -62.97665405273438 -75.98851013183594 876.7060546875
v -69.21105194091797 -73.75046539306641 871.00408935546875
v -69.02500152587891 -71.46759796142578 871.207275390625
v -67.51606750488281 -69.88407135009766 870.47802734375
v -65.57052612304688 -69.92437744140625 869.2454833984375
v -64.32840728759766 -71.56922912597656 868.23126220703125
v -64.51446533203125 -73.85208892822266 868.028076171875
v -66.02339935302734 -75.43561553955078 868.75732421875
v -67.96893310546875 -75.39531707763672 869.9898681640625
v -73.20467376708984 -72.33300018310547 863.40728759765625
v -72.92177581787109 -70.08650207519531 863.8082275390625
v -71.22889709472656 -68.56526184082031 863.43798828125
v -69.12015533447266 -68.65725708007812 862.51519775390625
v -67.83136749267578 -70.31287384033203 861.5797119140625
v -68.11426544189453 -72.55937194824219 861.1788330078125
v -69.80714416503906 -74.08061218261719 861.549072265625
v -71.91588592529297 -73.98861694335938 862.4718017578125
v -76.57013702392578 -69.56678009033203 853.31103515625
v -76.22689819335938 -67.37418365478516 853.91131591796875
v -74.40238952636719 -65.95984649658203 853.94793701171875
v -72.16792297363281 -66.14907073974609 853.40093994140625
v -70.83306884765625 -67.83517456054688 852.589599609375
v -71.17630767822266 -70.02777099609375 851.98931884765625
v -73.00081634521484 -71.44210815429688 851.9527587890625
v -75.23528289794922 -71.25288391113281 852.499755859375
v -79.69020080566406 -59.61582183837891 824.08404541015625
v -79.34734344482422 -57.42028045654297 824.6754150390625
v -77.50064849853516 -56.07606506347656 824.91656494140625
v -75.23446655273438 -56.36725997924805 824.6673583984375
v -73.87694549560547 -58.12744903564453 824.0726318359375
v -74.21981048583984 -60.32299041748047 823.48126220703125
v -76.06650543212891 -61.66720581054688 823.2401123046875
v -78.33268737792969 -61.37601089477539 823.48931884765625
v -80.35172271728516 -56.10998153686523 808.39715576171875
v -80.01715087890625 -53.86337280273438 808.75897216796875
v -78.17234802246094 -52.50579071044922 808.93505859375
v -75.90058135986328 -52.82903289794922 808.822998046875
v -74.53325653076172 -54.64801788330078 808.4876708984375
v -74.86782836914062 -56.89462661743164 808.1258544921875
v -76.71263122558594 -58.25221252441406 807.94970703125
v -78.98439788818359 -57.9289665222168 808.06182861328125
v -80.49993896484375 -54.50653457641602 793.494384765625
v -80.16765594482422 -52.22933959960938 793.571044921875
v -78.32364654541016 -50.86016845703125 793.63531494140625
v -76.05069732666016 -51.19755172729492 793.649658203125
v -74.68091583251953 -53.04817581176758 793.60546875
v -75.01319885253906 -55.32536697387695 793.52880859375
v -76.85721588134766 -56.69453811645508 793.4644775390625
v -79.13015747070312 -56.35715866088867 793.4501953125
v -79.90219116210938 -55.31199645996094 774.78070068359375
v -79.55740356445312 -53.05061340332031 774.49359130859375
v -77.70830535888672 -51.68830108642578 774.41534423828125
v -75.44065856933594 -52.01959991455078 774.59124755859375
v -74.08346557617188 -53.854736328125 774.918701171875
v -74.42825317382812 -56.11611938476562 775.205810546875
v -76.27735137939453 -57.47843170166016 775.28399658203125
v -78.54500579833984 -57.14712905883789 775.108154296875
v -78.55255889892578 -59.01183700561523 758.74407958984375
v -78.18048095703125 -56.81243515014648 758.19708251953125
v -76.32234954833984 -55.47117614746094 758.04412841796875
v -74.06915283203125 -55.77040100097656 758.3736572265625
v -72.74149322509766 -57.53900146484375 758.99365234375
v -73.11357116699219 -59.73840713500977 759.5406494140625
v -74.97169494628906 -61.07966613769531 759.69354248046875
v -77.22489166259766 -60.78044128417969 759.36407470703125
v -75.67707061767578 -65.36683654785156 737.88507080078125
v -75.32894897460938 -63.11556243896484 737.50421142578125
v -73.49205017089844 -61.72747039794922 737.50457763671875
v -71.24494171142578 -62.01227951049805 737.8848876953125
v -69.90460968017578 -63.80742645263672 738.423095703125
v -70.25273132324219 -66.05870056152344 738.803955078125
v -72.08963012695312 -67.44679260253906 738.8035888671875
v -74.33673858642578 -67.1619873046875 738.42327880859375
v -73.99686431884766 -66.29264068603516 726.836181640625
v -73.71458435058594 -64.00931549072266 726.82757568359375
v -71.92049407958984 -62.59358978271484 727.0718994140625
v -69.66819763183594 -62.87134552001953 727.4256591796875
v -68.277587890625 -64.68421173095703 727.6815185546875
v -68.55986785888672 -66.96753692626953 727.690185546875
v -70.35395812988281 -68.38326263427734 727.44580078125
v -72.60625457763672 -68.10550689697266 727.09210205078125
v -71.71665954589844 -65.76395416259766 712.29742431640625
v -71.48912811279297 -63.49130630493164 712.59771728515625
v -69.73046875 -62.07804870605469 713.04302978515625
v -67.47361755371094 -62.3486328125 713.37255859375
v -66.04102325439453 -64.14886474609375 713.39263916015625
v -66.26856231689453 -66.4215087890625 713.0924072265625
v -68.0272216796875 -67.83477020263672 712.64703369140625
v -70.28407287597656 -67.56418609619141 712.3175048828125
v -64.73215484619141 -57.35523223876953 669.52630615234375
v -64.56396484375 -55.14491653442383 670.146484375
v -62.84395217895508 -53.76735687255859 670.80133056640625
v -60.58248138427734 -54.02619552612305 671.10772705078125
v -59.10461044311523 -55.77400207519531 670.885009765625
v -59.27280044555664 -57.98431777954102 670.264892578125
v -60.99281311035156 -59.36187744140625 669.61004638671875
v -63.2542839050293 -59.1030387878418 669.30364990234375
v -56.2609748840332 -40.25136566162109 619.457763671875
v -56.13164138793945 -38.119384765625 620.3021240234375
v -54.4337158203125 -36.78465270996094 621.08349609375
v -52.16469192504883 -37.02584457397461 621.344970703125
v -50.65397644042969 -38.70572280883789 620.9317626953125
v -50.78330993652344 -40.83770370483398 620.08740234375
v -52.48123550415039 -42.17243957519531 619.3060302734375
v -54.75025939941406 -41.93124771118164 619.0445556640625
v -48.90708160400391 -18.00698089599609 568.06011962890625
v -48.8000373840332 -15.95135688781738 569.08477783203125
v -47.10466766357422 -14.63388442993164 569.9002685546875
v -44.8170166015625 -14.82330513000488 570.03009033203125
v -43.27737045288086 -16.41256141662598 569.396240234375
v -43.38441467285156 -18.46818542480469 568.37164306640625
v -45.07978439331055 -19.78565788269043 567.55615234375
v -47.36743545532227 -19.59623718261719 567.42633056640625
v -47.06437683105469 2.49634909629822 531.25030517578125
v -46.95889663696289 4.42395782470703 532.50396728515625
v -45.25707626342773 5.73232746124268 533.3206787109375
v -42.95876312255859 5.65772199630737 533.22381591796875
v -41.41047668457031 4.24018526077271 532.26776123046875
v -41.51595687866211 2.31257653236389 531.01409912109375
v -43.2177734375 1.00420689582825 530.19744873046875
v -45.51609039306641 1.07881247997284 530.2943115234375
v -48.53757476806641 13.69776344299316 516.4554443359375
v -48.39407348632812 15.44100761413574 517.95184326171875
v -46.68270111083984 16.73912620544434 518.76495361328125
v -44.40880966186523 16.83391571044922 518.4208984375
v -42.90469360351562 15.66653728485107 517.118408203125
v -43.04819488525391 13.9232931137085 515.62200927734375
v -44.75957107543945 12.62517356872559 514.8089599609375
v -47.0334587097168 12.53038597106934 515.15301513671875
v -50.67376327514648 21.13114166259766 509.1231689453125
v -50.44940948486328 22.64461135864258 510.84530639648438
v -48.72643661499023 23.92855453491211 511.65646362304688
v -46.51679992675781 24.23248100280762 511.08453369140625
v -45.11530685424805 23.37547874450684 509.46127319335938
v -45.33966064453125 21.86201095581055 507.7391357421875
v -47.0626335144043 20.57806777954102 506.927978515625
v -49.27227020263672 20.27414131164551 507.49990844726562
v -54.09748458862305 29.43868446350098 503.360595703125
v -53.79131698608398 30.73627662658691 505.23330688476562
v -52.03209686279297 31.92445945739746 506.11752319335938
v -49.85286712646484 32.30843734741211 505.4986572265625
v -48.5307731628418 31.66082000732422 503.73568725585938
v -48.83694076538086 30.36322784423828 501.86297607421875
v -50.59615707397461 29.17504692077637 500.97872924804688
v -52.77538681030273 28.79106712341309 501.59759521484375
v -56.58653259277344 37.6158561706543 498.60052490234375
v -56.24210357666016 38.76494598388672 500.56069946289062
v -54.41267776489258 39.71133041381836 501.59185791015625
v -52.17244338989258 39.90191268920898 501.09329223632812
v -50.83435821533203 39.22287750244141 499.35333251953125
v -51.17878723144531 38.07379150390625 497.3931884765625
v -53.00821304321289 37.12740707397461 496.36199951171875
v -55.24844741821289 36.93682098388672 496.86056518554688
v -57.49698638916016 45.50576019287109 494.49307250976562
v -57.13687515258789 46.50572967529297 496.53109741210938
v -55.27009963989258 47.12120819091797 497.73583984375
v -52.99275970458984 46.99317169189453 497.40478515625
v -51.63957977294922 46.19472122192383 495.72799682617188
v -51.99969100952148 45.19475173950195 493.68997192382812
v -53.8664665222168 44.57927322387695 492.4852294921875
v -56.14380645751953 44.70730972290039 492.8162841796875
v -56.94334411621094 52.14764022827148 491.45751953125
v -56.59841537475586 52.98575973510742 493.56973266601562
v -54.76268005371094 53.24116897583008 494.9404296875
v -52.5140380859375 52.76601409912109 494.769775390625
v -51.17037200927734 51.83705139160156 493.1536865234375
v -51.51530075073242 50.99893188476562 491.04147338867188
v -53.35103607177734 50.74352264404297 489.67074584960938
v -55.59967422485352 51.21867752075195 489.8414306640625
v -55.43255233764648 57.63226318359375 489.28799438476562
v -55.13262176513672 58.31306457519531 491.46261596679688
v -53.39462661743164 58.21758270263672 492.973388671875
v -51.23915100097656 57.40376281738281 492.93829345703125
v -49.92941284179688 56.3470344543457 491.37371826171875
v -50.22933959960938 55.66623306274414 489.1990966796875
v -51.96733856201172 55.76171493530273 487.68832397460938
v -54.1228141784668 56.57553482055664 487.72341918945312
v -52.96413803100586 62.86222457885742 487.54818725585938
v -52.73884201049805 63.38874816894531 489.7742919921875
v -51.16494369506836 62.9482536315918 491.40109252929688
v -49.16678237915039 61.80102157592773 491.47848510742188
v -47.91528701782227 60.61808776855469 489.95693969726562
v -48.14058303833008 60.09156799316406 487.7308349609375
v -49.71448135375977 60.53206253051758 486.10403442382812
v -51.71264266967773 61.67929458618164 486.02664184570312
v -48.92108154296875 68.56248474121094 486.08511352539062
v -48.80486297607422 68.93838500976562 488.35000610351562
v -47.47225189208984 68.15997314453125 490.06484985351562
v -45.70608901977539 66.68572235107422 490.22796630859375
v -44.54118728637695 65.37850952148438 488.73947143554688
v -44.65740585327148 65.00260925292969 486.474609375
v -45.99001693725586 65.78102111816406 484.75973510742188
v -47.75617980957031 67.25527191162109 484.59661865234375
v -42.90195846557617 74.46009826660156 485.16195678710938
v -42.87327194213867 74.75057220458984 487.44021606445312
v -41.77536392211914 73.74244689941406 489.19119262695312
v -40.25337219238281 72.02897644042969 489.39199829101562
v -39.19891738891602 70.61331939697266 487.920654296875
v -39.22760009765625 70.32284545898438 485.64239501953125
v -40.32551193237305 71.33096313476562 483.89141845703125
v -41.84749984741211 73.04444122314453 483.69061279296875
v -36.31676864624023 79.57994079589844 484.51513671875
v -36.17121124267578 79.96656036376953 486.7813720703125
v -35.03705596923828 78.99068450927734 488.53128051757812
v -33.58043670654297 77.22683715820312 488.74258422851562
v -32.65489196777344 75.70753479003906 487.28717041015625
v -32.80044937133789 75.32091522216797 485.02093505859375
v -33.93460464477539 76.29679107666016 483.27099609375
v -35.39122772216797 78.06063842773438 483.05972290039062
v -31.67251396179199 83.40570831298828 483.05859375
v -31.25304222106934 84.04111480712891 485.23495483398438
v -29.8614387512207 83.29531860351562 486.91390991210938
v -28.31439971923828 81.60831451416016 487.11456298828125
v -27.51895523071289 79.96711730957031 485.71530151367188
v -27.93842697143555 79.33171081542969 483.5389404296875
v -29.33003044128418 80.07749938964844 481.86001586914062
v -30.8770694732666 81.76451110839844 481.65933227539062
v -28.45363426208496 86.3031005859375 481.12301635742188
v -27.76541328430176 87.21002960205078 483.12921142578125
v -26.11259078979492 86.72239685058594 484.66119384765625
v -24.46465682983398 85.12920379638672 484.823974609375
v -23.78825569152832 83.36200714111328 483.51840209960938
v -24.47647857666016 82.455078125 481.51217651367188
v -26.12930107116699 82.94271087646484 479.980224609375
v -27.77723503112793 84.53590393066406 479.81744384765625
v -25.87650871276855 88.89586639404297 478.55636596679688
v -24.95073318481445 90.07723236083984 480.30963134765625
v -23.06122779846191 89.85492706298828 481.614501953125
v -21.3159351348877 88.36275482177734 481.70880126953125
v -20.73898315429688 86.47257995605469 480.53402709960938
v -21.66475868225098 85.29121398925781 478.78076171875
v -23.55426597595215 85.51351928710938 477.47589111328125
v -25.29955863952637 87.00568389892578 477.38156127929688
v -23.91506195068359 91.20672607421875 475.35345458984375
v -22.80879974365234 92.64075469970703 476.782958984375
v -20.73313140869141 92.66740417480469 477.78863525390625
v -18.90492248535156 91.27484893798828 477.78329467773438
v -18.39721488952637 89.27611541748047 476.76736450195312
v -19.50347709655762 87.84208679199219 475.33786010742188
v -21.57914352416992 87.81543731689453 474.33218383789062
v -23.40735244750977 89.20799255371094 474.3375244140625
v -22.55283737182617 93.25701141357422 471.48995971679688
v -21.33585548400879 94.90151214599609 472.55538940429688
v -19.13945198059082 95.13977813720703 473.2166748046875
v -17.25114822387695 93.83620452880859 473.08804321289062
v -16.77939987182617 91.75128173828125 472.2427978515625
v -17.99638175964355 90.10678863525391 471.1773681640625
v -20.19278526306152 89.86851501464844 470.51608276367188
v -22.08108901977539 91.17208862304688 470.64471435546875
v -21.70920372009277 95.36634826660156 466.03753662109375
v -20.45185852050781 97.16261291503906 466.74404907226562
v -18.20442581176758 97.55650329589844 467.05923461914062
v -16.2843074798584 96.32135009765625 466.79977416992188
v -15.8186731338501 94.17728424072266 466.11627197265625
v -17.07601928710938 92.38102722167969 465.40975952148438
v -19.32345199584961 91.98713684082031 465.09457397460938
v -21.24356842041016 93.2222900390625 465.35406494140625
v -21.65841865539551 96.89374542236328 460.59292602539062
v -20.40827560424805 98.78123474121094 461.001953125
v -18.16042518615723 99.26992034912109 461.02627563476562
v -16.23253440856934 98.07766723632812 460.6527099609375
v -15.75630950927734 95.89930725097656 460.09933471679688
v -17.00645065307617 94.01181793212891 459.69033813476562
v -19.25430107116699 93.52313232421875 459.666015625
v -21.18219375610352 94.71538543701172 460.03955078125
v -22.25204658508301 98.19500732421875 454.279052734375
v -21.01597023010254 100.1104736328125 454.55859375
v -18.78061103820801 100.62770843505859 454.45541381835938
v -16.85633087158203 99.44789123535156 454.03094482421875
v -16.37269592285156 97.25849914550781 453.53326416015625
v -17.60877227783203 95.34303283691406 453.25375366210938
v -19.84413146972656 94.82579803466797 453.35690307617188
v -21.76841163635254 96.005615234375 453.7813720703125
v 51.94795989990234 10.44965171813965 993.2562255859375
v 51.94795989990234 10.44965171813965 932.4759521484375
v 164.43388366699219 10.44965171813965 932.4759521484375
v 164.43388366699219 10.44965171813965 993.2562255859375
v 51.94795989990234 -5.36440134048462 993.2562255859375
v 51.94795989990234 -5.36440134048462 932.4759521484375
v 164.43388366699219 -5.36440134048462 932.4759521484375
v 164.43388366699219 -5.36440134048462 993.2562255859375
v 50.94795989990234 10.44965171813965 993.2562255859375
v 50.94795989990234 10.44965171813965 931.4759521484375
v 165.43388366699219 10.44965171813965 931.4759521484375
v 165.43388366699219 10.44965171813965 993.2562255859375
v 50.94795989990234 -5.36440134048462 993.2562255859375
v 50.94795989990234 -5.36440134048462 931.4759521484375
v 165.43388366699219 -5.36440134048462 931.4759521484375
v 165.43388366699219 -5.36440134048462 993.2562255859375
v 71.09876251220703 3.19928956031799 991.93060302734375
v 71.09876251220703 -45.65504455566406 991.93060302734375
v 71.09876251220703 -45.65504455566406 933.6258544921875
v 71.09876251220703 4.89849901199341 933.6258544921875
v 91.09876251220703 3.19928956031799 991.93060302734375
v 91.09876251220703 -45.65504455566406 991.93060302734375
v 91.09876251220703 -45.65504455566406 933.6258544921875
v 91.09876251220703 4.89849901199341 933.6258544921875
v 71.09876251220703 3.19928956031799 992.93060302734375
v 71.09876251220703 -46.65504455566406 992.93060302734375
v 71.09876251220703 -46.65504455566406 932.6258544921875
v 71.09876251220703 4.89849901199341 932.6258544921875
v 91.09876251220703 3.19928956031799 992.93060302734375
v 91.09876251220703 -46.65504455566406 992.93060302734375
v 91.09876251220703 -46.65504455566406 932.6258544921875
v 91.09876251220703 4.89849901199341 932.6258544921875
v 130.72233581542969 3.19928956031799 991.93060302734375
v 130.72233581542969 -45.65504455566406 991.93060302734375
v 130.72233581542969 -45.65504455566406 933.6258544921875
v 130.72233581542969 4.89849901199341 933.6258544921875
v 150.72233581542969 3.19928956031799 991.93060302734375
v 150.72233581542969 -45.65504455566406 991.93060302734375
v 150.72233581542969 -45.65504455566406 933.6258544921875
v 150.72233581542969 4.89849901199341 933.6258544921875
v 130.72233581542969 3.19928956031799 992.93060302734375
v 130.72233581542969 -46.65504455566406 992.93060302734375
v 130.72233581542969 -46.65504455566406 932.6258544921875
v 130.72233581542969 4.89849901199341 932.6258544921875
v 150.72233581542969 3.19928956031799 992.93060302734375
v 150.72233581542969 -46.65504455566406 992.93060302734375
v 150.72233581542969 -46.65504455566406 932.6258544921875
v 150.72233581542969 4.89849901199341 932.6258544921875
v 137.43156433105469 57.0483283996582 955.095703125
v 137.43156433105469 31.00436401367188 955.095703125
v 143.12936401367188 31.00436401367188 952.735595703125
v 143.12936401367188 57.0483283996582 952.735595703125
v 148.82717895507812 31.00436401367188 955.095703125
v 148.82717895507812 57.0483283996582 955.095703125
v 151.18728637695312 31.00436401367188 960.79351806640625
v 151.18728637695312 57.0483283996582 960.79351806640625
v 148.82717895507812 31.00436401367188 966.4913330078125
v 148.82717895507812 57.0483283996582 966.4913330078125
v 143.12936401367188 31.00436401367188 968.8514404296875
v 143.12936401367188 57.0483283996582 968.8514404296875
v 137.43156433105469 31.00436401367188 966.4913330078125
v 137.43156433105469 57.0483283996582 966.4913330078125
v 135.07145690917969 31.00436401367188 960.79351806640625
v 135.07145690917969 57.0483283996582 960.79351806640625
v 137.43156433105469 52.70766830444336 966.4913330078125
v 135.07145690917969 52.70766830444336 960.79351806640625
v 137.43156433105469 52.70766830444336 955.095703125
v 143.12936401367188 52.70766830444336 952.735595703125
v 148.82717895507812 52.70766830444336 955.095703125
v 151.18728637695312 52.70766830444336 960.79351806640625
v 148.82717895507812 52.70766830444336 966.4913330078125
v 143.12936401367188 52.70766830444336 968.8514404296875
v 137.43156433105469 45.47323226928711 966.4913330078125
v 143.12936401367188 45.47323226928711 968.8514404296875
v 148.82717895507812 45.47323226928711 966.4913330078125
v 151.18728637695312 45.47323226928711 960.79351806640625
v 148.82717895507812 45.47323226928711 955.095703125
v 143.12936401367188 45.47323226928711 952.735595703125
v 137.43156433105469 45.47323226928711 955.095703125
v 135.07145690917969 45.47323226928711 960.79351806640625
v 136.14151000976562 52.70766830444336 967.7813720703125
v 133.24703979492188 52.70766830444336 960.79351806640625
v 136.14151000976562 52.70766830444336 953.8056640625
v 143.12936401367188 52.70766830444336 950.91119384765625
v 150.11723327636719 52.70766830444336 953.8056640625
v 153.01170349121094 52.70766830444336 960.79351806640625
v 150.11723327636719 52.70766830444336 967.7813720703125
v 143.12936401367188 52.70766830444336 970.67584228515625
v 136.14151000976562 45.47323226928711 967.7813720703125
v 143.12936401367188 45.47323226928711 970.67584228515625
v 150.11723327636719 45.47323226928711 967.7813720703125
v 153.01170349121094 45.47323226928711 960.79351806640625
v 150.11723327636719 45.47323226928711 953.8056640625
v 143.12936401367188 45.47323226928711 950.91119384765625
v 136.14151000976562 45.47323226928711 953.8056640625
v 133.24703979492188 45.47323226928711 960.79351806640625
v 207.15115356445312 117.92829895019531 773.71307373046875
v 210.27018737792969 116.37574768066406 752.57867431640625
v 207.15115356445312 115.60173034667969 763.51971435546875
v 200.59146118164062 133.86727905273438 786.4239501953125
v 210.27018737792969 113.87853240966797 763.51971435546875
v 200.59146118164062 124.44719696044922 781.88751220703125
v 207.15115356445312 117.92829895019531 753.32635498046875
v 200.59146118164062 117.92829895019531 773.71307373046875
v 210.27018737792969 116.37574768066406 774.46075439453125
v 207.15115356445312 124.44719696044922 745.15191650390625
v 207.15115356445312 133.86727905273438 740.61541748046875
v 200.59146118164062 117.92829895019531 753.32635498046875
v 210.27018737792969 123.372802734375 783.2347412109375
v 210.27018737792969 123.372802734375 743.80462646484375
v 207.15115356445312 144.32278442382812 740.61541748046875
v 200.59146118164062 115.60173034667969 763.51971435546875
v 210.27018737792969 133.48382568359375 788.10400390625
v 207.15115356445312 161.81431579589844 752.57867431640625
v 207.15115356445312 153.74285888671875 745.15191650390625
v 207.15115356445312 160.50083923339844 752.57318115234375
v 210.27018737792969 144.70623779296875 788.10400390625
v 200.59146118164062 144.32278442382812 740.61541748046875
v 200.59146118164062 153.74285888671875 745.15191650390625
v 207.15115356445312 160.50083923339844 774.46624755859375
v 210.27018737792969 154.8172607421875 783.2347412109375
v 210.27018737792969 133.48382568359375 738.9354248046875
v 200.59146118164062 160.50083923339844 752.57318115234375
v 200.59146118164062 161.81431579589844 774.46075439453125
v 210.27018737792969 161.81431579589844 774.46075439453125
v 207.15115356445312 153.74285888671875 781.88751220703125
v 200.59146118164062 133.86727905273438 740.61541748046875
v 215.95988464355469 169.91825866699219 752.57867431640625
v 214.20419311523438 170.69659423828125 774.46075439453125
v 200.59146118164062 160.50083923339844 774.46624755859375
v 200.59146118164062 153.74285888671875 781.88751220703125
v 200.59146118164062 161.81431579589844 752.57867431640625
v 210.27018737792969 161.81431579589844 752.57867431640625
v 210.27018737792969 144.70623779296875 738.9354248046875
v 200.59146118164062 144.32278442382812 786.4239501953125
v 207.15115356445312 161.81431579589844 774.46075439453125
v 210.27018737792969 154.8172607421875 743.80462646484375
v 207.15115356445312 154.8172607421875 783.2347412109375
v 200.59146118164062 124.44719696044922 745.15191650390625
v 207.15115356445312 124.44719696044922 781.88751220703125
v 207.15115356445312 133.86727905273438 786.4239501953125
v 207.15115356445312 144.32278442382812 786.4239501953125
v 216.91200256347656 171.27442932128906 772.96075439453125
v 216.91200256347656 171.27442932128906 754.07867431640625
v 52.86777496337891 -44.64040374755859 988.69720458984375
v 52.86777496337891 42.24196243286133 988.69720458984375
v 52.86777496337891 -44.64040374755859 934.82373046875
v 52.86777496337891 42.24196243286133 934.82373046875
v 163.19857788085938 -44.64040374755859 934.82373046875
v 163.19857788085938 42.24196243286133 934.82373046875
v 163.19857788085938 -44.64040374755859 988.69720458984375
v 163.19857788085938 42.24196243286133 988.69720458984375
v -106.04508972167969 75.40097045898438 996.04998779296875
v -92.55033874511719 74.30209350585938 984.26171875
v -95.12760162353516 82.19986724853516 983.5255126953125
v -95.12760162353516 66.40431213378906 984.99798583984375
v -101.87498474121094 61.52322006225586 985.45294189453125
v -110.21520233154297 61.52322006225586 985.45294189453125
v -101.87498474121094 87.08096313476562 983.07049560546875
v -116.96257781982422 66.40431213378906 984.99798583984375
v -119.53984832763672 74.30209350585938 984.26171875
v -116.96257781982422 82.19986724853516 983.5255126953125
v -110.21520233154297 87.08096313476562 983.07049560546875
v -113.28874969482422 83.46601867675781 1025.8660888671875
v -114.99874114990234 78.22591400146484 1026.3544921875
v -113.28874969482422 72.98580932617188 1026.843017578125
v -108.81192016601562 69.74724578857422 1027.1448974609375
v -103.27825927734375 69.74724578857422 1027.1448974609375
v -98.80142974853516 72.98580932617188 1026.843017578125
v -97.09143829345703 78.22591400146484 1026.3544921875
v -98.80142974853516 83.46601867675781 1025.8660888671875
v -103.27825927734375 86.70458221435547 1025.564208984375
v -108.81192016601562 86.70458221435547 1025.564208984375
v -102.23616027832031 89.89798736572266 1025.2664794921875
v -96.07318878173828 85.43965148925781 1025.68212890625
v -95.12760162353516 85.99375152587891 1024.224365234375
v -92.55033874511719 78.09597015380859 1024.9605712890625
v -93.71913909912109 78.22591400146484 1026.3544921875
v -95.12760162353516 70.19819641113281 1025.69677734375
v -96.07318878173828 71.01217651367188 1027.0269775390625
v -101.87498474121094 65.31710052490234 1026.15185546875
v -109.85401916503906 89.89798736572266 1025.2664794921875
v -101.87498474121094 90.87483978271484 1023.76934814453125
v -102.23616027832031 66.55384063720703 1027.442626953125
v -110.21520233154297 65.31710052490234 1026.15185546875
v -109.85401916503906 66.55384063720703 1027.442626953125
v -116.96257781982422 70.19819641113281 1025.69677734375
v -116.01699066162109 71.01217651367188 1027.0269775390625
v -119.53984832763672 78.09597015380859 1024.9605712890625
v -116.01699066162109 85.43965148925781 1025.68212890625
v -110.21520233154297 90.87483978271484 1023.76934814453125
v -118.37104034423828 78.22591400146484 1026.3544921875
v -116.96257781982422 85.99375152587891 1024.224365234375
v -97.90346527099609 25.06499671936035 798.50994873046875
v -130.47958374023438 38.32891464233398 797.33416748046875
v -115.77214813232422 92.11431884765625 792.5662841796875
v -83.196044921875 78.85040283203125 793.7420654296875
v -115.77214813232422 25.06499671936035 798.50994873046875
v -97.90346527099609 38.67284393310547 952.017578125
v -83.196044921875 38.32891464233398 797.33416748046875
v -83.196044921875 92.34923553466797 947.2593994140625
v -97.90346527099609 92.11431884765625 792.5662841796875
v -115.77214813232422 105.72216796875 946.07391357421875
v -130.47958374023438 78.85040283203125 793.7420654296875
v -130.47958374023438 52.04578018188477 950.8321533203125
v -115.77214813232422 38.67284393310547 952.017578125
v -83.196044921875 52.04578018188477 950.8321533203125
v -97.90346527099609 105.72216796875 946.07391357421875
v -130.47958374023438 92.34923553466797 947.2593994140625
v -122.96469116210938 26.75932312011719 798.3597412109375
v -128.60086059570312 31.84230422973633 797.9091796875
v -90.71092224121094 26.75932312011719 798.3597412109375
v -85.07476043701172 31.84230422973633 797.9091796875
v -128.60086059570312 85.33701324462891 793.16705322265625
v -122.96469116210938 90.41999053955078 792.71649169921875
v -90.71092224121094 90.41999053955078 792.71649169921875
v -85.07476043701172 85.33701324462891 793.16705322265625
v -122.96469116210938 40.38109970092773 951.86614990234375
v -128.60086059570312 45.505859375 951.411865234375
v -90.71092224121094 40.38109970092773 951.86614990234375
v -85.07476043701172 45.505859375 951.411865234375
v -85.07476043701172 98.88916015625 946.67962646484375
v -90.71092224121094 104.013916015625 946.225341796875
v -122.96469116210938 104.013916015625 946.225341796875
v -128.60086059570312 98.88916015625 946.67962646484375
v -122.96469116210938 54.6817626953125 992.96942138671875
v -98.36695861816406 57.76370620727539 997.4522705078125
v -92.61087799072266 59.14602661132812 997.32977294921875
v -88.52796936035156 62.89984512329102 996.99700927734375
v -87.09603881835938 67.93999481201172 996.5501708984375
v -87.09603881835938 84.21353149414062 995.10760498046875
v -88.52796936035156 89.25367736816406 994.66082763671875
v -92.61087799072266 93.00749969482422 994.32806396484375
v -98.36695861816406 94.38982391357422 994.20550537109375
v -115.30866241455078 94.38982391357422 994.20550537109375
v -121.06473541259766 93.00749969482422 994.32806396484375
v -125.14765167236328 89.25367736816406 994.66082763671875
v -126.57957458496094 84.21353149414062 995.10760498046875
v -126.57957458496094 67.93999481201172 996.5501708984375
v -125.14765167236328 62.89984512329102 996.99700927734375
v -121.06473541259766 59.14602661132812 997.32977294921875
v -115.30866241455078 57.76370620727539 997.4522705078125
v -115.77214813232422 52.99605178833008 993.2384033203125
v -97.90346527099609 52.99605178833008 993.2384033203125
v -85.07476043701172 59.74771881103516 992.189697265625
v -83.196044921875 66.23358917236328 991.2579345703125
v -83.196044921875 85.49395751953125 989.55059814453125
v -90.71092224121094 97.16672515869141 989.20330810546875
v -97.90346527099609 98.87345123291016 989.1715087890625
v -115.77214813232422 98.87345123291016 989.1715087890625
v -128.60086059570312 92.04259490966797 989.32684326171875
v -130.47958374023438 85.49395751953125 989.55059814453125
v -130.47958374023438 66.23358917236328 991.2579345703125
v -128.60086059570312 59.74771881103516 992.189697265625
v -90.71092224121094 54.6817626953125 992.96942138671875
v -85.07476043701172 92.04259490966797 989.32684326171875
v -122.96469116210938 97.16672515869141 989.20330810546875
v -115.77214813232422 27.50402450561523 739.520263671875
v -97.90346527099609 27.50402450561523 739.520263671875
v -115.37442016601562 30.98686599731445 735.9481201171875
v -121.32752227783203 32.39345169067383 735.82342529296875
v -125.60025787353516 36.25844573974609 735.4808349609375
v -127.07957458496094 41.38145446777344 735.02667236328125
v -127.07957458496094 64.88497161865234 732.94317626953125
v -125.60025787353516 70.00798034667969 732.48907470703125
v -121.32752227783203 73.87297058105469 732.14642333984375
v -115.37442016601562 75.27955627441406 732.021728515625
v -98.30120086669922 75.27955627441406 732.021728515625
v -92.34809112548828 73.87297058105469 732.14642333984375
v -88.07536315917969 70.00798034667969 732.48907470703125
v -86.59603881835938 64.88497161865234 732.94317626953125
v -86.59603881835938 41.38145446777344 735.02667236328125
v -88.07536315917969 36.25844573974609 735.4808349609375
v -92.34809112548828 32.39345169067383 735.82342529296875
v -98.30120086669922 30.98686599731445 735.9481201171875
v -90.71092224121094 29.20094108581543 739.42578125
v -130.47958374023438 66.11515808105469 736.46917724609375
v -130.47958374023438 40.79069900512695 738.71405029296875
v -128.60086059570312 34.29226303100586 739.126953125
v -122.96469116210938 77.64938354492188 735.1309814453125
v -115.77214813232422 79.33645629882812 734.92547607421875
v -97.90346527099609 79.33645629882812 734.92547607421875
v -83.196044921875 40.79069900512695 738.71405029296875
v -83.196044921875 66.11515808105469 736.46917724609375
v -85.07476043701172 72.58489227294922 735.73248291015625
v -122.96469116210938 29.20094108581543 739.42578125
v -85.07476043701172 34.29226303100586 739.126953125
v -128.60086059570312 72.58489227294922 735.73248291015625
v -90.71092224121094 77.64938354492188 735.1309814453125
v 65.42771148681641 -17.47620391845703 441.0072021484375
v 65.53031158447266 -17.47620391845703 450.38226318359375
v 58.96428298950195 -17.47620391845703 457.07516479492188
v 49.5886344909668 -17.47620391845703 457.17776489257812
v 42.89530944824219 -17.47620391845703 450.61215209960938
v 42.7927131652832 -17.47620391845703 441.23709106445312
v 49.35874176025391 -17.47620391845703 434.544189453125
v 58.73439025878906 -17.47620391845703 434.44158935546875
v 65.45502471923828 -27.20925331115723 440.80633544921875
v 65.50394439697266 -27.16745948791504 450.1834716796875
v 58.89970397949219 -25.82303237915039 456.8544921875
v 49.52362060546875 -23.9659538269043 456.92413330078125
v 42.86799621582031 -22.68415832519531 450.33380126953125
v 42.8190803527832 -22.7259521484375 440.9566650390625
v 49.42332077026367 -24.07037925720215 434.28561401367188
v 58.79940032958984 -25.92745780944824 434.21597290039062
v 53.36299133300781 -57.1253662109375 442.08200073242188
v 53.22169876098633 -56.30755615234375 451.43472290039062
v 48.02992248535156 -50.68243789672852 457.66671752929688
v 40.8383903503418 -43.5535888671875 457.14065551757812
v 35.86008453369141 -39.09855651855469 450.14691162109375
v 36.00137710571289 -39.91636657714844 440.794189453125
v 41.19315338134766 -45.54148483276367 434.56219482421875
v 48.38468551635742 -52.67033386230469 435.0882568359375
v 23.65802955627441 -69.61515045166016 444.942138671875
v 24.11283302307129 -68.11662292480469 454.19210815429688
v 23.04999732971191 -60.50489044189453 459.77508544921875
v 21.09535026550293 -51.24920654296875 458.43484497070312
v 19.39303779602051 -45.7742805480957 450.93893432617188
v 18.93823623657227 -47.27280807495117 441.68896484375
v 20.00107192993164 -54.88454437255859 436.10598754882812
v 21.95571708679199 -64.14022827148438 437.44622802734375
v -77.33463287353516 -69.58083343505859 453.24893188476562
v -73.76476287841797 -68.19266510009766 462.25555419921875
v -70.10778045654297 -60.64669418334961 467.53424072265625
v -68.50324249267578 -51.37381362915039 466.00701904296875
v -69.89785766601562 -45.80860137939453 458.55133056640625
v -73.46772766113281 -47.1967658996582 449.54473876953125
v -77.12471008300781 -54.74274063110352 444.26602172851562
v -78.72924041748047 -64.01561737060547 445.79327392578125
v -111.37194061279297 -32.36337280273438 499.3995361328125
v -105.40090942382812 -35.27550888061523 502.01116943359375
v -98.63861083984375 -33.44712448120117 502.11465454101562
v -94.98011016845703 -28.05640411376953 499.71987915039062
v -96.57514190673828 -22.15057945251465 496.16683959960938
v -102.54704284667969 -19.23995971679688 493.5560302734375
v -109.30738830566406 -21.06923484802246 493.45367431640625
v -112.96539306640625 -26.45800018310547 495.84738159179688
v -102.99036407470703 -48.08849334716797 466.27377319335938
v -99.84280395507812 -41.92345428466797 464.66656494140625
v -93.99730682373047 -38.07400512695312 467.21835327148438
v -88.87351989746094 -38.80532455444336 472.4449462890625
v -87.46870422363281 -43.679443359375 477.28277587890625
v -90.61930847167969 -49.8470458984375 478.89105224609375
v -96.46734619140625 -53.69448471069336 476.3367919921875
v -101.58815765380859 -52.96062088012695 471.109130859375
v -100.57720947265625 -40.7066650390625 462.02627563476562
v -104.65287780761719 -48.10562896728516 465.72708129882812
v -92.48104095458984 -36.05448532104492 464.74697875976562
v -100.80909729003906 -40.91213226318359 463.61758422851562
v -85.39667510986328 -37.48390579223633 471.141357421875
v -93.70242309570312 -36.62609481811523 466.28091430664062
v -83.45684814453125 -44.14688110351562 477.47396850585938
v -87.49153900146484 -37.77133560180664 472.16943359375
v -115.57866668701172 34.16278076171875 608.904541015625
v -111.90946197509766 39.6533317565918 606.6630859375
v -105.12464141845703 41.18349456787109 606.155029296875
v -99.19559478759766 37.84506225585938 607.68304443359375
v -97.58853149414062 31.60404205322266 610.34771728515625
v -101.25775146484375 26.11345481872559 612.58917236328125
v -108.04261016845703 24.58330726623535 613.09722900390625
v -113.97164154052734 27.92177581787109 611.5692138671875
v -96.75962066650391 -55.14230346679688 477.27505493164062
v -102.96937561035156 -53.99610137939453 471.3861083984375
v -104.95206451416016 -48.71508407592773 464.56198120117188
v -103.02461242675781 -55.39521789550781 470.89016723632812
v -89.65199279785156 -50.85702133178711 479.93930053710938
v -95.93290710449219 -56.83491516113281 477.3016357421875
v -85.80706024169922 -43.66256332397461 477.82937622070312
v -87.82473754882812 -52.16664505004883 480.0269775390625
v 68.80757141113281 -17.47620391845703 439.56646728515625
v 68.94094848632812 -17.47620391845703 451.75405883789062
v 60.10625076293945 -17.47620391845703 431.03115844726562
v 60.40511322021484 -17.47620391845703 460.454833984375
v 47.91790771484375 -17.47620391845703 431.16452026367188
v 48.21677017211914 -17.47620391845703 460.58819580078125
v 39.38207244873047 -17.47620391845703 439.86529541015625
v 39.51544952392578 -17.47620391845703 452.05288696289062
v 68.80757141113281 -12.55347061157227 439.56646728515625
v 68.94094848632812 -12.55347061157227 451.75405883789062
v 60.10625076293945 -12.55347061157227 431.03115844726562
v 60.40511322021484 -12.55347061157227 460.454833984375
v 47.91790771484375 -12.55347061157227 431.16452026367188
v 48.21677017211914 -12.55347061157227 460.58819580078125
v 39.38207244873047 -12.55347061157227 439.86529541015625
v 39.51544952392578 -12.55347061157227 452.05288696289062
v -108.04261016845703 46.77064514160156 762.68280029296875
v -113.97164154052734 50.10911178588867 761.15484619140625
v -101.25775146484375 48.3007926940918 762.1748046875
v -115.57866668701172 56.35011672973633 758.4901123046875
v -97.58853149414062 53.7913818359375 759.933349609375
v -111.90946197509766 61.84067153930664 756.24871826171875
v -99.19559478759766 60.03239822387695 757.26861572265625
v -105.12464141845703 63.37083435058594 755.7406005859375
v 188.60401916503906 115.82435607910156 715.79632568359375
v 187.90939331054688 115.81956481933594 715.92852783203125
v 187.77708435058594 115.8447265625 715.234375
v 188.47171020507812 115.84951782226562 715.1021728515625
v 188.60383605957031 101.47869873046875 715.27618408203125
v 187.90936279296875 101.48670196533203 715.40899658203125
v 187.77725219726562 101.52775573730469 714.71551513671875
v 188.47174072265625 101.51975250244141 714.582763671875
v 188.14561462402344 91.07546997070312 714.50714111328125
v 187.4564208984375 91.19752502441406 714.6502685546875
v 187.32534790039062 91.31214904785156 713.96246337890625
v 188.01454162597656 91.19009399414062 713.8193359375
v 184.45219421386719 81.24195098876953 712.669921875
v 183.83676147460938 81.55330657958984 712.8585205078125
v 183.73773193359375 81.78129577636719 712.19366455078125
v 184.35316467285156 81.46994781494141 712.005126953125
v 177.06060791015625 72.48271942138672 709.663330078125
v 176.56410217285156 72.93160247802734 709.90618896484375
v 176.56724548339844 73.29053497314453 709.28704833984375
v 177.06375122070312 72.84165191650391 709.044189453125
v 168.09332275390625 67.42018127441406 704.6514892578125
v 167.74537658691406 67.9619140625 704.96148681640625
v 168.00540161132812 68.44722747802734 704.47320556640625
v 168.35334777832031 67.90549468994141 704.1632080078125
v 159.81037902832031 68.78538513183594 696.82305908203125
v 159.60589599609375 69.32248687744141 697.2418212890625
v 160.10617065429688 69.75009155273438 696.9583740234375
v 160.31065368652344 69.21298980712891 696.5396728515625
v 152.05545043945312 75.27082061767578 687.21478271484375
v 151.91514587402344 75.75860595703125 687.7083740234375
v 152.42918395996094 76.17279815673828 687.43853759765625
v 152.56948852539062 75.68502044677734 686.9449462890625
v 142.98655700683594 79.80853271484375 681.01861572265625
v 142.91545104980469 80.28314208984375 681.53924560546875
v 143.23622131347656 80.78028106689453 681.11822509765625
v 143.30731201171875 80.30567169189453 680.59759521484375
v 132.20364379882812 81.32366180419922 678.9508056640625
v 132.17021179199219 81.79981994628906 679.47247314453125
v 132.33064270019531 82.31355285644531 679.01385498046875
v 132.36407470703125 81.83739471435547 678.4921875
v 188.60984802246094 115.82389068603516 728.74395751953125
v 187.91818237304688 115.81815338134766 728.89080810546875
v 187.77125549316406 115.84518432617188 728.19964599609375
v 188.46292114257812 115.85092926025391 728.0528564453125
v 188.60954284667969 102.52426147460938 728.22357177734375
v 187.91801452636719 102.53211212158203 728.3709716796875
v 187.77154541015625 102.58360290527344 727.68115234375
v 188.46307373046875 102.57575225830078 727.53369140625
v 188.12928771972656 93.34938049316406 727.31402587890625
v 187.44374084472656 93.48059844970703 727.47210693359375
v 187.3050537109375 93.66072082519531 726.79437255859375
v 187.99058532714844 93.52951049804688 726.63629150390625
v 184.260986328125 84.90458679199219 724.3507080078125
v 183.65957641601562 85.21842193603516 724.574462890625
v 183.59921264648438 85.57298278808594 723.9581298828125
v 184.20062255859375 85.25914001464844 723.73443603515625
v 176.57449340820312 77.69271850585938 719.12445068359375
v 176.07957458496094 78.10664367675781 719.42034912109375
v 176.13740539550781 78.57173919677734 718.88409423828125
v 176.63232421875 78.15781402587891 718.5882568359375
v 167.45857238769531 73.35765838623047 712.47772216796875
v 167.06208801269531 73.82350158691406 712.838623046875
v 167.2845458984375 74.3592529296875 712.4149169921875
v 167.6810302734375 73.89340972900391 712.053955078125
v 159.29833984375 73.59311676025391 705.24017333984375
v 159.00993347167969 74.06571960449219 705.685546875
v 159.40916442871094 74.58791351318359 705.4058837890625
v 159.69757080078125 74.11531066894531 704.96051025390625
v 151.845703125 77.55565643310547 697.9625244140625
v 151.64369201660156 77.98519134521484 698.48968505859375
v 152.05271911621094 78.50092315673828 698.21673583984375
v 152.25473022460938 78.07138824462891 697.6895751953125
v 142.97355651855469 80.38347625732422 693.37982177734375
v 142.8726806640625 80.79254150390625 693.9503173828125
v 143.1026611328125 81.35858154296875 693.57318115234375
v 143.20353698730469 80.94951629638672 693.002685546875
v 132.23660278320312 81.32749176025391 691.85009765625
v 132.19029235839844 81.73538208007812 692.42584228515625
v 132.29768371582031 82.30972290039062 692.027587890625
v 132.343994140625 81.90183258056641 691.45184326171875
v 188.60528564453125 115.82362365722656 742.76934814453125
v 187.91127014160156 115.81832885742188 742.90472412109375
v 187.77581787109375 115.845458984375 742.21124267578125
v 188.46983337402344 115.85074615478516 742.07586669921875
v 188.605224609375 102.51994323730469 742.24908447265625
v 187.91117858886719 102.53308868408203 742.385009765625
v 187.77587890625 102.58792877197266 741.69256591796875
v 188.46992492675781 102.57478332519531 741.556640625
v 187.97940063476562 93.12626647949219 741.24847412109375
v 187.29420471191406 93.27398681640625 741.39813232421875
v 187.16822814941406 93.45981597900391 740.71954345703125
v 187.85342407226562 93.31208801269531 740.56988525390625
v 182.96833801269531 83.00595855712891 737.58087158203125
v 182.36622619628906 83.31974029541016 737.7935791015625
v 182.3115234375 83.6553955078125 737.16961669921875
v 182.91361999511719 83.34161376953125 736.9569091796875
v 173.01580810546875 72.41686248779297 730.955810546875
v 172.49603271484375 72.81800842285156 731.22369384765625
v 172.52850341796875 73.24701690673828 730.658203125
v 173.04826354980469 72.84587860107422 730.39031982421875
v 162.17626953125 65.51500701904297 723.24560546875
v 161.76164245605469 65.98796844482422 723.58123779296875
v 161.95881652832031 66.51304626464844 723.12530517578125
v 162.37342834472656 66.04008483886719 722.78973388671875
v 156.27737426757812 65.49533081054688 718.1240234375
v 156.02740478515625 65.98536682128906 718.582763671875
v 156.48051452636719 66.49583435058594 718.3280029296875
v 156.73046875 66.00580596923828 717.8692626953125
v 152.51168823242188 69.03096771240234 713.95703125
v 152.37568664550781 69.42928314208984 714.5296630859375
v 152.9708251953125 69.80184936523438 714.42047119140625
v 153.1068115234375 69.40353393554688 713.847900390625
v 149.41644287109375 74.26160430908203 710.45404052734375
v 149.327392578125 74.59250640869141 711.072998046875
v 149.89471435546875 75.01059722900391 710.926025390625
v 149.9837646484375 74.67970275878906 710.30706787109375
v 142.31655883789062 79.56608581542969 706.977783203125
v 142.28329467773438 79.89846038818359 707.60125732421875
v 142.61285400390625 80.47987365722656 707.30316162109375
v 142.64610290527344 80.14750671386719 706.6796875
v 132.20053100585938 81.34476470947266 705.812255859375
v 132.1883544921875 81.68425750732422 706.43243408203125
v 132.33375549316406 82.29244995117188 706.102294921875
v 132.34593200683594 81.95295715332031 705.482177734375
v 188.62229919433594 115.79582214355469 758.0323486328125
v 187.93838500976562 115.76825714111328 758.2098388671875
v 187.75880432128906 115.87325286865234 757.53399658203125
v 188.44271850585938 115.90082550048828 757.3565673828125
v 188.62203979492188 102.48625946044922 755.96502685546875
v 187.93792724609375 102.46999359130859 756.14349365234375
v 187.75906372070312 102.62160491943359 755.4747314453125
v 188.44317626953125 102.63787841796875 755.2962646484375
v 187.99661254882812 93.16978454589844 753.33721923828125
v 187.32099914550781 93.28659057617188 753.5516357421875
v 187.15101623535156 93.54787445068359 752.91339111328125
v 187.82662963867188 93.43106842041016 752.698974609375
v 182.99220275878906 83.59181213378906 749.5386962890625
v 182.41682434082031 83.88973999023438 749.83782958984375
v 182.28764343261719 84.25376892089844 749.24334716796875
v 182.863037109375 83.95583343505859 748.9442138671875
v 173.0338134765625 74.0576171875 744.6002197265625
v 172.56004333496094 74.44908905029297 744.9537353515625
v 172.51048278808594 74.89577484130859 744.40313720703125
v 172.9842529296875 74.50430297851562 744.04962158203125
v 162.1866455078125 67.95055389404297 738.84716796875
v 161.80328369140625 68.40097808837891 739.23968505859375
v 161.94842529296875 68.94596862792969 738.7822265625
v 162.331787109375 68.49554443359375 738.3897705078125
v 156.02633666992188 67.94530487060547 734.10260009765625
v 155.76687622070312 68.42196655273438 734.5623779296875
v 156.19859313964844 68.94438171386719 734.2939453125
v 156.45805358886719 68.46772003173828 733.834228515625
v 152.53842163085938 70.82475280761719 730.16455078125
v 152.36613464355469 71.25063323974609 730.7044677734375
v 152.94407653808594 71.64536285400391 730.58380126953125
v 153.11637878417969 71.219482421875 730.04388427734375
v 149.44622802734375 75.28382110595703 726.292236328125
v 149.31777954101562 75.65590667724609 726.880615234375
v 149.86494445800781 76.09367370605469 726.71551513671875
v 149.99337768554688 75.72158813476562 726.12713623046875
v 142.3375244140625 79.81746673583984 722.423828125
v 142.28092956542969 80.18069458007812 723.02874755859375
v 142.59187316894531 80.75482177734375 722.70343017578125
v 142.64846801757812 80.39159393310547 722.0985107421875
v 132.210693359375 81.33734130859375 721.12689208984375
v 132.18815612792969 81.70480346679688 721.7305908203125
v 132.32359313964844 82.29987335205078 721.37347412109375
v 132.34613037109375 81.93241119384766 720.769775390625
v 137.81156921386719 79.14020538330078 677.878173828125
v 131.00053405761719 83.02778625488281 677.878173828125
v 131.00053405761719 78.33506011962891 679.82196044921875
v 137.81156921386719 78.33506011962891 679.82196044921875
v 131.00053405761719 79.14020538330078 677.878173828125
v 131.00053405761719 79.14020538330078 681.7657470703125
v 137.81156921386719 79.14020538330078 681.7657470703125
v 137.81156921386719 81.08399200439453 677.07305908203125
v 131.00053405761719 81.08399200439453 682.5709228515625
v 137.81156921386719 81.08399200439453 682.5709228515625
v 131.00053405761719 83.02778625488281 681.7657470703125
v 137.81156921386719 83.02778625488281 681.7657470703125
v 131.00053405761719 81.08399200439453 677.07305908203125
v 131.00053405761719 83.83292388916016 679.82196044921875
v 137.81156921386719 83.83292388916016 679.82196044921875
v 137.81156921386719 83.02778625488281 677.878173828125
v 137.81156921386719 79.14020538330078 690.69586181640625
v 131.00053405761719 83.02778625488281 690.69586181640625
v 131.00053405761719 78.33506011962891 692.6396484375
v 137.81156921386719 78.33506011962891 692.6396484375
v 131.00053405761719 79.14020538330078 690.69586181640625
v 131.00053405761719 79.14020538330078 694.58343505859375
v 137.81156921386719 79.14020538330078 694.58343505859375
v 137.81156921386719 81.08399200439453 689.8907470703125
v 131.00053405761719 81.08399200439453 695.38861083984375
v 137.81156921386719 81.08399200439453 695.38861083984375
v 131.00053405761719 83.02778625488281 694.58343505859375
v 137.81156921386719 83.02778625488281 694.58343505859375
v 131.00053405761719 81.08399200439453 689.8907470703125
v 131.00053405761719 83.83292388916016 692.6396484375
v 137.81156921386719 83.83292388916016 692.6396484375
v 137.81156921386719 83.02778625488281 690.69586181640625
v 137.81156921386719 79.14020538330078 704.6370849609375
v 131.00053405761719 83.02778625488281 704.6370849609375
v 131.00053405761719 78.33506011962891 706.58087158203125
v 137.81156921386719 78.33506011962891 706.58087158203125
v 131.00053405761719 79.14020538330078 704.6370849609375
v 131.00053405761719 79.14020538330078 708.524658203125
v 137.81156921386719 79.14020538330078 708.524658203125
v 137.81156921386719 81.08399200439453 703.83197021484375
v 131.00053405761719 81.08399200439453 709.329833984375
v 137.81156921386719 81.08399200439453 709.329833984375
v 131.00053405761719 83.02778625488281 708.524658203125
v 137.81156921386719 83.02778625488281 708.524658203125
v 131.00053405761719 81.08399200439453 703.83197021484375
v 131.00053405761719 83.83292388916016 706.58087158203125
v 137.81156921386719 83.83292388916016 706.58087158203125
v 137.81156921386719 83.02778625488281 704.6370849609375
v 137.81156921386719 79.14020538330078 720.03936767578125
v 131.00053405761719 83.02778625488281 720.03936767578125
v 131.00053405761719 78.33506011962891 721.983154296875
v 137.81156921386719 78.33506011962891 721.983154296875
v 131.00053405761719 79.14020538330078 720.03936767578125
v 131.00053405761719 79.14020538330078 723.92694091796875
v 137.81156921386719 79.14020538330078 723.92694091796875
v 137.81156921386719 81.08399200439453 719.2342529296875
v 131.00053405761719 81.08399200439453 724.73211669921875
v 137.81156921386719 81.08399200439453 724.73211669921875
v 131.00053405761719 83.02778625488281 723.92694091796875
v 137.81156921386719 83.02778625488281 723.92694091796875
v 131.00053405761719 81.08399200439453 719.2342529296875
v 131.00053405761719 83.83292388916016 721.983154296875
v 137.81156921386719 83.83292388916016 721.983154296875
v 137.81156921386719 83.02778625488281 720.03936767578125
v 199.48239135742188 141.40153503417969 907.389892578125
v 199.48239135742188 177.156005859375 907.389892578125
v 206.41883850097656 141.40153503417969 907.389892578125
v 206.41883850097656 177.156005859375 907.389892578125
v 206.41883850097656 141.40153503417969 943.14434814453125
v 206.41883850097656 177.156005859375 943.14434814453125
v 199.48239135742188 141.40153503417969 943.14434814453125
v 199.48239135742188 177.156005859375 943.14434814453125
v 204.78729248046875 146.80125427246094 513.964599609375
v 204.78729248046875 131.53178405761719 518.0560302734375
v 200.88059997558594 130.03421020507812 523.64508056640625
v 204.78729248046875 130.03421020507812 523.64508056640625
v 200.88059997558594 131.53178405761719 518.0560302734375
v 200.88059997558594 131.53178405761719 529.23406982421875
v 204.78729248046875 131.53178405761719 529.23406982421875
v 200.88059997558594 135.62322998046875 533.32550048828125
v 204.78729248046875 135.62322998046875 533.32550048828125
v 204.78729248046875 135.62322998046875 513.964599609375
v 200.88059997558594 141.21223449707031 534.82305908203125
v 204.78729248046875 141.21223449707031 534.82305908203125
v 200.88059997558594 135.62322998046875 513.964599609375
v 200.88059997558594 146.80125427246094 533.32550048828125
v 204.78729248046875 146.80125427246094 533.32550048828125
v 200.88059997558594 150.89268493652344 529.23406982421875
v 204.78729248046875 150.89268493652344 529.23406982421875
v 204.78729248046875 141.21223449707031 512.467041015625
v 200.88059997558594 152.3902587890625 523.64508056640625
v 204.78729248046875 152.3902587890625 523.64508056640625
v 200.88059997558594 141.21223449707031 512.467041015625
v 200.88059997558594 150.89268493652344 518.0560302734375
v 204.78729248046875 150.89268493652344 518.0560302734375
v 200.88059997558594 146.80125427246094 513.964599609375
v 203.77621459960938 135.01089477539062 920.8973388671875
v 203.77621459960938 128.30845642089844 924.76702880859375
v 200.97660827636719 128.30845642089844 917.0277099609375
v 203.77621459960938 128.30845642089844 917.0277099609375
v 200.97660827636719 135.01089477539062 920.8973388671875
v 200.97660827636719 121.60603332519531 920.8973388671875
v 203.77621459960938 121.60603332519531 920.8973388671875
v 203.77621459960938 135.01089477539062 928.63665771484375
v 200.97660827636719 121.60603332519531 928.63665771484375
v 203.77621459960938 121.60603332519531 928.63665771484375
v 200.97660827636719 128.30845642089844 932.50628662109375
v 203.77621459960938 128.30845642089844 932.50628662109375
v 200.97660827636719 135.01089477539062 928.63665771484375
v 206.62490844726562 130.566650390625 920.855712890625
v 206.62490844726562 124.39717102050781 922.5087890625
v 202.71823120117188 123.79209136962891 924.76702880859375
v 206.62490844726562 123.79209136962891 924.76702880859375
v 202.71823120117188 124.39717102050781 922.5087890625
v 202.71823120117188 124.39717102050781 927.02520751953125
v 206.62490844726562 124.39717102050781 927.02520751953125
v 202.71823120117188 126.05027770996094 928.67828369140625
v 206.62490844726562 126.05027770996094 928.67828369140625
v 206.62490844726562 126.05027770996094 920.855712890625
v 202.71823120117188 128.30845642089844 929.28338623046875
v 206.62490844726562 128.30845642089844 929.28338623046875
v 202.71823120117188 126.05027770996094 920.855712890625
v 202.71823120117188 130.566650390625 928.67828369140625
v 206.62490844726562 130.566650390625 928.67828369140625
v 202.71823120117188 132.21975708007812 927.02520751953125
v 206.62490844726562 132.21975708007812 927.02520751953125
v 206.62490844726562 128.30845642089844 920.2506103515625
v 202.71823120117188 132.82484436035156 924.76702880859375
v 206.62490844726562 132.82484436035156 924.76702880859375
v 202.71823120117188 128.30845642089844 920.2506103515625
v 202.71823120117188 132.21975708007812 922.5087890625
v 206.62490844726562 132.21975708007812 922.5087890625
v 202.71823120117188 130.566650390625 920.855712890625
v 203.77621459960938 117.73708343505859 920.8973388671875
v 203.77621459960938 111.03465270996094 924.76702880859375
v 200.97660827636719 111.03465270996094 917.0277099609375
v 203.77621459960938 111.03465270996094 917.0277099609375
v 200.97660827636719 117.73708343505859 920.8973388671875
v 200.97660827636719 104.33222198486328 920.8973388671875
v 203.77621459960938 104.33222198486328 920.8973388671875
v 203.77621459960938 117.73708343505859 928.63665771484375
v 200.97660827636719 104.33222198486328 928.63665771484375
v 203.77621459960938 104.33222198486328 928.63665771484375
v 200.97660827636719 111.03465270996094 932.50628662109375
v 203.77621459960938 111.03465270996094 932.50628662109375
v 200.97660827636719 117.73708343505859 928.63665771484375
v 206.62490844726562 113.29283905029297 920.855712890625
v 206.62490844726562 107.12335205078125 922.5087890625
v 202.71823120117188 106.51827239990234 924.76702880859375
v 206.62490844726562 106.51827239990234 924.76702880859375
v 202.71823120117188 107.12335205078125 922.5087890625
v 202.71823120117188 107.12335205078125 927.02520751953125
v 206.62490844726562 107.12335205078125 927.02520751953125
v 202.71823120117188 108.77645874023438 928.67828369140625
v 206.62490844726562 108.77645874023438 928.67828369140625
v 206.62490844726562 108.77645874023438 920.855712890625
v 202.71823120117188 111.03465270996094 929.28338623046875
v 206.62490844726562 111.03465270996094 929.28338623046875
v 202.71823120117188 108.77645874023438 920.855712890625
v 202.71823120117188 113.29283905029297 928.67828369140625
v 206.62490844726562 113.29283905029297 928.67828369140625
v 202.71823120117188 114.94594573974609 927.02520751953125
v 206.62490844726562 114.94594573974609 927.02520751953125
v 206.62490844726562 111.03465270996094 920.2506103515625
v 202.71823120117188 115.551025390625 924.76702880859375
v 206.62490844726562 115.551025390625 924.76702880859375
v 202.71823120117188 111.03465270996094 920.2506103515625
v 202.71823120117188 114.94594573974609 922.5087890625
v 206.62490844726562 114.94594573974609 922.5087890625
v 202.71823120117188 113.29283905029297 920.855712890625
v 200.03950500488281 159.2440185546875 810.5494384765625
v 202.02528381347656 154.34831237792969 810.5494384765625
v 202.02528381347656 154.34831237792969 815.3905029296875
v 200.03950500488281 159.2440185546875 815.3905029296875
v 215.91957092285156 164.13117980957031 810.5494384765625
v 215.91957092285156 164.13117980957031 815.3905029296875
v 216.82276916503906 161.9044189453125 815.3905029296875
v 216.82276916503906 161.9044189453125 810.5494384765625
v 214.04380798339844 164.92436218261719 815.3905029296875
v 214.04380798339844 164.92436218261719 810.5494384765625
v 216.02957153320312 160.02867126464844 810.5494384765625
v 216.02957153320312 160.02867126464844 815.3905029296875
v 215.14596557617188 164.91624450683594 810.5494384765625
v 215.14596557617188 164.91624450683594 815.3905029296875
v 216.81465148925781 160.80226135253906 815.3905029296875
v 216.81465148925781 160.80226135253906 810.5494384765625
v 204.2908935546875 159.5831298828125 815.8251953125
v 201.48214721679688 148.57051086425781 812.99395751953125
v 201.48214721679688 149.66064453125 817.06243896484375
v 201.48214721679688 152.63897705078125 820.040771484375
v 201.48214721679688 156.70744323730469 821.13092041015625
v 201.48214721679688 160.77590942382812 820.040771484375
v 201.48214721679688 163.75424194335938 817.06243896484375
v 201.48214721679688 164.84437561035156 812.99395751953125
v 201.48214721679688 163.75424194335938 808.92547607421875
v 201.48214721679688 160.77590942382812 805.9471435546875
v 201.48214721679688 156.70744323730469 804.8570556640625
v 201.48214721679688 152.63897705078125 805.9471435546875
v 201.48214721679688 149.66064453125 808.92547607421875
v 205.55061340332031 149.66064453125 812.99395751953125
v 205.55061340332031 150.604736328125 816.517333984375
v 205.55061340332031 153.18405151367188 819.0966796875
v 205.55061340332031 156.70744323730469 820.040771484375
v 205.55061340332031 160.2308349609375 819.0966796875
v 205.55061340332031 162.81015014648438 816.517333984375
v 205.55061340332031 163.75424194335938 812.99395751953125
v 205.55061340332031 162.81015014648438 809.4705810546875
v 205.55061340332031 160.2308349609375 806.8912353515625
v 205.55061340332031 156.70744323730469 805.9471435546875
v 205.55061340332031 153.18405151367188 806.8912353515625
v 205.55061340332031 150.604736328125 809.4705810546875
v 204.2908935546875 153.47517395019531 812.99395751953125
v 204.2908935546875 153.83175659179688 810.1627197265625
v 208.52894592285156 154.67320251464844 816.517333984375
v 208.52894592285156 156.70744323730469 817.06243896484375
v 208.52894592285156 158.74168395996094 816.517333984375
v 204.2908935546875 159.5831298828125 810.1627197265625
v 204.2908935546875 159.93971252441406 812.99395751953125
v 204.2908935546875 153.83175659179688 815.8251953125
v 208.52894592285156 158.74168395996094 809.4705810546875
v 208.52894592285156 156.70744323730469 808.92547607421875
v 208.52894592285156 154.67320251464844 809.4705810546875
v 207.15115356445312 117.92829895019531 873.272216796875
v 210.27018737792969 116.37574768066406 852.1378173828125
v 207.15115356445312 115.60173034667969 863.078857421875
v 200.59146118164062 133.86727905273438 885.98309326171875
v 210.27018737792969 113.87853240966797 863.078857421875
v 200.59146118164062 124.44719696044922 881.4466552734375
v 207.15115356445312 117.92829895019531 852.885498046875
v 200.59146118164062 117.92829895019531 873.272216796875
v 210.27018737792969 116.37574768066406 874.0198974609375
v 207.15115356445312 124.44719696044922 844.7110595703125
v 207.15115356445312 133.86727905273438 840.174560546875
v 200.59146118164062 117.92829895019531 852.885498046875
v 210.27018737792969 123.372802734375 882.79388427734375
v 210.27018737792969 123.372802734375 843.36376953125
v 207.15115356445312 144.32278442382812 840.174560546875
v 200.59146118164062 115.60173034667969 863.078857421875
v 210.27018737792969 133.48382568359375 887.6630859375
v 207.15115356445312 161.81431579589844 852.1378173828125
v 207.15115356445312 153.74285888671875 844.7110595703125
v 207.15115356445312 160.50083923339844 852.13232421875
v 210.27018737792969 144.70623779296875 887.6630859375
v 200.59146118164062 144.32278442382812 840.174560546875
v 200.59146118164062 153.74285888671875 844.7110595703125
v 207.15115356445312 160.50083923339844 874.02532958984375
v 210.27018737792969 154.8172607421875 882.79388427734375
v 210.27018737792969 133.48382568359375 838.49456787109375
v 200.59146118164062 160.50083923339844 852.13232421875
v 200.59146118164062 161.81431579589844 874.0198974609375
v 210.27018737792969 161.81431579589844 874.0198974609375
v 207.15115356445312 153.74285888671875 881.4466552734375
v 200.59146118164062 133.86727905273438 840.174560546875
v 215.95988464355469 169.91825866699219 852.1378173828125
v 214.20419311523438 170.69659423828125 874.0198974609375
v 200.59146118164062 160.50083923339844 874.02532958984375
v 200.59146118164062 153.74285888671875 881.4466552734375
v 200.59146118164062 161.81431579589844 852.1378173828125
v 210.27018737792969 161.81431579589844 852.1378173828125
v 210.27018737792969 144.70623779296875 838.49456787109375
v 200.59146118164062 144.32278442382812 885.98309326171875
v 207.15115356445312 161.81431579589844 874.0198974609375
v 210.27018737792969 154.8172607421875 843.36376953125
v 207.15115356445312 154.8172607421875 882.79388427734375
v 200.59146118164062 124.44719696044922 844.7110595703125
v 207.15115356445312 124.44719696044922 881.4466552734375
v 207.15115356445312 133.86727905273438 885.98309326171875
v 207.15115356445312 144.32278442382812 885.98309326171875
v 216.91200256347656 171.27442932128906 872.5198974609375
v 216.91200256347656 171.27442932128906 853.6378173828125
v 214.84017944335938 172.13261413574219 853.6378173828125
v 216.44364929199219 167.89576721191406 852.1378173828125
v 207.15115356445312 154.8172607421875 843.36376953125
v 207.15115356445312 144.70623779296875 838.49456787109375
v 207.15115356445312 133.48382568359375 838.49456787109375
v 207.15115356445312 123.372802734375 843.36376953125
v 207.15115356445312 116.37574768066406 852.1378173828125
v 207.15115356445312 113.87853240966797 863.078857421875
v 207.15115356445312 116.37574768066406 874.0198974609375
v 207.15115356445312 123.372802734375 882.79388427734375
v 207.15115356445312 133.48382568359375 887.6630859375
v 207.15115356445312 144.70623779296875 887.6630859375
v 216.27018737792969 116.37574768066406 852.1378173828125
v 216.27018737792969 113.87853240966797 863.078857421875
v 217.77018737792969 117.57196044921875 853.6378173828125
v 217.77018737792969 169.20260620117188 853.6378173828125
v 216.27018737792969 116.37574768066406 874.0198974609375
v 217.77018737792969 117.57196044921875 872.5198974609375
v 217.77018737792969 115.41710662841797 863.078857421875
v 216.44364929199219 167.89576721191406 874.0198974609375
v 200.59146118164062 170.63261413574219 874.0198974609375
v 217.77018737792969 169.20260620117188 872.5198974609375
v 200.59146118164062 172.13261413574219 872.51995849609375
v 210.27018737792969 172.13261413574219 872.5198974609375
v 214.84017944335938 172.13261413574219 872.5198974609375
v 214.20419311523438 170.69659423828125 852.1378173828125
v 200.59146118164062 170.63261413574219 852.1378173828125
v 215.95988464355469 169.91825866699219 874.0198974609375
v 210.27018737792969 172.13261413574219 853.6378173828125
v 200.59146118164062 172.13261413574219 853.63775634765625
v -149.49241638183594 324.85308837890625 392.53036499023438
v -149.365234375 322.86636352539062 399.92388916015625
v -149.60939025878906 326.68063354492188 406.56185913085938
v -150.08267211914062 334.07415771484375 408.548583984375
v -150.50758361816406 340.71212768554688 404.73431396484375
v -150.634765625 342.6988525390625 397.34078979492188
v -150.39060974121094 338.88458251953125 390.70285034179688
v -149.91732788085938 331.49105834960938 388.71609497070312
v -160.84396362304688 323.39642333984375 392.52703857421875
v -160.35276794433594 321.45333862304688 399.91970825195312
v -161.29364013671875 325.17523193359375 406.55929565429688
v -163.11856079101562 332.39413452148438 408.54913330078125
v -164.757568359375 338.87765502929688 404.7376708984375
v -165.248779296875 340.82073974609375 397.344970703125
v -164.30789184570312 337.09884643554688 390.70541381835938
v -162.48297119140625 329.87994384765625 388.71554565429688
v -169.05545043945312 320.23745727539062 392.52566528320312
v -168.06427001953125 318.48544311523438 399.91799926757812
v -169.9610595703125 321.83822631835938 406.5582275390625
v -173.64100646972656 328.3428955078125 408.54934692382812
v -176.94654846191406 334.18576049804688 404.739013671875
v -177.93772888183594 335.93780517578125 397.3466796875
v -176.04093933105469 332.58499145507812 390.70645141601562
v -172.36099243164062 326.080322265625 388.71533203125
v -181.43569946289062 310.58560180664062 392.52288818359375
v -179.91551208496094 309.24282836914062 399.91455078125
v -182.819091796875 311.80755615234375 406.55609130859375
v -188.45518493652344 316.78585815429688 408.5498046875
v -193.51933288574219 321.25900268554688 404.74179077148438
v -195.03952026367188 322.60177612304688 397.35015869140625
v -192.13592529296875 320.03704833984375 390.70858764648438
v -186.49984741210938 315.05874633789062 388.71487426757812
v -189.39096069335938 297.27365112304688 392.5206298828125
v -187.48957824707031 296.5648193359375 399.91171264648438
v -191.11564636230469 297.91659545898438 406.55435180664062
v -198.15707397460938 300.54156494140625 408.5501708984375
v -204.4854736328125 302.9007568359375 404.74404907226562
v -206.38685607910156 303.60955810546875 397.35296630859375
v -202.76078796386719 302.2578125 390.7103271484375
v -195.7193603515625 299.6328125 388.71450805664062
v -192.08110046386719 282.08743286132812 392.5166015625
v -190.08152770996094 281.91192626953125 399.90667724609375
v -193.88426208496094 282.2457275390625 406.55123901367188
v -201.27432250976562 282.89447021484375 408.55081176757812
v -207.91889953613281 283.477783203125 404.74807739257812
v -209.91847229003906 283.6533203125 397.35800170898438
v -206.11573791503906 283.31948852539062 390.71343994140625
v -198.72567749023438 282.67074584960938 388.7138671875
v -192.16297912597656 -17.61556816101074 392.41201782226562
v -190.06549072265625 -17.14425086975098 399.77487182617188
v -193.77967834472656 -16.71571922302246 406.4693603515625
v -201.14254760742188 -16.58145332336426 408.56686401367188
v -207.83702087402344 -16.8192081451416 404.8526611328125
v -209.93450927734375 -17.29052543640137 397.48980712890625
v -206.22032165527344 -17.71905708312988 390.79531860351562
v -198.85745239257812 -17.85332489013672 388.69781494140625
v -192.16731262207031 -31.55501747131348 394.198486328125
v -190.064697265625 -29.73781967163086 401.3868408203125
v -193.77423095703125 -28.08461761474609 407.926513671875
v -201.13563537597656 -27.56557655334473 409.97970581054688
v -207.83268737792969 -28.48129463195801 406.35733032226562
v -209.935302734375 -30.29849433898926 399.16897583007812
v -206.22576904296875 -31.95169448852539 392.62933349609375
v -198.86436462402344 -32.47073364257812 390.57614135742188
v -192.1719970703125 -43.32054138183594 398.719970703125
v -190.0638427734375 -39.65679168701172 405.19601440429688
v -193.76832580566406 -36.32157516479492 411.09136962890625
v -201.12814331054688 -35.27212142944336 412.94638061523438
v -207.8280029296875 -37.11623382568359 409.68670654296875
v -209.9361572265625 -40.77998733520508 403.21066284179688
v -206.23167419433594 -44.11520004272461 397.31533813476562
v -198.87185668945312 -45.16465377807617 395.4603271484375
v -192.1798095703125 -59.45398712158203 411.28900146484375
v -190.06243896484375 -53.84418869018555 416.24407958984375
v -193.75852966308594 -48.7320556640625 420.75958251953125
v -201.11569213867188 -47.11756134033203 422.1856689453125
v -207.8201904296875 -49.93581390380859 419.69631958007812
v -209.93756103515625 -55.54561233520508 414.74124145507812
v 206.29043579101562 77.03452301025391 429.09719848632812
v 204.78085327148438 75.41923522949219 429.09719848632812
v 204.78085327148438 75.41923522949219 956.26177978515625
v 206.29043579101562 77.03452301025391 956.26177978515625
v 201.41717529296875 81.58885192871094 429.09719848632812
v 199.206298828125 80.62895965576172 429.09719848632812
v 199.206298828125 80.62895965576172 956.26177978515625
v 201.41717529296875 81.58885192871094 956.26177978515625
v 201.41717529296875 189.46635437011719 429.09719848632812
v 199.206298828125 191.67723083496094 429.09719848632812
v 199.206298828125 191.67723083496094 956.26177978515625
v 201.41717529296875 189.46635437011719 956.26177978515625
v 208.14297485351562 193.69618225097656 429.09719848632812
v 205.93209838867188 195.90705871582031 429.09719848632812
v 205.93209838867188 195.90705871582031 956.26177978515625
v 208.14297485351562 193.69618225097656 956.26177978515625
v 208.14297485351562 238.62826538085938 429.09719848632812
v 205.93209838867188 236.41737365722656 429.09719848632812
v 205.93209838867188 236.41737365722656 956.26177978515625
v 208.14297485351562 238.62826538085938 956.26177978515625
v 191.08946228027344 238.62826538085938 429.09719848632812
v 191.08946228027344 236.41737365722656 429.09719848632812
v 191.08946228027344 236.41737365722656 956.26177978515625
v 191.08946228027344 238.62826538085938 956.26177978515625
v 206.29043579101562 77.03452301025391 429.09719848632812
v 204.78085327148438 75.41923522949219 429.09719848632812
v 204.78085327148438 75.41923522949219 956.26177978515625
v 206.29043579101562 77.03452301025391 956.26177978515625
v 191.08946228027344 238.62826538085938 429.09719848632812
v 191.08946228027344 236.41737365722656 429.09719848632812
v 199.206298828125 113.05695343017578 491.66464233398438
v 199.206298828125 113.05695343017578 937.13092041015625
v 199.206298828125 176.27876281738281 491.66464233398438
v 199.206298828125 176.27876281738281 937.13092041015625
v 184.2613525390625 113.05695343017578 491.66464233398438
v 184.2613525390625 113.05695343017578 937.13092041015625
v 184.2613525390625 176.27876281738281 491.66464233398438
v 184.2613525390625 176.27876281738281 937.13092041015625
v -58.71385192871094 98.82750701904297 383.13717651367188
v -46.09558868408203 102.23157501220703 376.15036010742188
v -56.19899368286133 108.75356292724609 382.69561767578125
v -47.52413177490234 102.97187042236328 384.65582275390625
v -11.40410137176514 103.05500030517578 380.86770629882812
v -13.16915512084961 103.96968078613281 391.37673950195312
v -18.70427703857422 92.21965026855469 388.77679443359375
v -26.38162231445312 96.19818115234375 387.14105224609375
v -25.48992729187012 95.73609161376953 381.83193969726562
v -17.81258010864258 91.75755310058594 383.46768188476562
v -15.47325420379639 94.760009765625 379.790771484375
v -23.15060043334961 98.73854827880859 378.155029296875
v -20.11804389953613 104.59044647216797 378.155029296875
v -12.44069766998291 100.61191558837891 379.790771484375
v -20.84650039672852 107.94821166992188 389.74099731445312
v -11.33648490905762 104.25442504882812 383.46768188476562
v -19.01383018493652 108.23296356201172 381.83193969726562
v -19.90552711486816 108.69505310058594 387.14105224609375
v -12.22818183898926 104.71652221679688 388.77679443359375
v -19.08144760131836 107.03353118896484 379.23196411132812
v -14.56750869750977 101.71406555175781 392.45367431640625
v -22.24485397338867 105.69259643554688 390.81793212890625
v -25.27741050720215 99.8406982421875 390.81793212890625
v -17.60006523132324 95.86215972900391 392.45367431640625
v -18.63666152954102 93.41907501220703 391.37673950195312
v -26.31400680541992 97.39761352539062 389.74099731445312
v -24.54895401000977 96.48293304443359 379.23196411132812
v -16.87160682678223 92.50439453125 380.86770629882812
v -40.19931793212891 105.71441650390625 385.64736938476562
v -43.73947143554688 104.62638092041016 384.1297607421875
v -38.54577255249023 103.90924835205078 378.29013061523438
v -42.81834030151367 104.98145294189453 376.46145629882812
v -57.91044235229492 97.28487396240234 375.61428833007812
v -51.95117950439453 94.19667816162109 383.6583251953125
v -59.00893020629883 97.8541259765625 382.15460205078125
v -44.24688339233398 105.72174835205078 384.9669189453125
v -45.9278450012207 125.07677459716797 374.19015502929688
v -32.60147476196289 129.40011596679688 383.84420776367188
v -36.36299896240234 122.14153289794922 383.84420776367188
v -31.50298881530762 128.83085632324219 377.30389404296875
v -57.28530883789062 98.08721160888672 374.6317138671875
v -54.77045059204102 108.01326751708984 374.19015502929688
v -50.22755813598633 94.42976379394531 376.13543701171875
v -36.55914306640625 117.05976867675781 376.46145629882812
v -34.21931457519531 113.75704193115234 377.14190673828125
v -59.50453567504883 98.97425842285156 381.97384643554688
v -57.01488494873047 108.873291015625 381.53042602539062
v -58.40605163574219 98.40500640869141 375.43353271484375
v -40.6966438293457 133.59516906738281 383.13717651367188
v -47.35638809204102 125.81707000732422 382.69561767578125
v -33.63889312744141 129.93772888183594 384.64089965820312
v -47.92465209960938 126.41463470458984 381.53042602539062
v -55.91640090942383 108.30403900146484 374.9901123046875
v -32.21035385131836 129.19743347167969 376.13543701171875
v -36.20210266113281 121.32295227050781 376.15036010742188
v -39.26810073852539 132.85487365722656 374.6317138671875
v -40.17396926879883 133.58731079101562 375.43353271484375
v -46.82616806030273 125.84538269042969 374.9901123046875
v -41.27245330810547 134.15655517578125 381.97384643554688
v -31.91527557373047 130.17080688476562 377.11801147460938
v -38.9730224609375 133.82826232910156 375.61428833007812
v -40.07150650024414 134.39750671386719 382.15460205078125
v -33.01375961303711 130.74006652832031 383.6583251953125
v -20.19270706176758 105.30101776123047 380.2337646484375
v -23.77420425415039 98.38983154296875 380.2337646484375
v -38.77077484130859 104.97412109375 377.14190673828125
v -45.75867462158203 101.32177734375 377.30389404296875
v -37.63064575195312 122.06324768066406 384.65582275390625
v -37.98768615722656 117.80006408691406 384.9669189453125
v -46.85715866088867 101.89103698730469 383.84420776367188
v -42.64098739624023 104.05712890625 377.58944702148438
v -24.40008163452148 97.5860595703125 381.21633911132812
v -25.49856567382812 98.15531158447266 387.75665283203125
v -39.64425659179688 104.47850036621094 384.8304443359375
v -36.8001708984375 118.01709747314453 384.1297607421875
v -35.2645149230957 121.57227325439453 377.30389404296875
v -34.31803512573242 114.75647735595703 384.8304443359375
v -35.70168685913086 117.44784545898438 377.58944702148438
v -20.9953727722168 106.84508514404297 387.75665283203125
v -19.89688873291016 106.27583312988281 381.21633911132812
v -33.21955108642578 114.18721771240234 378.29013061523438
v -49.52019882202148 94.06319427490234 377.30389404296875
v -50.61868286132812 94.63245391845703 383.84420776367188
v -25.2027473449707 99.130126953125 388.73922729492188
v -21.62125015258789 106.04131317138672 388.73922729492188
v -35.64785766601562 114.49733734130859 385.64736938476562
v -50.85269546508789 93.62741851806641 377.11801147460938
v -51.65610122680664 95.17005920410156 384.64089965820312
v 78.35579681396484 160.37971496582031 407.80377197265625
v 7.00712728500366 -11.87122058868408 407.80377197265625
v 29.68439292907715 -21.26445198059082 407.80377197265625
v 54.02009582519531 -24.46830749511719 407.80377197265625
v 78.35579681396484 -21.26445198059082 407.80377197265625
v 101.03306579589844 -11.87122058868408 407.80377197265625
v 54.02009582519531 163.58357238769531 407.80377197265625
v 29.68439292907715 160.37971496582031 407.80377197265625
v -27.40875434875488 22.54466247558594 407.80377197265625
v -12.46628284454346 3.07125234603882 407.80377197265625
v 120.50647735595703 3.0712525844574 407.80377197265625
v 7.00712728500366 150.98648071289062 407.80377197265625
v -12.46628189086914 136.04400634765625 407.80377197265625
v -27.40875434875488 116.57060241699219 407.80377197265625
v -36.80198669433594 93.89333343505859 407.80377197265625
v -40.00584030151367 69.55763244628906 407.80377197265625
v -36.80198669433594 45.22192764282227 407.80377197265625
v 144.84217834472656 93.89333343505859 407.80377197265625
v 135.44894409179688 116.57060241699219 407.80377197265625
v 120.50647735595703 136.04400634765625 407.80377197265625
v 101.03306579589844 150.98648071289062 407.80377197265625
v 135.44894409179688 22.54466247558594 407.80377197265625
v 144.84217834472656 45.22192764282227 407.80377197265625
v 148.04603576660156 69.55763244628906 407.80377197265625
v 29.60867118835449 160.66230773925781 397.34384155273438
v 6.86084413528442 151.23985290527344 397.34384155273438
v 78.4315185546875 -21.54704856872559 397.34384155273438
v -12.67315769195557 136.25088500976562 397.34384155273438
v 54.02009582519531 -24.76087379455566 397.34384155273438
v -27.66212463378906 116.71688079833984 397.34384155273438
v 29.60867118835449 -21.54704856872559 397.34384155273438
v -37.0845832824707 93.96905517578125 397.34384155273438
v -40.29840850830078 69.55763244628906 397.34384155273438
v 135.70231628417969 116.71688079833984 397.34384155273438
v 54.02009582519531 163.87612915039062 397.34384155273438
v 78.4315185546875 160.66230773925781 397.34384155273438
v 120.71334838867188 136.25088500976562 397.34384155273438
v 101.17935180664062 151.23985290527344 397.34384155273438
v 145.12477111816406 93.96905517578125 397.34384155273438
v 101.17935180664062 -12.12458992004395 397.34384155273438
v 120.71334838867188 2.86437726020813 397.34384155273438
v -12.67315769195557 2.86437702178955 397.34384155273438
v 6.86084413528442 -12.12458992004395 397.34384155273438
v -37.0845832824707 45.14620590209961 397.34384155273438
v -27.66212463378906 22.39837837219238 397.34384155273438
v 135.70231628417969 22.39837837219238 397.34384155273438
v 145.12477111816406 45.14620590209961 397.34384155273438
v 148.33860778808594 69.55763244628906 397.34384155273438
v 128.11550903320312 69.55763244628906 370.13839721679688
v 125.59077453613281 88.73493957519531 370.13839721679688
v 125.59077453613281 50.38032531738281 370.13839721679688
v 118.18860626220703 106.60533905029297 370.13839721679688
v 118.78594207763672 33.95200729370117 370.13839721679688
v 106.41346740722656 121.95100402832031 370.13839721679688
v 106.41346740722656 17.16426086425781 370.13839721679688
v 91.06780242919922 133.72615051269531 370.13839721679688
v 91.06780242919922 5.38911867141724 370.13839721679688
v 73.19740295410156 141.12831115722656 370.13839721679688
v 73.19740295410156 -2.01304483413696 370.13839721679688
v 54.02009582519531 143.65304565429688 370.13839721679688
v 54.02009582519531 -4.53778505325317 370.13839721679688
v 34.84279251098633 141.12831115722656 370.13839721679688
v 34.84279251098633 -2.01304483413696 370.13839721679688
v 16.97238922119141 133.72615051269531 370.13839721679688
v 16.97238922119141 5.38911867141724 370.13839721679688
v 1.62672531604767 121.95100402832031 370.13839721679688
v 1.62672519683838 17.16426086425781 370.13839721679688
v -10.14841651916504 106.60533905029297 370.13839721679688
v -10.14841651916504 32.50992202758789 370.13839721679688
v -17.55057907104492 88.73493957519531 370.13839721679688
v -17.55057907104492 50.38032531738281 370.13839721679688
v -20.07531929016113 69.55763244628906 370.13839721679688
v 95.19813537597656 -1.76482975482941 397.24664306640625
v 112.254638671875 11.32308578491211 397.24664306640625
v -4.21444940567017 11.32308578491211 397.24664306640625
v 12.84205436706543 -1.7648298740387 397.24664306640625
v 95.19813537597656 140.88009643554688 397.24664306640625
v 112.254638671875 127.79217529296875 397.24664306640625
v -4.21444892883301 127.79217529296875 397.24664306640625
v 12.84205436706543 140.88009643554688 397.24664306640625
v -14.28941535949707 89.86271667480469 380.28887939453125
v -8.70512676239014 103.53955078125 380.39022827148438
v -24.19768142700195 92.51763153076172 394.08834838867188
v -17.52339553833008 108.63078308105469 394.08834838867188
v -20.4642333984375 92.39837646484375 375.69317626953125
v -14.72371292114258 106.03162384033203 375.5760498046875
v -31.63716888427734 95.39215087890625 391.25396728515625
v -24.62655258178711 111.74903106689453 390.95892333984375
v -30.16747283935547 46.99964141845703 420.00741577148438
v -33.13728713989258 69.55763244628906 420.00741577148438
v -21.46041297912598 25.97893905639648 420.00741577148438
v -30.16747283935547 92.11562347412109 420.00741577148438
v -7.60948133468628 7.92805337905884 420.00741577148438
v -21.46041297912598 113.13632202148438 420.00741577148438
v 10.44140434265137 -5.9228777885437 420.00741577148438
v -7.60948085784912 131.18721008300781 420.00741577148438
v 31.46210479736328 -14.62993717193604 420.00741577148438
v 10.44140434265137 145.03814697265625 420.00741577148438
v 54.02009582519531 -17.59975242614746 420.00741577148438
v 31.46210479736328 153.74519348144531 420.00741577148438
v 76.57808685302734 -14.62993717193604 420.00741577148438
v 54.02009582519531 156.71501159667969 420.00741577148438
v 97.59878540039062 -5.9228777885437 420.00741577148438
v 76.57808685302734 153.74519348144531 420.00741577148438
v 138.20767211914062 46.99964141845703 420.00741577148438
v 111.02729797363281 84.83266448974609 370.13839721679688
v 111.02729797363281 54.28259658813477 370.13839721679688
v 115.64967346191406 131.18721008300781 420.00741577148438
v 129.5006103515625 113.13632202148438 420.00741577148438
v 95.75226593017578 111.28980255126953 370.13839721679688
v 95.75226593017578 27.82546043395996 370.13839721679688
v 129.5006103515625 25.97893905639648 420.00741577148438
v 141.17747497558594 69.55763244628906 420.00741577148438
v 69.29512786865234 126.56483459472656 370.13839721679688
v 69.29512786865234 12.5504264831543 370.13839721679688
v 97.59878540039062 145.03814697265625 420.00741577148438
v 138.20767211914062 92.11562347412109 420.00741577148438
v 38.74505996704102 126.56483459472656 370.13839721679688
v 38.74505996704102 12.5504264831543 370.13839721679688
v 115.64967346191406 7.928053855896 420.00741577148438
v -2.98710870742798 84.83266448974609 370.13839721679688
v 12.28792572021484 111.28980255126953 370.13839721679688
v 12.28792572021484 27.82546043395996 370.13839721679688
v -2.98710870742798 54.28259658813477 370.13839721679688
v 98.57789611816406 57.61840438842773 356.79244995117188
v 98.57789611816406 81.49685668945312 356.79244995117188
v 86.638671875 36.93905639648438 356.79244995117188
v 86.638671875 102.17620849609375 356.79244995117188
v 65.95932006835938 24.99982833862305 356.79244995117188
v 65.95932006835938 114.11543273925781 356.79244995117188
v 42.08086776733398 24.99982833862305 356.79244995117188
v 42.08086776733398 114.11543273925781 356.79244995117188
v 21.40151977539062 36.93905639648438 356.79244995117188
v 21.40151977539062 102.17620849609375 356.79244995117188
v 9.46229362487793 57.61840438842773 356.79244995117188
v 9.46229362487793 81.49685668945312 356.79244995117188
v -16.00323104858398 65.95848083496094 498.55636596679688
v -57.21367645263672 -50.64587783813477 529.4962158203125
v -57.21371078491211 -60.43705368041992 529.4962158203125
v -16.00323104858398 52.35707092285156 498.55636596679688
v -57.21371078491211 -60.43705368041992 499.78802490234375
v -57.21367645263672 -50.64587783813477 499.78802490234375
v 165.25390625 -60.43704605102539 529.4964599609375
v -25.92058944702148 52.71683883666992 483.45858764648438
v 165.25386047363281 -50.64587020874023 529.4964599609375
v 165.25386047363281 -50.64587020874023 499.78802490234375
v 165.25390625 -60.43704605102539 499.78802490234375
v -25.92058944702148 52.71683883666992 494.83636474609375
v -50.3619270324707 -50.6458854675293 532.14154052734375
v -50.36196136474609 -60.43706130981445 532.14154052734375
v -60.05179595947266 -60.43704986572266 508.16238403320312
v -30.28586959838867 65.59871673583984 494.83636474609375
v -60.05176162719727 -50.6458740234375 508.16238403320312
v -30.28586959838867 65.59871673583984 483.45858764648438
v -60.05176162719727 -50.6458740234375 521.121826171875
v -26.39132690429688 65.69681549072266 479.73858642578125
v -60.05179595947266 -60.43704986572266 521.121826171875
v -6.37181282043457 9.16572189331055 496.2752685546875
v -50.36196136474609 -60.43706130981445 496.31924438476562
v 96.72362518310547 -4.40705013275146 532.0064697265625
v -50.3619270324707 -50.6458854675293 496.31924438476562
v 158.40216064453125 -60.43705749511719 532.14154052734375
v 158.40211486816406 -50.64588165283203 532.14154052734375
v 168.09199523925781 -60.43704223632812 521.12213134765625
v 168.09194946289062 -50.64586639404297 521.12213134765625
v 168.09194946289062 -50.64586639404297 508.16238403320312
v 168.09199523925781 -60.43704223632812 508.16238403320312
v 158.40211486816406 -50.64588165283203 496.31924438476562
v 158.40216064453125 -60.43705749511719 496.31924438476562
v 138.92630004882812 -50.64591217041016 532.14154052734375
v 138.92630004882812 -50.64591217041016 496.31924438476562
v -30.8861083984375 -50.64591217041016 496.31924438476562
v -30.8861083984375 -50.64591217041016 532.14154052734375
v 30.77718544006348 -33.93999481201172 532.14154052734375
v 54.02009582519531 -28.47708892822266 532.14154052734375
v 77.26300811767578 -33.93999481201172 532.14154052734375
v -6.0173487663269 -60.43708801269531 532.14154052734375
v 114.05754089355469 -60.43708801269531 532.14154052734375
v 138.92633056640625 -60.43708801269531 532.14154052734375
v -30.88614273071289 -60.43708801269531 532.14154052734375
v -30.88614273071289 -60.43708801269531 496.31924438476562
v -6.0173487663269 -60.43708801269531 496.31924438476562
v 30.77718544006348 -33.93999481201172 496.31924438476562
v 54.02009582519531 -28.47708892822266 496.31924438476562
v -6.37181282043457 9.16572189331055 532.0064697265625
v 114.41200256347656 9.16572189331055 532.0064697265625
v 77.26300811767578 -33.93999481201172 496.31924438476562
v 138.92633056640625 -60.43708801269531 496.31924438476562
v -21.94391822814941 52.57257843017578 479.73858642578125
v -21.94391822814941 52.57257843017578 498.55636596679688
v 114.05754089355469 -60.43708801269531 496.31924438476562
v 11.31656742095947 -4.40705013275146 532.0064697265625
v -19.9445858001709 26.85410308837891 599.48626708984375
v -28.47678565979004 47.45265960693359 599.48626708984375
v 76.12506866455078 152.05451965332031 599.48626708984375
v -6.37181282043457 9.16572189331055 599.48626708984375
v 136.51698303222656 47.45265960693359 599.48626708984375
v -31.38696098327637 69.55763244628906 599.48626708984375
v 96.72362518310547 143.52230834960938 599.48626708984375
v 11.31656742095947 -4.40705013275146 599.48626708984375
v 139.42715454101562 69.55763244628906 599.48626708984375
v -28.47678565979004 91.66260528564453 599.48626708984375
v 114.41200256347656 129.94953918457031 599.48626708984375
v 31.91512298583984 -12.93925094604492 599.48626708984375
v 136.51698303222656 91.66260528564453 599.48626708984375
v -19.94458389282227 112.26116180419922 599.48626708984375
v 127.98477935791016 112.26116180419922 599.48626708984375
v 54.02009582519531 -15.84942626953125 599.48626708984375
v -6.37181282043457 129.94953918457031 599.48626708984375
v 76.12506866455078 -12.93925094604492 599.48626708984375
v 11.31656742095947 143.52230834960938 599.48626708984375
v 96.72362518310547 -4.40705013275146 599.48626708984375
v 31.91512298583984 152.05451965332031 599.48626708984375
v 114.41200256347656 9.16572189331055 599.48626708984375
v 54.02009582519531 154.96469116210938 599.48626708984375
v 127.98477935791016 26.85410308837891 599.48626708984375
v 31.91512298583984 152.05451965332031 414.21383666992188
v 11.31656742095947 143.52230834960938 414.21383666992188
v 76.12506866455078 -12.93925094604492 414.21383666992188
v -6.37181282043457 129.94953918457031 414.21383666992188
v 54.02009582519531 -15.84942626953125 414.21383666992188
v -19.94458389282227 112.26116180419922 414.21383666992188
v 31.91512298583984 -12.93925094604492 414.21383666992188
v -28.47678565979004 91.66260528564453 414.21383666992188
v -31.38696098327637 69.55763244628906 414.21383666992188
v 127.98477935791016 112.26116180419922 414.21383666992188
v 54.02009582519531 154.96469116210938 414.21383666992188
v 76.12506866455078 152.05451965332031 414.21383666992188
v 114.41200256347656 129.94953918457031 414.21383666992188
v 96.72362518310547 143.52230834960938 414.21383666992188
v 136.51698303222656 91.66260528564453 414.21383666992188
v 96.72362518310547 -4.40705013275146 414.21383666992188
v 114.41200256347656 9.16572189331055 414.21383666992188
v -6.37181282043457 9.16572189331055 414.21383666992188
v 11.31656742095947 -4.40705013275146 414.21383666992188
v -28.47678565979004 47.45265960693359 414.21383666992188
v -19.9445858001709 26.85410308837891 414.21383666992188
v 127.98477935791016 26.85410308837891 414.21383666992188
v 136.51698303222656 47.45265960693359 414.21383666992188
v 139.42715454101562 69.55763244628906 414.21383666992188
v 136.51698303222656 47.45265960693359 588.55780029296875
v -28.47678565979004 91.66260528564453 561.267578125
v -31.38696098327637 69.55763244628906 561.267578125
v 136.51698303222656 91.66260528564453 561.267578125
v 139.42715454101562 69.55763244628906 561.267578125
v -6.37181282043457 129.94953918457031 561.267578125
v -19.94458389282227 112.26116180419922 561.267578125
v 114.41200256347656 129.94953918457031 561.267578125
v 127.98477935791016 112.26116180419922 561.267578125
v -39.73690032958984 69.91221618652344 561.267578125
v -39.73690032958984 69.91221618652344 599.48626708984375
v -48.67926025390625 81.56613159179688 561.267578125
v -48.67926025390625 81.56613159179688 599.48626708984375
v -48.28789520263672 84.53885650634766 599.48626708984375
v -48.28789520263672 84.53885650634766 561.267578125
v -36.63397979736328 93.48122406005859 599.48626708984375
v -36.63397979736328 93.48122406005859 561.267578125
v 147.77708435058594 69.91221618652344 599.48626708984375
v 147.77708435058594 69.91221618652344 561.267578125
v 156.32809448242188 84.53885650634766 561.267578125
v 156.32809448242188 84.53885650634766 599.48626708984375
v 156.71945190429688 81.56613159179688 599.48626708984375
v 156.71945190429688 81.56613159179688 561.267578125
v 144.67417907714844 93.48122406005859 561.267578125
v 144.67417907714844 93.48122406005859 599.48626708984375
v -26.99855041503906 116.74320983886719 561.267578125
v -26.99855041503906 116.74320983886719 599.48626708984375
v -28.9159049987793 131.30697631835938 561.267578125
v -28.9159049987793 131.30697631835938 599.48626708984375
v -27.09060859680176 133.68574523925781 599.48626708984375
v -27.09060859680176 133.68574523925781 561.267578125
v -12.52684211730957 135.60310363769531 599.48626708984375
v -12.52684211730957 135.60310363769531 561.267578125
v 120.56703186035156 135.60310363769531 561.267578125
v 120.56703186035156 135.60310363769531 599.48626708984375
v 135.13079833984375 133.68574523925781 561.267578125
v 135.13079833984375 133.68574523925781 599.48626708984375
v 136.95610046386719 131.30697631835938 599.48626708984375
v 136.95610046386719 131.30697631835938 561.267578125
v 135.03874206542969 116.74320983886719 599.48626708984375
v 135.03874206542969 116.74320983886719 561.267578125
v -44.59992980957031 71.89073181152344 561.267578125
v -48.02681350708008 76.35672760009766 561.267578125
v -44.59992980957031 71.89073181152344 599.48626708984375
v -48.02681350708008 76.35672760009766 599.48626708984375
v -46.30938339233398 89.40189361572266 599.48626708984375
v -41.8433837890625 92.82877349853516 599.48626708984375
v -46.30938339233398 89.40189361572266 561.267578125
v -41.8433837890625 92.82877349853516 561.267578125
v 152.64012145996094 71.89073181152344 599.48626708984375
v 156.06700134277344 76.35672760009766 599.48626708984375
v 152.64012145996094 71.89073181152344 561.267578125
v 156.06700134277344 76.35672760009766 561.267578125
v 154.34957885742188 89.40189361572266 561.267578125
v 149.88357543945312 92.82877349853516 561.267578125
v 154.34957885742188 89.40189361572266 599.48626708984375
v 149.88357543945312 92.82877349853516 599.48626708984375
v -30.22080421447754 120.88816833496094 561.267578125
v -30.95557022094727 126.46927642822266 561.267578125
v -30.22080421447754 120.88816833496094 599.48626708984375
v -30.95557022094727 126.46927642822266 599.48626708984375
v -22.94565200805664 136.90800476074219 599.48626708984375
v -17.36454391479492 137.64277648925781 599.48626708984375
v -22.94565200805664 136.90800476074219 561.267578125
v -17.36454391479492 137.64277648925781 561.267578125
v 125.40473937988281 137.64277648925781 561.267578125
v 130.98583984375 136.90800476074219 561.267578125
v 125.40473937988281 137.64277648925781 599.48626708984375
v 130.98583984375 136.90800476074219 599.48626708984375
v 138.99575805664062 126.46927642822266 599.48626708984375
v 138.26100158691406 120.88816833496094 599.48626708984375
v 138.99575805664062 126.46927642822266 561.267578125
v 138.26100158691406 120.88816833496094 561.267578125
v -26.39132690429688 65.69681549072266 498.55636596679688
v 76.12506866455078 -12.93925094604492 532.0064697265625
v 54.02009582519531 -15.84942626953125 532.0064697265625
v 31.91512298583984 -12.93925094604492 532.0064697265625
v -24.75584983825684 52.67458343505859 480.82815551757812
v -24.75584983825684 52.67458343505859 497.466796875
v -29.14518547058105 65.62744903564453 497.466796875
v 96.72362518310547 -4.40705013275146 496.2752685546875
v 76.12506866455078 -12.93925094604492 496.2752685546875
v 54.02009582519531 -15.84942626953125 496.2752685546875
v 31.91512298583984 -12.93925094604492 496.2752685546875
v 11.31656742095947 -4.40705013275146 496.2752685546875
v -29.14518547058105 65.62744903564453 480.82815551757812
v 114.41200256347656 9.16572189331055 496.2752685546875
v -24.96208763122559 65.707275390625 495.655029296875
v -24.96208763122559 65.707275390625 485.85452270507812
v -31.38696098327637 69.55763244628906 463.24246215820312
v -28.47678565979004 91.66260528564453 463.24246215820312
v -26.32216644287109 65.66876220703125 486.26455688476562
v -26.32216644287109 65.66876220703125 495.2449951171875
v -28.47678565979004 47.45265960693359 463.24246215820312
v -19.94458389282227 112.26116180419922 463.24246215820312
v -26.85746192932129 65.65361022949219 487.20516967773438
v -26.85746192932129 65.65361022949219 494.30441284179688
v -31.38696098327637 69.55763244628906 515.052490234375
v -28.47678565979004 91.66260528564453 515.052490234375
v -18.02894020080566 65.90358734130859 485.85452270507812
v -18.02894020080566 65.90358734130859 495.655029296875
v -28.47678565979004 47.45265960693359 515.052490234375
v -19.94458389282227 112.26116180419922 515.052490234375
v -26.44231605529785 68.17706298828125 486.26455688476562
v -18.14908981323242 68.41188812255859 495.655029296875
v -26.44231605529785 68.17706298828125 495.2449951171875
v -25.08223724365234 68.215576171875 495.655029296875
v -18.14908981323242 68.41188812255859 485.85452270507812
v -25.08223724365234 68.215576171875 485.85452270507812
v -26.97761154174805 68.16191101074219 487.20516967773438
v -26.97761154174805 68.16191101074219 494.30441284179688
v -16.00323104858398 69.55763244628906 463.24246215820312
v -16.00323104858398 89.05207824707031 463.24246215820312
v -16.00323104858398 48.75791931152344 463.24246215820312
v -16.00323104858398 108.434326171875 463.24246215820312
v -16.00323104858398 69.55763244628906 515.052490234375
v -16.00323104858398 89.05207824707031 515.052490234375
v -16.00323104858398 48.75791931152344 515.052490234375
v -16.00323104858398 108.434326171875 515.052490234375
v -16.00323104858398 65.95848083496094 479.73858642578125
v -16.00323104858398 52.35707092285156 479.73858642578125
v 132.88351440429688 24.02581214904785 599.90789794921875
v 141.98081970214844 45.98862838745117 599.90789794921875
v 30.45109367370605 157.51835632324219 599.90789794921875
v 118.41181182861328 5.16591644287109 599.90789794921875
v -33.94062042236328 45.98862838745117 599.90789794921875
v 145.08372497558594 69.55763244628906 599.90789794921875
v 8.48827838897705 148.42105102539062 599.90789794921875
v 99.55191802978516 -9.30579090118408 599.90789794921875
v -37.04354095458984 69.55763244628906 599.90789794921875
v 141.98081970214844 93.12663269042969 599.90789794921875
v -10.37161827087402 133.9493408203125 599.90789794921875
v 77.58909606933594 -18.4030876159668 599.90789794921875
v -33.94062042236328 93.12663269042969 599.90789794921875
v 132.88351440429688 115.08944702148438 599.90789794921875
v -24.84332656860352 115.08944702148438 599.90789794921875
v 54.02009582519531 -21.50600433349609 599.90789794921875
v 118.41181182861328 133.9493408203125 599.90789794921875
v 30.45109367370605 -18.4030876159668 599.90789794921875
v 99.55191802978516 148.42105102539062 599.90789794921875
v 8.48827838897705 -9.30579090118408 599.90789794921875
v 77.58909606933594 157.51835632324219 599.90789794921875
v -10.37161827087402 5.16591644287109 599.90789794921875
v 54.02009582519531 160.62126159667969 599.90789794921875
v -24.84332656860352 24.02581214904785 599.90789794921875
v -24.84332656860352 115.08944702148438 767.55987548828125
v -33.94062042236328 93.12663269042969 767.55987548828125
v -10.37161827087402 133.9493408203125 767.55987548828125
v -37.04354095458984 69.55763244628906 767.55987548828125
v 8.48827838897705 148.42105102539062 767.55987548828125
v -33.94062042236328 45.98862838745117 767.55987548828125
v 30.45109367370605 157.51835632324219 767.55987548828125
v -24.84332656860352 24.02581214904785 767.55987548828125
v 54.02009582519531 160.62126159667969 767.55987548828125
v -10.37161827087402 5.16591644287109 767.55987548828125
v 77.58909606933594 157.51835632324219 767.55987548828125
v 8.48827838897705 -9.30579090118408 767.55987548828125
v 99.55191802978516 148.42105102539062 767.55987548828125
v 30.45109367370605 -18.4030876159668 767.55987548828125
v 118.41181182861328 133.9493408203125 767.55987548828125
v 54.02009582519531 -21.50600433349609 767.55987548828125
v 132.88351440429688 115.08944702148438 767.55987548828125
v 77.58909606933594 -18.4030876159668 767.55987548828125
v 141.98081970214844 93.12663269042969 767.55987548828125
v 99.55191802978516 -9.30579090118408 767.55987548828125
v 145.08372497558594 69.55763244628906 767.55987548828125
v 118.41181182861328 5.16591644287109 767.55987548828125
v 141.98081970214844 45.98862838745117 767.55987548828125
v 132.88351440429688 24.02581214904785 767.55987548828125
v -33.94062042236328 45.98862838745117 610.83642578125
v 118.41181182861328 5.16591644287109 729.9619140625
v 132.88351440429688 24.02581214904785 729.9613037109375
v -24.84332656860352 24.02581214904785 729.9619140625
v -10.37161827087402 5.16591644287109 729.9619140625
v -28.82279396057129 20.76487350463867 767.55987548828125
v -28.82279396057129 20.76487350463867 729.9619140625
v -30.47466850280762 8.21762847900391 767.55987548828125
v -30.47466850280762 8.21762847900391 729.9619140625
v -27.09865188598633 3.81791591644287 729.9619140625
v -27.09865188598633 3.81791591644287 767.55987548828125
v -14.55140686035156 2.16603994369507 729.9619140625
v -14.55140686035156 2.16603994369507 767.55987548828125
v 122.59159851074219 2.16603970527649 767.55987548828125
v 122.59159851074219 2.16603970527649 729.9619140625
v 135.13883972167969 3.81791591644287 767.55987548828125
v 135.13883972167969 3.81791591644287 729.961669921875
v 138.51486206054688 8.21762847900391 729.9615478515625
v 138.51486206054688 8.21762847900391 767.55987548828125
v 136.86299133300781 20.76487350463867 729.9613037109375
v 136.86299133300781 20.76487350463867 767.55987548828125
v -31.5988883972168 17.19383430480957 767.55987548828125
v -32.23191833496094 12.38549423217773 767.55987548828125
v -31.5988883972168 17.19383430480957 729.9619140625
v -32.23191833496094 12.38549423217773 729.9619140625
v -23.52761077880859 1.0418199300766 729.9619140625
v -18.71927261352539 0.40879002213478 729.9619140625
v -23.52761077880859 1.0418199300766 767.55987548828125
v -18.71927261352539 0.40879002213478 767.55987548828125
v 126.75946807861328 0.40878993272781 767.55987548828125
v 131.56781005859375 1.04181981086731 767.55987548828125
v 126.75946807861328 0.40878993272781 729.9619140625
v 131.56781005859375 1.04181981086731 729.9617919921875
v 140.27210998535156 12.38549423217773 729.96142578125
v 139.63908386230469 17.19383239746094 729.96136474609375
v 140.27210998535156 12.38549423217773 767.55987548828125
v 139.63908386230469 17.19383239746094 767.55987548828125
v -26.68407821655273 47.93301391601562 767.55987548828125
v -29.53101348876953 69.55763244628906 767.55987548828125
v -18.33728790283203 27.78207588195801 767.55987548828125
v -26.68407821655273 91.1822509765625 767.55987548828125
v -5.05946016311646 10.47807502746582 767.55987548828125
v -18.33728790283203 111.33318328857422 767.55987548828125
v 12.24454116821289 -2.79975271224976 767.55987548828125
v -5.05946016311646 128.63719177246094 767.55987548828125
v 32.39547729492188 -11.14654350280762 767.55987548828125
v 12.24454116821289 141.91500854492188 767.55987548828125
v 54.02009582519531 -13.99347877502441 767.55987548828125
v 32.39547729492188 150.26181030273438 767.55987548828125
v 75.64471435546875 -11.14654350280762 767.55987548828125
v 54.02009582519531 153.10873413085938 767.55987548828125
v 95.795654296875 -2.79975271224976 767.55987548828125
v 75.64471435546875 150.26181030273438 767.55987548828125
v 113.09965515136719 10.47807502746582 767.55987548828125
v 95.795654296875 141.91500854492188 767.55987548828125
v 126.37747955322266 27.78207588195801 767.55987548828125
v 113.09965515136719 128.63719177246094 767.55987548828125
v 134.72427368164062 47.93301391601562 767.55987548828125
v 126.37747955322266 111.33318328857422 767.55987548828125
v 137.57121276855469 69.55763244628906 767.55987548828125
v 134.72427368164062 91.1822509765625 767.55987548828125
v -24.84332656860352 115.08944702148438 637.09075927734375
v -10.37161827087402 133.9493408203125 637.09075927734375
v 132.88351440429688 115.08944702148438 637.09075927734375
v 118.41181182861328 133.9493408203125 637.09075927734375
v -37.04354095458984 69.55763244628906 637.09075927734375
v -33.94062042236328 93.12663269042969 637.09075927734375
v 145.08372497558594 69.55763244628906 637.09075927734375
v 141.98081970214844 93.12663269042969 637.09075927734375
v -12.52684211730957 135.60310363769531 637.09075927734375
v -12.52684211730957 135.60310363769531 599.90789794921875
v -27.09060859680176 133.68574523925781 637.09075927734375
v -27.09060859680176 133.68574523925781 599.90789794921875
v -28.9159049987793 131.30697631835938 599.90789794921875
v -28.9159049987793 131.30697631835938 637.09075927734375
v -26.99855041503906 116.74320983886719 599.90789794921875
v -26.99855041503906 116.74320983886719 637.09075927734375
v 135.03874206542969 116.74320983886719 637.09075927734375
v 135.03874206542969 116.74320983886719 599.90789794921875
v 136.95610046386719 131.30697631835938 637.09075927734375
v 136.95610046386719 131.30697631835938 599.90789794921875
v 135.13079833984375 133.68574523925781 599.90789794921875
v 135.13079833984375 133.68574523925781 637.09075927734375
v 120.56703186035156 135.60310363769531 599.90789794921875
v 120.56703186035156 135.60310363769531 637.09075927734375
v -39.73690032958984 69.91221618652344 599.90789794921875
v -39.73690032958984 69.91221618652344 637.09075927734375
v -48.28789520263672 84.53885650634766 637.09075927734375
v -48.28789520263672 84.53885650634766 599.90789794921875
v -48.67926025390625 81.56613159179688 599.90789794921875
v -48.67926025390625 81.56613159179688 637.09075927734375
v -36.63397979736328 93.48122406005859 637.09075927734375
v -36.63397979736328 93.48122406005859 599.90789794921875
v 147.77708435058594 69.91221618652344 637.09075927734375
v 147.77708435058594 69.91221618652344 599.90789794921875
v 156.71945190429688 81.56613159179688 637.09075927734375
v 156.71945190429688 81.56613159179688 599.90789794921875
v 156.32807922363281 84.53885650634766 599.90789794921875
v 156.32807922363281 84.53885650634766 637.09075927734375
v 144.67417907714844 93.48122406005859 599.90789794921875
v 144.67417907714844 93.48122406005859 637.09075927734375
v -17.36454391479492 137.64277648925781 637.09075927734375
v -22.94565200805664 136.90800476074219 637.09075927734375
v -17.36454391479492 137.64277648925781 599.90789794921875
v -22.94565200805664 136.90800476074219 599.90789794921875
v -30.95557022094727 126.46927642822266 599.90789794921875
v -30.22080421447754 120.88816833496094 599.90789794921875
v -30.95557022094727 126.46927642822266 637.09075927734375
v -30.22080421447754 120.88816833496094 637.09075927734375
v 138.26100158691406 120.88816833496094 637.09075927734375
v 138.99575805664062 126.46927642822266 637.09075927734375
v 138.26100158691406 120.88816833496094 599.90789794921875
v 138.99575805664062 126.46927642822266 599.90789794921875
v 130.98583984375 136.90800476074219 599.90789794921875
v 125.40473937988281 137.64277648925781 599.90789794921875
v 130.98583984375 136.90800476074219 637.09075927734375
v 125.40473937988281 137.64277648925781 637.09075927734375
v -44.59992980957031 71.89073181152344 599.90789794921875
v -48.02681350708008 76.35672760009766 599.90789794921875
v -44.59992980957031 71.89073181152344 637.09075927734375
v -48.02681350708008 76.35672760009766 637.09075927734375
v -46.30938339233398 89.40189361572266 637.09075927734375
v -41.84338760375977 92.82877349853516 637.09075927734375
v -46.30938339233398 89.40189361572266 599.90789794921875
v -41.84338760375977 92.82877349853516 599.90789794921875
v 152.64012145996094 71.89073181152344 637.09075927734375
v 156.06700134277344 76.35672760009766 637.09075927734375
v 152.64012145996094 71.89073181152344 599.90789794921875
v 156.06700134277344 76.35672760009766 599.90789794921875
v 154.34957885742188 89.40189361572266 599.90789794921875
v 149.88357543945312 92.82877349853516 599.90789794921875
v 154.34957885742188 89.40189361572266 637.09075927734375
v 149.88357543945312 92.82877349853516 637.09075927734375
v -15.9601993560791 69.55763244628906 599.90789794921875
v -13.57567882537842 51.44539642333984 599.90789794921875
v -13.57567882537842 87.66986083984375 599.90789794921875
v -6.58461809158325 34.56748199462891 599.90789794921875
v -6.58461809158325 104.54778289794922 599.90789794921875
v 4.53655433654785 20.07408905029297 599.90789794921875
v 4.53655433654785 119.04117584228516 599.90789794921875
v 19.02994918823242 8.95291709899902 599.90789794921875
v 19.02994918823242 130.16233825683594 599.90789794921875
v 35.90786361694336 1.96185576915741 599.90789794921875
v 35.90786361694336 137.15341186523438 599.90789794921875
v 54.02009582519531 -0.4226650595665 599.90789794921875
v 54.02009582519531 139.53793334960938 599.90789794921875
v 72.13233184814453 1.96185564994812 599.90789794921875
v 72.13233184814453 137.15341186523438 599.90789794921875
v 89.01024627685547 8.95291709899902 599.90789794921875
v 89.01024627685547 130.16233825683594 599.90789794921875
v 103.50363922119141 20.07408905029297 599.90789794921875
v 103.50363922119141 119.04117584228516 599.90789794921875
v 114.62480926513672 34.56748199462891 599.90789794921875
v 114.62480926513672 104.54778289794922 599.90789794921875
v 121.61587524414062 51.44539642333984 599.90789794921875
v 121.61587524414062 87.66986083984375 599.90789794921875
v 124.00038909912109 69.55763244628906 599.90789794921875
v 142.37239074707031 90.15229797363281 736.2188720703125
v 144.69215393066406 72.53196716308594 736.2188720703125
v 144.69215393066406 72.53196716308594 668.4317626953125
v 142.37239074707031 90.15229797363281 668.4317626953125
v 134.24253845214844 89.08198547363281 736.2188720703125
v 136.56230163574219 71.46165466308594 736.2188720703125
v 136.56230163574219 71.46165466308594 668.4317626953125
v 134.24253845214844 89.08198547363281 668.4317626953125
v 131.7918701171875 24.65607643127441 768.11529541015625
v 140.76324462890625 46.31487655639648 768.11529541015625
v 30.77734184265137 156.30078125 768.11529541015625
v 117.52048492431641 6.05724287033081 768.11529541015625
v -32.72304534912109 46.31487655639648 768.11529541015625
v 143.82321166992188 69.55763244628906 768.11529541015625
v 9.1185417175293 147.32940673828125 768.11529541015625
v 98.92165374755859 -8.21414375305176 768.11529541015625
v -35.78301239013672 69.55763244628906 768.11529541015625
v 140.76324462890625 92.80038452148438 768.11529541015625
v -9.48029232025146 133.05801391601562 768.11529541015625
v 77.26284790039062 -17.18551254272461 768.11529541015625
v -32.72304916381836 92.80038452148438 768.11529541015625
v 131.7918701171875 114.45918273925781 768.11529541015625
v -23.75167846679688 114.45918273925781 768.11529541015625
v 54.02009582519531 -20.24547958374023 768.11529541015625
v 117.52048492431641 133.05801391601562 768.11529541015625
v 30.77734184265137 -17.18551254272461 768.11529541015625
v 98.92165374755859 147.32940673828125 768.11529541015625
v 9.11854076385498 -8.21414375305176 768.11529541015625
v 77.26284790039062 156.30078125 768.11529541015625
v -9.48029232025146 6.05724287033081 768.11529541015625
v 54.02009582519531 159.36074829101562 768.11529541015625
v -23.75167846679688 24.65607643127441 768.11529541015625
v -23.75167846679688 114.45918273925781 842.48602294921875
v -32.72304916381836 92.80038452148438 842.48602294921875
v -9.48029232025146 133.05801391601562 842.48602294921875
v -35.78301239013672 69.55763244628906 842.48602294921875
v 9.1185417175293 147.32940673828125 842.48602294921875
v -32.72304534912109 46.31487655639648 842.48602294921875
v 30.77734184265137 156.30078125 842.48602294921875
v -23.75167846679688 24.65607643127441 842.48602294921875
v 54.02009582519531 159.36074829101562 842.48602294921875
v -9.48029232025146 6.05724287033081 842.48602294921875
v 77.26284790039062 156.30078125 842.48602294921875
v 9.11854076385498 -8.21414375305176 842.48602294921875
v 98.92165374755859 147.32940673828125 842.48602294921875
v 30.77734184265137 -17.18551254272461 842.48602294921875
v 117.52048492431641 133.05801391601562 842.48602294921875
v 54.02009582519531 -20.24547958374023 842.48602294921875
v 131.7918701171875 114.45918273925781 842.48602294921875
v 77.26284790039062 -17.18551254272461 842.48602294921875
v 140.76324462890625 92.80038452148438 842.48602294921875
v 98.92165374755859 -8.21414375305176 842.48602294921875
v 143.82321166992188 69.55763244628906 842.48602294921875
v 117.52048492431641 6.05724287033081 842.48602294921875
v 140.76324462890625 46.31487655639648 842.48602294921875
v 131.7918701171875 24.65607643127441 842.48602294921875
v -9.48029232025146 6.05724287033081 803.93756103515625
v 117.52048492431641 6.05724287033081 803.93756103515625
v 131.7918701171875 24.65607643127441 804.7611083984375
v -23.75167846679688 24.65607643127441 804.76141357421875
v -57.21367645263672 -50.64587783813477 801.292236328125
v 136.86299133300781 20.76487350463867 768.11529541015625
v 136.86299133300781 20.76487350463867 804.7611083984375
v 135.13883972167969 3.81791591644287 804.76123046875
v 135.13883972167969 3.81791591644287 768.11529541015625
v 138.51486206054688 8.21762847900391 768.11529541015625
v 138.51486206054688 8.21762847900391 804.76116943359375
v 122.59159851074219 2.16603970527649 804.76129150390625
v 122.59159851074219 2.16603970527649 768.11529541015625
v -14.55140686035156 2.16603994369507 768.11529541015625
v -14.55140686035156 2.16603994369507 804.760986328125
v -30.47466850280762 8.21762847900391 804.76123046875
v -30.47466850280762 8.21762847900391 768.11529541015625
v -27.09865188598633 3.81791591644287 768.11529541015625
v -27.09865188598633 3.81791591644287 804.76116943359375
v -28.82279396057129 20.76487350463867 804.76141357421875
v -28.82279396057129 20.76487350463867 768.11529541015625
v 139.63908386230469 17.19383239746094 768.11529541015625
v 140.27210998535156 12.38549423217773 768.11529541015625
v 139.63908386230469 17.19383239746094 804.7611083984375
v 140.27210998535156 12.38549423217773 804.76116943359375
v 131.56781005859375 1.04181981086731 804.76123046875
v 126.75946807861328 0.40878993272781 804.76129150390625
v 131.56781005859375 1.04181981086731 768.11529541015625
v 126.75946807861328 0.40878993272781 768.11529541015625
v -18.71927261352539 0.40879002213478 768.11529541015625
v -23.52761077880859 1.0418199300766 768.11529541015625
v -18.71927261352539 0.40879002213478 804.76104736328125
v -23.52761077880859 1.0418199300766 804.7611083984375
v -32.23191833496094 12.38549423217773 804.7613525390625
v -31.5988883972168 17.19383430480957 804.76141357421875
v -32.23191833496094 12.38549423217773 768.11529541015625
v -31.5988883972168 17.19383430480957 768.11529541015625
v 98.92165374755859 -8.21414375305176 803.93756103515625
v 9.11854076385498 -8.21414375305176 803.93756103515625
v 77.26284790039062 -17.18551254272461 803.93756103515625
v 54.02009582519531 -20.24547958374023 803.93756103515625
v 30.77734184265137 -17.18551254272461 803.93756103515625
v 138.92633056640625 -60.43708801269531 768.11529541015625
v 114.05754089355469 -60.43708801269531 768.11529541015625
v 77.26300811767578 -33.93999481201172 768.11529541015625
v 54.02009582519531 -28.47708892822266 768.11529541015625
v 30.77718544006348 -33.93999481201172 768.11529541015625
v -6.0173487663269 -60.43708801269531 768.11529541015625
v -30.88614273071289 -60.43708801269531 768.11529541015625
v -30.88614273071289 -60.43708801269531 803.93756103515625
v 138.92633056640625 -60.43708801269531 803.93756103515625
v 114.05754089355469 -60.43708801269531 803.93756103515625
v -6.0173487663269 -60.43708801269531 803.93756103515625
v 77.26300811767578 -33.93999481201172 803.93756103515625
v 54.02009582519531 -28.47708892822266 803.93756103515625
v 30.77718544006348 -33.93999481201172 803.93756103515625
v -30.8861083984375 -50.64591217041016 803.93756103515625
v -30.8861083984375 -50.64591217041016 768.11529541015625
v 138.92630004882812 -50.64591217041016 768.11529541015625
v 138.92630004882812 -50.64591217041016 803.93756103515625
v 158.40216064453125 -60.43705749511719 768.11529541015625
v 158.40211486816406 -50.64588165283203 768.11529541015625
v 168.09199523925781 -60.43704223632812 779.95843505859375
v 168.09194946289062 -50.64586639404297 779.95843505859375
v 168.09194946289062 -50.64586639404297 792.91815185546875
v 168.09199523925781 -60.43704223632812 792.91815185546875
v 158.40211486816406 -50.64588165283203 803.93756103515625
v 158.40216064453125 -60.43705749511719 803.93756103515625
v -50.3619270324707 -50.6458854675293 768.11529541015625
v -50.36196136474609 -60.43706130981445 768.11529541015625
v -60.05179595947266 -60.43704986572266 792.9178466796875
v -60.05176162719727 -50.6458740234375 792.9178466796875
v -60.05176162719727 -50.6458740234375 779.95843505859375
v -60.05179595947266 -60.43704986572266 779.95843505859375
v -50.36196136474609 -60.43706130981445 803.93756103515625
v -50.3619270324707 -50.6458854675293 803.93756103515625
v 165.25390625 -60.43704605102539 771.58404541015625
v 165.25386047363281 -50.64587020874023 771.58404541015625
v 165.25386047363281 -50.64587020874023 801.29254150390625
v 165.25390625 -60.43704605102539 801.29254150390625
v -57.21367645263672 -50.64587783813477 771.58404541015625
v -57.21371078491211 -60.43705368041992 771.58404541015625
v -57.21371078491211 -60.43705368041992 801.292236328125
v 54.02009582519531 82.78178405761719 888.69818115234375
v 54.02009582519531 18.86178398132324 888.69818115234375
v 54.02009582519531 34.8417854309082 888.69818115234375
v 54.02009582519531 50.82178497314453 888.69818115234375
v 54.02009582519531 98.76178741455078 888.69818115234375
v 54.02009582519531 114.74178314208984 888.69818115234375
v 54.02009582519531 130.72178649902344 888.69818115234375
v 54.02009582519531 4.19740629196167 891.8751220703125
v 54.02009582519531 8.39347839355469 889.91546630859375
v 54.02009582519531 132.03739929199219 891.8751220703125
v 54.02009582519531 136.23347473144531 888.69818115234375
v 54.02009582519531 136.23347473144531 889.91546630859375
v 54.02009582519531 116.05740356445312 891.8751220703125
v 54.02009582519531 120.25347900390625 888.69818115234375
v 54.02009582519531 120.25347900390625 889.91546630859375
v 54.02009582519531 20.17740631103516 891.8751220703125
v 54.02009582519531 24.37347793579102 888.69818115234375
v 54.02009582519531 24.37347793579102 889.91546630859375
v 54.02009582519531 100.07740783691406 891.8751220703125
v 54.02009582519531 104.27347564697266 888.69818115234375
v 54.02009582519531 104.27347564697266 889.91546630859375
v 54.02009582519531 36.15740585327148 891.8751220703125
v 54.02009582519531 40.35347747802734 888.69818115234375
v 54.02009582519531 40.35347747802734 889.91546630859375
v 131.19757080078125 90.23727416992188 888.69818115234375
v 123.21552276611328 109.50762939453125 888.69818115234375
v 110.51792907714844 126.05546569824219 888.69818115234375
v 93.9700927734375 138.75306701660156 888.69818115234375
v 74.69973754882812 146.735107421875 888.69818115234375
v 54.02009582519531 149.45762634277344 888.69818115234375
v 33.3404541015625 146.735107421875 888.69818115234375
v 14.07009601593018 138.75306701660156 888.69818115234375
v -2.47773551940918 126.05546569824219 888.69818115234375
v -15.17533302307129 109.50762939453125 888.69818115234375
v -23.15737724304199 90.23727416992188 888.69818115234375
v -25.87990379333496 69.55763244628906 888.69818115234375
v -23.15737724304199 48.87799072265625 888.69818115234375
v -15.17533302307129 29.60763168334961 888.69818115234375
v -2.47773551940918 13.05979919433594 888.69818115234375
v 14.07009601593018 0.36220133304596 888.69818115234375
v 33.3404541015625 -7.61984252929688 888.69818115234375
v 54.02009582519531 -10.34236907958984 888.69818115234375
v 74.69973754882812 -7.61984252929688 888.69818115234375
v 93.9700927734375 0.36220133304596 888.69818115234375
v 110.51792907714844 13.05979919433594 888.69818115234375
v 123.21552276611328 29.60763168334961 888.69818115234375
v 131.19757080078125 48.87799072265625 888.69818115234375
v 133.92008972167969 69.55763244628906 888.69818115234375
v -16.49701309204102 66.80178070068359 888.69818115234375
v -13.90789985656738 72.3134765625 888.69818115234375
v 28.65720558166504 66.80178070068359 888.69818115234375
v 26.06809234619141 72.3134765625 888.69818115234375
v 28.65720558166504 68.11740875244141 891.8751220703125
v 26.06809234619141 72.3134765625 889.91546630859375
v -16.49701309204102 68.11740875244141 891.8751220703125
v -13.90789985656738 72.3134765625 889.91546630859375
v 79.38298797607422 66.80178070068359 888.69818115234375
v 81.97209930419922 72.3134765625 888.69818115234375
v 124.53720855712891 66.80178070068359 888.69818115234375
v 121.94808959960938 72.3134765625 888.69818115234375
v 124.53720855712891 68.11740875244141 891.8751220703125
v 121.94808959960938 72.3134765625 889.91546630859375
v 79.38298797607422 68.11740875244141 891.8751220703125
v 81.97209930419922 72.3134765625 889.91546630859375
v -15.2339391708374 82.78178405761719 888.69818115234375
v -12.64482593536377 88.29347991943359 888.69818115234375
v 123.14154815673828 82.78178405761719 888.69818115234375
v 120.55243682861328 88.29347991943359 888.69818115234375
v 123.14154815673828 84.09740447998047 891.8751220703125
v 120.55243682861328 88.29347991943359 889.91546630859375
v -15.2339391708374 84.09740447998047 891.8751220703125
v -12.64482593536377 88.29347991943359 889.91546630859375
v -14.17325973510742 50.82178497314453 888.69818115234375
v -11.58414649963379 56.33347702026367 888.69818115234375
v 122.21345520019531 50.82178497314453 888.69818115234375
v 119.62433624267578 56.33347702026367 888.69818115234375
v 122.21345520019531 52.13740539550781 891.8751220703125
v 119.62433624267578 56.33347702026367 889.91546630859375
v -14.17325973510742 52.13740539550781 891.8751220703125
v -11.58414649963379 56.33347702026367 889.91546630859375
v -7.80918407440186 34.8417854309082 888.69818115234375
v -5.22007083892822 40.35347747802734 888.69818115234375
v 115.58420562744141 34.8417854309082 888.69818115234375
v 112.99509429931641 40.35347747802734 888.69818115234375
v 115.58420562744141 36.15740585327148 891.8751220703125
v 112.99509429931641 40.35347747802734 889.91546630859375
v -7.80918407440186 36.15740585327148 891.8751220703125
v -5.22007083892822 40.35347747802734 889.91546630859375
v -9.79795742034912 98.76178741455078 888.69818115234375
v -7.20884418487549 104.27347564697266 888.69818115234375
v 118.10331726074219 98.76178741455078 888.69818115234375
v 115.51420593261719 104.27347564697266 888.69818115234375
v 118.10331726074219 100.07740783691406 891.8751220703125
v 115.51420593261719 104.27347564697266 889.91546630859375
v -9.79795742034912 100.07740783691406 891.8751220703125
v -7.20884418487549 104.27347564697266 889.91546630859375
v 4.32585334777832 18.86178398132324 888.69818115234375
v 6.91496658325195 24.37347793579102 888.69818115234375
v 103.31658172607422 18.86178398132324 888.69818115234375
v 100.72747039794922 24.37347793579102 888.69818115234375
v 103.31658172607422 20.17740631103516 891.8751220703125
v 100.72747039794922 24.37347793579102 889.91546630859375
v 4.32585334777832 20.17740631103516 891.8751220703125
v 6.91496658325195 24.37347793579102 889.91546630859375
v 2.07190990447998 114.74178314208984 888.69818115234375
v 4.66102313995361 120.25347900390625 888.69818115234375
v 106.23345184326172 114.74178314208984 888.69818115234375
v 103.64434051513672 120.25347900390625 888.69818115234375
v 106.23345184326172 116.05740356445312 891.8751220703125
v 103.64434051513672 120.25347900390625 889.91546630859375
v 2.07190990447998 116.05740356445312 891.8751220703125
v 4.66102313995361 120.25347900390625 889.91546630859375
v 28.39353370666504 130.72178649902344 888.69818115234375
v 30.98264694213867 136.23347473144531 888.69818115234375
v 79.49111938476562 130.72178649902344 888.69818115234375
v 76.90200805664062 136.23347473144531 888.69818115234375
v 79.49111938476562 132.03739929199219 891.8751220703125
v 76.90200805664062 136.23347473144531 889.91546630859375
v 28.39353370666504 132.03739929199219 891.8751220703125
v 30.98264694213867 136.23347473144531 889.91546630859375
v 31.4429874420166 2.88178372383118 888.69818115234375
v 34.03210067749023 8.39347839355469 888.69818115234375
v 76.59720611572266 2.88178372383118 888.69818115234375
v 74.00809478759766 8.39347839355469 888.69818115234375
v 76.59720611572266 4.19740629196167 891.8751220703125
v 74.00809478759766 8.39347839355469 889.91546630859375
v 31.4429874420166 4.19740629196167 891.8751220703125
v 34.03210067749023 8.39347839355469 889.91546630859375
v 54.02009582519531 2.88178372383118 888.69818115234375
v 54.02009582519531 8.39347839355469 888.69818115234375
v 54.02009582519531 88.29347991943359 889.91546630859375
v 54.02009582519531 88.29347991943359 888.69818115234375
v 54.02009582519531 84.09740447998047 891.8751220703125
v 54.02009582519531 56.33347702026367 889.91546630859375
v 54.02009582519531 56.33347702026367 888.69818115234375
v 54.02009582519531 52.13740539550781 891.8751220703125
v -29.81550407409668 92.02130889892578 882.41522216796875
v -21.14484596252441 112.95413208007812 882.41522216796875
v -32.77290344238281 69.55763244628906 882.41522216796875
v -7.35182237625122 130.92955017089844 882.41522216796875
v -29.81550407409668 47.09394836425781 882.41522216796875
v 10.62359619140625 144.72257995605469 882.41522216796875
v -21.14484596252441 26.16113090515137 882.41522216796875
v 31.55641555786133 153.39323425292969 882.41522216796875
v -7.35182237625122 8.18571281433105 882.41522216796875
v 54.02009582519531 156.35063171386719 882.41522216796875
v 10.62359619140625 -5.60731172561646 882.41522216796875
v 76.48377990722656 153.39323425292969 882.41522216796875
v 31.55641555786133 -14.27796936035156 882.41522216796875
v 97.41659545898438 144.72257995605469 882.41522216796875
v 54.02009582519531 -17.2353687286377 882.41522216796875
v 115.39201354980469 130.92955017089844 882.41522216796875
v 76.48377990722656 -14.27796936035156 882.41522216796875
v 129.18504333496094 112.95413208007812 882.41522216796875
v 97.41659545898438 -5.60731172561646 882.41522216796875
v 137.85569763183594 92.02130889892578 882.41522216796875
v 115.39201354980469 8.18571281433105 882.41522216796875
v 140.81309509277344 69.55763244628906 882.41522216796875
v 129.18504333496094 26.16113090515137 882.41522216796875
v 137.85569763183594 47.09394836425781 882.41522216796875
v -34.40539932250977 93.25117492675781 873.22607421875
v -25.26003456115723 115.33003234863281 873.22607421875
v -37.52471542358398 69.55763244628906 873.22607421875
v -10.71185970306396 134.28958129882812 873.22607421875
v -34.40539932250977 45.86408996582031 873.22607421875
v 8.24769115447998 148.8377685546875 873.22607421875
v -25.26003456115723 23.78522682189941 873.22607421875
v 30.3265552520752 157.98312377929688 873.22607421875
v -10.71185970306396 4.82567501068115 873.22607421875
v 54.02009582519531 161.10244750976562 873.22607421875
v 8.24769115447998 -9.72249984741211 873.22607421875
v 77.71363830566406 157.98312377929688 873.22607421875
v 30.3265552520752 -18.86786460876465 873.22607421875
v 99.79250335693359 148.8377685546875 873.22607421875
v 54.02009582519531 -21.98717880249023 873.22607421875
v 118.75205230712891 134.28958129882812 873.22607421875
v 77.71363830566406 -18.86786460876465 873.22607421875
v 133.30023193359375 115.33003234863281 873.22607421875
v 99.79250335693359 -9.72249984741211 873.22607421875
v 142.44558715820312 93.25117492675781 873.22607421875
v 118.75205230712891 4.82567501068115 873.22607421875
v 145.56491088867188 69.55763244628906 873.22607421875
v 133.30023193359375 23.78522682189941 873.22607421875
v 142.44558715820312 45.86408996582031 873.22607421875
v -34.40539932250977 93.25117492675781 839.05108642578125
v -25.26003456115723 115.33003234863281 839.05108642578125
v -37.52471542358398 69.55763244628906 839.05108642578125
v -10.71185970306396 134.28958129882812 839.05108642578125
v -34.40539932250977 45.86408996582031 839.05108642578125
v 8.24769115447998 148.8377685546875 839.05108642578125
v -25.26003456115723 23.78522682189941 839.05108642578125
v 30.3265552520752 157.98312377929688 839.05108642578125
v -10.71185970306396 4.82567501068115 839.05108642578125
v 54.02009582519531 161.10244750976562 839.05108642578125
v 8.24769115447998 -9.72249984741211 839.05108642578125
v 77.71363830566406 157.98312377929688 839.05108642578125
v 30.3265552520752 -18.86786460876465 839.05108642578125
v 99.79250335693359 148.8377685546875 839.05108642578125
v 54.02009582519531 -21.98717880249023 839.05108642578125
v 118.75205230712891 134.28958129882812 839.05108642578125
v 77.71363830566406 -18.86786460876465 839.05108642578125
v 133.30023193359375 115.33003234863281 839.05108642578125
v 99.79250335693359 -9.72249984741211 839.05108642578125
v 142.44558715820312 93.25117492675781 839.05108642578125
v 118.75205230712891 4.82567501068115 839.05108642578125
v 145.56491088867188 69.55763244628906 839.05108642578125
v 133.30023193359375 23.78522682189941 839.05108642578125
v 142.44558715820312 45.86408996582031 839.05108642578125
v -23.75167846679688 114.45918273925781 840.54510498046875
v -32.72304916381836 92.80038452148438 840.54510498046875
v -9.48029232025146 133.05801391601562 840.54510498046875
v -35.78301239013672 69.55763244628906 840.54510498046875
v 9.11854076385498 147.32940673828125 840.54510498046875
v -32.72304534912109 46.31487655639648 840.54510498046875
v 30.77734184265137 156.30078125 840.54510498046875
v -23.75167846679688 24.65607643127441 840.54510498046875
v 54.02009582519531 159.36074829101562 840.54510498046875
v -9.48029232025146 6.05724287033081 840.54510498046875
v 77.26284790039062 156.30078125 840.54510498046875
v 9.11854076385498 -8.21414375305176 840.54510498046875
v 98.92165374755859 147.32940673828125 840.54510498046875
v 30.77734184265137 -17.18551254272461 840.54510498046875
v 117.52048492431641 133.05801391601562 840.54510498046875
v 54.02009582519531 -20.24547958374023 840.54510498046875
v 131.7918701171875 114.45918273925781 840.54510498046875
v 77.26284790039062 -17.18551254272461 840.54510498046875
v 140.76324462890625 92.80038452148438 840.54510498046875
v 98.92165374755859 -8.21414375305176 840.54510498046875
v 143.82321166992188 69.55763244628906 840.54510498046875
v 117.52048492431641 6.05724287033081 840.54510498046875
v 140.76324462890625 46.31487655639648 840.54510498046875
v 131.7918701171875 24.65607643127441 840.54510498046875
v -27.58246994018555 215.74974060058594 501.03366088867188
v -27.29561614990234 215.95661926269531 497.9918212890625
v -24.9390926361084 216.23309326171875 496.05581665039062
v -21.89701080322266 216.417236328125 496.355224609375
v -19.95193290710449 216.40077209472656 498.72042846679688
v -20.2387866973877 216.19387817382812 501.76223754882812
v -22.59531021118164 215.91740417480469 503.69827270507812
v -25.63739204406738 215.7332763671875 503.39886474609375
v -26.65796279907227 201.87254333496094 500.17767333984375
v -26.36338043212891 201.95486450195312 497.12811279296875
v -23.98859596252441 201.95175170898438 495.17437744140625
v -20.92843437194824 201.86524963378906 495.45651245117188
v -18.97605895996094 201.74588012695312 497.81500244140625
v -19.2706413269043 201.66355895996094 500.86456298828125
v -21.64542579650879 201.66667175292969 502.81829833984375
v -24.70558738708496 201.75315856933594 502.53616333007812
v -28.22146606445312 188.60743713378906 500.22027587890625
v -27.96567153930664 188.38917541503906 497.1712646484375
v -25.67279243469238 187.70982360839844 495.21694946289062
v -22.68962287902832 186.96803283691406 495.4976806640625
v -20.7641544342041 186.5987548828125 497.85476684570312
v -21.01995086669922 186.8170166015625 500.90377807617188
v -23.31282997131348 187.49635314941406 502.85809326171875
v -26.29599952697754 188.23814392089844 502.57736206054688
v -33.03312683105469 176.53768920898438 501.44903564453125
v -32.92644882202148 175.95993041992188 498.43609619140625
v -30.96167182922363 174.46701049804688 496.56008911132812
v -28.29317474365234 172.93475341796875 496.91549682617188
v -26.48433303833008 172.26182556152344 499.29977416992188
v -26.59101104736328 172.83958435058594 502.312744140625
v -28.55578804016113 174.33248901367188 504.188720703125
v -31.22428321838379 175.86476135253906 503.83334350585938
v -41.24156188964844 166.77262878417969 503.95599365234375
v -41.39409637451172 165.89500427246094 501.0198974609375
v -40.00861740112305 163.71818542480469 499.31503295898438
v -37.89975357055664 161.51908874511719 499.83551025390625
v -36.30255889892578 160.58758544921875 502.28195190429688
v -36.1500244140625 161.4652099609375 505.21804809570312
v -37.53550338745117 163.64202880859375 506.92291259765625
v -39.64437103271484 165.84112548828125 506.40243530273438
v -52.24374771118164 159.66023254394531 507.53790283203125
v -52.567138671875 158.67416381835938 504.65676879882812
v -51.59380722045898 156.23320007324219 503.08447265625
v -49.89662170410156 153.76922607421875 503.73727416992188
v -48.46916198730469 152.72746276855469 506.23825073242188
v -48.14577102661133 153.71353149414062 509.119384765625
v -49.11910247802734 156.15449523925781 510.69168090820312
v -50.81628799438477 158.61846923828125 510.03887939453125
v -64.57077026367188 152.71070861816406 511.40362548828125
v -64.74317932128906 151.81588745117188 508.47308349609375
v -63.53693008422852 149.50848388671875 506.822509765625
v -61.66138076782227 147.14210510253906 507.41409301757812
v -60.21487426757812 146.10464477539062 509.9068603515625
v -60.0424690246582 146.99945068359375 512.83740234375
v -61.24871444702148 149.30686950683594 514.48797607421875
v -63.12426376342773 151.67324829101562 513.8963623046875
v -75.94487762451172 142.39613342285156 514.18865966796875
v -75.72212219238281 141.90339660644531 511.15176391601562
v -73.79168701171875 140.27760314941406 509.29595947265625
v -71.28746032714844 138.47285461425781 509.7037353515625
v -69.67680358886719 137.54730224609375 512.1419677734375
v -69.89955902099609 138.04002380371094 515.17889404296875
v -71.82999420166016 139.66583251953125 517.03472900390625
v -74.334228515625 141.4705810546875 516.626953125
v -82.78916168212891 127.81314849853516 514.16552734375
v -82.27693176269531 128.08810424804688 511.12588500976562
v -79.75172424316406 127.81958770751953 509.22784423828125
v -76.69617462158203 127.16612243652344 509.5787353515625
v -74.90116119384766 126.50998687744141 511.97879028320312
v -75.41339111328125 126.23503112792969 515.01849365234375
v -77.9385986328125 126.50355529785156 516.91650390625
v -80.99414825439453 127.15702056884766 516.56561279296875
v -81.94993591308594 112.19009399414062 510.58950805664062
v -81.518798828125 113.13748168945312 507.6990966796875
v -79.0909423828125 114.20404052734375 506.07357788085938
v -76.09201049804688 114.76551818847656 506.66043090820312
v -74.27956390380859 114.4912109375 509.12142944335938
v -74.71070098876953 113.54383087158203 512.0118408203125
v -77.13855743408203 112.47726440429688 513.63739013671875
v -80.13748931884766 111.91578674316406 513.05047607421875
v -75.62972259521484 98.44219207763672 505.68417358398438
v -75.39440155029297 99.80406951904297 502.94125366210938
v -73.43366241455078 101.88090515136719 501.67251586914062
v -70.899169921875 103.45583343505859 502.61624145507812
v -69.27603149414062 103.60369873046875 505.22479248046875
v -69.5113525390625 102.24182891845703 507.96771240234375
v -71.47209167480469 100.16499328613281 509.2364501953125
v -74.006591796875 98.59005737304688 508.292724609375
v -63.81119537353516 88.99221038818359 500.61444091796875
v -63.91308975219727 90.63729095458984 498.02337646484375
v -62.85363006591797 93.44023132324219 497.15249633789062
v -61.25571060180664 95.75819396972656 498.50668334960938
v -60.05517959594727 96.23023986816406 501.29754638671875
v -59.95328521728516 94.58515930175781 503.88861083984375
v -61.01274490356445 91.78221893310547 504.75949096679688
v -62.61066436767578 89.46425628662109 503.40533447265625
v -49.49913024902344 85.58458709716797 496.5318603515625
v -49.81342697143555 87.28402709960938 494.00381469726562
v -49.39326095581055 90.23894500732422 493.3184814453125
v -48.48640060424805 92.71736145019531 494.871826171875
v -47.62347793579102 93.26421356201172 497.75872802734375
v -47.30918121337891 91.56478118896484 500.2867431640625
v -47.72934722900391 88.60985565185547 500.97207641601562
v -48.63620758056641 86.13143920898438 499.41873168945312
v -36.61306762695312 83.41407012939453 493.5194091796875
v -36.51615142822266 85.01902008056641 490.87710571289062
v -35.43910217285156 87.85829162597656 490.00741577148438
v -34.01462173461914 90.26760101318359 491.41439819335938
v -33.07733917236328 90.83255767822266 494.27886962890625
v -33.17425918579102 89.22760772705078 496.92117309570312
v -34.25130844116211 86.38834381103516 497.79086303710938
v -35.67578506469727 83.97903442382812 496.38388061523438
v -27.72174263000488 76.20774841308594 491.51824951171875
v -26.91856384277344 77.125244140625 488.6517333984375
v -24.47275161743164 78.81148529052734 487.35491943359375
v -21.81950759887695 80.27796173095703 488.3822021484375
v -20.51459503173828 80.66388702392578 491.13726806640625
v -21.31777381896973 79.74639129638672 494.0037841796875
v -23.76358795166016 78.06015014648438 495.30059814453125
v -26.41683006286621 76.59367370605469 494.2733154296875
v -25.05141830444336 63.78401184082031 490.85971069335938
v -24.15434455871582 64.13912963867188 487.95333862304688
v -21.49813842773438 64.78661346435547 486.57379150390625
v -18.64139747619629 65.34690093994141 487.52401733398438
v -17.25926971435547 65.49110412597656 490.25289916992188
v -18.15634346008301 65.135986328125 493.15924072265625
v -20.81254959106445 64.48850250244141 494.53878784179688
v -23.66929054260254 63.92821884155273 493.58859252929688
v 27.68560028076172 359.69659423828125 680.14764404296875
v 28.91438865661621 358.2191162109375 679.32720947265625
v 32.65194702148438 349.07113647460938 692.1495361328125
v 34.10115814208984 350.54864501953125 691.86181640625
v 34.10115814208984 358.2191162109375 691.86181640625
v 32.65194702148438 359.69659423828125 692.1495361328125
v 32.64733123779297 349.07113647460938 705.13836669921875
v 34.09633636474609 350.54864501953125 705.4271240234375
v 34.09633636474609 358.2191162109375 705.4271240234375
v 32.64733123779297 359.69659423828125 705.13836669921875
v 27.67245292663574 349.07113647460938 717.13671875
v 28.90065765380859 350.54864501953125 717.9580078125
v 28.90065765380859 358.2191162109375 717.9580078125
v 27.67245292663574 359.69659423828125 717.13671875
v 18.48469734191895 349.07113647460938 726.31793212890625
v 19.30511474609375 350.54864501953125 727.5467529296875
v 19.30511474609375 358.2191162109375 727.5467529296875
v 18.48469734191895 359.69659423828125 726.31793212890625
v 6.48281240463257 349.07113647460938 731.2843017578125
v 6.77054309844971 350.54864501953125 732.7335205078125
v 6.77054309844971 358.2191162109375 732.7335205078125
v 6.48281240463257 359.69659423828125 731.2843017578125
v -6.50602149963379 349.07113647460938 731.2796630859375
v -6.7947826385498 350.54864501953125 732.72869873046875
v -6.7947826385498 358.2191162109375 732.72869873046875
v -6.50602149963379 359.69659423828125 731.2796630859375
v -18.50437164306641 349.07113647460938 726.3048095703125
v -19.32566452026367 350.54864501953125 727.53302001953125
v -19.32566452026367 358.2191162109375 727.53302001953125
v -18.50437164306641 359.69659423828125 726.3048095703125
v -27.68560028076172 349.07113647460938 717.1170654296875
v -28.91438865661621 350.54864501953125 717.93743896484375
v -28.91438865661621 358.2191162109375 717.93743896484375
v -27.68560028076172 359.69659423828125 717.1170654296875
v -32.65194702148438 349.07113647460938 705.11517333984375
v -34.10115814208984 350.54864501953125 705.40289306640625
v -34.10115814208984 358.2191162109375 705.40289306640625
v -32.65194702148438 359.69659423828125 705.11517333984375
v -32.64733123779297 349.07113647460938 692.1263427734375
v -34.09633636474609 350.54864501953125 691.83758544921875
v -34.09633636474609 358.2191162109375 691.83758544921875
v -32.64733123779297 359.69659423828125 692.1263427734375
v -27.67245292663574 349.07113647460938 680.12799072265625
v -28.90065765380859 350.54864501953125 679.30670166015625
v -28.90065765380859 358.2191162109375 679.30670166015625
v -27.67245292663574 359.69659423828125 680.12799072265625
v -18.48469734191895 349.07113647460938 670.94671630859375
v -19.30511474609375 350.54864501953125 669.71795654296875
v -19.30511474609375 358.2191162109375 669.71795654296875
v -18.48469734191895 359.69659423828125 670.94671630859375
v -6.48281240463257 349.07113647460938 665.98040771484375
v -6.77054309844971 350.54864501953125 664.53118896484375
v -6.77054309844971 358.2191162109375 664.53118896484375
v -6.48281240463257 359.69659423828125 665.98040771484375
v 6.50602149963379 349.07113647460938 665.9849853515625
v 6.7947826385498 350.54864501953125 664.5360107421875
v 6.7947826385498 358.2191162109375 664.5360107421875
v 6.50602149963379 359.69659423828125 665.9849853515625
v 18.50437164306641 349.07113647460938 670.95989990234375
v 19.32566452026367 350.54864501953125 669.731689453125
v 19.32566452026367 358.2191162109375 669.731689453125
v 18.50437164306641 359.69659423828125 670.95989990234375
v 27.68560028076172 349.07113647460938 680.14764404296875
v 28.91438865661621 350.54864501953125 679.32720947265625
v -20.81524467468262 200.18952941894531 483.71304321289062
v -20.81524467468262 192.76625061035156 483.71304321289062
v -13.11328411102295 190.0233154296875 498.95297241210938
v -13.11328411102295 206.02201843261719 498.95297241210938
v -15.2420539855957 190.0233154296875 505.504638671875
v -15.2420539855957 206.02201843261719 505.504638671875
v -20.81524467468262 190.0233154296875 509.55380249023438
v -20.81524467468262 206.02201843261719 509.55380249023438
v -27.7040901184082 190.0233154296875 509.55380249023438
v -27.7040901184082 206.02201843261719 509.55380249023438
v -33.27728271484375 190.0233154296875 505.504638671875
v -33.27728271484375 206.02201843261719 505.504638671875
v -35.40605163574219 190.0233154296875 498.95297241210938
v -35.40605163574219 206.02201843261719 498.95297241210938
v -33.27728271484375 190.0233154296875 492.40127563476562
v -33.27728271484375 206.02201843261719 492.40127563476562
v -27.7040901184082 190.0233154296875 488.35211181640625
v -27.7040901184082 206.02201843261719 488.35211181640625
v -20.81524467468262 190.0233154296875 488.35211181640625
v -20.81524467468262 206.02201843261719 488.35211181640625
v -15.2420539855957 190.0233154296875 492.40127563476562
v -15.2420539855957 206.02201843261719 492.40127563476562
v -27.7040901184082 192.76625061035156 488.35211181640625
v -20.81524467468262 192.76625061035156 488.35211181640625
v -27.7040901184082 200.18952941894531 488.35211181640625
v -20.81524467468262 200.18952941894531 488.35211181640625
v -16.20083236694336 186.543212890625 498.95297241210938
v -17.73993301391602 186.543212890625 503.6898193359375
v -21.76935005187988 186.543212890625 506.61737060546875
v -26.74998474121094 186.543212890625 506.61737060546875
v -30.7794017791748 186.543212890625 503.6898193359375
v -32.31850433349609 186.543212890625 498.95297241210938
v -30.7794017791748 186.543212890625 494.21609497070312
v -26.74998474121094 186.543212890625 491.28854370117188
v -21.76935005187988 186.543212890625 491.28854370117188
v -17.73993301391602 186.543212890625 494.21609497070312
v -26.06943893432617 200.18952941894531 483.98193359375
v -26.06943893432617 192.76625061035156 483.98193359375
v -22.44989585876465 200.18952941894531 483.98193359375
v -22.44989585876465 192.76625061035156 483.98193359375
v -25.30954551696777 200.18475341796875 475.258056640625
v -25.30954551696777 192.76625061035156 475.23068237304688
v -23.20978927612305 200.18475341796875 475.258056640625
v -23.20978927612305 192.76625061035156 475.23068237304688
v -25.28359031677246 174.80812072753906 483.21160888671875
v -23.23574447631836 174.80812072753906 483.21160888671875
v -24.85366249084473 174.80812072753906 478.91006469726562
v -23.66567230224609 174.80812072753906 478.91006469726562
v -25.39456939697266 205.34869384765625 483.08148193359375
v -23.12476539611816 205.34869384765625 483.08148193359375
v -24.91804313659668 205.34391784667969 478.20132446289062
v -23.60129165649414 205.34391784667969 478.20132446289062
v -27.7040901184082 192.76625061035156 483.71304321289062
v -27.7040901184082 200.18952941894531 483.71304321289062
v -27.18819046020508 192.76625061035156 483.17532348632812
v -27.18819046020508 200.18952941894531 483.17532348632812
v -21.33114433288574 200.18952941894531 483.17532348632812
v -21.33114433288574 192.76625061035156 483.17532348632812
v 62.94700622558594 311.88821411132812 775.84222412109375
v 116.68858337402344 314.04705810546875 775.9873046875
v -60.87328338623047 314.04745483398438 621.41302490234375
v -116.78719329833984 314.0419921875 482.0101318359375
v 61.60121154785156 333.22174072265625 915.9410400390625
v 117.41862487792969 337.92681884765625 698.6324462890625
v -118.33328247070312 323.01608276367188 479.53253173828125
v -117.41624450683594 337.55819702148438 621.08172607421875
v 117.41624450683594 337.55819702148438 776.1829833984375
v -61.60121154785156 333.22174072265625 481.32363891601562
v 60.87328338623047 314.04745483398438 775.8516845703125
v 61.62449645996094 344.23519897460938 698.63232421875
v 117.41623687744141 337.55819702148438 621.08184814453125
v 116.69120025634766 314.04714965820312 698.6324462890625
v 116.78719329833984 314.0419921875 915.2545166015625
v 60.8732795715332 314.04745483398438 621.41302490234375
v 118.33328247070312 323.01608276367188 917.732177734375
v -117.41623687744141 337.55819702148438 776.18280029296875
v -116.69120025634766 314.04714965820312 698.63226318359375
v -61.62449645996094 344.23519897460938 698.63232421875
v -60.8732795715332 314.04745483398438 775.8516845703125
v -117.32443237304688 321.292236328125 915.55230712890625
v -116.68856811523438 314.04705810546875 775.98712158203125
v -61.6268196105957 344.246337890625 776.0543212890625
v -60.90223693847656 314.04742431640625 915.56060791015625
v -117.41862487792969 337.92681884765625 698.63226318359375
v -116.68858337402344 314.04705810546875 621.27740478515625
v -61.62682342529297 344.246337890625 621.2103271484375
v -60.87129211425781 314.04751586914062 698.63232421875
v 116.72470092773438 323.19989013671875 919.14056396484375
v 119.56642150878906 339.63629150390625 698.6324462890625
v 114.49683380126953 311.88821411132812 698.6324462890625
v 183.78318786621094 238.6392822265625 408.42022705078125
v 183.78318786621094 236.03929138183594 408.42022705078125
v -183.78318786621094 236.03929138183594 408.42022705078125
v -183.78318786621094 238.6392822265625 408.42022705078125
v -191.54331970214844 238.6392822265625 416.09445190429688
v -191.54331970214844 236.03929138183594 416.09445190429688
v -191.54331970214844 236.03929138183594 981.17022705078125
v -191.54331970214844 238.6392822265625 981.17022705078125
v -183.78318786621094 238.6392822265625 988.844482421875
v -183.78318786621094 236.03929138183594 988.844482421875
v 183.78318786621094 236.03929138183594 988.844482421875
v 183.78318786621094 238.6392822265625 988.844482421875
v 191.54331970214844 238.6392822265625 981.17022705078125
v 191.54331970214844 236.03929138183594 981.17022705078125
v 191.54331970214844 236.03929138183594 416.09445190429688
v 191.54331970214844 238.6392822265625 416.09445190429688
v 187.57821655273438 238.6392822265625 409.4005126953125
v 190.55203247070312 238.6392822265625 412.3414306640625
v 187.57821655273438 236.03929138183594 409.4005126953125
v 190.55203247070312 236.03929138183594 412.3414306640625
v -187.57821655273438 236.03929138183594 409.4005126953125
v -190.55203247070312 236.03929138183594 412.3414306640625
v -187.57821655273438 238.6392822265625 409.4005126953125
v -190.55203247070312 238.6392822265625 412.3414306640625
v -190.55203247070312 236.03929138183594 984.92327880859375
v -187.57821655273438 236.03929138183594 987.86419677734375
v -190.55203247070312 238.6392822265625 984.92327880859375
v -187.57821655273438 238.6392822265625 987.86419677734375
v 187.57821655273438 236.03929138183594 987.86419677734375
v 190.55203247070312 236.03929138183594 984.92327880859375
v 187.57821655273438 238.6392822265625 987.86419677734375
v 190.55203247070312 238.6392822265625 984.92327880859375
v -0.00000000000003 295.6556396484375 950.41986083984375
v 149.75851440429688 285.41574096679688 950.09527587890625
v 150.77119445800781 285.36428833007812 949.04638671875
v 0 295.6556396484375 446.84481811523438
v -49.25 295.6556396484375 446.84481811523438
v -149.75851440429688 285.41574096679688 950.09527587890625
v 173.71853637695312 238.6392822265625 427.34222412109375
v 174.93792724609375 238.6392822265625 428.474365234375
v -173.71853637695312 238.6392822265625 427.34222412109375
v -174.93792724609375 238.6392822265625 428.47381591796875
v -174.93792724609375 238.6392822265625 968.79034423828125
v -173.71853637695312 238.6392822265625 969.9224853515625
v 173.71853637695312 238.6392822265625 969.9224853515625
v 174.93792724609375 238.6392822265625 968.7908935546875
v -49.25 295.6556396484375 950.41986083984375
v 49.25 295.6556396484375 950.41986083984375
v 149.75851440429688 285.41574096679688 447.16943359375
v -149.75851440429688 285.41574096679688 447.16943359375
v 0.00000000000006 236.03929138183594 408.42022705078125
v -0.00000000000002 236.03929138183594 988.844482421875
v -0.00000000000001 238.6392822265625 970.272705078125
v 0.00000000000001 238.6392822265625 426.99200439453125
v -0.00000000000006 238.6392822265625 988.844482421875
v 0.00000000000006 238.6392822265625 408.42022705078125
v 0.00000000000002 217.1392822265625 698.63232421875
v -114.07513427734375 314.04373168945312 479.28628540039062
v 61.60121154785156 333.22171020507812 481.32366943359375
v 63.6136360168457 314.04791259765625 479.01065063476562
v 116.72467041015625 323.19989013671875 478.12423706054688
v 118.30204772949219 323.03179931640625 479.60946655273438
v 64.28977203369141 332.42849731445312 478.63656616210938
v 114.07509613037109 314.04373168945312 479.28643798828125
v -61.60121154785156 333.22171020507812 915.9410400390625
v -63.6136360168457 314.04791259765625 918.2540283203125
v 114.64708709716797 321.5540771484375 478.99310302734375
v -62.43348693847656 334.90985107421875 919.4957275390625
v 150.77119445800781 285.36428833007812 448.21884155273438
v -150.77119445800781 285.36428833007812 448.21832275390625
v 49.25 295.6556396484375 446.84481811523438
v -150.77119445800781 285.36428833007812 949.04583740234375
v -164.19911193847656 279.00384521484375 437.167236328125
v -164.18147277832031 277.57394409179688 435.04507446289062
v -165.29960632324219 277.53018188476562 436.14437866210938
v -164.19911193847656 279.00384521484375 960.096923828125
v -52.41723251342773 286.31210327148438 434.73977661132812
v -163.0888671875 279.049072265625 436.07376098632812
v -52.25997543334961 288.01107788085938 435.97610473632812
v 0 288.02392578125 436.0028076171875
v 52.41723251342773 286.31210327148438 434.73977661132812
v 0 286.307373046875 434.739013671875
v 52.25997543334961 288.01107788085938 435.97610473632812
v 164.18147277832031 277.57394409179688 435.04507446289062
v -163.0888671875 279.049072265625 961.19091796875
v -165.29960632324219 277.53018188476562 961.1197509765625
v -164.18147277832031 277.57394409179688 962.2196044921875
v -52.25997543334961 288.01107788085938 961.28857421875
v -52.41723251342773 286.31210327148438 962.52490234375
v -0.00000000000003 288.02392578125 961.26190185546875
v -0.00000000000003 286.307373046875 962.52569580078125
v 52.25997543334961 288.01107788085938 961.28857421875
v 163.0888671875 279.049072265625 961.19091796875
v 52.41723251342773 286.31210327148438 962.52490234375
v 164.18147277832031 277.57394409179688 962.2196044921875
v 164.19911193847656 279.00384521484375 960.09747314453125
v 165.29960632324219 277.53018188476562 961.12030029296875
v 164.19911193847656 279.00384521484375 437.16775512695312
v 165.29960632324219 277.53018188476562 436.1448974609375
v 163.0888671875 279.049072265625 436.07376098632812
v 130.57876586914062 318.03350830078125 464.6199951171875
v 131.3951416015625 318.00482177734375 465.8631591796875
v 129.91378784179688 318.9698486328125 930.8858642578125
v -49.25 335.56155395507812 932.644775390625
v 129.91374206542969 318.9698486328125 466.3790283203125
v -0.00000000000003 335.56155395507812 932.644775390625
v 49.25 336.381591796875 465.87167358398438
v 131.3951416015625 318.00482177734375 931.4019775390625
v -49.25 335.56155395507812 464.61990356445312
v -130.57876586914062 318.03350830078125 464.6199951171875
v -129.91378784179688 318.9698486328125 466.37884521484375
v 49.25 336.381591796875 931.39300537109375
v -129.91374206542969 318.9698486328125 930.88568115234375
v 0 336.381591796875 465.87167358398438
v -49.25 336.381591796875 931.39300537109375
v -131.3951416015625 318.00482177734375 465.86270141601562
v -131.3951416015625 318.00482177734375 931.40155029296875
v -130.57876586914062 318.03350830078125 932.64471435546875
v 49.25 335.56155395507812 932.644775390625
v 130.57876586914062 318.03350830078125 932.64471435546875
v 49.25 335.56155395507812 464.61990356445312
v 0 335.56155395507812 464.61990356445312
v -49.25 336.381591796875 465.87167358398438
v -0.00000000000003 336.381591796875 931.39300537109375
v -129.91375732421875 337.40151977539062 698.63226318359375
v -49.25 349.0787353515625 698.63232421875
v 49.25 349.0787353515625 698.63232421875
v 129.91375732421875 337.40151977539062 698.6324462890625
v 131.3951416015625 336.43646240234375 698.632568359375
v 150.77119445800781 285.36428833007812 698.632568359375
v 164.19911193847656 279.00384521484375 698.63262939453125
v 165.29960632324219 277.53018188476562 698.63262939453125
v 174.93792724609375 238.6392822265625 698.63262939453125
v 191.54331970214844 238.6392822265625 698.63232421875
v 191.54331970214844 236.03929138183594 698.63232421875
v -131.3951416015625 336.43646240234375 698.632080078125
v -150.77119445800781 285.36428833007812 698.632080078125
v -164.19911193847656 279.00384521484375 698.632080078125
v -165.29960632324219 277.53018188476562 698.632080078125
v -174.93792724609375 238.6392822265625 698.632080078125
v -191.54331970214844 238.6392822265625 698.63232421875
v -191.54331970214844 236.03929138183594 698.63232421875
v -129.91375732421875 337.0439453125 776.050048828125
v -49.25 349.0787353515625 776.21923828125
v -0.00000000000002 349.0787353515625 776.21923828125
v 49.25 349.0787353515625 776.21923828125
v 129.91377258300781 337.0439453125 776.05023193359375
v 131.3951416015625 336.07891845703125 776.222412109375
v -116.72467041015625 323.19989013671875 919.14044189453125
v -118.30204772949219 323.03179931640625 917.65521240234375
v -64.28977203369141 332.42849731445312 918.62811279296875
v -114.07509613037109 314.04373168945312 917.978271484375
v -114.64708709716797 321.5540771484375 918.2716064453125
v -116.78716278076172 314.0419921875 915.25439453125
v -131.3951416015625 336.07891845703125 776.221923828125
v 116.78716278076172 314.0419921875 482.01028442382812
v 62.43348693847656 334.90985107421875 919.4957275390625
v 60.87678909301758 335.36773681640625 917.95404052734375
v 114.64711761474609 321.55410766601562 918.271728515625
v 63.61363983154297 314.04791259765625 918.25408935546875
v 64.28977966308594 332.42852783203125 918.628173828125
v -131.3951416015625 336.07891845703125 621.04229736328125
v 60.90224456787109 314.04742431640625 915.5606689453125
v -62.94700241088867 311.88821411132812 621.42242431640625
v -114.49683380126953 311.88821411132812 698.63226318359375
v -60.87678527832031 335.36773681640625 917.95404052734375
v -119.56432342529297 339.26950073242188 776.175537109375
v -59.59942626953125 346.85317993164062 621.170654296875
v -129.91377258300781 337.0439453125 621.2144775390625
v -49.25 349.0787353515625 621.04547119140625
v -0.00000000000001 349.0787353515625 621.04547119140625
v 49.25 349.0787353515625 621.04547119140625
v 129.91375732421875 337.0439453125 621.214599609375
v 131.3951416015625 336.07891845703125 621.04278564453125
v -62.43348693847656 334.90985107421875 477.7689208984375
v -60.87678527832031 335.36773681640625 479.31063842773438
v -114.64712524414062 321.55410766601562 478.99298095703125
v -63.6136360168457 314.04791259765625 479.0106201171875
v -116.72470855712891 323.19989013671875 478.12411499023438
v -117.32447052001953 321.29226684570312 481.7122802734375
v -20.30517196655273 349.94781494140625 718.9375
v 28.71584892272949 349.94781494140625 698.63232421875
v -10.98907947540283 349.94781494140625 672.10235595703125
v -10.98907947540283 349.94781494140625 725.162353515625
v -20.30517196655273 349.94781494140625 678.3271484375
v -0.00000000000001 349.94781494140625 669.91650390625
v 20.30517196655273 349.94781494140625 678.3271484375
v -26.52998542785645 349.94781494140625 709.62139892578125
v 119.56433868408203 339.26950073242188 776.17572021484375
v 59.59734344482422 346.84396362304688 698.63232421875
v 62.95110702514648 311.88821411132812 914.63226318359375
v 64.40570068359375 311.88821411132812 916.0770263671875
v 113.02153778076172 311.88821411132812 915.77215576171875
v 114.49995422363281 311.88821411132812 914.2874755859375
v 114.49416351318359 311.88821411132812 775.96429443359375
v -114.49991607666016 311.88821411132812 914.28729248046875
v -113.02149963378906 311.88821411132812 915.77203369140625
v -64.40569305419922 311.88821411132812 916.07696533203125
v -62.95110321044922 311.88821411132812 914.63226318359375
v -62.94700241088867 311.88821411132812 775.84222412109375
v -62.95110321044922 311.88821411132812 482.63241577148438
v -64.40569305419922 311.88821411132812 481.18768310546875
v -113.02153778076172 311.88821411132812 481.4925537109375
v -114.49995422363281 311.88821411132812 482.97723388671875
v -114.49416351318359 311.88821411132812 621.3004150390625
v 114.49991607666016 311.88821411132812 482.97738647460938
v 113.02149963378906 311.88821411132812 481.49267578125
v 64.40569305419922 311.88821411132812 481.18771362304688
v 62.95110321044922 311.88821411132812 482.6324462890625
v 62.94700241088867 311.88821411132812 621.4224853515625
v 59.59943008422852 346.85317993164062 776.093994140625
v 62.94501495361328 311.88821411132812 698.63232421875
v 114.49415588378906 311.88821411132812 621.30059814453125
v 60.87678527832031 335.36773681640625 479.3106689453125
v 119.56432342529297 339.26950073242188 621.089111328125
v 116.68856811523438 314.04705810546875 621.277587890625
v 117.32443237304688 321.292236328125 481.71240234375
v 60.90223693847656 314.04742431640625 481.70407104492188
v 61.6268196105957 344.246337890625 621.2103271484375
v 60.87129211425781 314.04751586914062 698.63232421875
v 61.62682342529297 344.246337890625 776.0543212890625
v 114.07513427734375 314.04373168945312 917.9783935546875
v 117.32447052001953 321.292236328125 915.55242919921875
v -119.56433868408203 339.26950073242188 621.0889892578125
v -59.59734344482422 346.84396362304688 698.63232421875
v -119.56642150878906 339.63629150390625 698.63226318359375
v -60.90224075317383 314.04742431640625 481.70404052734375
v -64.28977203369141 332.42852783203125 478.63653564453125
v -114.49415588378906 311.88821411132812 775.964111328125
v -62.94501876831055 311.88821411132812 698.63232421875
v -59.59942626953125 346.8531494140625 776.093994140625
v 59.59942626953125 346.8531494140625 621.170654296875
v 62.43348693847656 334.90985107421875 477.76895141601562
v 14.36528968811035 333.57901000976562 663.95147705078125
v 14.36528968811035 333.57901000976562 733.313232421875
v 34.68087768554688 333.57901000976562 712.99761962890625
v 34.68087768554688 333.57901000976562 684.26702880859375
v 26.54359436035156 333.57901000976562 725.17596435546875
v 0 333.57901000976562 736.170654296875
v -37.53831100463867 333.57901000976562 698.63232421875
v -34.68087768554688 333.57901000976562 684.26702880859375
v -26.54359436035156 333.57901000976562 672.0887451171875
v -34.68087768554688 333.57901000976562 712.99761962890625
v 26.54359436035156 333.57901000976562 672.0887451171875
v -0.00000000000001 333.57901000976562 661.09405517578125
v -26.54359436035156 333.57901000976562 725.17596435546875
v -14.36528968811035 333.57901000976562 733.313232421875
v -14.36528968811035 333.57901000976562 663.95147705078125
v 37.53831100463867 333.57901000976562 698.63232421875
v 10.98907947540283 333.57901000976562 672.10235595703125
v 10.98907947540283 333.57901000976562 725.162353515625
v 26.52998542785645 333.57901000976562 709.62139892578125
v 26.52998542785645 333.57901000976562 687.64324951171875
v 20.30517196655273 333.57901000976562 718.9375
v 0 333.57901000976562 727.34820556640625
v -28.71584892272949 333.57901000976562 698.63232421875
v -26.52998542785645 333.57901000976562 687.64324951171875
v -20.30517196655273 333.57901000976562 678.3271484375
v -26.52998542785645 333.57901000976562 709.62139892578125
v 20.30517196655273 333.57901000976562 678.3271484375
v -0.00000000000001 333.57901000976562 669.91650390625
v -20.30517196655273 333.57901000976562 718.9375
v -10.98907947540283 333.57901000976562 725.162353515625
v -10.98907947540283 333.57901000976562 672.10235595703125
v 28.71584892272949 333.57901000976562 698.63232421875
v 14.36528968811035 346.95901489257812 663.95147705078125
v -0.00000000000001 346.95901489257812 661.09405517578125
v 14.6450023651123 349.07901000976562 661.99725341796875
v 14.36528968811035 346.95901489257812 733.313232421875
v 26.54359436035156 346.95901489257812 725.17596435546875
v 27.47608757019043 349.07901000976562 669.9925537109375
v -14.6450023651123 349.07901000976562 661.99725341796875
v -27.47608757019043 349.07901000976562 727.27215576171875
v -14.6450023651123 349.07901000976562 735.26739501953125
v 0 349.07901000976562 738.29974365234375
v 14.6450023651123 349.07901000976562 735.26739501953125
v -0.00000000000001 349.07901000976562 658.96490478515625
v 34.68087768554688 346.95901489257812 712.99761962890625
v 37.53831100463867 346.95901489257812 698.63232421875
v 27.47608757019043 349.07901000976562 727.27215576171875
v 36.32718658447266 349.0789794921875 713.08929443359375
v -26.54359436035156 346.95901489257812 672.0887451171875
v 34.68087768554688 346.95901489257812 684.26702880859375
v 26.54359436035156 346.95901489257812 672.0887451171875
v 39.66741943359375 349.0789794921875 698.63232421875
v 36.32718658447266 349.0789794921875 684.1754150390625
v -14.36528968811035 346.95901489257812 663.95147705078125
v -34.68087768554688 346.95901489257812 712.99761962890625
v -14.36528968811035 346.95901489257812 733.313232421875
v 0 346.95901489257812 736.170654296875
v -34.68087768554688 346.95901489257812 684.26702880859375
v -37.53831100463867 346.95901489257812 698.63232421875
v -36.32718658447266 349.0789794921875 684.1754150390625
v -39.66741943359375 349.0789794921875 698.63232421875
v -36.32718658447266 349.0789794921875 713.08929443359375
v -27.47608757019043 349.07901000976562 669.9925537109375
v -26.54359436035156 346.95901489257812 725.17596435546875
v 10.98907947540283 349.94781494140625 672.10235595703125
v 10.98907947540283 349.94781494140625 725.162353515625
v 26.52998542785645 349.94781494140625 709.62139892578125
v 26.52998542785645 349.94781494140625 687.64324951171875
v 20.30517196655273 349.94781494140625 718.9375
v 0 349.94781494140625 727.34820556640625
v -28.71584892272949 349.94781494140625 698.63232421875
v -26.52998542785645 349.94781494140625 687.64324951171875
v 160.41423034667969 236.03929138183594 460.3880615234375
v -160.41423034667969 236.03929138183594 460.3880615234375
v -163.17465209960938 236.03929138183594 462.98077392578125
v -163.17465209960938 236.03929138183594 934.28387451171875
v -160.41423034667969 236.03929138183594 936.87664794921875
v 160.41423034667969 236.03929138183594 936.87664794921875
v 163.17465209960938 236.03929138183594 934.28387451171875
v 163.17465209960938 236.03929138183594 462.98077392578125
v 0.00000000000005 236.03929138183594 460.3880615234375
v -0.00000000000002 236.03929138183594 936.87664794921875
v 163.17465209960938 236.03929138183594 698.63232421875
v -163.17465209960938 236.03929138183594 698.63232421875
v 149.66648864746094 217.1392822265625 476.35043334960938
v -149.66648864746094 217.1392822265625 476.35043334960938
v -152.241943359375 217.1392822265625 478.76943969726562
v -152.241943359375 217.1392822265625 918.4952392578125
v -149.66648864746094 217.1392822265625 920.91424560546875
v 149.66648864746094 217.1392822265625 920.91424560546875
v 152.241943359375 217.1392822265625 918.4952392578125
v 152.241943359375 217.1392822265625 478.76943969726562
v 0.00000000000005 217.1392822265625 476.35043334960938
v -0.00000000000002 217.1392822265625 920.91424560546875
v 152.241943359375 217.1392822265625 698.63232421875
v -152.241943359375 217.1392822265625 698.63232421875
v -48.40261840820312 217.1392822265625 476.35043334960938
v 0.00000000000004 217.1392822265625 533.3416748046875
v -48.40299987792969 217.1392822265625 533.34136962890625
v -8.41481018066406 205.73928833007812 481.78213500976562
v -39.98794174194336 205.73928833007812 481.78213500976562
v -8.41481018066406 205.73928833007812 518.9576416015625
v -39.98818969726562 205.73928833007812 518.95745849609375
v 53.69985961914062 78.26673889160156 888.622802734375
v 46.27167892456055 73.52633666992188 893.7406005859375
v 61.51925277709961 74.20394134521484 893.7406005859375
v 61.91046905517578 65.4007568359375 888.622802734375
v 61.91046905517578 65.4007568359375 893.7406005859375
v 46.27167892456055 73.52633666992188 888.622802734375
v 61.51925277709961 74.20394134521484 888.622802734375
v 54.4822883605957 60.66035461425781 888.622802734375
v 54.4822883605957 60.66035461425781 893.7406005859375
v 53.69985961914062 78.26673889160156 893.7406005859375
v 46.66289520263672 64.72315216064453 893.7406005859375
v 46.66289520263672 64.72315216064453 888.622802734375
v 176.13998413085938 231.66160583496094 415.82962036132812
v 181.79684448242188 231.66160583496094 415.82962036132812
v 176.13998413085938 223.66160583496094 415.82962036132812
v 182.96841430664062 223.66160583496094 418.65805053710938
v 182.96841430664062 231.66160583496094 418.65805053710938
v 181.79684448242188 223.66160583496094 415.82962036132812
v 174.96841430664062 231.66160583496094 418.65805053710938
v 181.79684448242188 223.66160583496094 421.48648071289062
v 181.79684448242188 231.66160583496094 421.48648071289062
v 174.96841430664062 223.66160583496094 418.65805053710938
v 178.96841430664062 223.66160583496094 414.65805053710938
v 178.96841430664062 223.66160583496094 422.65805053710938
v 178.96841430664062 231.66160583496094 422.65805053710938
v 178.96841430664062 231.66160583496094 414.65805053710938
v 176.13998413085938 231.66160583496094 421.48648071289062
v 176.13998413085938 223.66160583496094 421.48648071289062
v -183.062744140625 231.66160583496094 415.988037109375
v -177.40589904785156 231.66160583496094 415.988037109375
v -183.062744140625 223.66160583496094 415.988037109375
v -176.23432922363281 223.66160583496094 418.81646728515625
v -176.23432922363281 231.66160583496094 418.81646728515625
v -177.40589904785156 223.66160583496094 415.988037109375
v -184.23432922363281 231.66160583496094 418.81646728515625
v -177.40589904785156 223.66160583496094 421.6448974609375
v -177.40589904785156 231.66160583496094 421.6448974609375
v -184.23432922363281 223.66160583496094 418.81646728515625
v -180.23432922363281 223.66160583496094 414.81646728515625
v -180.23432922363281 223.66160583496094 422.81646728515625
v -180.23432922363281 231.66160583496094 422.81646728515625
v -180.23432922363281 231.66160583496094 414.81646728515625
v -183.062744140625 231.66160583496094 421.6448974609375
v -183.062744140625 223.66160583496094 421.6448974609375
v -183.24275207519531 231.66160583496094 975.65716552734375
v -177.58589172363281 231.66160583496094 975.65716552734375
v -183.24275207519531 223.66160583496094 975.65716552734375
v -176.41432189941406 223.66160583496094 978.485595703125
v -176.41432189941406 231.66160583496094 978.485595703125
v -177.58589172363281 223.66160583496094 975.65716552734375
v -184.41432189941406 231.66160583496094 978.485595703125
v -177.58589172363281 223.66160583496094 981.31402587890625
v -177.58589172363281 231.66160583496094 981.31402587890625
v -184.41432189941406 223.66160583496094 978.485595703125
v -180.41432189941406 223.66160583496094 974.485595703125
v -180.41432189941406 223.66160583496094 982.485595703125
v -180.41432189941406 231.66160583496094 982.485595703125
v -180.41432189941406 231.66160583496094 974.485595703125
v -183.24275207519531 231.66160583496094 981.31402587890625
v -183.24275207519531 223.66160583496094 981.31402587890625
v 176.21630859375 231.66160583496094 975.60162353515625
v 181.8731689453125 231.66160583496094 975.60162353515625
v 176.21630859375 223.66160583496094 975.60162353515625
v 183.04473876953125 223.66160583496094 978.4300537109375
v 183.04473876953125 231.66160583496094 978.4300537109375
v 181.8731689453125 223.66160583496094 975.60162353515625
v 175.04473876953125 231.66160583496094 978.4300537109375
v 181.8731689453125 223.66160583496094 981.25848388671875
v 181.8731689453125 231.66160583496094 981.25848388671875
v 175.04473876953125 223.66160583496094 978.4300537109375
v 179.04473876953125 223.66160583496094 974.4300537109375
v 179.04473876953125 223.66160583496094 982.4300537109375
v 179.04473876953125 231.66160583496094 982.4300537109375
v 179.04473876953125 231.66160583496094 974.4300537109375
v 176.21630859375 231.66160583496094 981.25848388671875
v 176.21630859375 223.66160583496094 981.25848388671875
v 175.58183288574219 238.75007629394531 412.79232788085938
v 172.19525146484375 242.68382263183594 418.65805053710938
v 182.35499572753906 242.68382263183594 412.79232788085938
v 185.7415771484375 238.75007629394531 418.65805053710938
v 185.7415771484375 242.68382263183594 418.65805053710938
v 172.19525146484375 238.75007629394531 418.65805053710938
v 182.35499572753906 238.75007629394531 412.79232788085938
v 182.35499572753906 238.75007629394531 424.52377319335938
v 182.35499572753906 242.68382263183594 424.52377319335938
v 175.58183288574219 242.68382263183594 412.79232788085938
v 175.58183288574219 242.68382263183594 424.52377319335938
v 175.58183288574219 238.75007629394531 424.52377319335938
v -183.79653930664062 238.75007629394531 972.6248779296875
v -187.18312072753906 242.68382263183594 978.4906005859375
v -177.02337646484375 242.68382263183594 972.6248779296875
v -173.63681030273438 238.75007629394531 978.4906005859375
v -173.63681030273438 242.68382263183594 978.4906005859375
v -187.18312072753906 238.75007629394531 978.4906005859375
v -177.02337646484375 238.75007629394531 972.6248779296875
v -177.02337646484375 238.75007629394531 984.3563232421875
v -177.02337646484375 242.68382263183594 984.3563232421875
v -183.79653930664062 242.68382263183594 972.6248779296875
v -183.79653930664062 242.68382263183594 984.3563232421875
v -183.79653930664062 238.75007629394531 984.3563232421875
v 175.63946533203125 238.75007629394531 972.5660400390625
v 172.25288391113281 242.68382263183594 978.43182373046875
v 182.41262817382812 242.68382263183594 972.5660400390625
v 185.79920959472656 238.75007629394531 978.43182373046875
v 185.79920959472656 242.68382263183594 978.43182373046875
v 172.25288391113281 238.75007629394531 978.43182373046875
v 182.41262817382812 238.75007629394531 972.5660400390625
v 182.41262817382812 238.75007629394531 984.29754638671875
v 182.41262817382812 242.68382263183594 984.29754638671875
v 175.63946533203125 242.68382263183594 972.5660400390625
v 175.63946533203125 242.68382263183594 984.29754638671875
v 175.63946533203125 238.75007629394531 984.29754638671875
v -183.62921142578125 238.75007629394531 412.9619140625
v -187.01579284667969 242.68382263183594 418.82763671875
v -176.85604858398438 242.68382263183594 412.9619140625
v -173.46946716308594 238.75007629394531 418.82763671875
v -173.46946716308594 242.68382263183594 418.82763671875
v -187.01579284667969 238.75007629394531 418.82763671875
v -176.85604858398438 238.75007629394531 412.9619140625
v -176.85604858398438 238.75007629394531 424.693359375
v -176.85604858398438 242.68382263183594 424.693359375
v -183.62921142578125 242.68382263183594 412.9619140625
v -183.62921142578125 242.68382263183594 424.693359375
v -183.62921142578125 238.75007629394531 424.693359375
v 182.41262817382812 231.68309020996094 972.6248779296875
v 185.79920959472656 227.74932861328125 978.4906005859375
v 175.63946533203125 227.74932861328125 972.6248779296875
v 172.25288391113281 231.68309020996094 978.4906005859375
v 172.25288391113281 227.74932861328125 978.4906005859375
v 185.79920959472656 231.68309020996094 978.4906005859375
v 175.63946533203125 231.68309020996094 972.6248779296875
v 175.63946533203125 231.68309020996094 984.3563232421875
v 175.63946533203125 227.74932861328125 984.3563232421875
v 182.41262817382812 227.74932861328125 972.6248779296875
v 182.41262817382812 227.74932861328125 984.3563232421875
v 182.41262817382812 231.68309020996094 984.3563232421875
v -177.02337646484375 231.68309020996094 972.5660400390625
v -173.63681030273438 227.74932861328125 978.43182373046875
v -183.79653930664062 227.74932861328125 972.5660400390625
v -187.18312072753906 231.68309020996094 978.43182373046875
v -187.18312072753906 227.74932861328125 978.43182373046875
v -173.63681030273438 231.68309020996094 978.43182373046875
v -183.79653930664062 231.68309020996094 972.5660400390625
v -183.79653930664062 231.68309020996094 984.29754638671875
v -183.79653930664062 227.74932861328125 984.29754638671875
v -177.02337646484375 227.74932861328125 972.5660400390625
v -177.02337646484375 227.74932861328125 984.29754638671875
v -177.02337646484375 231.68309020996094 984.29754638671875
v 182.24528503417969 231.68309020996094 412.9619140625
v 185.63186645507812 227.74932861328125 418.82763671875
v 175.47213745117188 227.74932861328125 412.9619140625
v 172.08555603027344 231.68309020996094 418.82763671875
v 172.08555603027344 227.74932861328125 418.82763671875
v 185.63186645507812 231.68309020996094 418.82763671875
v 175.47213745117188 231.68309020996094 412.9619140625
v 175.47213745117188 231.68309020996094 424.693359375
v 175.47213745117188 227.74932861328125 424.693359375
v 182.24528503417969 227.74932861328125 412.9619140625
v 182.24528503417969 227.74932861328125 424.693359375
v 182.24528503417969 231.68309020996094 424.693359375
v -176.85023498535156 231.68309020996094 412.9619140625
v -173.46365356445312 227.74932861328125 418.82763671875
v -183.62339782714844 227.74932861328125 412.9619140625
v -187.00997924804688 231.68309020996094 418.82763671875
v -187.00997924804688 227.74932861328125 418.82763671875
v -173.46365356445312 231.68309020996094 418.82763671875
v -183.62339782714844 231.68309020996094 412.9619140625
v -183.62339782714844 231.68309020996094 424.693359375
v -183.62339782714844 227.74932861328125 424.693359375
v -176.85023498535156 227.74932861328125 412.9619140625
v -176.85023498535156 227.74932861328125 424.693359375
v -176.85023498535156 231.68309020996094 424.693359375
v 208.19271850585938 222.69419860839844 454.01568603515625
v 212.12648010253906 216.82847595214844 457.40228271484375
v 212.12648010253906 222.69419860839844 447.24252319335938
v 208.19271850585938 216.82847595214844 443.85595703125
v 212.12648010253906 216.82847595214844 443.85595703125
v 208.19271850585938 216.82847595214844 457.40228271484375
v 208.19271850585938 222.69419860839844 447.24252319335938
v 208.19271850585938 210.96273803710938 447.24252319335938
v 212.12648010253906 210.96273803710938 447.24252319335938
v 212.12648010253906 222.69419860839844 454.01568603515625
v 212.12648010253906 210.96273803710938 454.01568603515625
v 208.19271850585938 210.96273803710938 454.01568603515625
v 208.19271850585938 222.69419860839844 936.85076904296875
v 212.12648010253906 216.82847595214844 940.23736572265625
v 212.12648010253906 222.69419860839844 930.07757568359375
v 208.19271850585938 216.82847595214844 926.6910400390625
v 212.12648010253906 216.82847595214844 926.6910400390625
v 208.19271850585938 216.82847595214844 940.23736572265625
v 208.19271850585938 222.69419860839844 930.07757568359375
v 208.19271850585938 210.96273803710938 930.07757568359375
v 212.12648010253906 210.96273803710938 930.07757568359375
v 212.12648010253906 222.69419860839844 936.85076904296875
v 212.12648010253906 210.96273803710938 936.85076904296875
v 208.19271850585938 210.96273803710938 936.85076904296875
v 201.33375549316406 99.37964630126953 936.85076904296875
v 205.26750183105469 93.513916015625 940.23736572265625
v 205.26750183105469 99.37964630126953 930.07757568359375
v 201.33375549316406 93.513916015625 926.6910400390625
v 205.26750183105469 93.513916015625 926.6910400390625
v 201.33375549316406 93.513916015625 940.23736572265625
v 201.33375549316406 99.37964630126953 930.07757568359375
v 201.33375549316406 87.648193359375 930.07757568359375
v 205.26750183105469 87.648193359375 930.07757568359375
v 205.26750183105469 99.37964630126953 936.85076904296875
v 205.26750183105469 87.648193359375 936.85076904296875
v 201.33375549316406 87.648193359375 936.85076904296875
v 201.33375549316406 99.37964630126953 454.32122802734375
v 205.26750183105469 93.513916015625 457.70779418945312
v 205.26750183105469 99.37964630126953 447.54806518554688
v 201.33375549316406 93.513916015625 444.1614990234375
v 205.26750183105469 93.513916015625 444.1614990234375
v 201.33375549316406 93.513916015625 457.70779418945312
v 201.33375549316406 99.37964630126953 447.54806518554688
v 201.33375549316406 87.648193359375 447.54806518554688
v 205.26750183105469 87.648193359375 447.54806518554688
v 205.26750183105469 99.37964630126953 454.32122802734375
v 205.26750183105469 87.648193359375 454.32122802734375
v 201.33375549316406 87.648193359375 454.32122802734375
v 109.79876708984375 141.93521118164062 397.61929321289062
v 111.77992248535156 138.50375366210938 395.31805419921875
v 105.83647155761719 141.93521118164062 395.31805419921875
v 103.85532379150391 138.50375366210938 397.61929321289062
v 103.85532379150391 138.50375366210938 395.31805419921875
v 111.77992248535156 138.50375366210938 397.61929321289062
v 105.83647155761719 141.93521118164062 397.61929321289062
v 105.83647155761719 135.07231140136719 397.61929321289062
v 105.83647155761719 135.07231140136719 395.31805419921875
v 109.79876708984375 141.93521118164062 395.31805419921875
v 109.79876708984375 135.07231140136719 395.31805419921875
v 109.79876708984375 135.07231140136719 397.61929321289062
v 2.53762221336365 141.93521118164062 397.61929321289062
v 4.51877117156982 138.50375366210938 395.31805419921875
v -1.42467594146729 141.93521118164062 395.31805419921875
v -3.40582513809204 138.50375366210938 397.61929321289062
v -3.40582513809204 138.50375366210938 395.31805419921875
v 4.51877117156982 138.50375366210938 397.61929321289062
v -1.42467594146729 141.93521118164062 397.61929321289062
v -1.42467594146729 135.07231140136719 397.61929321289062
v -1.42467594146729 135.07231140136719 395.31805419921875
v 2.53762221336365 141.93521118164062 395.31805419921875
v 2.53762221336365 135.07231140136719 395.31805419921875
v 2.53762221336365 135.07231140136719 397.61929321289062
v 2.53762221336365 3.71331524848938 397.61929321289062
v 4.51877117156982 0.28186437487602 395.31805419921875
v -1.42467594146729 3.71331524848938 395.31805419921875
v -3.40582513809204 0.28186437487602 397.61929321289062
v -3.40582513809204 0.28186437487602 395.31805419921875
v 4.51877117156982 0.28186437487602 397.61929321289062
v -1.42467594146729 3.71331524848938 397.61929321289062
v -1.42467594146729 -3.14958643913269 397.61929321289062
v -1.42467594146729 -3.14958643913269 395.31805419921875
v 2.53762221336365 3.71331524848938 395.31805419921875
v 2.53762221336365 -3.14958643913269 395.31805419921875
v 2.53762221336365 -3.14958643913269 397.61929321289062
v 108.76203155517578 3.71331524848938 397.61929321289062
v 110.74317932128906 0.28186437487602 395.31805419921875
v 104.79972839355469 3.71331524848938 395.31805419921875
v 102.81858062744141 0.28186437487602 397.61929321289062
v 102.81858062744141 0.28186437487602 395.31805419921875
v 110.74317932128906 0.28186437487602 397.61929321289062
v 104.79972839355469 3.71331524848938 397.61929321289062
v 104.79972839355469 -3.14958643913269 397.61929321289062
v 104.79972839355469 -3.14958643913269 395.31805419921875
v 108.76203155517578 3.71331524848938 395.31805419921875
v 108.76203155517578 -3.14958643913269 395.31805419921875
v 108.76203155517578 -3.14958643913269 397.61929321289062
v -26.40157318115234 9.12839031219482 804.67303466796875
v -22.77510643005371 7.03464794158936 807.10504150390625
v -26.40157318115234 13.31587505340576 807.10504150390625
v -22.77510643005371 15.40961742401123 804.67303466796875
v -22.77510643005371 15.40961742401123 807.10504150390625
v -22.77510643005371 7.03464794158936 804.67303466796875
v -26.40157318115234 13.31587505340576 804.67303466796875
v -19.14863777160645 13.31587505340576 804.67303466796875
v -19.14863777160645 13.31587505340576 807.10504150390625
v -26.40157318115234 9.12839031219482 807.10504150390625
v -19.14863777160645 9.12839031219482 807.10504150390625
v -19.14863777160645 9.12839031219482 804.67303466796875
v 126.81801605224609 9.12839031219482 804.67303466796875
v 130.44448852539062 7.03464794158936 807.10504150390625
v 126.81801605224609 13.31587505340576 807.10504150390625
v 130.44448852539062 15.40961742401123 804.67303466796875
v 130.44448852539062 15.40961742401123 807.10504150390625
v 130.44448852539062 7.03464794158936 804.67303466796875
v 126.81801605224609 13.31587505340576 804.67303466796875
v 134.07095336914062 13.31587505340576 804.67303466796875
v 134.07095336914062 13.31587505340576 807.10504150390625
v 126.81801605224609 9.12839031219482 807.10504150390625
v 134.07095336914062 9.12839031219482 807.10504150390625
v 134.07095336914062 9.12839031219482 804.67303466796875
v 134.07095336914062 9.12839031219482 730.241455078125
v 130.44448852539062 7.03464794158936 727.8094482421875
v 134.07095336914062 13.31587505340576 727.8094482421875
v 130.44448852539062 15.40961742401123 730.241455078125
v 130.44448852539062 15.40961742401123 727.8094482421875
v 130.44448852539062 7.03464794158936 730.241455078125
v 134.07095336914062 13.31587505340576 730.241455078125
v 126.81801605224609 13.31587505340576 730.241455078125
v 126.81801605224609 13.31587505340576 727.8094482421875
v 134.07095336914062 9.12839031219482 727.8094482421875
v 126.81801605224609 9.12839031219482 727.8094482421875
v 126.81801605224609 9.12839031219482 730.241455078125
v -19.35080909729004 9.12839031219482 730.241455078125
v -22.9772777557373 7.03464794158936 727.8094482421875
v -19.35080909729004 13.31587505340576 727.8094482421875
v -22.9772777557373 15.40961742401123 730.241455078125
v -22.9772777557373 15.40961742401123 727.8094482421875
v -22.9772777557373 7.03464794158936 730.241455078125
v -19.35080909729004 13.31587505340576 730.241455078125
v -26.60374641418457 13.31587505340576 730.241455078125
v -26.60374641418457 13.31587505340576 727.8094482421875
v -19.35080909729004 9.12839031219482 727.8094482421875
v -26.60374641418457 9.12839031219482 727.8094482421875
v -26.60374641418457 9.12839031219482 730.241455078125
v 128.45545959472656 127.93276977539062 637.14837646484375
v 131.39289855957031 126.23683929443359 639.1182861328125
v 128.45545959472656 131.32463073730469 639.1182861328125
v 131.39289855957031 133.02056884765625 637.14837646484375
v 131.39289855957031 133.02056884765625 639.1182861328125
v 131.39289855957031 126.23683929443359 637.14837646484375
v 128.45545959472656 131.32463073730469 637.14837646484375
v 134.33033752441406 131.32463073730469 637.14837646484375
v 134.33033752441406 131.32463073730469 639.1182861328125
v 128.45545959472656 127.93276977539062 639.1182861328125
v 134.33033752441406 127.93276977539062 639.1182861328125
v 134.33033752441406 127.93276977539062 637.14837646484375
v -24.9212589263916 127.93276977539062 637.14837646484375
v -21.98381805419922 126.23683929443359 639.1182861328125
v -24.9212589263916 131.32463073730469 639.1182861328125
v -21.98381805419922 133.02056884765625 637.14837646484375
v -21.98381805419922 133.02056884765625 639.1182861328125
v -21.98381805419922 126.23683929443359 637.14837646484375
v -24.9212589263916 131.32463073730469 637.14837646484375
v -19.04637908935547 131.32463073730469 637.14837646484375
v -19.04637908935547 131.32463073730469 639.1182861328125
v -24.9212589263916 127.93276977539062 639.1182861328125
v -19.04637908935547 127.93276977539062 639.1182861328125
v -19.04637908935547 127.93276977539062 637.14837646484375
v 145.56507873535156 80.22512817382812 637.14837646484375
v 148.50251770019531 78.52919769287109 639.1182861328125
v 145.56507873535156 83.61698913574219 639.1182861328125
v 148.50251770019531 85.31291961669922 637.14837646484375
v 148.50251770019531 85.31291961669922 639.1182861328125
v 148.50251770019531 78.52919769287109 637.14837646484375
v 145.56507873535156 83.61698913574219 637.14837646484375
v 151.43995666503906 83.61698913574219 637.14837646484375
v 151.43995666503906 83.61698913574219 639.1182861328125
v 145.56507873535156 80.22512817382812 639.1182861328125
v 151.43995666503906 80.22512817382812 639.1182861328125
v 151.43995666503906 80.22512817382812 637.14837646484375
v -44.18870162963867 80.28227996826172 637.14837646484375
v -41.25126266479492 78.58634948730469 639.1182861328125
v -44.18870162963867 83.67414093017578 639.1182861328125
v -41.25126266479492 85.37007141113281 637.14837646484375
v -41.25126266479492 85.37007141113281 639.1182861328125
v -41.25126266479492 78.58634948730469 637.14837646484375
v -44.18870162963867 83.67414093017578 637.14837646484375
v -38.31381988525391 83.67414093017578 637.14837646484375
v -38.31381988525391 83.67414093017578 639.1182861328125
v -44.18870162963867 80.28227996826172 639.1182861328125
v -38.31381988525391 80.28227996826172 639.1182861328125
v -38.31381988525391 80.28227996826172 637.14837646484375
v 132.17251586914062 127.93276977539062 561.34661865234375
v 129.23507690429688 126.23683929443359 559.376708984375
v 132.17251586914062 131.32463073730469 559.376708984375
v 129.23507690429688 133.02056884765625 561.34661865234375
v 129.23507690429688 133.02056884765625 559.376708984375
v 129.23507690429688 126.23683929443359 561.34661865234375
v 132.17251586914062 131.32463073730469 561.34661865234375
v 126.29763793945312 131.32463073730469 561.34661865234375
v 126.29763793945312 131.32463073730469 559.376708984375
v 132.17251586914062 127.93276977539062 559.376708984375
v 126.29763793945312 127.93276977539062 559.376708984375
v 126.29763793945312 127.93276977539062 561.34661865234375
v -38.31381988525391 80.22512817382812 561.34661865234375
v -41.25126266479492 78.52919769287109 559.376708984375
v -38.31381988525391 83.61698913574219 559.376708984375
v -41.25126266479492 85.31291961669922 561.34661865234375
v -41.25126266479492 85.31291961669922 559.376708984375
v -41.25126266479492 78.52919769287109 561.34661865234375
v -38.31381988525391 83.61698913574219 561.34661865234375
v -44.18870162963867 83.61698913574219 561.34661865234375
v -44.18870162963867 83.61698913574219 559.376708984375
v -38.31381988525391 80.22512817382812 559.376708984375
v -44.18870162963867 80.22512817382812 559.376708984375
v -44.18870162963867 80.22512817382812 561.34661865234375
v 151.43995666503906 80.28227996826172 561.34661865234375
v 148.50251770019531 78.58634948730469 559.376708984375
v 151.43995666503906 83.67414093017578 559.376708984375
v 148.50251770019531 85.37007141113281 561.34661865234375
v 148.50251770019531 85.37007141113281 559.376708984375
v 148.50251770019531 78.58634948730469 561.34661865234375
v 151.43995666503906 83.67414093017578 561.34661865234375
v 145.56507873535156 83.67414093017578 561.34661865234375
v 145.56507873535156 83.67414093017578 559.376708984375
v 151.43995666503906 80.28227996826172 559.376708984375
v 145.56507873535156 80.28227996826172 559.376708984375
v 145.56507873535156 80.28227996826172 561.34661865234375
v -16.88655281066895 125.26959228515625 561.34661865234375
v -19.8239917755127 123.57366180419922 559.376708984375
v -16.88655281066895 128.66145324707031 559.376708984375
v -19.8239917755127 130.35739135742188 561.34661865234375
v -19.8239917755127 130.35739135742188 559.376708984375
v -19.8239917755127 123.57366180419922 561.34661865234375
v -16.88655281066895 128.66145324707031 561.34661865234375
v -22.76143074035645 128.66145324707031 561.34661865234375
v -22.76143074035645 128.66145324707031 559.376708984375
v -16.88655281066895 125.26959228515625 559.376708984375
v -22.76143074035645 125.26959228515625 559.376708984375
v -22.76143074035645 125.26959228515625 561.34661865234375
v -34.79756927490234 -50.64470291137695 780.90216064453125
v -44.16119003295898 -44.36514282226562 775.49609375
v -34.79756927490234 -44.36514282226562 791.71435546875
v -44.16119003295898 -50.64470291137695 797.12042236328125
v -44.16119003295898 -44.36514282226562 797.12042236328125
v -44.16119003295898 -50.64470291137695 775.49609375
v -34.79756927490234 -50.64470291137695 791.71435546875
v -53.52481079101562 -50.64470291137695 791.71435546875
v -53.52481079101562 -44.36514282226562 791.71435546875
v -34.79756927490234 -44.36514282226562 780.90216064453125
v -53.52481079101562 -44.36514282226562 780.90216064453125
v -53.52481079101562 -50.64470291137695 780.90216064453125
v -34.79756927490234 -50.64470291137695 508.3648681640625
v -44.16119003295898 -44.36514282226562 502.95877075195312
v -34.79756927490234 -44.36514282226562 519.17706298828125
v -44.16119003295898 -50.64470291137695 524.5831298828125
v -44.16119003295898 -44.36514282226562 524.5831298828125
v -44.16119003295898 -50.64470291137695 502.95877075195312
v -34.79756927490234 -50.64470291137695 519.17706298828125
v -53.52481079101562 -50.64470291137695 519.17706298828125
v -53.52481079101562 -44.36514282226562 519.17706298828125
v -34.79756927490234 -44.36514282226562 508.3648681640625
v -53.52481079101562 -44.36514282226562 508.3648681640625
v -53.52481079101562 -50.64470291137695 508.3648681640625
v 162.74549865722656 -50.64470291137695 508.3648681640625
v 153.38188171386719 -44.36514282226562 502.95877075195312
v 162.74549865722656 -44.36514282226562 519.17706298828125
v 153.38188171386719 -50.64470291137695 524.5831298828125
v 153.38188171386719 -44.36514282226562 524.5831298828125
v 153.38188171386719 -50.64470291137695 502.95877075195312
v 162.74549865722656 -50.64470291137695 519.17706298828125
v 144.01826477050781 -50.64470291137695 519.17706298828125
v 144.01826477050781 -44.36514282226562 519.17706298828125
v 162.74549865722656 -44.36514282226562 508.3648681640625
v 144.01826477050781 -44.36514282226562 508.3648681640625
v 144.01826477050781 -50.64470291137695 508.3648681640625
v 162.74549865722656 -50.64470291137695 781.0350341796875
v 153.38188171386719 -44.36514282226562 775.62896728515625
v 162.74549865722656 -44.36514282226562 791.84722900390625
v 153.38188171386719 -50.64470291137695 797.2532958984375
v 153.38188171386719 -44.36514282226562 797.2532958984375
v 153.38188171386719 -50.64470291137695 775.62896728515625
v 162.74549865722656 -50.64470291137695 791.84722900390625
v 144.01826477050781 -50.64470291137695 791.84722900390625
v 144.01826477050781 -44.36514282226562 791.84722900390625
v 162.74549865722656 -44.36514282226562 781.0350341796875
v 144.01826477050781 -44.36514282226562 781.0350341796875
v 144.01826477050781 -50.64470291137695 781.0350341796875
v 198.57283020019531 231.73344421386719 943.73834228515625
v 144.79939270019531 231.73344421386719 997.24114990234375
v 198.57283020019531 231.73344421386719 977.0716552734375
v 198.57283020019531 235.73344421386719 943.73834228515625
v 144.79939270019531 235.73344421386719 997.24114990234375
v 178.13272094726562 231.73344421386719 997.24114990234375
v 178.13272094726562 235.73344421386719 997.24114990234375
v 198.57283020019531 235.73344421386719 977.0716552734375
v -144.98512268066406 231.73344421386719 997.24114990234375
v -198.97100830078125 231.73344421386719 943.73834228515625
v -178.31845092773438 231.73344421386719 997.24114990234375
v -144.98512268066406 235.73344421386719 997.24114990234375
v -198.97100830078125 235.73344421386719 943.73834228515625
v -198.97100830078125 231.73344421386719 977.0716552734375
v -198.97100830078125 235.73344421386719 977.0716552734375
v -178.31845092773438 235.73344421386719 997.24114990234375
v -198.97100830078125 231.73344421386719 453.77789306640625
v -144.98512268066406 231.73344421386719 400.00445556640625
v -198.97100830078125 231.73344421386719 420.44454956054688
v -198.97100830078125 235.73344421386719 453.77789306640625
v -144.98512268066406 235.73344421386719 400.00445556640625
v -178.31845092773438 231.73344421386719 400.00445556640625
v -178.31845092773438 235.73344421386719 400.00445556640625
v -198.97100830078125 235.73344421386719 420.44454956054688
v 144.79939270019531 231.73344421386719 400.00445556640625
v 198.57283020019531 231.73344421386719 453.77789306640625
v 178.13272094726562 231.73344421386719 400.00445556640625
v 144.79939270019531 235.73344421386719 400.00445556640625
v 198.57283020019531 235.73344421386719 453.77789306640625
v 198.57283020019531 231.73344421386719 420.44454956054688
v 198.57283020019531 235.73344421386719 420.44454956054688
v 178.13272094726562 235.73344421386719 400.00445556640625
v -200.55282592773438 -71.85312652587891 762.91107177734375
v -200.55282592773438 -60.92948532104492 762.91107177734375
v 200.55282592773438 -71.85312652587891 762.91107177734375
v 200.55282592773438 -60.92948532104492 762.91107177734375
v 200.55282592773438 -71.85312652587891 807.15020751953125
v 200.55282592773438 -60.92948532104492 807.15020751953125
v -200.55282592773438 -71.85312652587891 807.15020751953125
v -200.55282592773438 -60.92948532104492 807.15020751953125
v -200.55282592773438 -71.85312652587891 492.078369140625
v -200.55282592773438 -60.92948532104492 492.078369140625
v 200.55282592773438 -71.85312652587891 492.078369140625
v 200.55282592773438 -60.92948532104492 492.078369140625
v 200.55282592773438 -71.85312652587891 536.31756591796875
v 200.55282592773438 -60.92948532104492 536.31756591796875
v -200.55282592773438 -71.85312652587891 536.31756591796875
v -200.55282592773438 -60.92948532104492 536.31756591796875
v -200.55282592773438 234.35014343261719 1004.09417724609375
v -200.55282592773438 199.96800231933594 1004.09417724609375
v 200.55282592773438 199.96800231933594 1004.09417724609375
v 200.55282592773438 234.35014343261719 1004.09417724609375
v -200.55282592773438 198.39799499511719 1002.524169921875
v -200.55282592773438 198.39799499511719 994.74053955078125
v 200.55282592773438 198.39799499511719 994.74053955078125
v 200.55282592773438 198.39799499511719 1002.524169921875
v -200.55282592773438 199.96800231933594 993.1705322265625
v -200.55282592773438 234.35014343261719 993.1705322265625
v 200.55282592773438 234.35014343261719 993.1705322265625
v 200.55282592773438 199.96800231933594 993.1705322265625
v 200.55282592773438 235.92013549804688 1002.524169921875
v 200.55282592773438 235.92013549804688 994.74053955078125
v -200.55282592773438 235.92013549804688 994.74053955078125
v -200.55282592773438 235.92013549804688 1002.524169921875
v -200.55282592773438 234.35014343261719 404.09417724609375
v -200.55282592773438 199.96800231933594 404.09417724609375
v 200.55282592773438 199.96800231933594 404.09417724609375
v 200.55282592773438 234.35014343261719 404.09417724609375
v -200.55282592773438 198.39799499511719 402.524169921875
v -200.55282592773438 198.39799499511719 394.74050903320312
v 200.55282592773438 198.39799499511719 394.74050903320312
v 200.55282592773438 198.39799499511719 402.524169921875
v -200.55282592773438 199.96800231933594 393.1705322265625
v -200.55282592773438 234.35014343261719 393.1705322265625
v 200.55282592773438 234.35014343261719 393.1705322265625
v 200.55282592773438 199.96800231933594 393.1705322265625
v 200.55282592773438 235.92013549804688 402.524169921875
v 200.55282592773438 235.92013549804688 394.74050903320312
v -200.55282592773438 235.92013549804688 394.74050903320312
v -200.55282592773438 235.92013549804688 402.524169921875
v 194.53817749023438 234.35014343261719 398.63235473632812
v 194.53817749023438 199.96800231933594 398.63235473632812
v 194.53817749023438 199.96800231933594 998.63232421875
v 194.53817749023438 234.35014343261719 998.63232421875
v 196.10818481445312 198.39799499511719 398.63235473632812
v 203.89181518554688 198.39799499511719 398.63235473632812
v 203.89181518554688 198.39799499511719 998.63232421875
v 196.10818481445312 198.39799499511719 998.63232421875
v 205.46182250976562 199.96800231933594 398.63235473632812
v 205.46182250976562 234.35014343261719 398.63235473632812
v 205.46182250976562 234.35014343261719 998.63232421875
v 205.46182250976562 199.96800231933594 998.63232421875
v 196.10818481445312 235.92013549804688 998.63232421875
v 203.89181518554688 235.92013549804688 998.63232421875
v 203.89181518554688 235.92013549804688 398.63235473632812
v 196.10818481445312 235.92013549804688 398.63235473632812
v -205.46182250976562 234.35014343261719 398.63235473632812
v -205.46182250976562 199.96800231933594 398.63235473632812
v -205.46182250976562 199.96800231933594 998.63232421875
v -205.46182250976562 234.35014343261719 998.63232421875
v -203.89181518554688 198.39799499511719 398.63235473632812
v -196.10818481445312 198.39799499511719 398.63235473632812
v -196.10818481445312 198.39799499511719 998.63232421875
v -203.89181518554688 198.39799499511719 998.63232421875
v -194.53817749023438 199.96800231933594 398.63235473632812
v -194.53817749023438 234.35014343261719 398.63235473632812
v -194.53817749023438 234.35014343261719 998.63232421875
v -194.53817749023438 199.96800231933594 998.63232421875
v -203.89181518554688 235.92013549804688 998.63232421875
v -196.10818481445312 235.92013549804688 998.63232421875
v -196.10818481445312 235.92013549804688 398.63235473632812
v -203.89181518554688 235.92013549804688 398.63235473632812
v -200.55282592773438 -8.73185062408447 1003.57794189453125
v -200.55282592773438 -8.73185062408447 992.65435791015625
v 200.55282592773438 -8.73185062408447 1003.57794189453125
v 200.55282592773438 -8.73185062408447 992.65435791015625
v 200.55282592773438 14.43482303619385 1003.57794189453125
v 200.55282592773438 14.43482303619385 992.65435791015625
v -200.55282592773438 14.43482303619385 1003.57794189453125
v -200.55282592773438 14.43482303619385 992.65435791015625
v 191.62275695800781 102.25120544433594 398.63235473632812
v 191.62275695800781 81.63434600830078 398.63235473632812
v 191.62275695800781 81.63434600830078 998.63232421875
v 191.62275695800781 102.25120544433594 998.63232421875
v 192.67111206054688 80.69290924072266 398.63235473632812
v 197.86860656738281 80.69290924072266 398.63235473632812
v 197.86860656738281 80.69290924072266 998.63232421875
v 192.67111206054688 80.69290924072266 998.63232421875
v 198.91696166992188 81.63434600830078 398.63235473632812
v 198.91696166992188 102.25120544433594 398.63235473632812
v 198.91696166992188 102.25120544433594 998.63232421875
v 198.91696166992188 81.63434600830078 998.63232421875
v 192.67111206054688 103.19263458251953 998.63232421875
v 197.86860656738281 103.19263458251953 998.63232421875
v 197.86860656738281 103.19263458251953 398.63235473632812
v 192.67111206054688 103.19263458251953 398.63235473632812
v 185.74537658691406 328.89846801757812 395.78628540039062
v 179.47694396972656 331.63504028320312 396.6187744140625
v 173.34403991699219 329.22503662109375 398.63235473632812
v 170.93405151367188 323.09213256835938 400.64593505859375
v 173.67060852050781 316.82369995117188 401.4783935546875
v 179.93905639648438 314.08712768554688 400.64593505859375
v 186.07196044921875 316.49713134765625 398.63235473632812
v 188.48194885253906 322.63003540039062 396.6187744140625
v 197.87255859375 341.025634765625 447.237548828125
v 191.55667114257812 343.71475219726562 447.86871337890625
v 185.30899047851562 341.19000244140625 449.39532470703125
v 182.78422546386719 334.94232177734375 450.92196655273438
v 185.47334289550781 328.62643432617188 451.5531005859375
v 191.78923034667969 325.93731689453125 450.92196655273438
v 198.03691101074219 328.46206665039062 449.39532470703125
v 200.56167602539062 334.70974731445312 447.86871337890625
v 200.21409606933594 343.3671875 467.64349365234375
v 193.85012817382812 346.00820922851562 467.855712890625
v 187.48617553710938 343.3671875 468.3690185546875
v 184.84512329101562 337.00320434570312 468.88229370117188
v 187.48617553710938 330.63925170898438 469.09451293945312
v 193.85012817382812 327.99819946289062 468.88229370117188
v 200.21409606933594 330.63925170898438 468.3690185546875
v 202.85513305664062 337.00320434570312 467.855712890625
v 200.21409606933594 343.3671875 929.6212158203125
v 193.85012817382812 346.00820922851562 929.40899658203125
v 187.48617553710938 343.3671875 928.89569091796875
v 184.84512329101562 337.00320434570312 928.38238525390625
v 187.48617553710938 330.63925170898438 928.170166015625
v 193.85012817382812 327.99819946289062 928.38238525390625
v 200.21409606933594 330.63925170898438 928.89569091796875
v 202.85513305664062 337.00320434570312 929.40899658203125
v 197.87255859375 341.025634765625 950.027099609375
v 191.55667114257812 343.71475219726562 949.39599609375
v 185.30899047851562 341.19000244140625 947.86932373046875
v 182.78422546386719 334.94232177734375 946.34271240234375
v 185.47334289550781 328.62643432617188 945.7115478515625
v 191.78923034667969 325.93731689453125 946.34271240234375
v 198.03691101074219 328.46206665039062 947.86932373046875
v 200.56167602539062 334.70974731445312 949.39599609375
v 185.74537658691406 328.89846801757812 1001.4783935546875
v 179.47694396972656 331.63504028320312 1000.64593505859375
v 173.34403991699219 329.22503662109375 998.63232421875
v 170.93405151367188 323.09213256835938 996.6187744140625
v 173.67060852050781 316.82369995117188 995.78631591796875
v 179.93905639648438 314.08712768554688 996.6187744140625
v 186.07196044921875 316.49713134765625 998.63232421875
v 188.48194885253906 322.63003540039062 1000.64593505859375
v -184.09559631347656 328.89846801757812 395.78628540039062
v -186.83216857910156 322.63003540039062 396.6187744140625
v -184.42216491699219 316.49713134765625 398.63235473632812
v -178.28926086425781 314.08712768554688 400.64593505859375
v -172.02082824707031 316.82369995117188 401.4783935546875
v -169.28425598144531 323.09213256835938 400.64593505859375
v -171.69424438476562 329.22503662109375 398.63235473632812
v -177.82716369628906 331.63504028320312 396.6187744140625
v -196.2227783203125 341.025634765625 447.237548828125
v -198.91189575195312 334.70974731445312 447.86871337890625
v -196.38713073730469 328.46206665039062 449.39532470703125
v -190.13943481445312 325.93731689453125 450.92196655273438
v -183.82354736328125 328.62643432617188 451.5531005859375
v -181.13442993164062 334.94232177734375 450.92196655273438
v -183.65919494628906 341.19000244140625 449.39532470703125
v -189.90689086914062 343.71475219726562 447.86871337890625
v -198.56430053710938 343.3671875 467.64349365234375
v -201.20535278320312 337.00320434570312 467.855712890625
v -198.56430053710938 330.63925170898438 468.3690185546875
v -192.20034790039062 327.99819946289062 468.88229370117188
v -185.83638000488281 330.63925170898438 469.09451293945312
v -183.19534301757812 337.00320434570312 468.88229370117188
v -185.83638000488281 343.3671875 468.3690185546875
v -192.20034790039062 346.00820922851562 467.855712890625
v -198.56430053710938 343.3671875 929.6212158203125
v -201.20535278320312 337.00320434570312 929.40899658203125
v -198.56430053710938 330.63925170898438 928.89569091796875
v -192.20034790039062 327.99819946289062 928.38238525390625
v -185.83638000488281 330.63925170898438 928.170166015625
v -183.19534301757812 337.00320434570312 928.38238525390625
v -185.83638000488281 343.3671875 928.89569091796875
v -192.20034790039062 346.00820922851562 929.40899658203125
v -196.2227783203125 341.025634765625 950.027099609375
v -198.91189575195312 334.70974731445312 949.39599609375
v -196.38713073730469 328.46206665039062 947.86932373046875
v -190.13943481445312 325.93731689453125 946.34271240234375
v -183.82354736328125 328.62643432617188 945.7115478515625
v -181.13442993164062 334.94232177734375 946.34271240234375
v -183.65919494628906 341.19000244140625 947.86932373046875
v -189.90689086914062 343.71475219726562 949.39599609375
v -184.09559631347656 328.89846801757812 1001.4783935546875
v -186.83216857910156 322.63003540039062 1000.64593505859375
v -184.42216491699219 316.49713134765625 998.63232421875
v -178.28926086425781 314.08712768554688 996.6187744140625
v -172.02082824707031 316.82369995117188 995.78631591796875
v -169.28425598144531 323.09213256835938 996.6187744140625
v -171.69424438476562 329.22503662109375 998.63232421875
v -177.82716369628906 331.63504028320312 1000.64593505859375
v 150 332.78262329101562 388.63235473632812
v 150.62107849121094 339.85760498046875 391.55734252929688
v 150.87785339355469 342.78262329101562 398.63235473632812
v 150.62107849121094 339.85760498046875 405.70733642578125
v 150 332.78262329101562 408.63235473632812
v 149.37892150878906 325.70761108398438 405.70733642578125
v 149.12214660644531 322.78262329101562 398.63235473632812
v 149.37892150878906 325.70761108398438 391.55734252929688
v 167.30181884765625 329.71340942382812 388.63235473632812
v 169.81535339355469 336.45587158203125 391.55184936523438
v 170.85614013671875 339.24774169921875 398.62457275390625
v 169.81925964355469 336.46636962890625 405.70184326171875
v 167.30734252929688 329.72824096679688 408.63235473632812
v 164.79380798339844 322.98577880859375 405.71286010742188
v 163.75302124023438 320.19390869140625 398.64013671875
v 164.78990173339844 322.97528076171875 391.5628662109375
v 183.12893676757812 320.24795532226562 388.63235473632812
v 187.89712524414062 325.64614868164062 391.54605102539062
v 189.87474060058594 327.88507080078125 398.61639404296875
v 187.91233825683594 325.66336059570312 405.696044921875
v 183.15043640136719 320.27227783203125 408.63232421875
v 178.38224792480469 314.87408447265625 405.7186279296875
v 176.40463256835938 312.63519287109375 398.64828491210938
v 178.36703491210938 314.85687255859375 391.56863403320312
v 194.40780639648438 305.7716064453125 388.63238525390625
v 200.63941955566406 309.29708862304688 391.54031372070312
v 203.22817993164062 310.76165771484375 398.60824584960938
v 200.66941833496094 309.31405639648438 405.69027709960938
v 194.4501953125 305.79559326171875 408.63232421875
v 188.21858215332031 302.2701416015625 405.724365234375
v 185.62982177734375 300.80557250976562 398.65643310546875
v 188.18858337402344 302.253173828125 391.57440185546875
v 198.32618713378906 295.57623291015625 388.63238525390625
v 205.24311828613281 297.3248291015625 391.53689575195312
v 208.11933898925781 298.05191040039062 398.60342407226562
v 205.28309631347656 297.33493041992188 405.68685913085938
v 198.38267517089844 295.59051513671875 408.63229370117188
v 191.46574401855469 293.84194946289062 405.727783203125
v 188.58952331542969 293.11483764648438 398.66128540039062
v 191.42576599121094 293.83184814453125 391.57785034179688
v 199.96534729003906 282.7803955078125 388.63241577148438
v 207.05044555664062 283.23391723632812 391.53286743164062
v 209.99993896484375 283.4227294921875 398.59768676757812
v 207.09947204589844 283.237060546875 405.68280029296875
v 200.03465270996094 282.78482055664062 408.63229370117188
v 192.94955444335938 282.331298828125 405.7318115234375
v 190.00006103515625 282.14248657226562 398.6669921875
v 192.90052795410156 282.32815551757812 391.5819091796875
v 199.88844299316406 -18.09519004821777 388.63296508789062
v 206.99563598632812 -17.84536170959473 391.47885131835938
v 209.99937438964844 -17.22718048095703 398.52078247070312
v 207.15348815917969 -16.603271484375 405.62799072265625
v 200.11155700683594 -16.33958625793457 408.6317138671875
v 193.00436401367188 -16.58941459655762 405.78582763671875
v 190.00062561035156 -17.20759582519531 398.743896484375
v 192.84651184082031 -17.83150482177734 391.63671875
v 199.87864685058594 -38.07326889038086 392.16790771484375
v 206.98861694335938 -37.06500625610352 394.87252807617188
v 209.999267578125 -34.56507110595703 401.57852172851562
v 207.16033935546875 -32.03992462158203 408.35214233398438
v 200.12135314941406 -30.97067832946777 411.22036743164062
v 193.01138305664062 -31.97893714904785 408.5157470703125
v 190.000732421875 -34.4788703918457 401.80975341796875
v 192.83966064453125 -37.00402069091797 395.0361328125
v 199.86688232421875 -57.09153747558594 403.53057861328125
v 206.98019409179688 -55.18513488769531 405.6888427734375
v 209.99911499023438 -50.44672775268555 411.0533447265625
v 207.16854858398438 -45.65587615966797 416.47720336914062
v 200.13311767578125 -43.62261581420898 418.77911376953125
v 193.01980590820312 -45.52901840209961 416.62081909179688
v 190.00088500976562 -50.26742553710938 411.25631713867188
v 192.83145141601562 -55.05827713012695 405.83245849609375
v 199.85600280761719 -70.44467926025391 420.65380859375
v 206.97238159179688 -67.96083068847656 422.05902099609375
v 209.99896240234375 -61.77309799194336 425.55966186523438
v 207.1761474609375 -55.51124572753906 429.10223388671875
v 200.14399719238281 -52.84809875488281 430.60888671875
v 193.02761840820312 -55.33195114135742 429.20367431640625
v 190.00103759765625 -61.51967620849609 425.70303344726562
v 192.8238525390625 -67.78153228759766 422.16046142578125
v 199.84947204589844 -75.33566284179688 433.36331176757812
v 206.96769714355469 -72.583740234375 434.05899047851562
v 209.99887084960938 -65.71881866455078 435.79440307617188
v 207.18069458007812 -58.76789855957031 437.55157470703125
v 200.15052795410156 -55.80797576904297 438.29983520507812
v 193.03230285644531 -58.55990219116211 437.60415649414062
v 190.00112915039062 -65.42482757568359 435.86874389648438
v 192.81930541992188 -72.37574005126953 434.111572265625
v 199.84297180175781 -77.21615600585938 447.9923095703125
v 206.96302795410156 -74.40261077880859 448.17239379882812
v 209.99876403808594 -67.37441253662109 448.62228393554688
v 207.18522644042969 -60.25435256958008 449.07806396484375
v 200.15702819824219 -57.21862030029297 449.27239990234375
v 193.03697204589844 -60.03216934204102 449.09228515625
v 190.00123596191406 -67.06036376953125 448.64239501953125
v 192.81477355957031 -74.180419921875 448.18661499023438
v 199.62106323242188 -77.210205078125 949.50958251953125
v 206.80181884765625 -74.55540466308594 949.2764892578125
v 209.99281311035156 -67.59632873535156 948.66558837890625
v 207.3380126953125 -60.41556930541992 948.03521728515625
v 200.37893676757812 -57.22457122802734 947.755126953125
v 193.19818115234375 -59.87937164306641 947.9881591796875
v 190.00718688964844 -66.83844757080078 948.59906005859375
v 192.6619873046875 -74.01921081542969 949.22943115234375
v 199.61167907714844 -73.67534637451172 969.48577880859375
v 206.794921875 -71.15256500244141 968.54534912109375
v 209.99246215820312 -64.52555847167969 966.0748291015625
v 207.34440612792969 -57.68212890625 963.523681640625
v 200.38832092285156 -54.63586044311523 962.3880615234375
v 193.205078125 -57.15864181518555 963.32855224609375
v 190.00753784179688 -63.78565216064453 965.79901123046875
v 192.65559387207031 -70.62908172607422 968.35015869140625
v 199.60064697265625 -62.31375885009766 988.501708984375
v 206.78681945800781 -60.30067825317383 986.72357177734375
v 209.99201965332031 -54.9994010925293 982.041015625
v 207.35189819335938 -49.51998901367188 977.2010498046875
v 200.39935302734375 -47.0760383605957 975.0423583984375
v 193.21318054199219 -49.0891227722168 976.82049560546875
v 190.00798034667969 -54.39039993286133 981.5030517578125
v 192.64810180664062 -59.86981201171875 986.343017578125
v 199.59033203125 -45.19225692749023 1001.8531494140625
v 206.77922058105469 -43.88168334960938 999.53662109375
v 209.99160766601562 -40.42232513427734 993.42181396484375
v 207.35890197753906 -36.84366226196289 987.09619140625
v 200.40966796875 -35.24452209472656 984.26953125
v 193.22077941894531 -36.55509185791016 986.58612060546875
v 190.00839233398438 -40.01445388793945 992.70086669921875
v 192.64109802246094 -43.59311676025391 999.0264892578125
v 199.58415222167969 -32.48456954956055 1006.7432861328125
v 206.774658203125 -31.83577346801758 1004.17681884765625
v 209.99134826660156 -30.12081146240234 997.39288330078125
v 207.36309814453125 -28.34579849243164 990.371337890625
v 200.41584777832031 -27.55174255371094 987.23028564453125
v 193.225341796875 -28.20054054260254 989.7967529296875
v 190.00865173339844 -29.91550064086914 996.5806884765625
v 192.63690185546875 -31.69051551818848 1003.6021728515625
v 199.57781982421875 -17.8569450378418 1008.6234130859375
v 206.77000427246094 -17.68899536132812 1005.999755859375
v 209.9910888671875 -17.24441337585449 999.05450439453125
v 207.36738586425781 -16.78402137756348 991.86236572265625
v 200.42218017578125 -16.57783126831055 988.6412353515625
v 193.22999572753906 -16.74578094482422 991.26495361328125
v 190.0089111328125 -17.19036293029785 998.21014404296875
v 192.63261413574219 -17.65075492858887 1005.40234375
v 199.44515991210938 282.73391723632812 1008.616943359375
v 206.67153930664062 283.3682861328125 1006.0889892578125
v 209.98458862304688 283.65911865234375 999.18719482421875
v 207.45664978027344 283.43719482421875 991.9608154296875
v 200.55484008789062 282.83132934570312 988.64776611328125
v 193.32846069335938 282.19696044921875 991.1756591796875
v 190.01541137695312 281.90609741210938 998.0775146484375
v 192.54335021972656 282.12802124023438 1005.30389404296875
v 196.40348815917969 299.88784790039062 1008.6165771484375
v 203.28958129882812 302.45492553710938 1006.09332275390625
v 206.45013427734375 303.63314819335938 999.193603515625
v 204.04620361328125 302.73699951171875 991.965576171875
v 197.47293090820312 300.28652954101562 988.64813232421875
v 190.58685302734375 297.71945190429688 991.17138671875
v 187.42630004882812 296.54122924804688 998.071044921875
v 189.83023071289062 297.43740844726562 1005.299072265625
v 187.04534912109375 315.54058837890625 1008.61627197265625
v 192.5577392578125 320.40963745117188 1006.09698486328125
v 195.09019470214844 322.64654541015625 999.1990966796875
v 193.16923522949219 320.94976806640625 991.9697265625
v 187.90966796875 316.30401611328125 988.6484375
v 182.39729309082031 311.43496704101562 991.167724609375
v 179.86482238769531 309.19805908203125 998.0655517578125
v 181.78578186035156 310.89483642578125 1005.29498291015625
v 172.71597290039062 326.70779418945312 1008.615966796875
v 176.31553649902344 333.07037353515625 1006.100830078125
v 177.97088623046875 335.99636840820312 999.20489501953125
v 176.71884155273438 333.78329467773438 991.97406005859375
v 173.28602600097656 327.71542358398438 988.64874267578125
v 169.68646240234375 321.35284423828125 991.16387939453125
v 168.0311279296875 318.42684936523438 998.05975341796875
v 169.28315734863281 320.63992309570312 1005.2906494140625
v 162.65861511230469 330.57473754882812 1008.61572265625
v 164.44380187988281 337.63644409179688 1006.10302734375
v 165.26521301269531 340.88580322265625 999.20819091796875
v 164.64494323730469 338.43212890625 991.97650146484375
v 162.94291687011719 331.69937133789062 988.64892578125
v 161.15774536132812 324.63763427734375 991.16168212890625
v 160.33631896972656 321.3883056640625 998.0565185546875
v 160.95658874511719 323.84197998046875 1005.2882080078125
v 149.96281433105469 332.20181274414062 1008.615478515625
v 150.42582702636719 339.43475341796875 1006.1063232421875
v 150.63905334472656 342.76571655273438 999.213134765625
v 150.47842407226562 340.256591796875 991.980224609375
v 150.03718566894531 333.3634033203125 988.64923095703125
v 149.57417297363281 326.13046264648438 991.15838623046875
v 149.36094665527344 322.79949951171875 998.051513671875
v 149.52157592773438 325.30862426757812 1005.28448486328125
v -149.93742370605469 332.0697021484375 1008.60687255859375
v -150.57522583007812 339.33523559570312 1006.1937255859375
v -150.87562561035156 342.75717163085938 999.34521484375
v -150.66378784179688 340.343994140625 992.0797119140625
v -150.06257629394531 333.49551391601562 988.65777587890625
v -149.42477416992188 326.22998046875 991.07098388671875
v -149.12437438964844 322.80804443359375 997.91943359375
v -149.33621215820312 325.22125244140625 1005.18499755859375
v -167.04924011230469 329.03585815429688 1008.6064453125
v -169.63014221191406 335.95907592773438 1006.19769287109375
v -170.84695434570312 339.22311401367188 999.351318359375
v -169.99147033691406 336.92828369140625 992.0843505859375
v -167.5599365234375 330.40579223632812 988.658203125
v -164.97901916503906 323.48257446289062 991.06695556640625
v -163.76222229003906 320.21856689453125 997.91339111328125
v -164.61770629882812 322.51336669921875 1005.18035888671875
v -182.65220642089844 319.70822143554688 1008.60614013671875
v -187.54734802246094 325.25015258789062 1006.20086669921875
v -189.85708618164062 327.86508178710938 999.35614013671875
v -188.23713684082031 326.03109741210938 992.0880126953125
v -183.62716674804688 320.81201171875 988.6585693359375
v -178.73202514648438 315.27008056640625 991.0638427734375
v -176.42230224609375 312.65518188476562 997.9085693359375
v -178.042236328125 314.48916625976562 1005.17669677734375
v -193.78753662109375 305.42071533203125 1008.605712890625
v -200.18403625488281 309.03945922851562 1006.20428466796875
v -203.20478820800781 310.7484130859375 999.361328125
v -201.09170532226562 309.55294799804688 992.0919189453125
v -195.07046508789062 306.14651489257812 988.658935546875
v -188.67396545410156 302.52777099609375 991.0604248046875
v -185.65321350097656 300.81881713867188 997.9033203125
v -187.76629638671875 302.01425170898438 1005.1727294921875
v -197.63975524902344 295.4027099609375 1008.60552978515625
v -204.73898315429688 297.19735717773438 1006.2061767578125
v -208.09320068359375 298.04531860351562 999.36419677734375
v -205.750244140625 297.4530029296875 992.0941162109375
v -199.06910705566406 295.7640380859375 988.6591796875
v -191.96989440917969 293.96939086914062 991.05853271484375
v -188.61566162109375 293.1214599609375 997.90045166015625
v -190.9586181640625 293.7137451171875 1005.17059326171875
v -199.26336669921875 282.73544311523438 1008.60516357421875
v -206.53460693359375 283.20089721679688 1006.20928955078125
v -209.97282409667969 283.42098999023438 999.36895751953125
v -207.57695007324219 283.26763916015625 992.09771728515625
v -200.73663330078125 282.82977294921875 988.65948486328125
v -193.46539306640625 282.36431884765625 991.055419921875
v -190.02717590332031 282.14422607421875 997.89569091796875
v -192.42304992675781 282.29757690429688 1005.16693115234375
v -199.18658447265625 -18.09233665466309 1008.59918212890625
v -206.47605895996094 -17.88693428039551 1006.2593994140625
v -209.96685791015625 -17.28879547119141 999.44573974609375
v -207.62704467773438 -16.64888381958008 992.15631103515625
v -200.81341552734375 -16.34244155883789 988.66546630859375
v -193.52394104003906 -16.54784202575684 991.00531005859375
v -190.03314208984375 -17.14598083496094 997.81890869140625
v -192.37295532226562 -17.7858943939209 1005.1083984375
v -199.1748046875 -38.06141662597656 1005.06500244140625
v -206.467041015625 -37.23347854614258 1002.84405517578125
v -209.96589660644531 -34.81504821777344 996.35675048828125
v -207.63470458984375 -32.22516632080078 989.40948486328125
v -200.8251953125 -30.98252868652344 986.07611083984375
v -193.532958984375 -31.81046676635742 988.29705810546875
v -190.03410339355469 -34.22889709472656 994.784423828125
v -192.36529541015625 -36.81877899169922 1001.731689453125
v -199.15951538085938 -57.06830215454102 993.70782470703125
v -206.455322265625 -55.50576782226562 991.9388427734375
v -209.96461486816406 -50.92315292358398 986.750732421875
v -207.64460754394531 -46.00938415527344 981.18768310546875
v -200.84048461914062 -43.64585113525391 978.51190185546875
v -193.544677734375 -45.2083854675293 980.2808837890625
v -190.03538513183594 -49.79100036621094 985.468994140625
v -192.35539245605469 -54.70476913452148 991.031982421875
v -199.14590454101562 -70.41343688964844 976.59320068359375
v -206.44488525390625 -68.38078308105469 975.4432373046875
v -209.96345520019531 -62.39791870117188 972.05853271484375
v -207.65341186523438 -55.97540664672852 968.425048828125
v -200.85409545898438 -52.87933731079102 966.6734619140625
v -193.55511474609375 -54.91199111938477 967.82342529296875
v -190.03654479980469 -60.89485931396484 971.20819091796875
v -192.34658813476562 -67.31736755371094 974.84161376953125
v -199.13772583007812 -75.30039978027344 963.8924560546875
v -206.43858337402344 -73.05051422119141 963.32373046875
v -209.96275329589844 -66.41383361816406 961.64599609375
v -207.65870666503906 -59.28457260131836 959.84368896484375
v -200.86227416992188 -55.84323883056641 958.9737548828125
v -193.56141662597656 -58.09312438964844 959.54254150390625
v -190.03724670410156 -64.72980499267578 961.22027587890625
v -192.34129333496094 -71.85906982421875 963.02252197265625
v -199.13047790527344 -77.17951202392578 949.27001953125
v -206.43302917480469 -74.88077545166016 949.1229248046875
v -209.96212768554688 -68.08690643310547 948.68798828125
v -207.66339111328125 -60.78436660766602 948.22052001953125
v -200.86952209472656 -57.25526428222656 947.99462890625
v -193.56697082519531 -59.55400085449219 948.14178466796875
v -190.03787231445312 -66.34786987304688 948.57666015625
v -192.33660888671875 -73.65041351318359 949.04412841796875
v -198.90904235839844 -77.15769958496094 447.75973510742188
v -206.26092529296875 -75.02201080322266 447.94720458984375
v -209.9403076171875 -68.30834197998047 448.53656005859375
v -207.80462646484375 -60.95647048950195 449.18197631835938
v -201.09095764160156 -57.27707672119141 449.50497436523438
v -193.73907470703125 -59.41276550292969 449.31747436523438
v -190.0596923828125 -66.12643432617188 448.72811889648438
v -192.19537353515625 -73.47830963134766 448.08273315429688
v -198.89810180664062 -73.62451934814453 427.79782104492188
v -206.25233459472656 -71.59757232666016 428.553466796875
v -209.93910217285156 -65.20536804199219 430.93643188476562
v -207.81150817871094 -58.19905471801758 433.54830932617188
v -201.10189819335938 -54.68668746948242 434.85769653320312
v -193.74766540527344 -56.71363830566406 434.10205078125
v -190.06089782714844 -63.10583877563477 431.7191162109375
v -192.18849182128906 -70.11215209960938 429.10720825195312
v -198.88430786132812 -62.27223587036133 408.79965209960938
v -206.24147033691406 -60.65774536132812 410.2257080078125
v 200.59146118164062 172.13261413574219 754.07861328125
v 210.27018737792969 172.13261413574219 754.07867431640625
v 215.95988464355469 169.91825866699219 774.46075439453125
v 200.59146118164062 170.63261413574219 752.57867431640625
v 214.20419311523438 170.69659423828125 752.57867431640625
v 214.84017944335938 172.13261413574219 772.96075439453125
v 210.27018737792969 172.13261413574219 772.96075439453125
v 200.59146118164062 172.13261413574219 772.9608154296875
v 217.77018737792969 169.20260620117188 772.96075439453125
v 200.59146118164062 170.63261413574219 774.46075439453125
v 216.44364929199219 167.89576721191406 774.46075439453125
v 217.77018737792969 115.41710662841797 763.51971435546875
v 217.77018737792969 117.57196044921875 772.96075439453125
v 216.27018737792969 116.37574768066406 774.46075439453125
v 217.77018737792969 169.20260620117188 754.07867431640625
v 217.77018737792969 117.57196044921875 754.07867431640625
v 216.27018737792969 113.87853240966797 763.51971435546875
v 216.27018737792969 116.37574768066406 752.57867431640625
v 207.15115356445312 144.70623779296875 788.10400390625
v 207.15115356445312 133.48382568359375 788.10400390625
v 207.15115356445312 123.372802734375 783.2347412109375
v 207.15115356445312 116.37574768066406 774.46075439453125
v 207.15115356445312 113.87853240966797 763.51971435546875
v 207.15115356445312 116.37574768066406 752.57867431640625
v 207.15115356445312 123.372802734375 743.80462646484375
v 207.15115356445312 133.48382568359375 738.9354248046875
v 207.15115356445312 144.70623779296875 738.9354248046875
v 207.15115356445312 154.8172607421875 743.80462646484375
v 216.44364929199219 167.89576721191406 752.57867431640625
v 214.84017944335938 172.13261413574219 754.07867431640625
v 60.6139030456543 45.47323226928711 960.79351806640625
v 63.50836944580078 45.47323226928711 953.8056640625
v 70.49623870849609 45.47323226928711 950.91119384765625
v 77.48410034179688 45.47323226928711 953.8056640625
v 80.37857055664062 45.47323226928711 960.79351806640625
v 77.48410034179688 45.47323226928711 967.7813720703125
v 70.49623870849609 45.47323226928711 970.67584228515625
v 63.50836944580078 45.47323226928711 967.7813720703125
v 70.49623870849609 52.70766830444336 970.67584228515625
v 77.48410034179688 52.70766830444336 967.7813720703125
v 80.37857055664062 52.70766830444336 960.79351806640625
v 77.48410034179688 52.70766830444336 953.8056640625
v 70.49623870849609 52.70766830444336 950.91119384765625
v 63.50836944580078 52.70766830444336 953.8056640625
v 60.6139030456543 52.70766830444336 960.79351806640625
v 63.50836944580078 52.70766830444336 967.7813720703125
v 62.43832397460938 45.47323226928711 960.79351806640625
v 64.79843139648438 45.47323226928711 955.095703125
v 70.49623870849609 45.47323226928711 952.735595703125
v 76.19403839111328 45.47323226928711 955.095703125
v 78.55414581298828 45.47323226928711 960.79351806640625
v 76.19403839111328 45.47323226928711 966.4913330078125
v 70.49623870849609 45.47323226928711 968.8514404296875
v 64.79843139648438 45.47323226928711 966.4913330078125
v 70.49623870849609 52.70766830444336 968.8514404296875
v 76.19403839111328 52.70766830444336 966.4913330078125
v 78.55414581298828 52.70766830444336 960.79351806640625
v 76.19403839111328 52.70766830444336 955.095703125
v 70.49623870849609 52.70766830444336 952.735595703125
v 64.79843139648438 52.70766830444336 955.095703125
v 62.43832397460938 52.70766830444336 960.79351806640625
v 64.79843139648438 52.70766830444336 966.4913330078125
v 62.43832397460938 57.0483283996582 960.79351806640625
v 62.43832397460938 31.00436401367188 960.79351806640625
v 64.79843139648438 57.0483283996582 966.4913330078125
v 64.79843139648438 31.00436401367188 966.4913330078125
v 70.49623870849609 57.0483283996582 968.8514404296875
v 70.49623870849609 31.00436401367188 968.8514404296875
v 76.19403839111328 57.0483283996582 966.4913330078125
v 76.19403839111328 31.00436401367188 966.4913330078125
v 78.55414581298828 57.0483283996582 960.79351806640625
v 78.55414581298828 31.00436401367188 960.79351806640625
v 76.19403839111328 57.0483283996582 955.095703125
v 76.19403839111328 31.00436401367188 955.095703125
v 70.49623870849609 57.0483283996582 952.735595703125
v 70.49623870849609 31.00436401367188 952.735595703125
v 64.79843139648438 31.00436401367188 955.095703125
v 64.79843139648438 57.0483283996582 955.095703125
# 4608 vertices

o low_fin
usemtl default
f 1 9 10
f 5 6 7
f 11 12 13
f 15 16 17
f 19 2 4
f 9 5 8
f 6 11 14
f 12 15 18
f 16 19 20
f 21 23 30
f 25 28 27
f 31 34 33
f 35 38 37
f 39 40 24
f 29 30 28
f 26 27 34
f 32 33 38
f 36 37 40
f 21 29 9
f 30 23 3
f 23 21 1
f 25 26 6
f 27 28 8
f 31 32 12
f 33 34 14
f 35 36 16
f 37 38 18
f 39 22 2
f 22 24 4
f 24 40 20
f 29 25 5
f 28 30 10
f 26 31 11
f 34 27 7
f 32 35 15
f 38 33 13
f 36 39 19
f 40 37 17
f 1 10 3
f 5 7 8
f 11 13 14
f 15 17 18
f 19 4 20
f 9 8 10
f 6 14 7
f 12 18 13
f 16 20 17
f 21 30 29
f 25 27 26
f 31 33 32
f 35 37 36
f 39 24 22
f 29 28 25
f 26 34 31
f 32 38 35
f 36 40 39
f 21 9 1
f 30 3 10
f 23 1 3
f 25 6 5
f 27 8 7
f 31 12 11
f 33 14 13
f 35 16 15
f 37 18 17
f 39 2 19
f 22 4 2
f 24 20 4
f 29 5 9
f 28 10 8
f 26 11 6
f 34 7 14
f 32 15 12
f 38 13 18
f 36 19 16
f 40 17 20
f 41 42 50
f 42 43 51
f 43 44 52
f 44 45 53
f 45 46 54
f 46 47 55
f 47 48 56
f 48 41 49
f 49 50 58
f 50 51 59
f 51 52 60
f 52 53 61
f 53 54 62
f 54 55 63
f 55 56 64
f 56 49 57
f 57 58 66
f 58 59 67
f 59 60 68
f 60 61 69
f 61 62 70
f 62 63 71
f 63 64 72
f 64 57 65
f 65 66 74
f 66 67 75
f 67 68 76
f 68 69 77
f 69 70 78
f 70 71 79
f 71 72 80
f 72 65 73
f 73 74 82
f 74 75 83
f 75 76 84
f 76 77 85
f 77 78 86
f 78 79 87
f 79 80 88
f 80 73 81
f 81 82 90
f 82 83 91
f 83 84 92
f 84 85 93
f 85 86 94
f 86 87 95
f 87 88 96
f 88 81 89
f 89 90 98
f 90 91 99
f 91 92 100
f 92 93 101
f 93 94 102
f 94 95 103
f 95 96 104
f 96 89 97
f 97 98 106
f 98 99 107
f 99 100 108
f 100 101 109
f 101 102 110
f 102 103 111
f 103 104 112
f 104 97 105
f 105 106 114
f 106 107 115
f 107 108 116
f 108 109 117
f 109 110 118
f 110 111 119
f 111 112 120
f 112 105 113
f 113 114 122
f 114 115 123
f 115 116 124
f 116 117 125
f 117 118 126
f 118 119 127
f 119 120 128
f 120 113 121
f 121 122 130
f 122 123 131
f 123 124 132
f 124 125 133
f 125 126 134
f 126 127 135
f 127 128 136
f 128 121 129
f 129 130 138
f 130 131 139
f 131 132 140
f 132 133 141
f 133 134 142
f 134 135 143
f 135 136 144
f 136 129 137
f 137 138 146
f 138 139 147
f 139 140 148
f 140 141 149
f 141 142 150
f 142 143 151
f 143 144 152
f 144 137 145
f 145 146 154
f 146 147 155
f 147 148 156
f 148 149 157
f 149 150 158
f 150 151 159
f 151 152 160
f 152 145 153
f 153 154 162
f 154 155 163
f 155 156 164
f 156 157 165
f 157 158 166
f 158 159 167
f 159 160 168
f 160 153 161
f 161 162 170
f 162 163 171
f 163 164 172
f 164 165 173
f 165 166 174
f 166 167 175
f 167 168 176
f 168 161 169
f 169 170 178
f 170 171 179
f 171 172 180
f 172 173 181
f 173 174 182
f 174 175 183
f 175 176 184
f 176 169 177
f 177 178 186
f 178 179 187
f 179 180 188
f 180 181 189
f 181 182 190
f 182 183 191
f 183 184 192
f 184 177 185
f 185 186 194
f 186 187 195
f 187 188 196
f 188 189 197
f 189 190 198
f 190 191 199
f 191 192 200
f 192 185 193
f 193 194 202
f 194 195 203
f 195 196 204
f 196 197 205
f 197 198 206
f 198 199 207
f 199 200 208
f 200 193 201
f 201 202 210
f 202 203 211
f 203 204 212
f 204 205 213
f 205 206 214
f 206 207 215
f 207 208 216
f 208 201 209
f 209 210 218
f 210 211 219
f 211 212 220
f 212 213 221
f 213 214 222
f 214 215 223
f 215 216 224
f 216 209 217
f 217 218 226
f 218 219 227
f 219 220 228
f 220 221 229
f 221 222 230
f 222 223 231
f 223 224 232
f 224 217 225
f 225 226 234
f 226 227 235
f 227 228 236
f 228 229 237
f 229 230 238
f 230 231 239
f 231 232 240
f 232 225 233
f 233 234 242
f 234 235 243
f 235 236 244
f 236 237 245
f 237 238 246
f 238 239 247
f 239 240 248
f 240 233 241
f 241 242 250
f 242 243 251
f 243 244 252
f 244 245 253
f 245 246 254
f 246 247 255
f 247 248 256
f 248 241 249
f 249 250 258
f 250 251 259
f 251 252 260
f 252 253 261
f 253 254 262
f 254 255 263
f 255 256 264
f 256 249 257
f 257 258 266
f 258 259 267
f 259 260 268
f 260 261 269
f 261 262 270
f 262 263 271
f 263 264 272
f 264 257 265
f 265 266 274
f 266 267 275
f 267 268 276
f 268 269 277
f 269 270 278
f 270 271 279
f 271 272 280
f 272 265 273
f 273 274 282
f 274 275 283
f 275 276 284
f 276 277 285
f 277 278 286
f 278 279 287
f 279 280 288
f 280 273 281
f 281 282 290
f 282 283 291
f 283 284 292
f 284 285 293
f 285 286 294
f 286 287 295
f 287 288 296
f 288 281 289
f 289 290 298
f 290 291 299
f 291 292 300
f 292 293 301
f 293 294 302
f 294 295 303
f 295 296 304
f 296 289 297
f 297 298 306
f 298 299 307
f 299 300 308
f 300 301 309
f 301 302 310
f 302 303 311
f 303 304 312
f 304 297 305
f 305 306 314
f 306 307 315
f 307 308 316
f 308 309 317
f 309 310 318
f 310 311 319
f 311 312 320
f 312 305 313
f 313 314 322
f 314 315 323
f 315 316 324
f 316 317 325
f 317 318 326
f 318 319 327
f 319 320 328
f 320 313 321
f 321 322 330
f 322 323 331
f 323 324 332
f 324 325 333
f 325 326 334
f 326 327 335
f 327 328 336
f 328 321 329
f 329 330 338
f 330 331 339
f 331 332 340
f 332 333 341
f 333 334 342
f 334 335 343
f 335 336 344
f 336 329 337
f 337 338 346
f 338 339 347
f 339 340 348
f 340 341 349
f 341 342 350
f 342 343 351
f 343 344 352
f 344 337 345
f 345 346 354
f 346 347 355
f 347 348 356
f 348 349 357
f 349 350 358
f 350 351 359
f 351 352 360
f 352 345 353
f 353 354 362
f 354 355 363
f 355 356 364
f 356 357 365
f 357 358 366
f 358 359 367
f 359 360 368
f 360 353 361
f 361 362 370
f 362 363 371
f 363 364 372
f 364 365 373
f 365 366 374
f 366 367 375
f 367 368 376
f 368 361 369
f 369 370 378
f 370 371 379
f 371 372 380
f 372 373 381
f 373 374 382
f 374 375 383
f 375 376 384
f 376 369 377
f 377 378 386
f 378 379 387
f 379 380 388
f 380 381 389
f 381 382 390
f 382 383 391
f 383 384 392
f 384 377 385
f 385 386 394
f 386 387 395
f 387 388 396
f 388 389 397
f 389 390 398
f 390 391 399
f 391 392 400
f 392 385 393
f 393 394 402
f 394 395 403
f 395 396 404
f 396 397 405
f 397 398 406
f 398 399 407
f 399 400 408
f 400 393 401
f 401 402 410
f 402 403 411
f 403 404 412
f 404 405 413
f 405 406 414
f 406 407 415
f 407 408 416
f 408 401 409
f 409 410 418
f 410 411 419
f 411 412 420
f 412 413 421
f 413 414 422
f 414 415 423
f 415 416 424
f 416 409 417
f 417 418 426
f 418 419 427
f 419 420 428
f 420 421 429
f 421 422 430
f 422 423 431
f 423 424 432
f 424 417 425
f 425 426 434
f 426 427 435
f 427 428 436
f 428 429 437
f 429 430 438
f 430 431 439
f 431 432 440
f 432 425 433
f 433 434 442
f 434 435 443
f 435 436 444
f 436 437 445
f 437 438 446
f 438 439 447
f 439 440 448
f 440 433 441
f 441 442 450
f 442 443 451
f 443 444 452
f 444 445 453
f 445 446 454
f 446 447 455
f 447 448 456
f 448 441 449
f 449 450 458
f 450 451 459
f 451 452 460
f 452 453 461
f 453 454 462
f 454 455 463
f 455 456 464
f 456 449 457
f 41 50 49
f 42 51 50
f 43 52 51
f 44 53 52
f 45 54 53
f 46 55 54
f 47 56 55
f 48 49 56
f 49 58 57
f 50 59 58
f 51 60 59
f 52 61 60
f 53 62 61
f 54 63 62
f 55 64 63
f 56 57 64
f 57 66 65
f 58 67 66
f 59 68 67
f 60 69 68
f 61 70 69
f 62 71 70
f 63 72 71
f 64 65 72
f 65 74 73
f 66 75 74
f 67 76 75
f 68 77 76
f 69 78 77
f 70 79 78
f 71 80 79
f 72 73 80
f 73 82 81
f 74 83 82
f 75 84 83
f 76 85 84
f 77 86 85
f 78 87 86
f 79 88 87
f 80 81 88
f 81 90 89
f 82 91 90
f 83 92 91
f 84 93 92
f 85 94 93
f 86 95 94
f 87 96 95
f 88 89 96
f 89 98 97
f 90 99 98
f 91 100 99
f 92 101 100
f 93 102 101
f 94 103 102
f 95 104 103
f 96 97 104
f 97 106 105
f 98 107 106
f 99 108 107
f 100 109 108
f 101 110 109
f 102 111 110
f 103 112 111
f 104 105 112
f 105 114 113
f 106 115 114
f 107 116 115
f 108 117 116
f 109 118 117
f 110 119 118
f 111 120 119
f 112 113 120
f 113 122 121
f 114 123 122
f 115 124 123
f 116 125 124
f 117 126 125
f 118 127 126
f 119 128 127
f 120 121 128
f 121 130 129
f 122 131 130
f 123 132 131
f 124 133 132
f 125 134 133
f 126 135 134
f 127 136 135
f 128 129 136
f 129 138 137
f 130 139 138
f 131 140 139
f 132 141 140
f 133 142 141
f 134 143 142
f 135 144 143
f 136 137 144
f 137 146 145
f 138 147 146
f 139 148 147
f 140 149 148
f 141 150 149
f 142 151 150
f 143 152 151
f 144 145 152
f 145 154 153
f 146 155 154
f 147 156 155
f 148 157 156
f 149 158 157
f 150 159 158
f 151 160 159
f 152 153 160
f 153 162 161
f 154 163 162
f 155 164 163
f 156 165 164
f 157 166 165
f 158 167 166
f 159 168 167
f 160 161 168
f 161 170 169
f 162 171 170
f 163 172 171
f 164 173 172
f 165 174 173
f 166 175 174
f 167 176 175
f 168 169 176
f 169 178 177
f 170 179 178
f 171 180 179
f 172 181 180
f 173 182 181
f 174 183 182
f 175 184 183
f 176 177 184
f 177 186 185
f 178 187 186
f 179 188 187
f 180 189 188
f 181 190 189
f 182 191 190
f 183 192 191
f 184 185 192
f 185 194 193
f 186 195 194
f 187 196 195
f 188 197 196
f 189 198 197
f 190 199 198
f 191 200 199
f 192 193 200
f 193 202 201
f 194 203 202
f 195 204 203
f 196 205 204
f 197 206 205
f 198 207 206
f 199 208 207
f 200 201 208
f 201 210 209
f 202 211 210
f 203 212 211
f 204 213 212
f 205 214 213
f 206 215 214
f 207 216 215
f 208 209 216
f 209 218 217
f 210 219 218
f 211 220 219
f 212 221 220
f 213 222 221
f 214 223 222
f 215 224 223
f 216 217 224
f 217 226 225
f 218 227 226
f 219 228 227
f 220 229 228
f 221 230 229
f 222 231 230
f 223 232 231
f 224 225 232
f 225 234 233
f 226 235 234
f 227 236 235
f 228 237 236
f 229 238 237
f 230 239 238
f 231 240 239
f 232 233 240
f 233 242 241
f 234 243 242
f 235 244 243
f 236 245 244
f 237 246 245
f 238 247 246
f 239 248 247
f 240 241 248
f 241 250 249
f 242 251 250
f 243 252 251
f 244 253 252
f 245 254 253
f 246 255 254
f 247 256 255
f 248 249 256
f 249 258 257
f 250 259 258
f 251 260 259
f 252 261 260
f 253 262 261
f 254 263 262
f 255 264 263
f 256 257 264
f 257 266 265
f 258 267 266
f 259 268 267
f 260 269 268
f 261 270 269
f 262 271 270
f 263 272 271
f 264 265 272
f 265 274 273
f 266 275 274
f 267 276 275
f 268 277 276
f 269 278 277
f 270 279 278
f 271 280 279
f 272 273 280
f 273 282 281
f 274 283 282
f 275 284 283
f 276 285 284
f 277 286 285
f 278 287 286
f 279 288 287
f 280 281 288
f 281 290 289
f 282 291 290
f 283 292 291
f 284 293 292
f 285 294 293
f 286 295 294
f 287 296 295
f 288 289 296
f 289 298 297
f 290 299 298
f 291 300 299
f 292 301 300
f 293 302 301
f 294 303 302
f 295 304 303
f 296 297 304
f 297 306 305
f 298 307 306
f 299 308 307
f 300 309 308
f 301 310 309
f 302 311 310
f 303 312 311
f 304 305 312
f 305 314 313
f 306 315 314
f 307 316 315
f 308 317 316
f 309 318 317
f 310 319 318
f 311 320 319
f 312 313 320
f 313 322 321
f 314 323 322
f 315 324 323
f 316 325 324
f 317 326 325
f 318 327 326
f 319 328 327
f 320 321 328
f 321 330 329
f 322 331 330
f 323 332 331
f 324 333 332
f 325 334 333
f 326 335 334
f 327 336 335
f 328 329 336
f 329 338 337
f 330 339 338
f 331 340 339
f 332 341 340
f 333 342 341
f 334 343 342
f 335 344 343
f 336 337 344
f 337 346 345
f 338 347 346
f 339 348 347
f 340 349 348
f 341 350 349
f 342 351 350
f 343 352 351
f 344 345 352
f 345 354 353
f 346 355 354
f 347 356 355
f 348 357 356
f 349 358 357
f 350 359 358
f 351 360 359
f 352 353 360
f 353 362 361
f 354 363 362
f 355 364 363
f 356 365 364
f 357 366 365
f 358 367 366
f 359 368 367
f 360 361 368
f 361 370 369
f 362 371 370
f 363 372 371
f 364 373 372
f 365 374 373
f 366 375 374
f 367 376 375
f 368 369 376
f 369 378 377
f 370 379 378
f 371 380 379
f 372 381 380
f 373 382 381
f 374 383 382
f 375 384 383
f 376 377 384
f 377 386 385
f 378 387 386
f 379 388 387
f 380 389 388
f 381 390 389
f 382 391 390
f 383 392 391
f 384 385 392
f 385 394 393
f 386 395 394
f 387 396 395
f 388 397 396
f 389 398 397
f 390 399 398
f 391 400 399
f 392 393 400
f 393 402 401
f 394 403 402
f 395 404 403
f 396 405 404
f 397 406 405
f 398 407 406
f 399 408 407
f 400 401 408
f 401 410 409
f 402 411 410
f 403 412 411
f 404 413 412
f 405 414 413
f 406 415 414
f 407 416 415
f 408 409 416
f 409 418 417
f 410 419 418
f 411 420 419
f 412 421 420
f 413 422 421
f 414 423 422
f 415 424 423
f 416 417 424
f 417 426 425
f 418 427 426
f 419 428 427
f 420 429 428
f 421 430 429
f 422 431 430
f 423 432 431
f 424 425 432
f 425 434 433
f 426 435 434
f 427 436 435
f 428 437 436
f 429 438 437
f 430 439 438
f 431 440 439
f 432 433 440
f 433 442 441
f 434 443 442
f 435 444 443
f 436 445 444
f 437 446 445
f 438 447 446
f 439 448 447
f 440 441 448
f 441 450 449
f 442 451 450
f 443 452 451
f 444 453 452
f 445 454 453
f 446 455 454
f 447 456 455
f 448 449 456
f 449 458 457
f 450 459 458
f 451 460 459
f 452 461 460
f 453 462 461
f 454 463 462
f 455 464 463
f 456 457 464
f 465 466 474
f 466 467 475
f 467 468 476
f 468 469 477
f 469 470 478
f 470 471 479
f 471 472 480
f 472 465 473
f 473 474 482
f 474 475 483
f 475 476 484
f 476 477 485
f 477 478 486
f 478 479 487
f 479 480 488
f 480 473 481
f 481 482 490
f 482 483 491
f 483 484 492
f 484 485 493
f 485 486 494
f 486 487 495
f 487 488 496
f 488 481 489
f 489 490 498
f 490 491 499
f 491 492 500
f 492 493 501
f 493 494 502
f 494 495 503
f 495 496 504
f 496 489 497
f 497 498 506
f 498 499 507
f 499 500 508
f 500 501 509
f 501 502 510
f 502 503 511
f 503 504 512
f 504 497 505
f 505 506 514
f 506 507 515
f 507 508 516
f 508 509 517
f 509 510 518
f 510 511 519
f 511 512 520
f 512 505 513
f 513 514 522
f 514 515 523
f 515 516 524
f 516 517 525
f 517 518 526
f 518 519 527
f 519 520 528
f 520 513 521
f 521 522 530
f 522 523 531
f 523 524 532
f 524 525 533
f 525 526 534
f 526 527 535
f 527 528 536
f 528 521 529
f 529 530 538
f 530 531 539
f 531 532 540
f 532 533 541
f 533 534 542
f 534 535 543
f 535 536 544
f 536 529 537
f 537 538 546
f 538 539 547
f 539 540 548
f 540 541 549
f 541 542 550
f 542 543 551
f 543 544 552
f 544 537 545
f 545 546 554
f 546 547 555
f 547 548 556
f 548 549 557
f 549 550 558
f 550 551 559
f 551 552 560
f 552 545 553
f 553 554 562
f 554 555 563
f 555 556 564
f 556 557 565
f 557 558 566
f 558 559 567
f 559 560 568
f 560 553 561
f 561 562 570
f 562 563 571
f 563 564 572
f 564 565 573
f 565 566 574
f 566 567 575
f 567 568 576
f 568 561 569
f 569 570 578
f 570 571 579
f 571 572 580
f 572 573 581
f 573 574 582
f 574 575 583
f 575 576 584
f 576 569 577
f 577 578 586
f 578 579 587
f 579 580 588
f 580 581 589
f 581 582 590
f 582 583 591
f 583 584 592
f 584 577 585
f 585 586 594
f 586 587 595
f 587 588 596
f 588 589 597
f 589 590 598
f 590 591 599
f 591 592 600
f 592 585 593
f 593 594 602
f 594 595 603
f 595 596 604
f 596 597 605
f 597 598 606
f 598 599 607
f 599 600 608
f 600 593 601
f 601 602 610
f 602 603 611
f 603 604 612
f 604 605 613
f 605 606 614
f 606 607 615
f 607 608 616
f 608 601 609
f 609 610 618
f 610 611 619
f 611 612 620
f 612 613 621
f 613 614 622
f 614 615 623
f 615 616 624
f 616 609 617
f 617 618 626
f 618 619 627
f 619 620 628
f 620 621 629
f 621 622 630
f 622 623 631
f 623 624 632
f 624 617 625
f 625 626 634
f 626 627 635
f 627 628 636
f 628 629 637
f 629 630 638
f 630 631 639
f 631 632 640
f 632 625 633
f 633 634 642
f 634 635 643
f 635 636 644
f 636 637 645
f 637 638 646
f 638 639 647
f 639 640 648
f 640 633 641
f 641 642 650
f 642 643 651
f 643 644 652
f 644 645 653
f 645 646 654
f 646 647 655
f 647 648 656
f 648 641 649
f 649 650 658
f 650 651 659
f 651 652 660
f 652 653 661
f 653 654 662
f 654 655 663
f 655 656 664
f 656 649 657
f 657 658 666
f 658 659 667
f 659 660 668
f 660 661 669
f 661 662 670
f 662 663 671
f 663 664 672
f 664 657 665
f 665 666 674
f 666 667 675
f 667 668 676
f 668 669 677
f 669 670 678
f 670 671 679
f 671 672 680
f 672 665 673
f 673 674 682
f 674 675 683
f 675 676 684
f 676 677 685
f 677 678 686
f 678 679 687
f 679 680 688
f 680 673 681
f 681 682 690
f 682 683 691
f 683 684 692
f 684 685 693
f 685 686 694
f 686 687 695
f 687 688 696
f 688 681 689
f 689 690 698
f 690 691 699
f 691 692 700
f 692 693 701
f 693 694 702
f 694 695 703
f 695 696 704
f 696 689 697
f 697 698 706
f 698 699 707
f 699 700 708
f 700 701 709
f 701 702 710
f 702 703 711
f 703 704 712
f 704 697 705
f 705 706 714
f 706 707 715
f 707 708 716
f 708 709 717
f 709 710 718
f 710 711 719
f 711 712 720
f 712 705 713
f 713 714 722
f 714 715 723
f 715 716 724
f 716 717 725
f 717 718 726
f 718 719 727
f 719 720 728
f 720 713 721
f 721 722 730
f 722 723 731
f 723 724 732
f 724 725 733
f 725 726 734
f 726 727 735
f 727 728 736
f 728 721 729
f 729 730 738
f 730 731 739
f 731 732 740
f 732 733 741
f 733 734 742
f 734 735 743
f 735 736 744
f 736 729 737
f 737 738 746
f 738 739 747
f 739 740 748
f 740 741 749
f 741 742 750
f 742 743 751
f 743 744 752
f 744 737 745
f 745 746 754
f 746 747 755
f 747 748 756
f 748 749 757
f 749 750 758
f 750 751 759
f 751 752 760
f 752 745 753
f 753 754 762
f 754 755 763
f 755 756 764
f 756 757 765
f 757 758 766
f 758 759 767
f 759 760 768
f 760 753 761
f 761 762 770
f 762 763 771
f 763 764 772
f 764 765 773
f 765 766 774
f 766 767 775
f 767 768 776
f 768 761 769
f 769 770 778
f 770 771 779
f 771 772 780
f 772 773 781
f 773 774 782
f 774 775 783
f 775 776 784
f 776 769 777
f 777 778 786
f 778 779 787
f 779 780 788
f 780 781 789
f 781 782 790
f 782 783 791
f 783 784 792
f 784 777 785
f 785 786 794
f 786 787 795
f 787 788 796
f 788 789 797
f 789 790 798
f 790 791 799
f 791 792 800
f 792 785 793
f 793 794 802
f 794 795 803
f 795 796 804
f 796 797 805
f 797 798 806
f 798 799 807
f 799 800 808
f 800 793 801
f 801 802 810
f 802 803 811
f 803 804 812
f 804 805 813
f 805 806 814
f 806 807 815
f 807 808 816
f 808 801 809
f 809 810 818
f 810 811 819
f 811 812 820
f 812 813 821
f 813 814 822
f 814 815 823
f 815 816 824
f 816 809 817
f 817 818 826
f 818 819 827
f 819 820 828
f 820 821 829
f 821 822 830
f 822 823 831
f 823 824 832
f 824 817 825
f 825 826 834
f 826 827 835
f 827 828 836
f 828 829 837
f 829 830 838
f 830 831 839
f 831 832 840
f 832 825 833
f 833 834 842
f 834 835 843
f 835 836 844
f 836 837 845
f 837 838 846
f 838 839 847
f 839 840 848
f 840 833 841
f 841 842 850
f 842 843 851
f 843 844 852
f 844 845 853
f 845 846 854
f 846 847 855
f 847 848 856
f 848 841 849
f 849 850 858
f 850 851 859
f 851 852 860
f 852 853 861
f 853 854 862
f 854 855 863
f 855 856 864
f 856 849 857
f 857 858 866
f 858 859 867
f 859 860 868
f 860 861 869
f 861 862 870
f 862 863 871
f 863 864 872
f 864 857 865
f 865 866 874
f 866 867 875
f 867 868 876
f 868 869 877
f 869 870 878
f 870 871 879
f 871 872 880
f 872 865 873
f 873 874 882
f 874 875 883
f 875 876 884
f 876 877 885
f 877 878 886
f 878 879 887
f 879 880 888
f 880 873 881
f 881 882 890
f 882 883 891
f 883 884 892
f 884 885 893
f 885 886 894
f 886 887 895
f 887 888 896
f 888 881 889
f 889 890 898
f 890 891 899
f 891 892 900
f 892 893 901
f 893 894 902
f 894 895 903
f 895 896 904
f 896 889 897
f 897 898 906
f 898 899 907
f 899 900 908
f 900 901 909
f 901 902 910
f 902 903 911
f 903 904 912
f 904 897 905
f 465 474 473
f 466 475 474
f 467 476 475
f 468 477 476
f 469 478 477
f 470 479 478
f 471 480 479
f 472 473 480
f 473 482 481
f 474 483 482
f 475 484 483
f 476 485 484
f 477 486 485
f 478 487 486
f 479 488 487
f 480 481 488
f 481 490 489
f 482 491 490
f 483 492 491
f 484 493 492
f 485 494 493
f 486 495 494
f 487 496 495
f 488 489 496
f 489 498 497
f 490 499 498
f 491 500 499
f 492 501 500
f 493 502 501
f 494 503 502
f 495 504 503
f 496 497 504
f 497 506 505
f 498 507 506
f 499 508 507
f 500 509 508
f 501 510 509
f 502 511 510
f 503 512 511
f 504 505 512
f 505 514 513
f 506 515 514
f 507 516 515
f 508 517 516
f 509 518 517
f 510 519 518
f 511 520 519
f 512 513 520
f 513 522 521
f 514 523 522
f 515 524 523
f 516 525 524
f 517 526 525
f 518 527 526
f 519 528 527
f 520 521 528
f 521 530 529
f 522 531 530
f 523 532 531
f 524 533 532
f 525 534 533
f 526 535 534
f 527 536 535
f 528 529 536
f 529 538 537
f 530 539 538
f 531 540 539
f 532 541 540
f 533 542 541
f 534 543 542
f 535 544 543
f 536 537 544
f 537 546 545
f 538 547 546
f 539 548 547
f 540 549 548
f 541 550 549
f 542 551 550
f 543 552 551
f 544 545 552
f 545 554 553
f 546 555 554
f 547 556 555
f 548 557 556
f 549 558 557
f 550 559 558
f 551 560 559
f 552 553 560
f 553 562 561
f 554 563 562
f 555 564 563
f 556 565 564
f 557 566 565
f 558 567 566
f 559 568 567
f 560 561 568
f 561 570 569
f 562 571 570
f 563 572 571
f 564 573 572
f 565 574 573
f 566 575 574
f 567 576 575
f 568 569 576
f 569 578 577
f 570 579 578
f 571 580 579
f 572 581 580
f 573 582 581
f 574 583 582
f 575 584 583
f 576 577 584
f 577 586 585
f 578 587 586
f 579 588 587
f 580 589 588
f 581 590 589
f 582 591 590
f 583 592 591
f 584 585 592
f 585 594 593
f 586 595 594
f 587 596 595
f 588 597 596
f 589 598 597
f 590 599 598
f 591 600 599
f 592 593 600
f 593 602 601
f 594 603 602
f 595 604 603
f 596 605 604
f 597 606 605
f 598 607 606
f 599 608 607
f 600 601 608
f 601 610 609
f 602 611 610
f 603 612 611
f 604 613 612
f 605 614 613
f 606 615 614
f 607 616 615
f 608 609 616
f 609 618 617
f 610 619 618
f 611 620 619
f 612 621 620
f 613 622 621
f 614 623 622
f 615 624 623
f 616 617 624
f 617 626 625
f 618 627 626
f 619 628 627
f 620 629 628
f 621 630 629
f 622 631 630
f 623 632 631
f 624 625 632
f 625 634 633
f 626 635 634
f 627 636 635
f 628 637 636
f 629 638 637
f 630 639 638
f 631 640 639
f 632 633 640
f 633 642 641
f 634 643 642
f 635 644 643
f 636 645 644
f 637 646 645
f 638 647 646
f 639 648 647
f 640 641 648
f 641 650 649
f 642 651 650
f 643 652 651
f 644 653 652
f 645 654 653
f 646 655 654
f 647 656 655
f 648 649 656
f 649 658 657
f 650 659 658
f 651 660 659
f 652 661 660
f 653 662 661
f 654 663 662
f 655 664 663
f 656 657 664
f 657 666 665
f 658 667 666
f 659 668 667
f 660 669 668
f 661 670 669
f 662 671 670
f 663 672 671
f 664 665 672
f 665 674 673
f 666 675 674
f 667 676 675
f 668 677 676
f 669 678 677
f 670 679 678
f 671 680 679
f 672 673 680
f 673 682 681
f 674 683 682
f 675 684 683
f 676 685 684
f 677 686 685
f 678 687 686
f 679 688 687
f 680 681 688
f 681 690 689
f 682 691 690
f 683 692 691
f 684 693 692
f 685 694 693
f 686 695 694
f 687 696 695
f 688 689 696
f 689 698 697
f 690 699 698
f 691 700 699
f 692 701 700
f 693 702 701
f 694 703 702
f 695 704 703
f 696 697 704
f 697 706 705
f 698 707 706
f 699 708 707
f 700 709 708
f 701 710 709
f 702 711 710
f 703 712 711
f 704 705 712
f 705 714 713
f 706 715 714
f 707 716 715
f 708 717 716
f 709 718 717
f 710 719 718
f 711 720 719
f 712 713 720
f 713 722 721
f 714 723 722
f 715 724 723
f 716 725 724
f 717 726 725
f 718 727 726
f 719 728 727
f 720 721 728
f 721 730 729
f 722 731 730
f 723 732 731
f 724 733 732
f 725 734 733
f 726 735 734
f 727 736 735
f 728 729 736
f 729 738 737
f 730 739 738
f 731 740 739
f 732 741 740
f 733 742 741
f 734 743 742
f 735 744 743
f 736 737 744
f 737 746 745
f 738 747 746
f 739 748 747
f 740 749 748
f 741 750 749
f 742 751 750
f 743 752 751
f 744 745 752
f 745 754 753
f 746 755 754
f 747 756 755
f 748 757 756
f 749 758 757
f 750 759 758
f 751 760 759
f 752 753 760
f 753 762 761
f 754 763 762
f 755 764 763
f 756 765 764
f 757 766 765
f 758 767 766
f 759 768 767
f 760 761 768
f 761 770 769
f 762 771 770
f 763 772 771
f 764 773 772
f 765 774 773
f 766 775 774
f 767 776 775
f 768 769 776
f 769 778 777
f 770 779 778
f 771 780 779
f 772 781 780
f 773 782 781
f 774 783 782
f 775 784 783
f 776 777 784
f 777 786 785
f 778 787 786
f 779 788 787
f 780 789 788
f 781 790 789
f 782 791 790
f 783 792 791
f 784 785 792
f 785 794 793
f 786 795 794
f 787 796 795
f 788 797 796
f 789 798 797
f 790 799 798
f 791 800 799
f 792 793 800
f 793 802 801
f 794 803 802
f 795 804 803
f 796 805 804
f 797 806 805
f 798 807 806
f 799 808 807
f 800 801 808
f 801 810 809
f 802 811 810
f 803 812 811
f 804 813 812
f 805 814 813
f 806 815 814
f 807 816 815
f 808 809 816
f 809 818 817
f 810 819 818
f 811 820 819
f 812 821 820
f 813 822 821
f 814 823 822
f 815 824 823
f 816 817 824
f 817 826 825
f 818 827 826
f 819 828 827
f 820 829 828
f 821 830 829
f 822 831 830
f 823 832 831
f 824 825 832
f 825 834 833
f 826 835 834
f 827 836 835
f 828 837 836
f 829 838 837
f 830 839 838
f 831 840 839
f 832 833 840
f 833 842 841
f 834 843 842
f 835 844 843
f 836 845 844
f 837 846 845
f 838 847 846
f 839 848 847
f 840 841 848
f 841 850 849
f 842 851 850
f 843 852 851
f 844 853 852
f 845 854 853
f 846 855 854
f 847 856 855
f 848 849 856
f 849 858 857
f 850 859 858
f 851 860 859
f 852 861 860
f 853 862 861
f 854 863 862
f 855 864 863
f 856 857 864
f 857 866 865
f 858 867 866
f 859 868 867
f 860 869 868
f 861 870 869
f 862 871 870
f 863 872 871
f 864 865 872
f 865 874 873
f 866 875 874
f 867 876 875
f 868 877 876
f 869 878 877
f 870 879 878
f 871 880 879
f 872 873 880
f 873 882 881
f 874 883 882
f 875 884 883
f 876 885 884
f 877 886 885
f 878 887 886
f 879 888 887
f 880 881 888
f 881 890 889
f 882 891 890
f 883 892 891
f 884 893 892
f 885 894 893
f 886 895 894
f 887 896 895
f 888 889 896
f 889 898 897
f 890 899 898
f 891 900 899
f 892 901 900
f 893 902 901
f 894 903 902
f 895 904 903
f 896 897 904
f 897 906 905
f 898 907 906
f 899 908 907
f 900 909 908
f 901 910 909
f 902 911 910
f 903 912 911
f 904 905 912
f 913 918 914
f 914 919 915
f 915 920 916
f 913 917 918
f 914 918 919
f 915 919 920
f 921 922 926
f 922 923 927
f 923 924 928
f 921 926 925
f 922 927 926
f 923 928 927
f 921 913 914
f 922 914 915
f 923 915 916
f 924 916 920
f 926 918 917
f 925 917 913
f 927 919 918
f 928 920 919
f 921 914 922
f 922 915 923
f 923 916 924
f 924 920 928
f 926 917 925
f 925 913 921
f 927 918 926
f 928 919 927
f 929 934 930
f 930 935 931
f 931 936 932
f 929 933 934
f 930 934 935
f 931 935 936
f 937 938 942
f 938 939 943
f 939 940 944
f 937 942 941
f 938 943 942
f 939 944 943
f 937 929 930
f 938 930 931
f 939 931 932
f 940 932 936
f 942 934 933
f 941 933 929
f 943 935 934
f 944 936 935
f 937 930 938
f 938 931 939
f 939 932 940
f 940 936 944
f 942 933 941
f 941 929 937
f 943 934 942
f 944 935 943
f 945 950 946
f 946 951 947
f 947 952 948
f 945 949 950
f 946 950 951
f 947 951 952
f 953 954 958
f 954 955 959
f 955 956 960
f 953 958 957
f 954 959 958
f 955 960 959
f 953 945 946
f 954 946 947
f 955 947 948
f 956 948 952
f 958 950 949
f 957 949 945
f 959 951 950
f 960 952 951
f 953 946 954
f 954 947 955
f 955 948 956
f 956 952 960
f 958 949 957
f 957 945 953
f 959 950 958
f 960 951 959
f 1001 993 994
f 1006 996 997
f 1002 1000 993
f 1007 995 996
f 1005 997 998
f 1003 999 1000
f 1008 994 995
f 1004 998 999
f 964 961 974
f 961 976 974
f 964 972 970
f 966 970 968
f 977 974 976
f 978 976 961
f 979 961 964
f 980 964 966
f 981 966 968
f 982 968 970
f 983 970 972
f 984 972 974
f 985 973 971
f 986 971 969
f 987 969 967
f 988 967 965
f 989 965 963
f 990 963 962
f 991 962 975
f 992 975 973
f 993 977 978
f 1008 992 985
f 996 980 981
f 1005 989 990
f 1000 984 977
f 1001 985 986
f 995 979 980
f 1006 990 991
f 997 981 982
f 1004 988 989
f 999 983 984
f 1002 986 987
f 994 978 979
f 1007 991 992
f 998 982 983
f 1003 987 988
f 1001 994 1008
f 1006 997 1005
f 1002 993 1001
f 1007 996 1006
f 1005 998 1004
f 1003 1000 1002
f 1008 995 1007
f 1004 999 1003
f 964 974 972
f 964 970 966
f 977 976 978
f 978 961 979
f 979 964 980
f 980 966 981
f 981 968 982
f 982 970 983
f 983 972 984
f 984 974 977
f 985 971 986
f 986 969 987
f 987 967 988
f 988 965 989
f 989 963 990
f 990 962 991
f 991 975 992
f 992 973 985
f 993 978 994
f 1008 985 1001
f 996 981 997
f 1005 990 1006
f 1000 977 993
f 1001 986 1002
f 995 980 996
f 1006 991 1007
f 997 982 998
f 1004 989 1005
f 999 984 1000
f 1002 987 1003
f 994 979 995
f 1007 992 1008
f 998 983 999
f 1003 988 1004
f 4560 4535 4532
f 1056 4535 4560
f 1044 4534 4535
f 4535 1040 1045
f 1052 4551 4550
f 1037 4541 4533
f 4533 1041 1037
f 1009 4552 4551
f 1036 1041 4540
f 1024 1011 1009
f 1020 1015 1011
f 1040 4559 1045
f 1016 1009 1052
f 1023 4557 4556
f 1015 4554 4553
f 1014 1052 1053
f 1051 1018 1015
f 1032 1048 1036
f 1012 1053 1054
f 1038 1050 1048
f 1011 4553 4552
f 1047 1054 1038
f 1039 1019 1018
f 1019 4556 4555
f 1043 1038 1032
f 1026 1045 1049
f 1054 4549 1050
f 4537 1041 4536
f 1030 1023 1019
f 1055 4541 4539
f 4538 4537 4532
f 1053 4550 4549
f 1027 4558 4557
f 1035 1028 1027
f 1031 1027 1023
f 1018 4555 4554
f 4539 4542 4546
f 1010 1022 1049
f 1049 1022 1034
f 4539 4544 4543
f 1017 1037 1033
f 1033 1029 1025
f 4547 1013 1010
f 4548 1010 1045
f 4560 4532 4537
f 4545 1040 1056
f 4541 1037 1017
f 4544 1017 1013
f 4550 1029 4549
f 1055 1056 4560
f 1028 1026 4558
f 1035 1044 1026
f 1050 1037 1048
f 4542 4548 4546
f 1055 4539 4545
f 4543 4547 4542
f 4558 1049 1046
f 4557 1046 1034
f 4556 1034 1022
f 4555 1022 1010
f 4554 1010 1013
f 4553 1013 1017
f 4552 1017 1021
f 4551 1021 1025
f 4550 1025 1029
f 4549 1029 1033
f 1050 1033 1037
f 1048 1037 1041
f 1036 1048 1041
f 1056 1040 4535
f 1055 4533 4541
f 4536 1041 4533
f 1026 1044 4535
f 4545 4559 1040
f 4538 4540 1041
f 4532 4535 4534
f 4542 4547 4548
f 4546 4548 4559
f 4539 4541 4544
f 4543 4544 4547
f 1052 4550 1053
f 1009 4551 1052
f 1024 1009 1016
f 1020 1011 1024
f 1016 1052 1014
f 1023 4556 1019
f 1057 1058 1060
f 1059 1060 1062
f 1061 1062 1064
f 1063 1064 1058
f 1058 1064 1062
f 1063 1057 1059
f 1057 1060 1059
f 1059 1062 1061
f 1061 1064 1063
f 1063 1058 1057
f 1058 1062 1060
f 1063 1059 1061
f 1083 1065 1082
f 1066 1089 1091
f 1082 1065 1081
f 1067 1088 1089
f 1068 1091 1093
f 1081 1065 1080
f 1084 1065 1083
f 1069 1093 1097
f 1080 1065 1079
f 1071 1095 1088
f 1070 1097 1099
f 1079 1065 1078
f 1085 1065 1084
f 1072 1099 1101
f 1078 1065 1077
f 1075 1103 1095
f 1073 1101 1105
f 1077 1065 1076
f 1076 1065 1085
f 1074 1105 1103
f 1076 1102 1104
f 1077 1104 1100
f 1078 1100 1098
f 1079 1098 1096
f 1080 1096 1092
f 1081 1092 1090
f 1082 1090 1087
f 1083 1087 1086
f 1084 1086 1094
f 1085 1094 1102
f 1089 1090 1092
f 1088 1087 1090
f 1091 1092 1096
f 1093 1096 1098
f 1095 1086 1087
f 1097 1098 1100
f 1099 1100 1104
f 1103 1094 1086
f 1101 1104 1102
f 1105 1102 1094
f 1066 1091 1068
f 1067 1089 1066
f 1068 1093 1069
f 1069 1097 1070
f 1071 1088 1067
f 1070 1099 1072
f 1072 1101 1073
f 1075 1095 1071
f 1073 1105 1074
f 1074 1103 1075
f 1076 1104 1077
f 1077 1100 1078
f 1078 1098 1079
f 1079 1096 1080
f 1080 1092 1081
f 1081 1090 1082
f 1082 1087 1083
f 1083 1086 1084
f 1084 1094 1085
f 1085 1102 1076
f 1089 1092 1091
f 1088 1090 1089
f 1091 1096 1093
f 1093 1098 1097
f 1095 1087 1088
f 1097 1100 1099
f 1099 1104 1101
f 1103 1086 1095
f 1101 1102 1105
f 1105 1094 1103
f 1173 1174 1177
f 1181 1182 1185
f 1174 1175 1176
f 1172 1173 1178
f 1182 1183 1184
f 1179 1180 1187
f 1180 1181 1186
f 1146 1147 1154
f 1148 1149 1152
f 1149 1150 1151
f 1147 1148 1153
f 1196 1109 1112
f 1107 1189 1190
f 1193 1108 1114
f 1110 1170 1171
f 1107 1117 1121
f 1161 1160 1135
f 1112 1109 1113
f 1109 1134 1113
f 1113 1119 1112
f 1196 1182 1197
f 1197 1181 1201
f 1201 1180 1194
f 1139 1140 1145
f 1140 1141 1144
f 1141 1142 1143
f 1196 1197 1129
f 1171 1188 1124
f 1193 1192 1127
f 1190 1191 1123
f 1129 1128 1134
f 1168 1134 1135
f 1168 1159 1113
f 1146 1162 1147
f 1194 1179 1193
f 1193 1178 1192
f 1192 1177 1200
f 1200 1176 1189
f 1197 1201 1128
f 1201 1194 1114
f 1188 1199 1125
f 1199 1195 1112
f 1192 1200 1126
f 1200 1189 1116
f 1191 1198 1122
f 1198 1170 1110
f 1128 1114 1120
f 1154 1156 1139
f 1159 1158 1119 1113
f 1157 1133 1119
f 1157 1167 1132
f 1156 1111 1132
f 1188 1185 1199
f 1115 1120 1114 1108
f 1195 1183 1196
f 1189 1175 1190
f 1190 1174 1191
f 1191 1173 1198
f 1198 1172 1170
f 1171 1186 1188
f 1170 1187 1171
f 1149 1164 1150
f 1154 1155 1156
f 1146 1161 1162
f 1142 1158 1159
f 1150 1164 1165
f 1143 1159 1168
f 1144 1168 1160
f 1145 1160 1161
f 1139 1156 1167
f 1140 1167 1157
f 1141 1157 1158
f 1151 1165 1166
f 1152 1166 1138
f 1153 1138 1155
f 1147 1162 1169
f 1148 1169 1163
f 1149 1163 1164
f 1170 1172 1187
f 1198 1173 1172
f 1191 1174 1173
f 1190 1175 1174
f 1189 1176 1175
f 1195 1184 1183
f 1200 1177 1176
f 1192 1178 1177
f 1193 1179 1178
f 1194 1180 1179
f 1201 1181 1180
f 1197 1182 1181
f 1196 1183 1182
f 1199 1185 1184
f 1188 1186 1185
f 1171 1187 1186
f 1107 1116 1189
f 1148 1163 1149
f 1147 1169 1148
f 1112 1195 1196
f 1173 1177 1178
f 1181 1185 1186
f 1174 1176 1177
f 1172 1178 1179
f 1182 1184 1185
f 1179 1187 1172
f 1180 1186 1187
f 1146 1154 1139
f 1148 1152 1153
f 1149 1151 1152
f 1147 1153 1154
f 1193 1114 1194
f 1110 1171 1106
f 1116 1107 1121
f 1156 1155 1118
f 1153 1155 1154
f 1127 1136 1115
f 1152 1138 1153
f 1151 1166 1152
f 1139 1145 1146
f 1140 1144 1145
f 1141 1143 1144
f 1196 1129 1109
f 1171 1124 1106
f 1193 1127 1108
f 1190 1123 1107
f 1127 1137 1136
f 1155 1138 1130
f 1166 1131 1130
f 1199 1184 1195
f 1141 1158 1142
f 1140 1157 1141
f 1139 1167 1140
f 1145 1161 1146
f 1197 1128 1129
f 1201 1114 1128
f 1188 1125 1124
f 1199 1112 1125
f 1192 1126 1127
f 1200 1116 1126
f 1191 1122 1123
f 1198 1110 1122
f 1126 1116 1137
f 1162 1115 1136
f 1166 1165 1117
f 1165 1164 1121 1117
f 1163 1137 1121
f 1163 1169 1136
f 1142 1159 1143
f 1162 1161 1120
f 1144 1160 1145
f 1143 1168 1144
f 1150 1165 1151
f 1131 1117 1123
f 1124 1125 1133
f 1130 1122 1110
f 1110 1106 1111 1118
f 1132 1111 1106
f 1117 1131 1166
f 1119 1125 1112
f 1117 1107 1123
f 1133 1132 1124
f 1110 1118 1130
f 1119 1133 1125
f 1130 1138 1166
f 1106 1124 1132
f 1116 1121 1137
f 1127 1126 1137
f 1115 1108 1127
f 1120 1135 1128
f 1128 1135 1134
f 1109 1129 1134
f 1136 1169 1162
f 1136 1137 1163
f 1121 1164 1163
f 1135 1120 1161
f 1135 1160 1168
f 1113 1134 1168
f 1119 1158 1157
f 1132 1133 1157
f 1132 1167 1156
f 1130 1118 1155
f 1123 1122 1131
f 1122 1130 1131
f 1118 1111 1156
f 1120 1115 1162
f 1202 1203 1211
f 1203 1204 1212
f 1204 1205 1213
f 1205 1206 1214
f 1206 1207 1215
f 1207 1208 1216
f 1208 1209 1217
f 1209 1202 1210
f 1210 1211 1219
f 1211 1212 1220
f 1212 1213 1221
f 1213 1214 1222
f 1214 1215 1223
f 1215 1216 1224
f 1216 1217 1225
f 1217 1210 1218
f 1218 1219 1227
f 1219 1220 1228
f 1220 1221 1229
f 1221 1222 1230
f 1222 1223 1231
f 1223 1224 1232
f 1224 1225 1233
f 1225 1218 1226
f 1226 1227 1235
f 1227 1228 1236
f 1228 1229 1237
f 1229 1230 1238
f 1230 1231 1239
f 1231 1232 1240
f 1232 1233 1241
f 1233 1226 1234
f 1234 1235 1279
f 1235 1236 1281
f 1236 1237 1264
f 1237 1238 1262
f 1238 1239 1260
f 1239 1240 1258
f 1240 1241 1276
f 1241 1234 1277
f 1257 1256 1243
f 1256 1255 1244
f 1255 1254 1245
f 1254 1253 1246
f 1253 1252 1247
f 1252 1251 1248
f 1251 1250 1249
f 1250 1257 1242
f 1242 1243 1272
f 1243 1244 1271
f 1244 1245 1270
f 1245 1246 1269
f 1246 1247 1268
f 1247 1248 1267
f 1248 1249 1266
f 1249 1242 1273
f 1259 1276 1277
f 1261 1258 1276
f 1263 1260 1258
f 1265 1262 1260
f 1280 1264 1262
f 1278 1281 1264
f 1250 1259 1275
f 1251 1261 1259
f 1252 1263 1261
f 1253 1265 1263
f 1254 1280 1265
f 1255 1278 1280
f 1257 1275 1274
f 1256 1274 1278
f 1275 1277 1279
f 1274 1279 1281
f 1202 1282 1283
f 1209 1284 1282
f 1203 1283 1285
f 1208 1286 1284
f 1204 1285 1287
f 1207 1288 1286
f 1205 1287 1289
f 1206 1289 1288
f 1282 1290 1291
f 1284 1292 1290
f 1283 1291 1293
f 1286 1294 1292
f 1285 1293 1295
f 1288 1296 1294
f 1287 1295 1297
f 1289 1297 1296
f 1272 1298 1299
f 1271 1300 1298
f 1273 1299 1301
f 1270 1302 1300
f 1266 1301 1303
f 1269 1304 1302
f 1267 1303 1305
f 1268 1305 1304
f 1202 1211 1210
f 1203 1212 1211
f 1204 1213 1212
f 1205 1214 1213
f 1206 1215 1214
f 1207 1216 1215
f 1208 1217 1216
f 1209 1210 1217
f 1210 1219 1218
f 1211 1220 1219
f 1212 1221 1220
f 1213 1222 1221
f 1214 1223 1222
f 1215 1224 1223
f 1216 1225 1224
f 1217 1218 1225
f 1218 1227 1226
f 1219 1228 1227
f 1220 1229 1228
f 1221 1230 1229
f 1222 1231 1230
f 1223 1232 1231
f 1224 1233 1232
f 1225 1226 1233
f 1226 1235 1234
f 1227 1236 1235
f 1228 1237 1236
f 1229 1238 1237
f 1230 1239 1238
f 1231 1240 1239
f 1232 1241 1240
f 1233 1234 1241
f 1234 1279 1277
f 1235 1281 1279
f 1236 1264 1281
f 1237 1262 1264
f 1238 1260 1262
f 1239 1258 1260
f 1240 1276 1258
f 1241 1277 1276
f 1257 1243 1242
f 1256 1244 1243
f 1255 1245 1244
f 1254 1246 1245
f 1253 1247 1246
f 1252 1248 1247
f 1251 1249 1248
f 1250 1242 1249
f 1242 1272 1273
f 1243 1271 1272
f 1244 1270 1271
f 1245 1269 1270
f 1246 1268 1269
f 1247 1267 1268
f 1248 1266 1267
f 1249 1273 1266
f 1259 1277 1275
f 1261 1276 1259
f 1263 1258 1261
f 1265 1260 1263
f 1280 1262 1265
f 1278 1264 1280
f 1250 1275 1257
f 1251 1259 1250
f 1252 1261 1251
f 1253 1263 1252
f 1254 1265 1253
f 1255 1280 1254
f 1257 1274 1256
f 1256 1278 1255
f 1275 1279 1274
f 1274 1281 1278
f 1202 1283 1203
f 1209 1282 1202
f 1203 1285 1204
f 1208 1284 1209
f 1204 1287 1205
f 1207 1286 1208
f 1205 1289 1206
f 1206 1288 1207
f 1282 1291 1283
f 1284 1290 1282
f 1283 1293 1285
f 1286 1292 1284
f 1285 1295 1287
f 1288 1294 1286
f 1287 1297 1289
f 1289 1296 1288
f 1272 1299 1273
f 1271 1298 1272
f 1273 1301 1266
f 1270 1300 1271
f 1266 1303 1267
f 1269 1302 1270
f 1267 1305 1268
f 1268 1304 1269
f 1306 1307 1311
f 1307 1308 1312
f 1308 1309 1313
f 1309 1306 1310
f 1310 1311 1315
f 1311 1312 1316
f 1312 1313 1317
f 1313 1310 1314
f 1314 1315 1319
f 1315 1316 1320
f 1316 1317 1321
f 1317 1314 1318
f 1318 1319 1323
f 1319 1320 1324
f 1320 1321 1325
f 1321 1318 1322
f 1322 1323 1327
f 1323 1324 1328
f 1324 1325 1329
f 1325 1322 1326
f 1326 1327 1331
f 1327 1328 1332
f 1328 1329 1333
f 1329 1326 1330
f 1330 1331 1335
f 1331 1332 1336
f 1332 1333 1337
f 1333 1330 1334
f 1334 1335 1339
f 1335 1336 1340
f 1336 1337 1341
f 1337 1334 1338
f 1338 1339 1343
f 1339 1340 1344
f 1340 1341 1345
f 1341 1338 1342
f 1306 1311 1310
f 1307 1312 1311
f 1308 1313 1312
f 1309 1310 1313
f 1310 1315 1314
f 1311 1316 1315
f 1312 1317 1316
f 1313 1314 1317
f 1314 1319 1318
f 1315 1320 1319
f 1316 1321 1320
f 1317 1318 1321
f 1318 1323 1322
f 1319 1324 1323
f 1320 1325 1324
f 1321 1322 1325
f 1322 1327 1326
f 1323 1328 1327
f 1324 1329 1328
f 1325 1326 1329
f 1326 1331 1330
f 1327 1332 1331
f 1328 1333 1332
f 1329 1330 1333
f 1330 1335 1334
f 1331 1336 1335
f 1332 1337 1336
f 1333 1334 1337
f 1334 1339 1338
f 1335 1340 1339
f 1336 1341 1340
f 1337 1338 1341
f 1338 1343 1342
f 1339 1344 1343
f 1340 1345 1344
f 1341 1342 1345
f 1346 1347 1351
f 1347 1348 1352
f 1348 1349 1353
f 1349 1346 1350
f 1350 1351 1355
f 1351 1352 1356
f 1352 1353 1357
f 1353 1350 1354
f 1354 1355 1359
f 1355 1356 1360
f 1356 1357 1361
f 1357 1354 1358
f 1358 1359 1363
f 1359 1360 1364
f 1360 1361 1365
f 1361 1358 1362
f 1362 1363 1367
f 1363 1364 1368
f 1364 1365 1369
f 1365 1362 1366
f 1366 1367 1371
f 1367 1368 1372
f 1368 1369 1373
f 1369 1366 1370
f 1370 1371 1375
f 1371 1372 1376
f 1372 1373 1377
f 1373 1370 1374
f 1374 1375 1379
f 1375 1376 1380
f 1376 1377 1381
f 1377 1374 1378
f 1378 1379 1383
f 1379 1380 1384
f 1380 1381 1385
f 1381 1378 1382
f 1346 1351 1350
f 1347 1352 1351
f 1348 1353 1352
f 1349 1350 1353
f 1350 1355 1354
f 1351 1356 1355
f 1352 1357 1356
f 1353 1354 1357
f 1354 1359 1358
f 1355 1360 1359
f 1356 1361 1360
f 1357 1358 1361
f 1358 1363 1362
f 1359 1364 1363
f 1360 1365 1364
f 1361 1362 1365
f 1362 1367 1366
f 1363 1368 1367
f 1364 1369 1368
f 1365 1366 1369
f 1366 1371 1370
f 1367 1372 1371
f 1368 1373 1372
f 1369 1370 1373
f 1370 1375 1374
f 1371 1376 1375
f 1372 1377 1376
f 1373 1374 1377
f 1374 1379 1378
f 1375 1380 1379
f 1376 1381 1380
f 1377 1378 1381
f 1378 1383 1382
f 1379 1384 1383
f 1380 1385 1384
f 1381 1382 1385
f 1386 1387 1391
f 1387 1388 1392
f 1388 1389 1393
f 1389 1386 1390
f 1390 1391 1395
f 1391 1392 1396
f 1392 1393 1397
f 1393 1390 1394
f 1394 1395 1399
f 1395 1396 1400
f 1396 1397 1401
f 1397 1394 1398
f 1398 1399 1403
f 1399 1400 1404
f 1400 1401 1405
f 1401 1398 1402
f 1402 1403 1407
f 1403 1404 1408
f 1404 1405 1409
f 1405 1402 1406
f 1406 1407 1411
f 1407 1408 1412
f 1408 1409 1413
f 1409 1406 1410
f 1410 1411 1415
f 1411 1412 1416
f 1412 1413 1417
f 1413 1410 1414
f 1414 1415 1419
f 1415 1416 1420
f 1416 1417 1421
f 1417 1414 1418
f 1418 1419 1423
f 1419 1420 1424
f 1420 1421 1425
f 1421 1418 1422
f 1422 1423 1427
f 1423 1424 1428
f 1424 1425 1429
f 1425 1422 1426
f 1386 1391 1390
f 1387 1392 1391
f 1388 1393 1392
f 1389 1390 1393
f 1390 1395 1394
f 1391 1396 1395
f 1392 1397 1396
f 1393 1394 1397
f 1394 1399 1398
f 1395 1400 1399
f 1396 1401 1400
f 1397 1398 1401
f 1398 1403 1402
f 1399 1404 1403
f 1400 1405 1404
f 1401 1402 1405
f 1402 1407 1406
f 1403 1408 1407
f 1404 1409 1408
f 1405 1406 1409
f 1406 1411 1410
f 1407 1412 1411
f 1408 1413 1412
f 1409 1410 1413
f 1410 1415 1414
f 1411 1416 1415
f 1412 1417 1416
f 1413 1414 1417
f 1414 1419 1418
f 1415 1420 1419
f 1416 1421 1420
f 1417 1418 1421
f 1418 1423 1422
f 1419 1424 1423
f 1420 1425 1424
f 1421 1422 1425
f 1422 1427 1426
f 1423 1428 1427
f 1424 1429 1428
f 1425 1426 1429
f 1430 1431 1435
f 1431 1432 1436
f 1432 1433 1437
f 1433 1430 1434
f 1434 1435 1439
f 1435 1436 1440
f 1436 1437 1441
f 1437 1434 1438
f 1438 1439 1443
f 1439 1440 1444
f 1440 1441 1445
f 1441 1438 1442
f 1442 1443 1447
f 1443 1444 1448
f 1444 1445 1449
f 1445 1442 1446
f 1446 1447 1451
f 1447 1448 1452
f 1448 1449 1453
f 1449 1446 1450
f 1450 1451 1455
f 1451 1452 1456
f 1452 1453 1457
f 1453 1450 1454
f 1454 1455 1459
f 1455 1456 1460
f 1456 1457 1461
f 1457 1454 1458
f 1458 1459 1463
f 1459 1460 1464
f 1460 1461 1465
f 1461 1458 1462
f 1462 1463 1467
f 1463 1464 1468
f 1464 1465 1469
f 1465 1462 1466
f 1466 1467 1471
f 1467 1468 1472
f 1468 1469 1473
f 1469 1466 1470
f 1430 1435 1434
f 1431 1436 1435
f 1432 1437 1436
f 1433 1434 1437
f 1434 1439 1438
f 1435 1440 1439
f 1436 1441 1440
f 1437 1438 1441
f 1438 1443 1442
f 1439 1444 1443
f 1440 1445 1444
f 1441 1442 1445
f 1442 1447 1446
f 1443 1448 1447
f 1444 1449 1448
f 1445 1446 1449
f 1446 1451 1450
f 1447 1452 1451
f 1448 1453 1452
f 1449 1450 1453
f 1450 1455 1454
f 1451 1456 1455
f 1452 1457 1456
f 1453 1454 1457
f 1454 1459 1458
f 1455 1460 1459
f 1456 1461 1460
f 1457 1458 1461
f 1458 1463 1462
f 1459 1464 1463
f 1460 1465 1464
f 1461 1462 1465
f 1462 1467 1466
f 1463 1468 1467
f 1464 1469 1468
f 1465 1466 1469
f 1466 1471 1470
f 1467 1472 1471
f 1468 1473 1472
f 1469 1470 1473
f 1475 1489 1481
f 1476 1477 1480
f 1487 1488 1489
f 1478 1474 1477
f 1479 1480 1483
f 1484 1485 1488
f 1486 1481 1474
f 1482 1483 1485
f 1488 1477 1474
f 1489 1474 1481
f 1488 1485 1480
f 1485 1483 1480
f 1475 1481 1486
f 1476 1480 1479
f 1487 1489 1475
f 1478 1477 1476
f 1479 1483 1482
f 1484 1488 1487
f 1486 1474 1478
f 1482 1485 1484
f 1488 1474 1489
f 1488 1480 1477
f 1491 1505 1497
f 1492 1493 1496
f 1503 1504 1505
f 1494 1490 1493
f 1495 1496 1499
f 1500 1501 1504
f 1502 1497 1490
f 1498 1499 1501
f 1504 1493 1490
f 1505 1490 1497
f 1504 1501 1496
f 1501 1499 1496
f 1491 1497 1502
f 1492 1496 1495
f 1503 1505 1491
f 1494 1493 1492
f 1495 1499 1498
f 1500 1504 1503
f 1502 1490 1494
f 1498 1501 1500
f 1504 1490 1505
f 1504 1496 1493
f 1507 1521 1513
f 1508 1509 1512
f 1519 1520 1521
f 1510 1506 1509
f 1511 1512 1515
f 1516 1517 1520
f 1518 1513 1506
f 1514 1515 1517
f 1520 1509 1506
f 1521 1506 1513
f 1520 1517 1512
f 1517 1515 1512
f 1507 1513 1518
f 1508 1512 1511
f 1519 1521 1507
f 1510 1509 1508
f 1511 1515 1514
f 1516 1520 1519
f 1518 1506 1510
f 1514 1517 1516
f 1520 1506 1521
f 1520 1512 1509
f 1523 1537 1529
f 1524 1525 1528
f 1535 1536 1537
f 1526 1522 1525
f 1527 1528 1531
f 1532 1533 1536
f 1534 1529 1522
f 1530 1531 1533
f 1536 1525 1522
f 1537 1522 1529
f 1536 1533 1528
f 1533 1531 1528
f 1523 1529 1534
f 1524 1528 1527
f 1535 1537 1523
f 1526 1525 1524
f 1527 1531 1530
f 1532 1536 1535
f 1534 1522 1526
f 1530 1533 1532
f 1536 1522 1537
f 1536 1528 1525
f 1538 1539 1541
f 1540 1541 1543
f 1542 1543 1545
f 1544 1538 1540
f 1539 1545 1543
f 1538 1541 1540
f 1540 1543 1542
f 1542 1545 1544
f 1544 1540 1542
f 1539 1543 1541
f 1567 1568 1546
f 1548 1549 1552
f 1569 1546 1563
f 1550 1547 1549
f 1551 1552 1554
f 1564 1565 1568
f 1561 1562 1565
f 1553 1554 1557
f 1566 1563 1555
f 1558 1555 1547
f 1556 1557 1560
f 1559 1560 1562
f 1565 1549 1547
f 1568 1547 1555
f 1546 1555 1563
f 1565 1562 1552
f 1562 1560 1554
f 1560 1557 1554
f 1567 1546 1569
f 1548 1552 1551
f 1569 1563 1566
f 1550 1549 1548
f 1551 1554 1553
f 1564 1568 1567
f 1561 1565 1564
f 1553 1557 1556
f 1566 1555 1558
f 1558 1547 1550
f 1556 1560 1559
f 1559 1562 1561
f 1565 1547 1568
f 1568 1555 1546
f 1565 1552 1549
f 1562 1554 1552
f 1570 1571 1573
f 1572 1573 1576
f 1573 1571 1576
f 1574 1570 1573
f 1575 1576 1579
f 1576 1571 1579
f 1577 1571 1570
f 1578 1579 1581
f 1579 1571 1581
f 1582 1577 1570
f 1580 1581 1577
f 1581 1571 1577
f 1572 1576 1575
f 1574 1573 1572
f 1575 1579 1578
f 1578 1581 1580
f 1582 1570 1574
f 1580 1577 1582
f 1604 1605 1583
f 1585 1586 1589
f 1606 1583 1600
f 1587 1584 1586
f 1588 1589 1591
f 1601 1602 1605
f 1598 1599 1602
f 1590 1591 1594
f 1603 1600 1592
f 1595 1592 1584
f 1593 1594 1597
f 1596 1597 1599
f 1602 1586 1584
f 1605 1584 1592
f 1583 1592 1600
f 1602 1599 1589
f 1599 1597 1591
f 1597 1594 1591
f 1604 1583 1606
f 1585 1589 1588
f 1606 1600 1603
f 1587 1586 1585
f 1588 1591 1590
f 1601 1605 1604
f 1598 1602 1601
f 1590 1594 1593
f 1603 1592 1595
f 1595 1584 1587
f 1593 1597 1596
f 1596 1599 1598
f 1602 1584 1605
f 1605 1592 1583
f 1602 1589 1586
f 1599 1591 1589
f 1607 1608 1610
f 1609 1610 1613
f 1610 1608 1613
f 1611 1607 1610
f 1612 1613 1616
f 1613 1608 1616
f 1614 1608 1607
f 1615 1616 1618
f 1616 1608 1618
f 1619 1614 1607
f 1617 1618 1614
f 1618 1608 1614
f 1609 1613 1612
f 1611 1610 1609
f 1612 1616 1615
f 1615 1618 1617
f 1619 1607 1611
f 1617 1614 1619
f 1641 1642 1620
f 1622 1623 1626
f 1643 1620 1637
f 1624 1621 1623
f 1625 1626 1628
f 1638 1639 1642
f 1635 1636 1639
f 1627 1628 1631
f 1640 1637 1629
f 1632 1629 1621
f 1630 1631 1634
f 1633 1634 1636
f 1639 1636 1626
f 1636 1634 1628
f 1634 1631 1628
f 1639 1623 1621
f 1642 1621 1629
f 1620 1629 1637
f 1641 1620 1643
f 1622 1626 1625
f 1643 1637 1640
f 1624 1623 1622
f 1625 1628 1627
f 1638 1642 1641
f 1635 1639 1638
f 1627 1631 1630
f 1640 1629 1632
f 1632 1621 1624
f 1630 1634 1633
f 1633 1636 1635
f 1639 1626 1623
f 1636 1628 1626
f 1639 1621 1642
f 1642 1629 1620
f 1653 1656 1648
f 1655 1658 1650
f 1645 1654 1655
f 1647 1652 1653
f 1655 1649 1652
f 1656 1653 1652
f 1654 1659 1658
f 1648 1656 1657
f 1659 1651 1650
f 1645 1655 1646
f 1647 1653 1644
f 1647 1655 1652
f 1656 1652 1657
f 1654 1658 1655
f 1648 1657 1649
f 1659 1650 1658
f 1645 1644 1653
f 1654 1653 1648
f 1651 1659 1654
f 1647 1646 1655
f 1655 1650 1649
f 1649 1657 1652
f 1645 1653 1654
f 1654 1648 1651
f 1649 1651 1648
f 1649 1650 1651
f 1661 1673 1674
f 1662 1674 1675
f 1663 1675 1676
f 1664 1676 1677
f 1665 1677 1678
f 1666 1678 1679
f 1667 1679 1680
f 1668 1680 1681
f 1669 1681 1682
f 1670 1682 1683
f 1671 1683 1684
f 1672 1684 1673
f 1673 1685 1692
f 1674 1687 1675
f 1675 1687 1688
f 1676 1688 1689
f 1677 1689 1678
f 1678 1660 1691
f 1679 1691 1690
f 1680 1693 1681
f 1681 1693 1694
f 1682 1694 1695
f 1683 1695 1684
f 1684 1686 1685
f 1691 1685 1686
f 1660 1689 1687
f 1693 1695 1694
f 1691 1660 1692
f 1690 1693 1680
f 1689 1688 1687
f 1692 1687 1674
f 1684 1695 1686
f 1678 1689 1660
f 1686 1695 1693
f 1661 1674 1662
f 1662 1675 1663
f 1663 1676 1664
f 1664 1677 1665
f 1665 1678 1666
f 1666 1679 1667
f 1667 1680 1668
f 1668 1681 1669
f 1669 1682 1670
f 1670 1683 1671
f 1671 1684 1672
f 1672 1673 1661
f 1673 1692 1674
f 1675 1688 1676
f 1676 1689 1677
f 1678 1691 1679
f 1679 1690 1680
f 1681 1694 1682
f 1682 1695 1683
f 1684 1685 1673
f 1691 1686 1690
f 1660 1687 1692
f 1691 1692 1685
f 1686 1693 1690
f 1744 1769 1772
f 1743 1769 1744
f 1731 1770 1769
f 1769 1727 1732
f 1739 1753 1754
f 1724 1763 1771
f 1771 1728 1724
f 1696 1752 1753
f 1723 1728 1764
f 1711 1698 1696
f 1707 1702 1698
f 1727 1745 1732
f 1703 1696 1739
f 1710 1747 1748
f 1702 1750 1751
f 1701 1739 1740
f 1738 1705 1702
f 1719 1735 1723
f 1699 1740 1741
f 1725 1737 1735
f 1698 1751 1752
f 1734 1741 1725
f 1726 1706 1705
f 1706 1748 1749
f 1730 1725 1719
f 1713 1732 1736
f 1741 1755 1737
f 1767 1728 1768
f 1717 1710 1706
f 1742 1763 1765
f 1766 1767 1772
f 1740 1754 1755
f 1714 1746 1747
f 1722 1715 1714
f 1718 1714 1710
f 1705 1749 1750
f 1765 1762 1758
f 1697 1709 1736
f 1736 1709 1721
f 1765 1760 1761
f 1704 1724 1720
f 1720 1716 1712
f 1757 1700 1697
f 1756 1697 1732
f 1744 1772 1767
f 1759 1727 1743
f 1763 1724 1704
f 1760 1704 1700
f 1754 1716 1755
f 1742 1743 1744
f 1715 1713 1746
f 1722 1731 1713
f 1737 1724 1735
f 1762 1756 1758
f 1742 1765 1759
f 1761 1757 1762
f 1746 1736 1733
f 1747 1733 1721
f 1748 1721 1709
f 1749 1709 1697
f 1750 1697 1700
f 1751 1700 1704
f 1752 1704 1708
f 1753 1708 1712
f 1754 1712 1716
f 1755 1716 1720
f 1737 1720 1724
f 1735 1724 1728
f 1723 1735 1728
f 1743 1727 1769
f 1742 1771 1763
f 1768 1728 1771
f 1713 1731 1769
f 1759 1745 1727
f 1766 1764 1728
f 1772 1769 1770
f 1762 1757 1756
f 1758 1756 1745
f 1765 1763 1760
f 1761 1760 1757
f 1739 1754 1740
f 1696 1753 1739
f 1711 1696 1703
f 1707 1698 1711
f 1703 1739 1701
f 1710 1748 1706
f 1702 1751 1698
f 1701 1740 1699
f 1738 1702 1707
f 1719 1723 1729
f 1699 1741 1734
f 1725 1735 1719
f 1698 1752 1696
f 1734 1725 1730
f 1726 1705 1738
f 1706 1749 1705
f 1730 1719 1729
f 1713 1736 1746
f 1741 1737 1725
f 1768 1771 1742
f 1717 1706 1726
f 1769 1732 1713
f 1766 1772 1773
f 1740 1755 1741
f 1714 1747 1710
f 1722 1714 1718
f 1718 1710 1717
f 1705 1750 1702
f 1765 1758 1759
f 1697 1736 1732
f 1736 1721 1733
f 1765 1761 1762
f 1704 1720 1708
f 1720 1712 1708
f 1757 1697 1756
f 1756 1732 1745
f 1744 1767 1768
f 1766 1728 1767
f 1763 1704 1760
f 1760 1700 1757
f 1753 1712 1754
f 1768 1742 1744
f 1715 1746 1714
f 1722 1713 1715
f 1755 1720 1737
f 1772 1770 1773
f 1742 1759 1743
f 1758 1745 1759
f 1746 1733 1747
f 1747 1721 1748
f 1748 1709 1749
f 1749 1697 1750
f 1750 1700 1751
f 1751 1704 1752
f 1752 1708 1753
f 1774 4225 4232
f 1775 4232 4231
f 1776 4231 4230
f 1777 4230 4229
f 1778 4229 4228
f 1779 4228 4227
f 1780 4227 4226
f 1781 4226 4225
f 1782 1781 1774
f 1783 1774 1775
f 1784 1775 1776
f 1785 1776 1777
f 1786 1777 1778
f 1787 1778 1779
f 1788 1779 1780
f 1789 1780 1781
f 1790 1789 1782
f 1791 1782 1783
f 1792 1783 1784
f 1793 1784 1785
f 1794 1785 1786
f 1795 1786 1787
f 1796 1787 1788
f 1797 1788 1789
f 1798 1797 1790
f 1799 1790 1791
f 1800 1791 1792
f 1801 1792 1793
f 1802 1793 1794
f 1803 1794 1795
f 1804 1795 1796
f 1805 1796 1797
f 1806 1805 1798
f 1807 1798 1799
f 1808 1799 1800
f 1809 1800 1801
f 1810 1801 1802
f 1811 1802 1803
f 1812 1803 1804
f 1813 1804 1805
f 1814 1813 1806
f 1815 1806 1807
f 1816 1807 1808
f 1817 1808 1809
f 1818 1809 1810
f 1819 1810 1811
f 1820 1811 1812
f 1821 1812 1813
f 1822 1821 1814
f 1823 1814 1815
f 1824 1815 1816
f 1825 1816 1817
f 1826 1817 1818
f 1827 1818 1819
f 1828 1819 1820
f 1829 1820 1821
f 1830 1829 1822
f 1831 1822 1823
f 1832 1823 1824
f 1833 1824 1825
f 1834 1825 1826
f 1835 1826 1827
f 1836 1827 1828
f 1837 1828 1829
f 1838 1837 1830
f 1839 1830 1831
f 1840 1831 1832
f 1841 1832 1833
f 1842 1833 1834
f 1843 1834 1835
f 1844 1835 1836
f 1845 1836 1837
f 1846 1845 1838
f 1847 1838 1839
f 1848 1839 1840
f 1849 1840 1841
f 1850 1841 1842
f 1851 1842 1843
f 4530 1843 1844
f 4529 1844 1845
f 4528 4529 1846
f 4527 1846 1847
f 4526 1847 1848
f 4525 1848 1849
f 4524 1849 1850
f 4523 1850 1851
f 4522 1851 4530
f 4521 4530 4529
f 4520 4521 4528
f 4519 4528 4527
f 4518 4527 4526
f 4517 4526 4525
f 4516 4525 4524
f 4515 4524 4523
f 4514 4523 4522
f 4513 4522 4521
f 4512 4513 4520
f 4511 4520 4519
f 4510 4519 4518
f 4509 4518 4517
f 4508 4517 4516
f 4507 4516 4515
f 4506 4515 4514
f 4505 4514 4513
f 4504 4505 4512
f 4503 4512 4511
f 4502 4511 4510
f 4501 4510 4509
f 4500 4509 4508
f 4499 4508 4507
f 4498 4507 4506
f 4497 4506 4505
f 4496 4497 4504
f 4495 4504 4503
f 4494 4503 4502
f 4493 4502 4501
f 4492 4501 4500
f 4491 4500 4499
f 4490 4499 4498
f 4489 4498 4497
f 4488 4489 4496
f 4487 4496 4495
f 4486 4495 4494
f 4485 4494 4493
f 4484 4493 4492
f 4483 4492 4491
f 4482 4491 4490
f 4481 4490 4489
f 4480 4481 4488
f 4479 4488 4487
f 4478 4487 4486
f 4477 4486 4485
f 4476 4485 4484
f 4475 4484 4483
f 4474 4483 4482
f 1852 1853 1857
f 1853 1854 1858
f 1854 1855 1859
f 1855 1852 1856
f 1856 1857 1861
f 1886 1887 1889
f 1858 1859 1863
f 1859 1856 1860
f 1860 1861 1865
f 1861 1862 1866
f 1862 1863 1867
f 1863 1860 1864
f 1864 1865 1869
f 1865 1866 1870
f 1866 1867 1871
f 1867 1864 1868
f 1868 1869 1873
f 1869 1870 1874
f 1870 1871 1875
f 1871 1868 1872
f 1879 1878 1877
f 1879 1877 1876
f 1880 1881 1874
f 1880 1874 1875
f 1882 1857 1858
f 1883 1858 1862
f 1885 1862 1861
f 1884 1861 1857
f 1886 1882 1883
f 1887 1883 1885
f 1889 1885 1884
f 1888 1884 1882
f 1852 1857 1856
f 1853 1858 1857
f 1854 1859 1858
f 1855 1856 1859
f 1856 1861 1860
f 1886 1889 1888
f 1858 1863 1862
f 1859 1860 1863
f 1860 1865 1864
f 1861 1866 1865
f 1862 1867 1866
f 1863 1864 1867
f 1864 1869 1868
f 1865 1870 1869
f 1866 1871 1870
f 1867 1868 1871
f 1868 1873 1872
f 1869 1874 1873
f 1870 1875 1874
f 1871 1872 1875
f 1882 1858 1883
f 1883 1862 1885
f 1885 1861 1884
f 1884 1857 1882
f 1886 1883 1887
f 1887 1885 1889
f 1889 1884 1888
f 1888 1882 1886
f 1934 1953 1954
f 1918 1973 1974
f 1898 1897 1962
f 1912 1911 1974
f 1943 1944 1945
f 1939 1957 1938
f 1977 1893 1890
f 1931 1891 1930
f 1957 1939 1958
f 1933 1934 1931
f 1891 1931 1921
f 1925 1918 1892
f 1906 1909 1969
f 1912 1974 1973
f 1931 1934 1955
f 1901 1916 1954
f 1933 1931 1926
f 1907 1969 1968
f 1911 1904 1974
f 1897 1915 1962
f 1898 1962 1961
f 1936 1941 1947
f 1966 1968 1969
f 1920 1961 1962
f 1949 1950 1951
f 1923 1924 1922
f 1946 1947 1941
f 1927 1928 1965
f 1935 1936 1942
f 1971 1956 1959
f 1900 1901 1902
f 1905 1906 1907
f 1910 1911 1912
f 1896 1897 1898
f 1895 1908 1907
f 1973 1915 1912
f 1890 1893 1892
f 1900 1917 1916
f 1961 1916 1898
f 1905 1894 1909
f 1910 1895 1904
f 1917 1899 1898
f 1914 1913 1912
f 1953 1909 1902
f 1894 1903 1902
f 1907 1906 1969
f 1962 1915 1973
f 1921 1931 1955
f 1896 1914 1915
f 1893 1925 1892
f 1928 1964 1967
f 1963 1919 1960
f 1964 1966 1970
f 1919 1959 1956
f 1966 1975 1974
f 1918 1963 1962
f 1936 1892 1939
f 1931 1942 1947
f 1969 1953 1934
f 1954 1961 1920
f 1945 1950 1949
f 1950 1946 1948
f 1940 1952 1951
f 1952 1927 1929
f 1923 1977 1890
f 1937 1922 1924
f 1922 1930 1932
f 1972 1923 1976
f 1965 1944 1943
f 1926 1947 1946
f 1941 1939 1938
f 1927 1940 1957
f 1977 1972 1959
f 1892 1936 1935
f 1930 1937 1942
f 1891 1956 1971
f 1928 1957 1958
f 1967 1933 1944
f 1925 1919 1963
f 1955 1920 1960
f 1964 1958 1975
f 1970 1934 1933
f 1921 1960 1956
f 1893 1959 1919
f 1927 1952 1940
f 1929 1943 1949
f 1930 1922 1937
f 1932 1971 1976
f 1935 1924 1890
f 1938 1951 1948
f 1945 1946 1950
f 1953 1969 1909
f 1902 1954 1953
f 1958 1892 1975
f 1968 1974 1904
f 1977 1923 1972
f 1968 1904 1907
f 1936 1947 1942
f 1966 1969 1970
f 1920 1962 1963
f 1949 1951 1952
f 1923 1922 1976
f 1946 1941 1948
f 1927 1965 1929
f 1935 1942 1937
f 1971 1959 1972
f 1900 1902 1903
f 1905 1907 1908
f 1910 1912 1913
f 1896 1898 1899
f 1895 1907 1904
f 1902 1901 1954
f 1938 1957 1940
f 1900 1916 1901
f 1918 1974 1975
f 1905 1909 1906
f 1910 1904 1911
f 1917 1898 1916
f 1914 1912 1915
f 1958 1939 1892
f 1894 1902 1909
f 1945 1944 1926
f 1918 1975 1892
f 1944 1933 1926
f 1896 1915 1897
f 1930 1891 1932
f 1928 1967 1965
f 1963 1960 1920
f 1964 1970 1967
f 1919 1956 1960
f 1966 1974 1968
f 1918 1962 1973
f 1936 1939 1941
f 1931 1947 1926
f 1969 1934 1970
f 1954 1920 1955
f 1945 1949 1943
f 1950 1948 1951
f 1940 1951 1938
f 1952 1929 1949
f 1923 1890 1924
f 1937 1924 1935
f 1922 1932 1976
f 1972 1976 1971
f 1965 1943 1929
f 1926 1946 1945
f 1941 1938 1948
f 1927 1957 1928
f 1977 1959 1893
f 1892 1935 1890
f 1930 1942 1931
f 1891 1971 1932
f 1928 1958 1964
f 1967 1944 1965
f 1925 1963 1918
f 1955 1960 1921
f 1964 1975 1966
f 1970 1933 1967
f 1921 1956 1891
f 1893 1919 1925
f 1934 1954 1955
f 1954 1916 1961
f 2024 2023 2030
f 2016 1995 2001
f 2013 1978 1998
f 2012 1984 1978
f 2014 1997 1996
f 2010 1993 1992
f 2018 1988 1983
f 2020 1979 1987
f 2022 1986 1994
f 2008 1980 1979
f 2006 1981 1980
f 2007 1991 1990
f 2004 1982 1981
f 2017 1983 1982
f 2003 1989 1985
f 2002 1985 1984
f 2025 2001 2000
f 2024 2000 1999
f 2015 1998 1997
f 2011 1996 1995
f 2021 1994 1993
f 2009 1992 1991
f 2005 1990 1989
f 2023 1999 1988
f 2019 1987 1986
f 2025 2026 2027
f 2024 2028 2026
f 2016 2027 2029
f 2011 2029 2031
f 2018 2032 2030
f 2014 2055 2054
f 2017 2050 2051
f 2015 2033 2035
f 2004 2036 2034
f 2013 2035 2037
f 2006 2038 2036
f 2012 2037 2039
f 2008 2040 2038
f 2002 2039 2041
f 2020 2042 2040
f 2003 2057 2056
f 2019 2052 2053
f 2005 2043 2045
f 2022 2046 2044
f 2061 2059 2058
f 2021 2048 2046
f 2009 2047 2049
f 2010 2049 2048
f 2052 2044 2042
f 2056 2043 2005
f 2057 2041 2043
f 2003 2041 2057
f 2019 2044 2052
f 2051 2032 2018
f 2050 2034 2032
f 2017 2034 2050
f 2053 2042 2020
f 2054 2033 2015
f 2055 2031 2033
f 2014 2031 2055
f 2060 2064 2065
f 2058 2062 2064
f 2059 2063 2062
f 2061 2065 2063
f 2064 2009 2007
f 2062 2047 2009
f 2063 2045 2047
f 2065 2007 2045
f 1994 2066 2067
f 1986 2068 2066
f 1993 2067 2069
f 1987 2070 2068
f 2026 2028 2084
f 2083 2026 2084
f 2084 2028 2030
f 2029 2027 2083
f 2030 2032 2088
f 2087 2029 2083
f 2088 2034 2092
f 2033 2031 2087
f 2034 2036 2092
f 2091 2033 2087
f 2092 2038 2096
f 2037 2035 2091
f 1992 2069 2071
f 1979 2072 2070
f 1991 2071 2073
f 1980 2074 2072
f 1990 2073 2075
f 1981 2076 2074
f 1989 2075 2077
f 1982 2078 2076
f 1985 2077 2079
f 1983 2080 2078
f 1984 2079 2081
f 1988 2097 2080
f 2038 2040 2096
f 2095 2037 2091
f 2096 2042 2100
f 2041 2039 2095
f 2042 2044 2100
f 2099 2041 2095
f 2100 2046 2101
f 2045 2043 2099
f 2046 2048 2101
f 2098 2045 2099
f 2101 2049 2098
f 2049 2047 2098
f 1995 2094 2090
f 1996 2086 2094
f 2001 2090 2082
f 1997 2085 2086
f 2000 2082 2089
f 1998 2093 2085
f 1999 2089 2097
f 1978 2081 2093
f 2084 2102 2103
f 2088 2104 2102
f 2083 2103 2105
f 2092 2106 2104
f 2087 2105 2107
f 2096 2108 2106
f 2091 2107 2109
f 2100 2110 2108
f 2095 2109 2111
f 2101 2112 2110
f 2099 2111 2113
f 2098 2113 2112
f 2109 2107 2106
f 2107 2105 2104
f 2105 2103 2102
f 2109 2108 2110
f 2111 2110 2112
f 2095 2039 2037
f 2099 2043 2041
f 2098 2047 2045
f 2101 2048 2049
f 2100 2044 2046
f 2096 2040 2042
f 2092 2036 2038
f 2088 2032 2034
f 2024 2030 2028
f 2083 2027 2026
f 2087 2031 2029
f 2091 2035 2033
f 2016 2001 2025
f 2013 1998 2015
f 2012 1978 2013
f 2014 1996 2011
f 2010 1992 2009
f 2018 1983 2017
f 2020 1987 2019
f 2022 1994 2021
f 2008 1979 2020
f 2006 1980 2008
f 2007 1990 2005
f 2004 1981 2006
f 2017 1982 2004
f 2003 1985 2002
f 2002 1984 2012
f 2025 2000 2024
f 2024 1999 2023
f 2015 1997 2014
f 2011 1995 2016
f 2021 1993 2010
f 2009 1991 2007
f 2005 1989 2003
f 2023 1988 2018
f 2019 1986 2022
f 2025 2027 2016
f 2024 2026 2025
f 2016 2029 2011
f 2011 2031 2014
f 2018 2030 2023
f 2014 2054 2015
f 2017 2051 2018
f 2015 2035 2013
f 2004 2034 2017
f 2013 2037 2012
f 2006 2036 2004
f 2012 2039 2002
f 2008 2038 2006
f 2002 2041 2003
f 2020 2040 2008
f 2003 2056 2005
f 2019 2053 2020
f 2005 2045 2007
f 2022 2044 2019
f 2061 2058 2060
f 2021 2046 2022
f 2009 2049 2010
f 2010 2048 2021
f 2052 2042 2053
f 2057 2043 2056
f 2050 2032 2051
f 2055 2033 2054
f 2060 2065 2061
f 2058 2064 2060
f 2059 2062 2058
f 2061 2063 2059
f 2064 2007 2065
f 2062 2009 2064
f 2063 2047 2062
f 2065 2045 2063
f 1994 2067 1993
f 1986 2066 1994
f 1993 2069 1992
f 1987 2068 1986
f 1992 2071 1991
f 1979 2070 1987
f 1991 2073 1990
f 1980 2072 1979
f 1990 2075 1989
f 1981 2074 1980
f 1989 2077 1985
f 1982 2076 1981
f 1985 2079 1984
f 1983 2078 1982
f 1984 2081 1978
f 1988 2080 1983
f 1995 2090 2001
f 1996 2094 1995
f 2001 2082 2000
f 1997 2086 1996
f 2000 2089 1999
f 1998 2085 1997
f 1999 2097 1988
f 1978 2093 1998
f 2084 2103 2083
f 2088 2102 2084
f 2083 2105 2087
f 2092 2104 2088
f 2087 2107 2091
f 2096 2106 2092
f 2091 2109 2095
f 2100 2108 2096
f 2095 2111 2099
f 2101 2110 2100
f 2099 2113 2098
f 2098 2112 2101
f 2109 2106 2108
f 2107 2104 2106
f 2105 2102 2104
f 2109 2110 2111
f 2111 2112 2113
f 2030 2088 2084
f 2149 2135 2302
f 2150 2154 2169
f 2148 2168 2298
f 2147 2163 2137
f 2143 2123 2145
f 2141 2120 2139
f 2132 2115 2126
f 2128 2118 2136
f 2320 2224 2223
f 2218 2174 2193
f 2176 2180 2225
f 2170 2171 2319
f 2328 2323 2324
f 2216 2217 2222
f 2223 2186 2188
f 2230 2262 2261
f 2234 2219 2220
f 2238 2273 2274
f 2236 2222 2221
f 2244 2246 2278
f 2250 2223 2224
f 2252 2254 2286
f 2256 2289 2290
f 2193 2191 2163
f 2162 2173 2170
f 2208 2203 2226
f 2171 2175 2220
f 2320 2316 2219
f 2121 2295 2166
f 2305 2291 2114
f 2318 2114 2337
f 2206 2225 2226
f 2296 2167 2291
f 2317 2337 2133
f 2167 2117 2114
f 2133 2337 2338
f 2144 2143 2142
f 2154 2159 2160
f 2153 2164 2168
f 2151 2160 2161
f 2119 2138 2136
f 2115 2132 2134
f 2155 2168 2165
f 2120 2141 2142
f 2124 2146 2145
f 2157 2158 2159
f 2130 2119 2118
f 2152 2161 2164
f 2126 2115 2116
f 2139 2120 2122
f 2144 2124 2123
f 2138 2149 2158
f 2127 2157 2150
f 2140 2147 2156
f 2146 2165 2148
f 2148 2304 2163
f 2150 2162 2135
f 2151 2294 2169
f 2159 2302 2301
f 2152 2293 2294
f 2160 2301 2300
f 2153 2292 2293
f 2161 2300 2299
f 2155 2137 2292
f 2164 2299 2298
f 2134 2132 2130
f 2310 2297 2291
f 2295 2121 2131
f 2213 2311 2307
f 2201 2308 2312
f 2327 2313 2314
f 2329 2333 2334
f 2321 2309 2313
f 2121 2125 2129
f 2330 2334 2336
f 2194 2190 2192
f 2195 2188 2190
f 2209 2298 2299
f 2196 2299 2300
f 2198 2300 2301
f 2200 2301 2302
f 2212 2302 2135
f 2210 2304 2298
f 2202 2307 2308
f 2204 2192 2172
f 2205 2172 2176
f 2314 2129 2297
f 2229 2230 2231
f 2237 2238 2239
f 2245 2246 2247
f 2253 2254 2255
f 2227 2220 2175
f 2233 2179 2219
f 2241 2221 2182
f 2235 2178 2222
f 2243 2224 2183
f 2249 2186 2223
f 2251 2225 2180
f 2257 2184 2226
f 2229 2260 2262
f 2234 2266 2264
f 2242 2274 2272
f 2239 2268 2270
f 2245 2276 2278
f 2250 2282 2280
f 2253 2284 2286
f 2258 2290 2288
f 2260 2259 2261
f 2259 2227 2228
f 2266 2265 2263
f 2265 2232 2231
f 2274 2273 2271
f 2273 2238 2237
f 2268 2267 2269
f 2267 2235 2236
f 2276 2275 2277
f 2275 2243 2244
f 2282 2281 2279
f 2281 2248 2247
f 2284 2283 2285
f 2283 2251 2252
f 2290 2289 2287
f 2289 2256 2255
f 2137 2189 2187
f 2292 2187 2185
f 2293 2185 2181
f 2294 2181 2177
f 2169 2177 2173
f 2163 2191 2189
f 2326 2306 2309
f 2315 2220 2219
f 2208 2221 2222
f 2328 2314 2310
f 2306 2133 2303
f 2322 2318 2317
f 2325 2317 2306
f 2313 2131 2129
f 2324 2305 2318
f 2309 2303 2131
f 2323 2310 2305
f 2333 2315 2316
f 2330 2308 2307
f 2331 2311 2319
f 2335 2319 2315
f 2329 2307 2311
f 2334 2316 2320
f 2336 2320 2312
f 2332 2312 2308
f 2338 2331 2335
f 2117 2335 2333
f 2114 2333 2329
f 2337 2329 2331
f 2125 2296 2297
f 2166 2295 2303
f 2305 2114 2318
f 2318 2337 2317
f 2206 2226 2203
f 2296 2291 2297
f 2317 2133 2306
f 2167 2114 2291
f 2133 2338 2166
f 2144 2142 2141
f 2154 2160 2151
f 2153 2168 2155
f 2151 2161 2152
f 2119 2136 2118
f 2115 2134 2116
f 2155 2165 2156
f 2120 2142 2122
f 2124 2145 2123
f 2157 2159 2154
f 2130 2118 2128
f 2152 2164 2153
f 2126 2116 2127
f 2139 2122 2140
f 2144 2123 2143
f 2138 2158 2136
f 2127 2150 2126
f 2140 2156 2139
f 2146 2148 2145
f 2148 2163 2147
f 2150 2135 2149
f 2151 2169 2154
f 2159 2301 2160
f 2152 2294 2151
f 2160 2300 2161
f 2153 2293 2152
f 2161 2299 2164
f 2155 2292 2153
f 2164 2298 2168
f 2134 2130 2128
f 2310 2291 2305
f 2295 2131 2303
f 2213 2307 2202
f 2201 2312 2199
f 2327 2314 2328
f 2329 2334 2330
f 2321 2313 2327
f 2121 2129 2131
f 2330 2336 2332
f 2194 2192 2204
f 2195 2190 2194
f 2209 2299 2196
f 2196 2300 2198
f 2198 2301 2200
f 2200 2302 2212
f 2212 2135 2211
f 2210 2298 2209
f 2202 2308 2201
f 2204 2172 2205
f 2205 2176 2207
f 2314 2297 2310
f 2229 2231 2232
f 2237 2239 2240
f 2245 2247 2248
f 2253 2255 2256
f 2227 2175 2228
f 2233 2219 2234
f 2241 2182 2242
f 2235 2222 2236
f 2243 2183 2244
f 2249 2223 2250
f 2251 2180 2252
f 2257 2226 2258
f 2229 2262 2230
f 2234 2264 2233
f 2242 2272 2241
f 2239 2270 2240
f 2245 2278 2246
f 2250 2280 2249
f 2253 2286 2254
f 2258 2288 2257
f 2260 2261 2262
f 2259 2228 2261
f 2266 2263 2264
f 2265 2231 2263
f 2274 2271 2272
f 2273 2237 2271
f 2268 2269 2270
f 2267 2236 2269
f 2276 2277 2278
f 2275 2244 2277
f 2282 2279 2280
f 2281 2247 2279
f 2284 2285 2286
f 2283 2252 2285
f 2290 2287 2288
f 2289 2255 2287
f 2137 2187 2292
f 2292 2185 2293
f 2293 2181 2294
f 2294 2177 2169
f 2169 2173 2162
f 2163 2189 2137
f 2326 2309 2321
f 2315 2219 2316
f 2208 2222 2217
f 2328 2310 2323
f 2306 2303 2309
f 2322 2317 2325
f 2325 2306 2326
f 2313 2129 2314
f 2324 2318 2322
f 2309 2131 2313
f 2323 2305 2324
f 2333 2316 2334
f 2330 2307 2329
f 2331 2319 2335
f 2335 2315 2333
f 2329 2311 2331
f 2334 2320 2336
f 2336 2312 2332
f 2332 2308 2330
f 2338 2335 2117
f 2117 2333 2114
f 2114 2329 2337
f 2337 2331 2338
f 2125 2297 2129
f 2166 2303 2133
f 2158 2149 2159
f 2154 2150 2157
f 2168 2148 2165
f 2156 2147 2155
f 2147 2140 2143
f 2142 2143 2140
f 2144 2139 2156
f 2144 2165 2146
f 2130 2126 2150
f 2130 2149 2138
f 2157 2127 2128
f 2134 2128 2127
f 2199 2312 2197
f 2312 2320 2223
f 2215 2216 2218
f 2207 2176 2225
f 2214 2170 2319
f 2214 2311 2213
f 2328 2322 2325
f 2327 2325 2326
f 2218 2222 2178
f 2195 2197 2223
f 2233 2228 2175
f 2233 2264 2263
f 2231 2230 2228
f 2234 2232 2265
f 2229 2227 2259
f 2232 2234 2227
f 2235 2242 2182
f 2239 2235 2267
f 2238 2242 2235
f 2236 2240 2270
f 2237 2241 2272
f 2237 2240 2236
f 2249 2244 2183
f 2247 2249 2280
f 2247 2246 2244
f 2250 2248 2281
f 2243 2275 2276
f 2245 2248 2250
f 2184 2257 2252
f 2255 2257 2288
f 2255 2254 2252
f 2251 2258 2226
f 2251 2283 2284
f 2256 2258 2251
f 2304 2215 2193
f 2215 2304 2210
f 2211 2135 2214
f 2135 2162 2170
f 2221 2226 2184
f 2319 2171 2220
f 2224 2219 2179
f 2125 2121 2338
f 2125 2117 2167
f 2147 2143 2148
f 2142 2140 2122
f 2144 2156 2165
f 2144 2146 2124
f 2130 2150 2149
f 2130 2138 2119
f 2157 2128 2158
f 2134 2127 2116
f 2312 2223 2197
f 2215 2218 2193
f 2207 2225 2206
f 2214 2319 2311
f 2328 2325 2327
f 2327 2326 2321
f 2218 2178 2174
f 2195 2223 2188
f 2233 2175 2179
f 2233 2263 2231
f 2231 2228 2233
f 2234 2265 2266
f 2229 2259 2260
f 2232 2227 2229
f 2235 2182 2178
f 2239 2267 2268
f 2238 2235 2239
f 2236 2270 2269
f 2237 2272 2271
f 2237 2236 2241
f 2249 2183 2186
f 2247 2280 2279
f 2247 2244 2249
f 2250 2281 2282
f 2243 2276 2245
f 2245 2250 2243
f 2184 2252 2180
f 2255 2288 2287
f 2255 2252 2257
f 2251 2226 2225
f 2251 2284 2253
f 2256 2251 2253
f 2304 2193 2163
f 2135 2170 2214
f 2221 2184 2182
f 2319 2220 2315
f 2224 2179 2183
f 2125 2338 2117
f 2125 2167 2296
f 2149 2302 2159
f 2150 2169 2162
f 2148 2298 2304
f 2147 2137 2155
f 2143 2145 2148
f 2141 2139 2144
f 2132 2126 2130
f 2128 2136 2158
f 2328 2324 2322
f 2216 2222 2218
f 2230 2261 2228
f 2234 2220 2227
f 2238 2274 2242
f 2236 2221 2241
f 2244 2278 2277
f 2250 2224 2243
f 2252 2286 2285
f 2256 2290 2258
f 2208 2226 2221
f 2320 2219 2224
f 2121 2166 2338
f 2368 2366 2452
f 2387 2343 2362
f 2389 2339 2340
f 2388 2382 2346
f 2391 2360 2358
f 2395 2411 2410
f 2397 2414 2415
f 2406 2421 2420
f 2407 2405 2422
f 2345 2349 2449
f 2448 2353 2351
f 2379 2381 2455
f 2451 2355 2357
f 2340 2344 2454
f 2459 2491 2490
f 2461 2494 2495
f 2499 2498 2465
f 2469 2502 2503
f 2475 2510 2511
f 2507 2506 2473
f 2483 2515 2514
f 2485 2518 2519
f 2381 2447 2446
f 2379 2445 2447
f 2383 2446 2444
f 2377 2443 2445
f 2385 2444 2442
f 2375 2441 2443
f 2386 2442 2440
f 2373 2439 2441
f 2364 2453 2452
f 2369 2341 2345
f 2371 2361 2341
f 2365 2449 2448
f 2394 2395 2396
f 2402 2403 2404
f 2549 2550 2551
f 2380 2350 2346
f 2378 2354 2350
f 2379 2450 2451
f 2376 2356 2354
f 2374 2358 2356
f 2375 2357 2359
f 2373 2359 2361
f 2388 2342 2339
f 2390 2362 2360
f 2392 2370 2390
f 2398 2391 2372
f 2400 2384 2388
f 2406 2389 2386
f 2394 2409 2411
f 2399 2415 2413
f 2402 2417 2419
f 2407 2423 2421
f 2409 2408 2410
f 2408 2392 2393
f 2415 2414 2412
f 2414 2397 2396
f 2417 2416 2418
f 2416 2400 2401
f 2423 2422 2420
f 2422 2405 2404
f 2368 2424 2425
f 2370 2426 2424
f 2366 2425 2427
f 2372 2428 2426
f 2364 2427 2429
f 2374 2430 2428
f 2363 2429 2431
f 2376 2432 2430
f 2365 2431 2433
f 2378 2434 2432
f 2367 2433 2435
f 2380 2436 2434
f 2369 2435 2437
f 2382 2438 2436
f 2371 2437 2439
f 2384 2440 2438
f 2458 2459 2460
f 2466 2467 2468
f 2474 2475 2476
f 2482 2483 2484
f 2456 2449 2349
f 2462 2353 2448
f 2464 2450 2352
f 2470 2355 2451
f 2478 2453 2351
f 2472 2347 2452
f 2480 2454 2344
f 2486 2348 2455
f 2458 2489 2491
f 2463 2495 2493
f 2466 2497 2499
f 2471 2503 2501
f 2479 2511 2509
f 2476 2505 2507
f 2482 2513 2515
f 2487 2519 2517
f 2489 2488 2490
f 2488 2456 2457
f 2495 2494 2492
f 2494 2461 2460
f 2497 2496 2498
f 2496 2464 2465
f 2503 2502 2500
f 2502 2469 2468
f 2511 2510 2508
f 2510 2475 2474
f 2505 2504 2506
f 2504 2472 2473
f 2513 2512 2514
f 2512 2480 2481
f 2519 2518 2516
f 2518 2485 2484
f 2347 2520 2521
f 2351 2522 2520
f 2343 2521 2523
f 2353 2524 2522
f 2362 2523 2525
f 2349 2526 2524
f 2360 2525 2527
f 2345 2528 2526
f 2358 2527 2529
f 2341 2530 2528
f 2356 2529 2531
f 2361 2532 2530
f 2354 2531 2533
f 2359 2534 2532
f 2350 2533 2535
f 2357 2536 2534
f 2346 2535 2537
f 2355 2538 2536
f 2342 2537 2539
f 2352 2540 2538
f 2339 2539 2541
f 2348 2542 2540
f 2340 2541 2543
f 2344 2543 2542
f 2545 2383 2454
f 2546 2454 2455
f 2547 2455 2381
f 2544 2381 2383
f 2549 2545 2546
f 2550 2546 2547
f 2551 2547 2544
f 2548 2544 2545
f 2381 2446 2383
f 2379 2447 2381
f 2383 2444 2385
f 2377 2445 2379
f 2385 2442 2386
f 2375 2443 2377
f 2386 2440 2384
f 2373 2441 2375
f 2364 2452 2366
f 2369 2345 2367
f 2371 2341 2369
f 2365 2448 2363
f 2394 2396 2397
f 2402 2404 2405
f 2549 2551 2548
f 2380 2346 2382
f 2378 2350 2380
f 2379 2451 2377
f 2376 2354 2378
f 2374 2356 2376
f 2375 2359 2373
f 2373 2361 2371
f 2388 2339 2389
f 2390 2360 2391
f 2392 2390 2393
f 2398 2372 2399
f 2400 2388 2401
f 2406 2386 2407
f 2394 2411 2395
f 2399 2413 2398
f 2402 2419 2403
f 2407 2421 2406
f 2409 2410 2411
f 2408 2393 2410
f 2415 2412 2413
f 2414 2396 2412
f 2417 2418 2419
f 2416 2401 2418
f 2423 2420 2421
f 2422 2404 2420
f 2368 2425 2366
f 2370 2424 2368
f 2366 2427 2364
f 2372 2426 2370
f 2364 2429 2363
f 2374 2428 2372
f 2363 2431 2365
f 2376 2430 2374
f 2365 2433 2367
f 2378 2432 2376
f 2367 2435 2369
f 2380 2434 2378
f 2369 2437 2371
f 2382 2436 2380
f 2371 2439 2373
f 2384 2438 2382
f 2458 2460 2461
f 2466 2468 2469
f 2474 2476 2477
f 2482 2484 2485
f 2456 2349 2457
f 2462 2448 2463
f 2464 2352 2465
f 2470 2451 2471
f 2478 2351 2479
f 2472 2452 2473
f 2480 2344 2481
f 2486 2455 2487
f 2458 2491 2459
f 2463 2493 2462
f 2466 2499 2467
f 2471 2501 2470
f 2479 2509 2478
f 2476 2507 2477
f 2482 2515 2483
f 2487 2517 2486
f 2489 2490 2491
f 2488 2457 2490
f 2495 2492 2493
f 2494 2460 2492
f 2497 2498 2499
f 2496 2465 2498
f 2503 2500 2501
f 2502 2468 2500
f 2511 2508 2509
f 2510 2474 2508
f 2505 2506 2507
f 2504 2473 2506
f 2513 2514 2515
f 2512 2481 2514
f 2519 2516 2517
f 2518 2484 2516
f 2347 2521 2343
f 2351 2520 2347
f 2343 2523 2362
f 2353 2522 2351
f 2362 2525 2360
f 2349 2524 2353
f 2360 2527 2358
f 2345 2526 2349
f 2358 2529 2356
f 2341 2528 2345
f 2356 2531 2354
f 2361 2530 2341
f 2354 2533 2350
f 2359 2532 2361
f 2350 2535 2346
f 2357 2534 2359
f 2346 2537 2342
f 2355 2536 2357
f 2342 2539 2339
f 2352 2538 2355
f 2339 2541 2340
f 2348 2540 2352
f 2340 2543 2344
f 2344 2542 2348
f 2545 2454 2546
f 2546 2455 2547
f 2547 2381 2544
f 2544 2383 2545
f 2549 2546 2550
f 2550 2547 2551
f 2551 2544 2548
f 2548 2545 2549
f 2387 2452 2347
f 2390 2368 2387
f 2368 2390 2370
f 2386 2389 2385
f 2382 2388 2384
f 2372 2391 2374
f 2393 2390 2391
f 2396 2398 2413
f 2395 2393 2398
f 2392 2399 2372
f 2392 2408 2409
f 2397 2399 2392
f 2401 2403 2419
f 2389 2406 2401
f 2404 2403 2401
f 2400 2407 2386
f 2402 2400 2416
f 2402 2405 2407
f 2367 2345 2449
f 2363 2448 2453
f 2450 2455 2348
f 2375 2377 2451
f 2385 2340 2454
f 2459 2490 2457
f 2459 2349 2353
f 2460 2353 2462
f 2493 2492 2460
f 2463 2448 2461
f 2458 2461 2448
f 2458 2449 2456
f 2488 2489 2458
f 2467 2499 2465
f 2467 2352 2355
f 2468 2355 2470
f 2470 2501 2500
f 2469 2503 2471
f 2469 2451 2450
f 2466 2450 2464
f 2464 2496 2497
f 2475 2511 2479
f 2476 2475 2351
f 2476 2347 2472
f 2472 2504 2505
f 2477 2507 2473
f 2477 2452 2453
f 2474 2453 2478
f 2509 2508 2474
f 2483 2514 2481
f 2484 2483 2344
f 2484 2348 2486
f 2486 2517 2516
f 2485 2519 2487
f 2482 2485 2455
f 2482 2454 2480
f 2512 2513 2482
f 2387 2347 2343
f 2390 2387 2362
f 2393 2391 2398
f 2396 2413 2412
f 2395 2398 2396
f 2392 2372 2370
f 2392 2409 2394
f 2397 2392 2394
f 2401 2419 2418
f 2389 2401 2388
f 2404 2401 2406
f 2400 2386 2384
f 2402 2416 2417
f 2402 2407 2400
f 2367 2449 2365
f 2363 2453 2364
f 2450 2348 2352
f 2375 2451 2357
f 2385 2454 2383
f 2459 2457 2349
f 2459 2353 2460
f 2460 2462 2493
f 2463 2461 2495
f 2458 2448 2449
f 2458 2456 2488
f 2467 2465 2352
f 2467 2355 2468
f 2468 2470 2500
f 2469 2471 2451
f 2469 2450 2466
f 2466 2464 2497
f 2475 2479 2351
f 2476 2351 2347
f 2476 2472 2505
f 2477 2473 2452
f 2477 2453 2474
f 2474 2478 2509
f 2483 2481 2344
f 2484 2344 2348
f 2484 2486 2516
f 2485 2487 2455
f 2482 2455 2454
f 2482 2480 2512
f 2368 2452 2387
f 2389 2340 2385
f 2388 2346 2342
f 2391 2358 2374
f 2395 2410 2393
f 2397 2415 2399
f 2406 2420 2404
f 2407 2422 2423
f 2448 2351 2453
f 2379 2455 2450
f 2556 2575 2603
f 2602 2552 2553
f 2620 2616 2635
f 2614 2600 2603
f 2612 2608 2627
f 2611 2626 2625
f 2657 2573 2571
f 2656 2652 2638
f 2658 2643 2559
f 2659 2601 2637
f 2663 2677 2661
f 2665 2679 2667
f 2671 2604 2675
f 2673 2681 2669
f 2651 2643 2642
f 2601 2597 2595
f 2585 2600 2638
f 2649 2648 2647
f 2579 2560 2556
f 2607 2608 2609
f 2577 2564 2560
f 2580 2558 2562
f 2582 2554 2558
f 2584 2574 2554
f 2576 2566 2564
f 2578 2562 2566
f 2583 2603 2600
f 2597 2601 2602
f 2598 2553 2557
f 2596 2557 2561
f 2593 2639 2637
f 2594 2561 2565
f 2591 2640 2639
f 2592 2565 2568
f 2589 2641 2640
f 2590 2568 2570
f 2587 2638 2641
f 2588 2570 2572
f 2586 2572 2574
f 2615 2616 2617
f 2611 2601 2555
f 2605 2552 2602
f 2619 2603 2575
f 2613 2573 2600
f 2612 2628 2626
f 2609 2622 2624
f 2620 2636 2634
f 2617 2630 2632
f 2628 2627 2625
f 2627 2608 2607
f 2622 2621 2623
f 2621 2605 2606
f 2636 2635 2633
f 2635 2616 2615
f 2630 2629 2631
f 2629 2613 2614
f 2653 2644 2643
f 2654 2645 2644
f 2655 2646 2645
f 2652 2647 2646
f 2662 2663 2664
f 2670 2671 2672
f 2644 2563 2559
f 2651 2637 2639
f 2645 2567 2563
f 2653 2639 2640
f 2646 2569 2567
f 2654 2640 2641
f 2647 2571 2569
f 2655 2641 2638
f 2656 2600 2573
f 2658 2555 2601
f 2660 2642 2658
f 2666 2659 2650
f 2674 2649 2656
f 2668 2657 2648
f 2662 2676 2677
f 2667 2679 2678
f 2675 2604 2682
f 2672 2680 2681
f 2676 2660 2661
f 2679 2665 2664
f 2604 2671 2670
f 2680 2668 2669
f 2651 2642 2650
f 2601 2595 2637
f 2585 2638 2587
f 2649 2647 2652
f 2579 2556 2581
f 2607 2609 2610
f 2577 2560 2579
f 2580 2562 2578
f 2582 2558 2580
f 2584 2554 2582
f 2576 2564 2577
f 2578 2566 2576
f 2583 2600 2585
f 2597 2602 2599
f 2598 2557 2596
f 2596 2561 2594
f 2593 2637 2595
f 2594 2565 2592
f 2591 2639 2593
f 2592 2568 2590
f 2589 2640 2591
f 2590 2570 2588
f 2587 2641 2589
f 2588 2572 2586
f 2586 2574 2584
f 2615 2617 2618
f 2611 2555 2612
f 2605 2602 2606
f 2619 2575 2620
f 2613 2600 2614
f 2612 2626 2611
f 2609 2624 2610
f 2620 2634 2619
f 2617 2632 2618
f 2628 2625 2626
f 2627 2607 2625
f 2622 2623 2624
f 2621 2606 2623
f 2636 2633 2634
f 2635 2615 2633
f 2630 2631 2632
f 2629 2614 2631
f 2653 2643 2651
f 2654 2644 2653
f 2655 2645 2654
f 2652 2646 2655
f 2662 2664 2665
f 2670 2672 2673
f 2644 2559 2643
f 2651 2639 2653
f 2645 2563 2644
f 2653 2640 2654
f 2646 2567 2645
f 2654 2641 2655
f 2647 2569 2646
f 2655 2638 2652
f 2656 2573 2657
f 2658 2601 2659
f 2660 2658 2661
f 2666 2650 2667
f 2674 2656 2675
f 2668 2648 2669
f 2662 2677 2663
f 2667 2678 2666
f 2675 2682 2674
f 2672 2681 2673
f 2676 2661 2677
f 2679 2664 2678
f 2604 2670 2682
f 2680 2669 2681
f 2581 2556 2603
f 2598 2599 2602
f 2613 2620 2575
f 2617 2613 2629
f 2616 2620 2613
f 2614 2618 2632
f 2619 2634 2633
f 2618 2614 2619
f 2605 2612 2555
f 2609 2605 2621
f 2609 2608 2612
f 2606 2610 2624
f 2611 2606 2602
f 2607 2610 2606
f 2648 2657 2647
f 2652 2656 2649
f 2643 2658 2642
f 2650 2659 2651
f 2661 2658 2659
f 2666 2678 2664
f 2666 2664 2663
f 2667 2650 2642
f 2660 2676 2662
f 2665 2667 2660
f 2668 2675 2656
f 2668 2680 2672
f 2672 2671 2675
f 2674 2669 2648
f 2674 2682 2670
f 2670 2673 2669
f 2581 2603 2583
f 2598 2602 2553
f 2613 2575 2573
f 2617 2629 2630
f 2616 2613 2617
f 2614 2632 2631
f 2619 2633 2615
f 2618 2619 2615
f 2605 2555 2552
f 2609 2621 2622
f 2609 2612 2605
f 2606 2624 2623
f 2611 2602 2601
f 2607 2606 2611
f 2661 2659 2666
f 2666 2663 2661
f 2667 2642 2660
f 2665 2660 2662
f 2668 2656 2657
f 2672 2675 2668
f 2674 2648 2649
f 2670 2669 2674
f 2620 2635 2636
f 2614 2603 2619
f 2612 2627 2628
f 2611 2625 2607
f 2657 2571 2647
f 2656 2638 2600
f 2658 2559 2555
f 2659 2637 2651
f 2755 2719 2764
f 2707 2750 2749
f 2773 2750 2707
f 2771 2717 2748
f 2716 2717 2771
f 2708 2774 2773
f 2708 2789 2774
f 2709 2790 2789
f 2716 2772 2787
f 2788 2715 2716
f 2710 2790 2709
f 2714 2715 2788
f 2796 2714 2788
f 2798 2797 2790
f 2806 2805 2726
f 2804 2779 2722
f 2723 2803 2722
f 2726 2805 2725
f 2713 2714 2796
f 2710 2711 2798
f 2803 2723 2724
f 2805 2811 2724
f 2712 2713 2796
f 2711 2712 2693
f 2732 2738 2736
f 2733 2734 2736
f 2735 2736 2738
f 2737 2738 2732
f 2740 2746 2744
f 2741 2742 2744
f 2743 2744 2746
f 2745 2746 2740
f 2748 2754 2813
f 2749 2750 2752
f 2751 2752 2813
f 2753 2754 2748
f 2756 2762 2816
f 2757 2758 2760
f 2759 2760 2816
f 2761 2762 2756
f 2764 2770 2706
f 2765 2766 2768
f 2767 2768 2706
f 2769 2770 2764
f 2772 2778 2703
f 2773 2774 2776
f 2775 2776 2703
f 2777 2778 2772
f 2780 2786 2700
f 2781 2782 2784
f 2783 2784 2700
f 2785 2786 2780
f 2788 2794 2697
f 2789 2790 2792
f 2791 2792 2697
f 2793 2794 2788
f 2796 2802 2694
f 2797 2798 2800
f 2799 2800 2694
f 2801 2802 2796
f 2804 2810 2691
f 2805 2806 2808
f 2807 2808 2691
f 2809 2810 2804
f 2795 2788 2696
f 2787 2772 2702
f 2771 2748 2814
f 2755 2764 2705
f 2763 2780 2699
f 2779 2804 2812
f 2781 2726 2727
f 2779 2721 2722
f 2728 2765 2782
f 2719 2720 2763
f 2757 2766 2729
f 2729 2766 2765
f 2756 2719 2755
f 2730 2741 2758
f 2742 2741 2730
f 2717 2718 2732
f 2707 2749 2742
f 2813 2752 2750
f 2813 2754 2753
f 2816 2760 2758
f 2816 2762 2761
f 2706 2768 2766
f 2706 2770 2769
f 2703 2776 2774
f 2703 2778 2777
f 2700 2784 2782
f 2700 2786 2785
f 2697 2792 2790
f 2697 2794 2793
f 2694 2800 2798
f 2694 2802 2801
f 2691 2808 2806
f 2691 2810 2809
f 2689 2696 2790
f 2688 2702 2774
f 2687 2814 2750
f 2686 2705 2766
f 2685 2699 2782
f 2684 2812 2806
f 2728 2781 2727
f 2779 2720 2721
f 2763 2720 2779
f 2748 2717 2747
f 2758 2757 2729
f 2731 2718 2719
f 2732 2718 2731
f 2747 2732 2734
f 2683 2740 2742
f 2741 2739 2817
f 2731 2756 2817
f 2683 2734 2740
f 2817 2739 2733
f 2734 2733 2739
f 2717 2716 2820
f 2718 2717 2819
f 2716 2715 2822
f 2719 2718 2821
f 2715 2714 2824
f 2720 2719 2823
f 2714 2713 2826
f 2721 2720 2825
f 2713 2712 2828
f 2722 2721 2827
f 2712 2711 2830
f 2723 2722 2829
f 2711 2710 2832
f 2724 2723 2831
f 2710 2709 2834
f 2725 2724 2833
f 2709 2708 2836
f 2726 2725 2835
f 2708 2707 2838
f 2727 2726 2837
f 2707 2730 2840
f 2728 2727 2839
f 2730 2729 2842
f 2729 2728 2841
f 2819 2820 2844
f 2821 2819 2843
f 2820 2822 2846
f 2823 2821 2845
f 2822 2824 2848
f 2825 2823 2847
f 2824 2826 2850
f 2827 2825 2849
f 2826 2828 2852
f 2829 2827 2851
f 2828 2830 2854
f 2831 2829 2853
f 2830 2832 2856
f 2833 2831 2855
f 2832 2834 2858
f 2835 2833 2857
f 2834 2836 2860
f 2837 2835 2859
f 2836 2838 2862
f 2839 2837 2861
f 2838 2840 2864
f 2841 2839 2863
f 2840 2842 2866
f 2842 2841 2865
f 2843 2844 2868
f 2845 2843 2867
f 2844 2846 2870
f 2847 2845 2869
f 2846 2848 2872
f 2849 2847 2871
f 2848 2850 2874
f 2851 2849 2873
f 2850 2852 2876
f 2853 2851 2875
f 2852 2854 2878
f 2855 2853 2877
f 2854 2856 2880
f 2857 2855 2879
f 2856 2858 2882
f 2859 2857 2881
f 2858 2860 2884
f 2861 2859 2883
f 2860 2862 2886
f 2863 2861 2885
f 2862 2864 2888
f 2865 2863 2887
f 2864 2866 2890
f 2866 2865 2889
f 2868 2891 2892
f 2870 2893 2891
f 2867 2892 2894
f 2872 2895 2893
f 2869 2894 2896
f 2874 2897 2895
f 2871 2896 2898
f 2876 2899 2897
f 2873 2898 2900
f 2878 2901 2899
f 2875 2900 2902
f 2880 2903 2901
f 2877 2902 2904
f 2882 2905 2903
f 2879 2904 2906
f 2884 2907 2905
f 2881 2906 2908
f 2886 2909 2907
f 2883 2908 2910
f 2888 2911 2909
f 2885 2910 2912
f 2890 2913 2911
f 2887 2912 2914
f 2889 2914 2913
f 2716 2771 2772
f 2708 2773 2707
f 2709 2789 2708
f 2788 2716 2787
f 2796 2788 2795
f 2798 2790 2710
f 2806 2726 2781
f 2804 2722 2803
f 2803 2724 2811
f 2805 2724 2725
f 2712 2796 2693
f 2711 2693 2798
f 2732 2736 2734
f 2733 2736 2735
f 2735 2738 2737
f 2737 2732 2731
f 2740 2744 2742
f 2741 2744 2743
f 2743 2746 2745
f 2745 2740 2739
f 2748 2813 2814
f 2749 2752 2751
f 2751 2813 2815
f 2753 2748 2747
f 2756 2816 2817
f 2757 2760 2759
f 2759 2816 2818
f 2761 2756 2755
f 2764 2706 2705
f 2765 2768 2767
f 2767 2706 2704
f 2769 2764 2763
f 2772 2703 2702
f 2773 2776 2775
f 2775 2703 2701
f 2777 2772 2771
f 2780 2700 2699
f 2781 2784 2783
f 2783 2700 2698
f 2785 2780 2779
f 2788 2697 2696
f 2789 2792 2791
f 2791 2697 2695
f 2793 2788 2787
f 2796 2694 2693
f 2797 2800 2799
f 2799 2694 2692
f 2801 2796 2795
f 2804 2691 2812
f 2805 2808 2807
f 2807 2691 2690
f 2809 2804 2803
f 2795 2696 2689
f 2787 2702 2688
f 2771 2814 2687
f 2755 2705 2686
f 2763 2699 2685
f 2779 2812 2684
f 2728 2782 2781
f 2719 2763 2764
f 2729 2765 2728
f 2730 2758 2729
f 2717 2732 2747
f 2707 2742 2730
f 2813 2750 2814
f 2813 2753 2815
f 2816 2758 2817
f 2816 2761 2818
f 2706 2766 2705
f 2706 2769 2704
f 2703 2774 2702
f 2703 2777 2701
f 2700 2782 2699
f 2700 2785 2698
f 2697 2790 2696
f 2697 2793 2695
f 2694 2798 2693
f 2694 2801 2692
f 2691 2806 2812
f 2691 2809 2690
f 2689 2790 2797
f 2688 2774 2789
f 2687 2750 2773
f 2686 2766 2757
f 2685 2782 2765
f 2684 2806 2781
f 2763 2779 2780
f 2731 2719 2756
f 2747 2734 2683
f 2683 2742 2749
f 2741 2817 2758
f 2731 2817 2733
f 2734 2739 2740
f 2717 2820 2819
f 2718 2819 2821
f 2716 2822 2820
f 2719 2821 2823
f 2715 2824 2822
f 2720 2823 2825
f 2714 2826 2824
f 2721 2825 2827
f 2713 2828 2826
f 2722 2827 2829
f 2712 2830 2828
f 2723 2829 2831
f 2711 2832 2830
f 2724 2831 2833
f 2710 2834 2832
f 2725 2833 2835
f 2709 2836 2834
f 2726 2835 2837
f 2708 2838 2836
f 2727 2837 2839
f 2707 2840 2838
f 2728 2839 2841
f 2730 2842 2840
f 2729 2841 2842
f 2819 2844 2843
f 2821 2843 2845
f 2820 2846 2844
f 2823 2845 2847
f 2822 2848 2846
f 2825 2847 2849
f 2824 2850 2848
f 2827 2849 2851
f 2826 2852 2850
f 2829 2851 2853
f 2828 2854 2852
f 2831 2853 2855
f 2830 2856 2854
f 2833 2855 2857
f 2832 2858 2856
f 2835 2857 2859
f 2834 2860 2858
f 2837 2859 2861
f 2836 2862 2860
f 2839 2861 2863
f 2838 2864 2862
f 2841 2863 2865
f 2840 2866 2864
f 2842 2865 2866
f 2843 2868 2867
f 2845 2867 2869
f 2844 2870 2868
f 2847 2869 2871
f 2846 2872 2870
f 2849 2871 2873
f 2848 2874 2872
f 2851 2873 2875
f 2850 2876 2874
f 2853 2875 2877
f 2852 2878 2876
f 2855 2877 2879
f 2854 2880 2878
f 2857 2879 2881
f 2856 2882 2880
f 2859 2881 2883
f 2858 2884 2882
f 2861 2883 2885
f 2860 2886 2884
f 2863 2885 2887
f 2862 2888 2886
f 2865 2887 2889
f 2864 2890 2888
f 2866 2889 2890
f 2868 2892 2867
f 2870 2891 2868
f 2867 2894 2869
f 2872 2893 2870
f 2869 2896 2871
f 2874 2895 2872
f 2871 2898 2873
f 2876 2897 2874
f 2873 2900 2875
f 2878 2899 2876
f 2875 2902 2877
f 2880 2901 2878
f 2877 2904 2879
f 2882 2903 2880
f 2879 2906 2881
f 2884 2905 2882
f 2881 2908 2883
f 2886 2907 2884
f 2883 2910 2885
f 2888 2909 2886
f 2885 2912 2887
f 2890 2911 2888
f 2887 2914 2889
f 2889 2913 2890
f 2915 2916 2924
f 2916 2917 2925
f 2917 2918 2926
f 2918 2919 2927
f 2919 2920 2928
f 2920 2921 2929
f 2921 2922 2930
f 2922 2915 2923
f 2923 2924 2932
f 2924 2925 2933
f 2925 2926 2934
f 2926 2927 2935
f 2927 2928 2936
f 2928 2929 2937
f 2929 2930 2938
f 2930 2923 2931
f 2931 2932 2940
f 2932 2933 2941
f 2933 2934 2942
f 2934 2935 2943
f 2935 2936 2944
f 2936 2937 2945
f 2937 2938 2946
f 2938 2931 2939
f 2939 2940 2948
f 2940 2941 2949
f 2941 2942 2950
f 2942 2943 2951
f 2943 2944 2952
f 2944 2945 2953
f 2945 2946 2954
f 2946 2939 2947
f 2947 2948 2956
f 2948 2949 2957
f 2949 2950 2958
f 2950 2951 2959
f 2951 2952 2960
f 2952 2953 2961
f 2953 2954 2962
f 2954 2947 2955
f 2955 2956 2964
f 2956 2957 2965
f 2957 2958 2966
f 2958 2959 2967
f 2959 2960 2968
f 2960 2961 2969
f 2961 2962 2970
f 2962 2955 2963
f 2963 2964 2972
f 2964 2965 2973
f 2965 2966 2974
f 2966 2967 2975
f 2967 2968 2976
f 2968 2969 2977
f 2969 2970 2978
f 2970 2963 2971
f 2971 2972 2980
f 2972 2973 2981
f 2973 2974 2982
f 2974 2975 2983
f 2975 2976 2984
f 2976 2977 2985
f 2977 2978 2986
f 2978 2971 2979
f 2979 2980 2988
f 2980 2981 2989
f 2981 2982 2990
f 2982 2983 2991
f 2983 2984 2992
f 2984 2985 2993
f 2985 2986 2994
f 2986 2979 2987
f 2987 2988 2996
f 2988 2989 2997
f 2989 2990 2998
f 2990 2991 2999
f 2991 2992 3000
f 2992 2993 3001
f 2993 2994 3002
f 2994 2987 2995
f 2995 2996 3004
f 2996 2997 3005
f 2997 2998 3006
f 2998 2999 3007
f 2999 3000 3008
f 3000 3001 3009
f 3001 3002 3010
f 3002 2995 3003
f 3003 3004 3012
f 3004 3005 3013
f 3005 3006 3014
f 3006 3007 3015
f 3007 3008 3016
f 3008 3009 3017
f 3009 3010 3018
f 3010 3003 3011
f 3011 3012 3020
f 3012 3013 3021
f 3013 3014 3022
f 3014 3015 3023
f 3015 3016 3024
f 3016 3017 3025
f 3017 3018 3026
f 3018 3011 3019
f 3019 3020 3028
f 3020 3021 3029
f 3021 3022 3030
f 3022 3023 3031
f 3023 3024 3032
f 3024 3025 3033
f 3025 3026 3034
f 3026 3019 3027
f 3027 3028 3036
f 3028 3029 3037
f 3029 3030 3038
f 3030 3031 3039
f 3031 3032 3040
f 3032 3033 3041
f 3033 3034 3042
f 3034 3027 3035
f 3028 3037 3036
f 3027 3036 3035
f 3026 3027 3034
f 3025 3034 3033
f 3024 3033 3032
f 3023 3032 3031
f 3034 3035 3042
f 3033 3042 3041
f 3032 3041 3040
f 3031 3040 3039
f 3030 3039 3038
f 3029 3038 3037
f 2915 2924 2923
f 2916 2925 2924
f 2917 2926 2925
f 2918 2927 2926
f 2919 2928 2927
f 2920 2929 2928
f 2921 2930 2929
f 2922 2923 2930
f 2923 2932 2931
f 2924 2933 2932
f 2925 2934 2933
f 2926 2935 2934
f 2927 2936 2935
f 2928 2937 2936
f 2929 2938 2937
f 2930 2931 2938
f 2931 2940 2939
f 2932 2941 2940
f 2933 2942 2941
f 2934 2943 2942
f 2935 2944 2943
f 2936 2945 2944
f 2937 2946 2945
f 2938 2939 2946
f 2939 2948 2947
f 2940 2949 2948
f 2941 2950 2949
f 2942 2951 2950
f 2943 2952 2951
f 2944 2953 2952
f 2945 2954 2953
f 2946 2947 2954
f 2947 2956 2955
f 2948 2957 2956
f 2949 2958 2957
f 2950 2959 2958
f 2951 2960 2959
f 2952 2961 2960
f 2953 2962 2961
f 2954 2955 2962
f 2955 2964 2963
f 2956 2965 2964
f 2957 2966 2965
f 2958 2967 2966
f 2959 2968 2967
f 2960 2969 2968
f 2961 2970 2969
f 2962 2963 2970
f 2963 2972 2971
f 2964 2973 2972
f 2965 2974 2973
f 2966 2975 2974
f 2967 2976 2975
f 2968 2977 2976
f 2969 2978 2977
f 2970 2971 2978
f 2971 2980 2979
f 2972 2981 2980
f 2973 2982 2981
f 2974 2983 2982
f 2975 2984 2983
f 2976 2985 2984
f 2977 2986 2985
f 2978 2979 2986
f 2979 2988 2987
f 2980 2989 2988
f 2981 2990 2989
f 2982 2991 2990
f 2983 2992 2991
f 2984 2993 2992
f 2985 2994 2993
f 2986 2987 2994
f 2987 2996 2995
f 2988 2997 2996
f 2989 2998 2997
f 2990 2999 2998
f 2991 3000 2999
f 2992 3001 3000
f 2993 3002 3001
f 2994 2995 3002
f 2995 3004 3003
f 2996 3005 3004
f 2997 3006 3005
f 2998 3007 3006
f 2999 3008 3007
f 3000 3009 3008
f 3001 3010 3009
f 3002 3003 3010
f 3003 3012 3011
f 3004 3013 3012
f 3005 3014 3013
f 3006 3015 3014
f 3007 3016 3015
f 3008 3017 3016
f 3009 3018 3017
f 3010 3011 3018
f 3011 3020 3019
f 3012 3021 3020
f 3013 3022 3021
f 3014 3023 3022
f 3015 3024 3023
f 3016 3025 3024
f 3017 3026 3025
f 3018 3019 3026
f 3019 3028 3027
f 3020 3029 3028
f 3021 3030 3029
f 3022 3031 3030
f 3095 3096 3100
f 3045 3046 3050
f 3046 3047 3051
f 3047 3048 3052
f 3094 3095 3099
f 3044 3043 3048
f 3049 3050 3054
f 3050 3051 3055
f 3051 3052 3056
f 3093 3094 3098
f 3106 3044 3047
f 3053 3054 3058
f 3054 3055 3059
f 3055 3056 3060
f 3091 3092 3096
f 3105 3106 3046
f 3057 3058 3062
f 3058 3059 3063
f 3059 3060 3064
f 3090 3091 3095
f 3089 3090 3094
f 3061 3062 3066
f 3062 3063 3067
f 3063 3064 3068
f 3097 3098 3102
f 3103 3104 3043
f 3065 3066 3070
f 3066 3067 3071
f 3067 3068 3072
f 3087 3088 3092
f 3102 3103 3044
f 3069 3070 3074
f 3070 3071 3075
f 3071 3072 3076
f 3086 3087 3091
f 3101 3102 3106
f 3073 3074 3078
f 3074 3075 3079
f 3075 3076 3080
f 3085 3086 3090
f 3098 3099 3103
f 3077 3078 3082
f 3078 3079 3083
f 3079 3080 3084
f 3083 3084 3088
f 3099 3100 3104
f 3081 3082 3086
f 3082 3083 3087
f 3048 3084 3080
f 3080 3076 3056
f 3056 3076 3072
f 3072 3068 3064
f 3048 3043 3088
f 3088 3043 3104
f 3104 3100 3096
f 3095 3100 3099
f 3045 3050 3049
f 3046 3051 3050
f 3047 3052 3051
f 3094 3099 3098
f 3044 3048 3047
f 3049 3054 3053
f 3050 3055 3054
f 3051 3056 3055
f 3093 3098 3097
f 3106 3047 3046
f 3053 3058 3057
f 3054 3059 3058
f 3055 3060 3059
f 3091 3096 3095
f 3105 3046 3045
f 3057 3062 3061
f 3058 3063 3062
f 3059 3064 3063
f 3090 3095 3094
f 3089 3094 3093
f 3061 3066 3065
f 3062 3067 3066
f 3063 3068 3067
f 3097 3102 3101
f 3103 3043 3044
f 3065 3070 3069
f 3066 3071 3070
f 3067 3072 3071
f 3087 3092 3091
f 3102 3044 3106
f 3069 3074 3073
f 3070 3075 3074
f 3071 3076 3075
f 3086 3091 3090
f 3101 3106 3105
f 3073 3078 3077
f 3074 3079 3078
f 3075 3080 3079
f 3085 3090 3089
f 3098 3103 3102
f 3077 3082 3081
f 3078 3083 3082
f 3079 3084 3083
f 3083 3088 3087
f 3099 3104 3103
f 3081 3086 3085
f 3082 3087 3086
f 3048 3080 3052
f 3080 3056 3052
f 3056 3072 3060
f 3072 3064 3060
f 3048 3088 3084
f 3088 3104 3092
f 3104 3096 3092
f 3131 3121 3122
f 3132 3126 3128
f 3132 3107 3163
f 3143 3162 3160
f 3131 3132 3145
f 3129 3159 3161
f 3146 3164 3108
f 3130 3129 3144
f 3148 3144 3143
f 3109 3110 3112
f 3163 3107 3108
f 3154 3152 3151
f 3111 3112 3114
f 3161 3159 3160
f 3149 3145 3146
f 3113 3114 3116
f 3158 3149 3147
f 3157 3155 3156
f 3115 3116 3118
f 3156 3145 3149
f 3145 3163 3164
f 3117 3118 3120
f 3155 3143 3145
f 3147 3149 3150
f 3119 3120 3122
f 3157 3147 3143
f 3107 3132 3130
f 3153 3148 3150
f 3159 3129 3131
f 3123 3129 3130
f 3151 3144 3148
f 3142 3127 3109
f 3152 3146 3144
f 3141 3125 3127
f 3127 3128 3110
f 3154 3150 3146
f 3161 3162 3143
f 3131 3124 3126
f 3133 3109 3111
f 3134 3111 3113
f 3135 3113 3115
f 3136 3115 3117
f 3137 3117 3119
f 3138 3119 3121
f 3139 3121 3123
f 3140 3123 3125
f 3141 3135 3136
f 3140 3136 3137
f 3139 3137 3138
f 3141 3142 3134
f 3142 3133 3134
f 3132 3163 3145
f 3143 3160 3131
f 3131 3145 3143
f 3129 3161 3144
f 3146 3108 3130
f 3130 3144 3146
f 3148 3143 3147
f 3109 3112 3111
f 3163 3108 3164
f 3154 3151 3153
f 3111 3114 3113
f 3161 3160 3162
f 3149 3146 3150
f 3113 3116 3115
f 3158 3147 3157
f 3157 3156 3158
f 3115 3118 3117
f 3156 3149 3158
f 3145 3164 3146
f 3117 3120 3119
f 3155 3145 3156
f 3147 3150 3148
f 3119 3122 3121
f 3157 3143 3155
f 3107 3130 3108
f 3153 3150 3154
f 3159 3131 3160
f 3123 3130 3125
f 3151 3148 3153
f 3142 3109 3133
f 3152 3144 3151
f 3141 3127 3142
f 3127 3110 3109
f 3154 3146 3152
f 3161 3143 3144
f 3131 3126 3132
f 3133 3111 3134
f 3134 3113 3135
f 3135 3115 3136
f 3136 3117 3137
f 3137 3119 3138
f 3138 3121 3139
f 3139 3123 3140
f 3140 3125 3141
f 3141 3136 3140
f 3140 3137 3139
f 3141 3134 3135
f 3121 3131 3129
f 3121 3129 3123
f 3125 3130 3127
f 3130 3132 3127
f 3131 3122 3124
f 3132 3128 3127
f 3517 3525 3253
f 3527 3521 3524
f 3253 3525 3528
f 3525 3516 3528
f 3405 3409 3402
f 3397 3398 3399
f 3395 3425 3392
f 3387 3388 3389
f 3519 3523 3520
f 3526 3515 3503
f 3395 3392 3393
f 3409 3405 3406
f 3397 3401 3360
f 3425 3395 3396
f 3165 3387 3391
f 3530 3529 3531
f 3206 3222 3221
f 3198 3215 3216
f 3411 3369 3301
f 3383 3456 3446
f 3379 3460 3454
f 3257 3301 3303
f 3494 3446 3457
f 3410 3303 3368
f 3382 3457 3460
f 3407 3342 3354
f 3497 3449 3456
f 3353 3308 3299
f 3378 3461 3449
f 3381 3454 3453
f 3181 3299 3343
f 3501 3453 3452
f 3472 3465 3486
f 3371 3319 3307
f 3482 3479 3475
f 3171 3307 3365
f 3491 3484 3488
f 3364 3366 3372
f 3481 3475 3474
f 3363 3339 3309
f 3489 3487 3478
f 3345 3309 3311
f 3490 3488 3487
f 3477 3474 3466
f 3362 3311 3340
f 3468 3483 3463
f 3202 3218 3217
f 3210 3226 3225
f 3342 3323 3477
f 3342 3476 3472
f 3366 3492 3468
f 3366 3322 3489
f 3340 3469 3491
f 3368 3467 3482
f 3340 3341 3470
f 3368 3367 3464
f 3469 3340 3470
f 3470 3341 3471
f 3467 3368 3464
f 3464 3367 3473
f 3471 3341 3472
f 3491 3322 3340
f 3490 3322 3491
f 3472 3341 3342
f 3350 3392 3425
f 3391 3166 3178
f 3408 3416 3175
f 3193 3426 3396
f 3187 3425 3361
f 3168 3400 3399
f 3254 3399 3398
f 3374 3398 3397
f 3405 3414 3180
f 3409 3412 3352
f 3264 3311 3362
f 3345 3346 3309
f 3371 3372 3319
f 3171 3375 3307
f 3429 3303 3410
f 3257 3258 3301
f 3353 3354 3308
f 3181 3194 3299
f 3189 3262 3347
f 3348 3350 3186
f 3168 3254 3373
f 3374 3423 3174
f 3179 3418 3355
f 3356 3359 3169
f 3414 3256 3259
f 3260 3352 3413
f 3193 3184 3192
f 3191 3172 3190
f 3189 3261 3188
f 3348 3349 3347
f 3423 3397 3360
f 3191 3401 3400
f 3388 3356 3418
f 3357 3353 3194
f 3255 3410 3428
f 3403 3260 3256
f 3184 3421 3364
f 3172 3420 3422
f 3188 3427 3421
f 3190 3422 3363
f 3305 3319 3310
f 3302 3320 3311
f 3315 3308 3320
f 3318 3310 3303
f 3192 3364 3372
f 3376 3171 3420
f 3234 3281 3284
f 3424 3371 3375
f 3338 3203 3204
f 3205 3206 3248
f 3331 3211 3212
f 3197 3198 3247
f 3201 3220 3218
f 3205 3224 3222
f 3209 3228 3226
f 3197 3213 3215
f 3220 3219 3217
f 3219 3200 3199
f 3224 3223 3221
f 3223 3204 3203
f 3228 3227 3225
f 3227 3208 3207
f 3213 3214 3216
f 3214 3212 3211
f 3200 3219 3237
f 3237 3219 3220
f 3220 3201 3238
f 3337 3204 3239
f 3204 3223 3239
f 3239 3223 3224
f 3224 3205 3240
f 3240 3205 3251
f 3208 3227 3241
f 3241 3227 3228
f 3228 3209 3242
f 3330 3212 3236
f 3212 3214 3236
f 3236 3214 3213
f 3213 3197 3235
f 3235 3197 3252
f 3368 3303 3310
f 3233 3275 3274
f 3248 3207 3208
f 3170 3195 3411
f 3280 3235 3277
f 3306 3246 3266
f 3278 3250 3273
f 3333 3268 3351
f 3334 3272 3268
f 3313 3268 3234
f 3243 3284 3286
f 3314 3234 3300
f 3327 3294 3265
f 3316 3230 3231
f 3265 3294 3296
f 3326 3265 3370
f 3336 3239 3335
f 3298 3265 3245
f 3273 3250 3237
f 3297 3245 3317
f 3174 3372 3371
f 3415 3428 3386
f 3355 3194 3181
f 3419 3181 3385
f 3169 3354 3353
f 3270 3237 3238
f 3245 3296 3279
f 3310 3319 3366
f 3417 3407 3354
f 3259 3429 3410
f 3315 3302 3229
f 3305 3318 3232
f 3229 3300 3243
f 3247 3199 3200
f 3252 3200 3237
f 3277 3250 3278
f 3282 3239 3240
f 3246 3305 3233
f 3413 3258 3257
f 3246 3274 3269
f 3229 3286 3288
f 3232 3317 3267
f 3251 3208 3241
f 3230 3315 3244
f 3230 3289 3292
f 3283 3240 3285
f 3285 3249 3287
f 3287 3249 3290
f 3290 3249 3241
f 3267 3279 3276
f 3291 3241 3242
f 3232 3276 3275
f 3329 3236 3328
f 3244 3288 3289
f 3295 3236 3235
f 3268 3272 3281
f 3285 3284 3281
f 3270 3274 3275
f 3277 3279 3296
f 3273 3275 3276
f 3282 3272 3334
f 3287 3286 3284
f 3295 3294 3327
f 3280 3296 3294
f 3271 3269 3274
f 3278 3276 3279
f 3283 3281 3272
f 3290 3288 3286
f 3293 3292 3289
f 3291 3289 3288
f 3316 3299 3308
f 3304 3299 3316
f 3298 3301 3369
f 3297 3301 3298
f 3317 3303 3301
f 3306 3307 3319
f 3312 3307 3306
f 3313 3309 3339
f 3314 3309 3313
f 3300 3311 3309
f 3361 3425 3426
f 3347 3264 3362
f 3186 3346 3345
f 3408 3165 3391
f 3324 3343 3344
f 3325 3344 3326
f 3389 3418 3179
f 3387 3359 3356
f 3189 3395 3394
f 3348 3393 3392
f 3404 3256 3414
f 3365 3307 3312
f 3332 3358 3333
f 3173 3385 3195
f 3176 3386 3407
f 3263 3257 3429
f 3177 3411 3258
f 3196 3178 3412
f 3340 3311 3320
f 3341 3320 3308
f 3343 3299 3304
f 3344 3304 3231
f 3326 3231 3292
f 3327 3292 3293
f 3328 3293 3242
f 3329 3242 3209
f 3330 3209 3210
f 3339 3321 3332
f 3351 3332 3333
f 3406 3180 3416
f 3167 3360 3426
f 3183 3361 3401
f 3390 3179 3166
f 3165 3175 3359
f 3358 3312 3266
f 3333 3266 3269
f 3334 3269 3271
f 3335 3271 3238
f 3336 3238 3201
f 3337 3201 3202
f 3358 3332 3321
f 3401 3426 3360
f 3373 3375 3171
f 3185 3396 3395
f 3406 3408 3409
f 3369 3324 3325
f 3370 3325 3326
f 3402 3352 3260
f 3261 3362 3427
f 3262 3394 3393
f 3349 3345 3264
f 3182 3363 3346
f 3386 3323 3342
f 3385 3343 3324
f 3428 3368 3386
f 3195 3324 3369
f 3422 3321 3339
f 3427 3340 3421
f 3420 3365 3321
f 3421 3322 3366
f 3412 3177 3413
f 3260 3263 3259
f 3414 3255 3415
f 3416 3176 3417
f 3166 3173 3170
f 3175 3417 3169
f 3356 3357 3355
f 3179 3419 3173
f 3180 3415 3176
f 3178 3170 3177
f 3374 3424 3373
f 3168 3376 3172
f 3167 3192 3174
f 3183 3190 3182
f 3185 3188 3184
f 3187 3182 3186
f 3468 3367 3366
f 3481 3323 3482
f 3477 3323 3481
f 3492 3366 3489
f 3489 3322 3490
f 3476 3342 3477
f 3473 3367 3468
f 3482 3323 3368
f 3499 3451 3447
f 3380 3459 3451
f 3495 3447 3450
f 3377 3458 3459
f 3498 3450 3448
f 3384 3455 3458
f 3496 3448 3461
f 3500 3452 3455
f 3445 3475 3479
f 3437 3487 3488
f 3433 3479 3480
f 3438 3478 3487
f 3440 3480 3462
f 3444 3483 3478
f 3430 3462 3463
f 3441 3463 3483
f 3436 3488 3484
f 3432 3474 3475
f 3439 3484 3493
f 3434 3466 3474
f 3442 3493 3485
f 3431 3465 3466
f 3443 3485 3486
f 3435 3486 3465
f 3461 3445 3433
f 3453 3437 3436
f 3449 3433 3440
f 3454 3438 3437
f 3456 3440 3430
f 3460 3444 3438
f 3446 3430 3441
f 3457 3441 3444
f 3452 3436 3439
f 3448 3432 3445
f 3455 3439 3442
f 3450 3434 3432
f 3458 3442 3443
f 3447 3431 3434
f 3459 3443 3435
f 3451 3435 3431
f 3476 3466 3465
f 3492 3478 3483
f 3469 3493 3484
f 3467 3480 3479
f 3470 3485 3493
f 3471 3486 3485
f 3464 3462 3480
f 3473 3463 3462
f 3505 3203 3338
f 3511 3248 3206
f 3506 3206 3203
f 3509 3211 3331
f 3510 3247 3198
f 3502 3198 3211
f 3507 3207 3248
f 3512 3331 3210
f 3508 3210 3207
f 3503 3199 3247
f 3513 3338 3202
f 3504 3202 3199
f 3517 3505 3513
f 3523 3511 3506
f 3518 3506 3505
f 3521 3509 3512
f 3522 3510 3502
f 3514 3502 3509
f 3519 3507 3511
f 3524 3512 3508
f 3520 3508 3507
f 3525 3513 3504
f 3516 3504 3503
f 3526 3503 3510
f 3530 3526 3522
f 3529 3522 3527
f 3531 3527 3528
f 3532 3528 3526
f 3232 3233 3305
f 3232 3318 3317
f 3246 3306 3305
f 3245 3267 3317
f 3229 3244 3315
f 3229 3302 3300
f 3234 3243 3300
f 3230 3316 3315
f 3235 3250 3277
f 3237 3270 3273
f 3241 3291 3290
f 3240 3249 3285
f 3268 3313 3351
f 3266 3333 3358
f 3265 3298 3370
f 3231 3326 3344
f 3239 3282 3335
f 3238 3336 3335
f 3236 3295 3328
f 3242 3329 3328
f 3408 3196 3409
f 3391 3196 3408
f 3401 3361 3426
f 3425 3396 3426
f 3366 3319 3372
f 3340 3427 3362
f 3340 3322 3421
f 3366 3364 3421
f 3368 3323 3386
f 3342 3407 3386
f 3342 3308 3354
f 3368 3428 3410
f 3530 3531 3532
f 3206 3221 3203
f 3198 3216 3211
f 3411 3301 3258
f 3383 3446 3494
f 3379 3454 3381
f 3257 3303 3429
f 3494 3457 3382
f 3382 3460 3379
f 3497 3456 3383
f 3353 3299 3194
f 3378 3449 3497
f 3381 3453 3501
f 3181 3343 3385
f 3501 3452 3500
f 3472 3486 3471
f 3371 3307 3375
f 3482 3475 3481
f 3171 3365 3420
f 3491 3488 3490
f 3481 3474 3477
f 3363 3309 3346
f 3489 3478 3492
f 3345 3311 3264
f 3490 3487 3489
f 3477 3466 3476
f 3468 3463 3473
f 3202 3217 3199
f 3210 3225 3207
f 3350 3425 3187
f 3391 3178 3196
f 3408 3175 3165
f 3193 3396 3185
f 3187 3361 3183
f 3168 3399 3254
f 3254 3398 3374
f 3374 3397 3423
f 3405 3180 3406
f 3409 3352 3402
f 3189 3347 3261
f 3348 3186 3349
f 3168 3373 3376
f 3374 3174 3424
f 3179 3355 3419
f 3356 3169 3357
f 3414 3259 3255
f 3260 3413 3263
f 3193 3192 3167
f 3191 3190 3183
f 3189 3188 3185
f 3348 3347 3262
f 3423 3360 3167
f 3191 3400 3168
f 3388 3418 3389
f 3357 3194 3355
f 3255 3428 3415
f 3403 3256 3404
f 3184 3364 3192
f 3172 3422 3190
f 3188 3421 3184
f 3190 3363 3182
f 3305 3310 3318
f 3302 3311 3300
f 3315 3320 3302
f 3318 3303 3317
f 3192 3372 3174
f 3376 3420 3172
f 3234 3284 3243
f 3424 3375 3373
f 3338 3204 3337
f 3205 3248 3251
f 3331 3212 3330
f 3197 3247 3252
f 3201 3218 3202
f 3205 3222 3206
f 3209 3226 3210
f 3197 3215 3198
f 3220 3217 3218
f 3219 3199 3217
f 3224 3221 3222
f 3223 3203 3221
f 3228 3225 3226
f 3227 3207 3225
f 3213 3216 3215
f 3214 3211 3216
f 3237 3220 3238
f 3337 3239 3336
f 3239 3224 3240
f 3240 3251 3249
f 3241 3228 3242
f 3330 3236 3329
f 3236 3213 3235
f 3235 3252 3250
f 3368 3310 3367
f 3233 3274 3246
f 3248 3208 3251
f 3170 3411 3177
f 3306 3266 3312
f 3334 3268 3333
f 3313 3234 3314
f 3243 3286 3229
f 3327 3265 3326
f 3316 3231 3304
f 3265 3296 3245
f 3298 3245 3297
f 3174 3371 3424
f 3415 3386 3176
f 3355 3181 3419
f 3419 3385 3173
f 3169 3353 3357
f 3270 3238 3271
f 3245 3279 3267
f 3310 3366 3367
f 3417 3354 3169
f 3259 3410 3255
f 3247 3200 3252
f 3252 3237 3250
f 3282 3240 3283
f 3413 3257 3263
f 3246 3269 3266
f 3229 3288 3244
f 3251 3241 3249
f 3230 3292 3231
f 3267 3276 3232
f 3291 3242 3293
f 3232 3275 3233
f 3244 3289 3230
f 3295 3235 3280
f 3268 3281 3234
f 3285 3281 3283
f 3270 3275 3273
f 3277 3296 3280
f 3273 3276 3278
f 3282 3334 3335
f 3287 3284 3285
f 3295 3327 3328
f 3280 3294 3295
f 3271 3274 3270
f 3278 3279 3277
f 3283 3272 3282
f 3290 3286 3287
f 3293 3289 3291
f 3291 3288 3290
f 3316 3308 3315
f 3298 3369 3370
f 3317 3301 3297
f 3306 3319 3305
f 3313 3339 3351
f 3300 3309 3314
f 3347 3362 3261
f 3186 3345 3349
f 3324 3344 3325
f 3389 3179 3390
f 3387 3356 3388
f 3189 3394 3262
f 3348 3392 3350
f 3404 3414 3405
f 3365 3312 3358
f 3173 3195 3170
f 3176 3407 3417
f 3263 3429 3259
f 3177 3258 3413
f 3196 3412 3409
f 3340 3320 3341
f 3341 3308 3342
f 3343 3304 3344
f 3326 3292 3327
f 3327 3293 3328
f 3329 3209 3330
f 3330 3210 3331
f 3339 3332 3351
f 3406 3416 3408
f 3167 3426 3193
f 3183 3401 3191
f 3390 3166 3391
f 3165 3359 3387
f 3333 3269 3334
f 3334 3271 3335
f 3336 3201 3337
f 3337 3202 3338
f 3358 3321 3365
f 3373 3171 3376
f 3185 3395 3189
f 3369 3325 3370
f 3402 3260 3403
f 3261 3427 3188
f 3262 3393 3348
f 3349 3264 3347
f 3182 3346 3186
f 3385 3324 3195
f 3195 3369 3411
f 3422 3339 3363
f 3420 3321 3422
f 3412 3413 3352
f 3260 3259 3256
f 3414 3415 3180
f 3416 3417 3175
f 3166 3170 3178
f 3175 3169 3359
f 3356 3355 3418
f 3179 3173 3166
f 3180 3176 3416
f 3178 3177 3412
f 3374 3373 3254
f 3168 3172 3191
f 3167 3174 3423
f 3183 3182 3187
f 3185 3184 3193
f 3187 3186 3350
f 3499 3447 3495
f 3380 3451 3499
f 3495 3450 3498
f 3377 3459 3380
f 3498 3448 3496
f 3384 3458 3377
f 3496 3461 3378
f 3500 3455 3384
f 3445 3479 3433
f 3437 3488 3436
f 3433 3480 3440
f 3438 3487 3437
f 3440 3462 3430
f 3444 3478 3438
f 3430 3463 3441
f 3441 3483 3444
f 3436 3484 3439
f 3432 3475 3445
f 3439 3493 3442
f 3434 3474 3432
f 3442 3485 3443
f 3431 3466 3434
f 3443 3486 3435
f 3435 3465 3431
f 3461 3433 3449
f 3453 3436 3452
f 3449 3440 3456
f 3454 3437 3453
f 3456 3430 3446
f 3460 3438 3454
f 3446 3441 3457
f 3457 3444 3460
f 3452 3439 3455
f 3448 3445 3461
f 3455 3442 3458
f 3450 3432 3448
f 3458 3443 3459
f 3447 3434 3450
f 3459 3435 3451
f 3451 3431 3447
f 3476 3465 3472
f 3492 3483 3468
f 3469 3484 3491
f 3467 3479 3482
f 3470 3493 3469
f 3471 3485 3470
f 3464 3480 3467
f 3473 3462 3464
f 3505 3338 3513
f 3511 3206 3506
f 3506 3203 3505
f 3509 3331 3512
f 3510 3198 3502
f 3502 3211 3509
f 3507 3248 3511
f 3512 3210 3508
f 3508 3207 3507
f 3503 3247 3510
f 3513 3202 3504
f 3504 3199 3503
f 3517 3513 3525
f 3523 3506 3518
f 3518 3505 3517
f 3521 3512 3524
f 3522 3502 3514
f 3514 3509 3521
f 3519 3511 3523
f 3524 3508 3520
f 3520 3507 3519
f 3525 3504 3516
f 3516 3503 3515
f 3528 3516 3515
f 3530 3522 3529
f 3529 3527 3531
f 3531 3528 3532
f 3532 3526 3530
f 3517 3523 3518
f 3514 3521 3527
f 3253 3528 3527
f 3405 3402 3403
f 3527 3524 3253
f 3517 3253 3523
f 3520 3253 3524
f 3387 3390 3391
f 3403 3404 3405
f 3400 3401 3397
f 3393 3394 3395
f 3387 3389 3390
f 3520 3523 3253
f 3510 3522 3526
f 3515 3526 3528
f 3514 3527 3522
f 3400 3397 3399
f 3538 3534 3542
f 3536 3537 3541
f 3533 3542 3535
f 3539 3535 3537
f 3540 3541 3543
f 3544 3543 3534
f 3534 3543 3542
f 3543 3541 3535
f 3541 3537 3535
f 3538 3542 3533
f 3536 3541 3540
f 3533 3535 3539
f 3539 3537 3536
f 3540 3543 3544
f 3544 3534 3538
f 3543 3535 3542
f 3547 3558 3555
f 3548 3549 3553
f 3550 3546 3549
f 3554 3545 3547
f 3552 3553 3557
f 3560 3551 3554
f 3555 3546 3550
f 3556 3557 3559
f 3555 3558 3546
f 3556 3559 3560
f 3560 3559 3551
f 3552 3557 3556
f 3550 3549 3548
f 3554 3551 3545
f 3547 3545 3558
f 3548 3553 3552
f 3547 3555 3552
f 3555 3550 3548
f 3554 3547 3556
f 3547 3552 3556
f 3555 3548 3552
f 3554 3556 3560
f 3563 3574 3571
f 3564 3565 3569
f 3566 3562 3565
f 3570 3561 3563
f 3568 3569 3573
f 3576 3567 3570
f 3571 3562 3566
f 3572 3573 3575
f 3571 3574 3562
f 3572 3575 3576
f 3576 3575 3567
f 3568 3573 3572
f 3566 3565 3564
f 3570 3567 3561
f 3563 3561 3574
f 3564 3569 3568
f 3563 3571 3568
f 3571 3566 3564
f 3570 3563 3572
f 3563 3568 3572
f 3571 3564 3568
f 3570 3572 3576
f 3579 3590 3587
f 3580 3581 3585
f 3582 3578 3581
f 3586 3577 3579
f 3584 3585 3589
f 3592 3583 3586
f 3587 3578 3582
f 3588 3589 3591
f 3587 3590 3578
f 3588 3591 3592
f 3592 3591 3583
f 3584 3589 3588
f 3582 3581 3580
f 3586 3583 3577
f 3579 3577 3590
f 3580 3585 3584
f 3579 3587 3584
f 3587 3582 3580
f 3586 3579 3588
f 3579 3584 3588
f 3587 3580 3584
f 3586 3588 3592
f 3595 3606 3603
f 3596 3597 3601
f 3598 3594 3597
f 3602 3593 3595
f 3600 3601 3605
f 3608 3599 3602
f 3603 3594 3598
f 3604 3605 3607
f 3603 3606 3594
f 3604 3607 3608
f 3608 3607 3599
f 3600 3605 3604
f 3598 3597 3596
f 3602 3599 3593
f 3595 3593 3606
f 3596 3601 3600
f 3598 3596 3608
f 3596 3600 3604
f 3603 3598 3602
f 3598 3608 3602
f 3596 3604 3608
f 3603 3602 3595
f 3614 3610 3618
f 3612 3613 3617
f 3609 3618 3611
f 3615 3611 3613
f 3616 3617 3619
f 3620 3619 3610
f 3610 3619 3618
f 3619 3617 3611
f 3617 3613 3611
f 3614 3618 3609
f 3612 3617 3616
f 3609 3611 3615
f 3615 3613 3612
f 3616 3619 3620
f 3620 3610 3614
f 3619 3611 3618
f 3626 3622 3630
f 3624 3625 3629
f 3621 3630 3623
f 3627 3623 3625
f 3628 3629 3631
f 3632 3631 3622
f 3622 3631 3630
f 3631 3629 3623
f 3629 3625 3623
f 3626 3630 3621
f 3624 3629 3628
f 3621 3623 3627
f 3627 3625 3624
f 3628 3631 3632
f 3632 3622 3626
f 3631 3623 3630
f 3638 3634 3642
f 3636 3637 3641
f 3633 3642 3635
f 3639 3635 3637
f 3640 3641 3643
f 3644 3643 3634
f 3634 3643 3642
f 3643 3641 3635
f 3641 3637 3635
f 3638 3642 3633
f 3636 3641 3640
f 3633 3635 3639
f 3639 3637 3636
f 3640 3643 3644
f 3644 3634 3638
f 3643 3635 3642
f 3650 3646 3654
f 3648 3649 3653
f 3645 3654 3647
f 3651 3647 3649
f 3652 3653 3655
f 3656 3655 3646
f 3646 3655 3654
f 3655 3653 3647
f 3653 3649 3647
f 3650 3654 3645
f 3648 3653 3652
f 3645 3647 3651
f 3651 3649 3648
f 3652 3655 3656
f 3656 3646 3650
f 3655 3647 3654
f 3662 3658 3666
f 3660 3661 3665
f 3657 3666 3659
f 3663 3659 3661
f 3664 3665 3667
f 3668 3667 3658
f 3658 3667 3666
f 3667 3665 3659
f 3665 3661 3659
f 3662 3666 3657
f 3660 3665 3664
f 3657 3659 3663
f 3663 3661 3660
f 3664 3667 3668
f 3668 3658 3662
f 3667 3659 3666
f 3674 3670 3678
f 3672 3673 3677
f 3669 3678 3671
f 3675 3671 3673
f 3676 3677 3679
f 3680 3679 3670
f 3670 3679 3678
f 3679 3677 3671
f 3677 3673 3671
f 3674 3678 3669
f 3672 3677 3676
f 3669 3671 3675
f 3675 3673 3672
f 3676 3679 3680
f 3680 3670 3674
f 3679 3671 3678
f 3686 3682 3690
f 3684 3685 3689
f 3681 3690 3683
f 3687 3683 3685
f 3688 3689 3691
f 3692 3691 3682
f 3682 3691 3690
f 3691 3689 3683
f 3689 3685 3683
f 3686 3690 3681
f 3684 3689 3688
f 3681 3683 3687
f 3687 3685 3684
f 3688 3691 3692
f 3692 3682 3686
f 3691 3683 3690
f 3698 3694 3702
f 3696 3697 3701
f 3693 3702 3695
f 3699 3695 3697
f 3700 3701 3703
f 3704 3703 3694
f 3694 3703 3702
f 3703 3701 3695
f 3701 3697 3695
f 3698 3702 3693
f 3696 3701 3700
f 3693 3695 3699
f 3699 3697 3696
f 3700 3703 3704
f 3704 3694 3698
f 3703 3695 3702
f 3710 3706 3714
f 3708 3709 3713
f 3705 3714 3707
f 3711 3707 3709
f 3712 3713 3715
f 3716 3715 3706
f 3706 3715 3714
f 3715 3713 3707
f 3713 3709 3707
f 3710 3714 3705
f 3708 3713 3712
f 3705 3707 3711
f 3711 3709 3708
f 3712 3715 3716
f 3716 3706 3710
f 3715 3707 3714
f 3722 3718 3726
f 3720 3721 3725
f 3717 3726 3719
f 3723 3719 3721
f 3724 3725 3727
f 3728 3727 3718
f 3718 3727 3726
f 3727 3725 3719
f 3725 3721 3719
f 3722 3726 3717
f 3720 3725 3724
f 3717 3719 3723
f 3723 3721 3720
f 3724 3727 3728
f 3728 3718 3722
f 3727 3719 3726
f 3734 3730 3738
f 3732 3733 3737
f 3729 3738 3731
f 3735 3731 3733
f 3736 3737 3739
f 3740 3739 3730
f 3730 3739 3738
f 3739 3737 3731
f 3737 3733 3731
f 3734 3738 3729
f 3732 3737 3736
f 3729 3731 3735
f 3735 3733 3732
f 3736 3739 3740
f 3740 3730 3734
f 3739 3731 3738
f 3746 3742 3750
f 3744 3745 3749
f 3741 3750 3743
f 3747 3743 3745
f 3748 3749 3751
f 3752 3751 3742
f 3742 3751 3750
f 3751 3749 3743
f 3749 3745 3743
f 3746 3750 3741
f 3744 3749 3748
f 3741 3743 3747
f 3747 3745 3744
f 3748 3751 3752
f 3752 3742 3746
f 3751 3743 3750
f 3758 3754 3762
f 3756 3757 3761
f 3753 3762 3755
f 3759 3755 3757
f 3760 3761 3763
f 3764 3763 3754
f 3754 3763 3762
f 3763 3761 3755
f 3761 3757 3755
f 3758 3762 3753
f 3756 3761 3760
f 3753 3755 3759
f 3759 3757 3756
f 3760 3763 3764
f 3764 3754 3758
f 3763 3755 3762
f 3770 3766 3774
f 3768 3769 3773
f 3765 3774 3767
f 3771 3767 3769
f 3772 3773 3775
f 3776 3775 3766
f 3766 3775 3774
f 3775 3773 3767
f 3773 3769 3767
f 3770 3774 3765
f 3768 3773 3772
f 3765 3767 3771
f 3771 3769 3768
f 3772 3775 3776
f 3776 3766 3770
f 3775 3767 3774
f 3782 3778 3786
f 3780 3781 3785
f 3777 3786 3779
f 3783 3779 3781
f 3784 3785 3787
f 3788 3787 3778
f 3778 3787 3786
f 3787 3785 3779
f 3785 3781 3779
f 3782 3786 3777
f 3780 3785 3784
f 3777 3779 3783
f 3783 3781 3780
f 3784 3787 3788
f 3788 3778 3782
f 3787 3779 3786
f 3794 3790 3798
f 3792 3793 3797
f 3789 3798 3791
f 3795 3791 3793
f 3796 3797 3799
f 3800 3799 3790
f 3790 3799 3798
f 3799 3797 3791
f 3797 3793 3791
f 3794 3798 3789
f 3792 3797 3796
f 3789 3791 3795
f 3795 3793 3792
f 3796 3799 3800
f 3800 3790 3794
f 3799 3791 3798
f 3806 3802 3810
f 3804 3805 3809
f 3801 3810 3803
f 3807 3803 3805
f 3808 3809 3811
f 3812 3811 3802
f 3802 3811 3810
f 3811 3809 3803
f 3809 3805 3803
f 3806 3810 3801
f 3804 3809 3808
f 3801 3803 3807
f 3807 3805 3804
f 3808 3811 3812
f 3812 3802 3806
f 3811 3803 3810
f 3818 3814 3822
f 3816 3817 3821
f 3813 3822 3815
f 3819 3815 3817
f 3820 3821 3823
f 3824 3823 3814
f 3814 3823 3822
f 3823 3821 3815
f 3821 3817 3815
f 3818 3822 3813
f 3816 3821 3820
f 3813 3815 3819
f 3819 3817 3816
f 3820 3823 3824
f 3824 3814 3818
f 3823 3815 3822
f 3830 3826 3834
f 3828 3829 3833
f 3825 3834 3827
f 3831 3827 3829
f 3832 3833 3835
f 3836 3835 3826
f 3826 3835 3834
f 3835 3833 3827
f 3833 3829 3827
f 3830 3834 3825
f 3828 3833 3832
f 3825 3827 3831
f 3831 3829 3828
f 3832 3835 3836
f 3836 3826 3830
f 3835 3827 3834
f 3842 3838 3846
f 3840 3841 3845
f 3837 3846 3839
f 3843 3839 3841
f 3844 3845 3847
f 3848 3847 3838
f 3838 3847 3846
f 3847 3845 3839
f 3845 3841 3839
f 3842 3846 3837
f 3840 3845 3844
f 3837 3839 3843
f 3843 3841 3840
f 3844 3847 3848
f 3848 3838 3842
f 3847 3839 3846
f 3854 3850 3858
f 3852 3853 3857
f 3849 3858 3851
f 3855 3851 3853
f 3856 3857 3859
f 3860 3859 3850
f 3850 3859 3858
f 3859 3857 3851
f 3857 3853 3851
f 3854 3858 3849
f 3852 3857 3856
f 3849 3851 3855
f 3855 3853 3852
f 3856 3859 3860
f 3860 3850 3854
f 3859 3851 3858
f 3866 3862 3870
f 3864 3865 3869
f 3861 3870 3863
f 3867 3863 3865
f 3868 3869 3871
f 3872 3871 3862
f 3862 3871 3870
f 3871 3869 3863
f 3869 3865 3863
f 3866 3870 3861
f 3864 3869 3868
f 3861 3863 3867
f 3867 3865 3864
f 3868 3871 3872
f 3872 3862 3866
f 3871 3863 3870
f 3878 3874 3882
f 3876 3877 3881
f 3873 3882 3875
f 3879 3875 3877
f 3880 3881 3883
f 3884 3883 3874
f 3874 3883 3882
f 3883 3881 3875
f 3881 3877 3875
f 3878 3882 3873
f 3876 3881 3880
f 3873 3875 3879
f 3879 3877 3876
f 3880 3883 3884
f 3884 3874 3878
f 3883 3875 3882
f 3890 3886 3894
f 3888 3889 3893
f 3885 3894 3887
f 3891 3887 3889
f 3892 3893 3895
f 3896 3895 3886
f 3886 3895 3894
f 3895 3893 3887
f 3893 3889 3887
f 3890 3894 3885
f 3888 3893 3892
f 3885 3887 3891
f 3891 3889 3888
f 3892 3895 3896
f 3896 3886 3890
f 3895 3887 3894
f 3902 3898 3906
f 3900 3901 3905
f 3897 3906 3899
f 3903 3899 3901
f 3904 3905 3907
f 3908 3907 3898
f 3898 3907 3906
f 3907 3905 3899
f 3905 3901 3899
f 3902 3906 3897
f 3900 3905 3904
f 3897 3899 3903
f 3903 3901 3900
f 3904 3907 3908
f 3908 3898 3902
f 3907 3899 3906
f 3914 3910 3918
f 3912 3913 3917
f 3909 3918 3911
f 3915 3911 3913
f 3916 3917 3919
f 3920 3919 3910
f 3910 3919 3918
f 3919 3917 3911
f 3917 3913 3911
f 3914 3918 3909
f 3912 3917 3916
f 3909 3911 3915
f 3915 3913 3912
f 3916 3919 3920
f 3920 3910 3914
f 3919 3911 3918
f 3926 3922 3930
f 3924 3925 3929
f 3921 3930 3923
f 3927 3923 3925
f 3928 3929 3931
f 3932 3931 3922
f 3922 3931 3930
f 3931 3929 3923
f 3929 3925 3923
f 3926 3930 3921
f 3924 3929 3928
f 3921 3923 3927
f 3927 3925 3924
f 3928 3931 3932
f 3932 3922 3926
f 3931 3923 3930
f 3938 3934 3942
f 3936 3937 3941
f 3933 3942 3935
f 3939 3935 3937
f 3940 3941 3943
f 3944 3943 3934
f 3934 3943 3942
f 3943 3941 3935
f 3941 3937 3935
f 3938 3942 3933
f 3936 3941 3940
f 3933 3935 3939
f 3939 3937 3936
f 3940 3943 3944
f 3944 3934 3938
f 3943 3935 3942
f 3950 3946 3954
f 3948 3949 3953
f 3945 3954 3947
f 3951 3947 3949
f 3952 3953 3955
f 3956 3955 3946
f 3946 3955 3954
f 3955 3953 3947
f 3953 3949 3947
f 3950 3954 3945
f 3948 3953 3952
f 3945 3947 3951
f 3951 3949 3948
f 3952 3955 3956
f 3956 3946 3950
f 3955 3947 3954
f 3962 3958 3966
f 3960 3961 3965
f 3957 3966 3959
f 3963 3959 3961
f 3964 3965 3967
f 3968 3967 3958
f 3958 3967 3966
f 3967 3965 3959
f 3965 3961 3959
f 3962 3966 3957
f 3960 3965 3964
f 3957 3959 3963
f 3963 3961 3960
f 3964 3967 3968
f 3968 3958 3962
f 3967 3959 3966
f 3974 3970 3978
f 3972 3973 3977
f 3969 3978 3971
f 3975 3971 3973
f 3976 3977 3979
f 3980 3979 3970
f 3970 3979 3978
f 3979 3977 3971
f 3977 3973 3971
f 3974 3978 3969
f 3972 3977 3976
f 3969 3971 3975
f 3975 3973 3972
f 3976 3979 3980
f 3980 3970 3974
f 3979 3971 3978
f 3986 3982 3990
f 3984 3985 3989
f 3981 3990 3983
f 3987 3983 3985
f 3988 3989 3991
f 3992 3991 3982
f 3982 3991 3990
f 3991 3989 3983
f 3989 3985 3983
f 3986 3990 3981
f 3984 3989 3988
f 3981 3983 3987
f 3987 3985 3984
f 3988 3991 3992
f 3992 3982 3986
f 3991 3983 3990
f 3995 3993 3996
f 3998 3994 3993
f 3999 3997 3994
f 3996 3993 3994
f 4000 3996 3997
f 4000 3999 3998
f 3995 3996 4000
f 3998 3993 3995
f 3999 3994 3998
f 3996 3994 3997
f 4000 3997 3999
f 4000 3998 3995
f 4003 4001 4004
f 4006 4002 4001
f 4007 4005 4002
f 4004 4001 4002
f 4008 4004 4005
f 4008 4007 4006
f 4003 4004 4008
f 4006 4001 4003
f 4007 4002 4006
f 4004 4002 4005
f 4008 4005 4007
f 4008 4006 4003
f 4011 4009 4012
f 4014 4010 4009
f 4015 4013 4010
f 4012 4009 4010
f 4016 4012 4013
f 4016 4015 4014
f 4011 4012 4016
f 4014 4009 4011
f 4015 4010 4014
f 4012 4010 4013
f 4016 4013 4015
f 4016 4014 4011
f 4019 4017 4020
f 4022 4018 4017
f 4023 4021 4018
f 4020 4017 4018
f 4024 4020 4021
f 4024 4023 4022
f 4019 4020 4024
f 4022 4017 4019
f 4023 4018 4022
f 4020 4018 4021
f 4024 4021 4023
f 4024 4022 4019
f 4025 4026 4028
f 4031 4025 4027
f 4029 4030 4032
f 4026 4032 4030
f 4025 4028 4027
f 4031 4027 4029
f 4029 4032 4031
f 4026 4030 4028
f 4033 4034 4036
f 4039 4033 4035
f 4037 4038 4040
f 4034 4040 4038
f 4033 4036 4035
f 4039 4035 4037
f 4037 4040 4039
f 4034 4038 4036
f 4045 4046 4047
f 4041 4042 4043
f 4053 4054 4055
f 4049 4050 4051
f 4046 4049 4052
f 4042 4045 4048
f 4056 4041 4044
f 4050 4055 4054
f 4045 4047 4048
f 4041 4043 4044
f 4053 4055 4056
f 4049 4051 4052
f 4046 4052 4047
f 4042 4048 4043
f 4056 4044 4053
f 4050 4054 4051
f 4061 4062 4063
f 4057 4058 4059
f 4069 4070 4071
f 4065 4066 4067
f 4062 4065 4068
f 4058 4061 4064
f 4072 4057 4060
f 4066 4071 4070
f 4061 4063 4064
f 4057 4059 4060
f 4069 4071 4072
f 4065 4067 4068
f 4062 4068 4063
f 4058 4064 4059
f 4072 4060 4069
f 4066 4070 4067
f 4077 4078 4079
f 4073 4074 4075
f 4085 4086 4087
f 4081 4082 4083
f 4078 4081 4084
f 4074 4077 4080
f 4088 4073 4076
f 4082 4087 4086
f 4077 4079 4080
f 4073 4075 4076
f 4085 4087 4088
f 4081 4083 4084
f 4078 4084 4079
f 4074 4080 4075
f 4088 4076 4085
f 4082 4086 4083
f 4093 4094 4095
f 4089 4090 4091
f 4101 4102 4103
f 4097 4098 4099
f 4094 4097 4100
f 4090 4093 4096
f 4104 4089 4092
f 4098 4103 4102
f 4093 4095 4096
f 4089 4091 4092
f 4101 4103 4104
f 4097 4099 4100
f 4094 4100 4095
f 4090 4096 4091
f 4104 4092 4101
f 4098 4102 4099
f 4105 4106 4108
f 4111 4105 4107
f 4109 4110 4112
f 4106 4112 4110
f 4105 4108 4107
f 4111 4107 4109
f 4109 4112 4111
f 4106 4110 4108
f 4117 4118 4119
f 4113 4114 4115
f 4125 4126 4127
f 4121 4122 4123
f 4118 4121 4124
f 4114 4117 4120
f 4128 4113 4116
f 4122 4127 4126
f 4117 4119 4120
f 4113 4115 4116
f 4125 4127 4128
f 4121 4123 4124
f 4118 4124 4119
f 4114 4120 4115
f 4128 4116 4125
f 4122 4126 4123
f 4129 4130 4138
f 4130 4131 4139
f 4131 4132 4140
f 4132 4133 4141
f 4133 4134 4142
f 4134 4135 4143
f 4135 4136 4144
f 4136 4129 4137
f 4137 4138 4146
f 4138 4139 4147
f 4139 4140 4148
f 4140 4141 4149
f 4141 4142 4150
f 4142 4143 4151
f 4143 4144 4152
f 4144 4137 4145
f 4145 4146 4154
f 4146 4147 4155
f 4147 4148 4156
f 4148 4149 4157
f 4149 4150 4158
f 4150 4151 4159
f 4151 4152 4160
f 4152 4145 4153
f 4153 4154 4162
f 4154 4155 4163
f 4155 4156 4164
f 4156 4157 4165
f 4157 4158 4166
f 4158 4159 4167
f 4159 4160 4168
f 4160 4153 4161
f 4161 4162 4170
f 4162 4163 4171
f 4163 4164 4172
f 4164 4165 4173
f 4165 4166 4174
f 4166 4167 4175
f 4167 4168 4176
f 4168 4161 4169
f 4129 4138 4137
f 4130 4139 4138
f 4131 4140 4139
f 4132 4141 4140
f 4133 4142 4141
f 4134 4143 4142
f 4135 4144 4143
f 4136 4137 4144
f 4137 4146 4145
f 4138 4147 4146
f 4139 4148 4147
f 4140 4149 4148
f 4141 4150 4149
f 4142 4151 4150
f 4143 4152 4151
f 4144 4145 4152
f 4145 4154 4153
f 4146 4155 4154
f 4147 4156 4155
f 4148 4157 4156
f 4149 4158 4157
f 4150 4159 4158
f 4151 4160 4159
f 4152 4153 4160
f 4153 4162 4161
f 4154 4163 4162
f 4155 4164 4163
f 4156 4165 4164
f 4157 4166 4165
f 4158 4167 4166
f 4159 4168 4167
f 4160 4161 4168
f 4161 4170 4169
f 4162 4171 4170
f 4163 4172 4171
f 4164 4173 4172
f 4165 4174 4173
f 4166 4175 4174
f 4167 4176 4175
f 4168 4169 4176
f 4177 4178 4186
f 4178 4179 4187
f 4179 4180 4188
f 4180 4181 4189
f 4181 4182 4190
f 4182 4183 4191
f 4183 4184 4192
f 4184 4177 4185
f 4185 4186 4194
f 4186 4187 4195
f 4187 4188 4196
f 4188 4189 4197
f 4189 4190 4198
f 4190 4191 4199
f 4191 4192 4200
f 4192 4185 4193
f 4193 4194 4202
f 4194 4195 4203
f 4195 4196 4204
f 4196 4197 4205
f 4197 4198 4206
f 4198 4199 4207
f 4199 4200 4208
f 4200 4193 4201
f 4201 4202 4210
f 4202 4203 4211
f 4203 4204 4212
f 4204 4205 4213
f 4205 4206 4214
f 4206 4207 4215
f 4207 4208 4216
f 4208 4201 4209
f 4209 4210 4218
f 4210 4211 4219
f 4211 4212 4220
f 4212 4213 4221
f 4213 4214 4222
f 4214 4215 4223
f 4215 4216 4224
f 4216 4209 4217
f 4177 4186 4185
f 4178 4187 4186
f 4179 4188 4187
f 4180 4189 4188
f 4181 4190 4189
f 4182 4191 4190
f 4183 4192 4191
f 4184 4185 4192
f 4185 4194 4193
f 4186 4195 4194
f 4187 4196 4195
f 4188 4197 4196
f 4189 4198 4197
f 4190 4199 4198
f 4191 4200 4199
f 4192 4193 4200
f 4193 4202 4201
f 4194 4203 4202
f 4195 4204 4203
f 4196 4205 4204
f 4197 4206 4205
f 4198 4207 4206
f 4199 4208 4207
f 4200 4201 4208
f 4201 4210 4209
f 4202 4211 4210
f 4203 4212 4211
f 4204 4213 4212
f 4205 4214 4213
f 4206 4215 4214
f 4207 4216 4215
f 4208 4209 4216
f 4209 4218 4217
f 4210 4219 4218
f 4211 4220 4219
f 4212 4221 4220
f 4213 4222 4221
f 4214 4223 4222
f 4215 4224 4223
f 4216 4217 4224
f 4225 4226 4234
f 4226 4227 4235
f 4227 4228 4236
f 4228 4229 4237
f 4229 4230 4238
f 4230 4231 4239
f 4231 4232 4240
f 4232 4225 4233
f 4233 4234 4242
f 4234 4235 4243
f 4235 4236 4244
f 4236 4237 4245
f 4237 4238 4246
f 4238 4239 4247
f 4239 4240 4248
f 4240 4233 4241
f 4241 4242 4250
f 4242 4243 4251
f 4243 4244 4252
f 4244 4245 4253
f 4245 4246 4254
f 4246 4247 4255
f 4247 4248 4256
f 4248 4241 4249
f 4249 4250 4258
f 4250 4251 4259
f 4251 4252 4260
f 4252 4253 4261
f 4253 4254 4262
f 4254 4255 4263
f 4255 4256 4264
f 4256 4249 4257
f 4257 4258 4266
f 4258 4259 4267
f 4259 4260 4268
f 4260 4261 4269
f 4261 4262 4270
f 4262 4263 4271
f 4263 4264 4272
f 4264 4257 4265
f 4265 4266 4274
f 4266 4267 4275
f 4267 4268 4276
f 4268 4269 4277
f 4269 4270 4278
f 4270 4271 4279
f 4271 4272 4280
f 4272 4265 4273
f 4273 4274 4282
f 4274 4275 4283
f 4275 4276 4284
f 4276 4277 4285
f 4277 4278 4286
f 4278 4279 4287
f 4279 4280 4288
f 4280 4273 4281
f 4281 4282 4290
f 4282 4283 4291
f 4283 4284 4292
f 4284 4285 4293
f 4285 4286 4294
f 4286 4287 4295
f 4287 4288 4296
f 4288 4281 4289
f 4289 4290 4298
f 4290 4291 4299
f 4291 4292 4300
f 4292 4293 4301
f 4293 4294 4302
f 4294 4295 4303
f 4295 4296 4304
f 4296 4289 4297
f 4297 4298 4306
f 4298 4299 4307
f 4299 4300 4308
f 4300 4301 4309
f 4301 4302 4310
f 4302 4303 4311
f 4303 4304 4312
f 4304 4297 4305
f 4305 4306 4314
f 4306 4307 4315
f 4307 4308 4316
f 4308 4309 4317
f 4309 4310 4318
f 4310 4311 4319
f 4311 4312 4320
f 4312 4305 4313
f 4313 4314 4322
f 4314 4315 4323
f 4315 4316 4324
f 4316 4317 4325
f 4317 4318 4326
f 4318 4319 4327
f 4319 4320 4328
f 4320 4313 4321
f 4321 4322 4330
f 4322 4323 4331
f 4323 4324 4332
f 4324 4325 4333
f 4325 4326 4334
f 4326 4327 4335
f 4327 4328 4336
f 4328 4321 4329
f 4329 4330 4338
f 4330 4331 4339
f 4331 4332 4340
f 4332 4333 4341
f 4333 4334 4342
f 4334 4335 4343
f 4335 4336 4344
f 4336 4329 4337
f 4337 4338 4346
f 4338 4339 4347
f 4339 4340 4348
f 4340 4341 4349
f 4341 4342 4350
f 4342 4343 4351
f 4343 4344 4352
f 4344 4337 4345
f 4345 4346 4354
f 4346 4347 4355
f 4347 4348 4356
f 4348 4349 4357
f 4349 4350 4358
f 4350 4351 4359
f 4351 4352 4360
f 4352 4345 4353
f 4353 4354 4362
f 4354 4355 4363
f 4355 4356 4364
f 4356 4357 4365
f 4357 4358 4366
f 4358 4359 4367
f 4359 4360 4368
f 4360 4353 4361
f 4361 4362 4370
f 4362 4363 4371
f 4363 4364 4372
f 4364 4365 4373
f 4365 4366 4374
f 4366 4367 4375
f 4367 4368 4376
f 4368 4361 4369
f 4369 4370 4378
f 4370 4371 4379
f 4371 4372 4380
f 4372 4373 4381
f 4373 4374 4382
f 4374 4375 4383
f 4375 4376 4384
f 4376 4369 4377
f 4377 4378 4386
f 4378 4379 4387
f 4379 4380 4388
f 4380 4381 4389
f 4381 4382 4390
f 4382 4383 4391
f 4383 4384 4392
f 4384 4377 4385
f 4385 4386 4394
f 4386 4387 4395
f 4387 4388 4396
f 4388 4389 4397
f 4389 4390 4398
f 4390 4391 4399
f 4391 4392 4400
f 4392 4385 4393
f 4393 4394 4402
f 4394 4395 4403
f 4395 4396 4404
f 4396 4397 4405
f 4397 4398 4406
f 4398 4399 4407
f 4399 4400 4408
f 4400 4393 4401
f 4401 4402 4410
f 4402 4403 4411
f 4403 4404 4412
f 4404 4405 4413
f 4405 4406 4414
f 4406 4407 4415
f 4407 4408 4416
f 4408 4401 4409
f 4409 4410 4418
f 4410 4411 4419
f 4411 4412 4420
f 4412 4413 4421
f 4413 4414 4422
f 4414 4415 4423
f 4415 4416 4424
f 4416 4409 4417
f 4417 4418 4426
f 4418 4419 4427
f 4419 4420 4428
f 4420 4421 4429
f 4421 4422 4430
f 4422 4423 4431
f 4423 4424 4432
f 4424 4417 4425
f 4425 4426 4434
f 4426 4427 4435
f 4427 4428 4436
f 4428 4429 4437
f 4429 4430 4438
f 4430 4431 4439
f 4431 4432 4440
f 4432 4425 4433
f 4433 4434 4442
f 4434 4435 4443
f 4435 4436 4444
f 4436 4437 4445
f 4437 4438 4446
f 4438 4439 4447
f 4439 4440 4448
f 4440 4433 4441
f 4441 4442 4450
f 4442 4443 4451
f 4443 4444 4452
f 4444 4445 4453
f 4445 4446 4454
f 4446 4447 4455
f 4447 4448 4456
f 4448 4441 4449
f 4449 4450 4458
f 4450 4451 4459
f 4451 4452 4460
f 4452 4453 4461
f 4453 4454 4462
f 4454 4455 4463
f 4455 4456 4464
f 4456 4449 4457
f 4457 4458 4466
f 4458 4459 4467
f 4459 4460 4468
f 4460 4461 4469
f 4461 4462 4470
f 4462 4463 4471
f 4463 4464 4472
f 4464 4457 4465
f 4465 4466 4474
f 4466 4467 4475
f 4467 4468 4476
f 4468 4469 4477
f 4469 4470 4478
f 4470 4471 4479
f 4471 4472 4480
f 4472 4465 4473
f 4473 4474 4482
f 4474 4475 4483
f 4475 4476 4484
f 4476 4477 4485
f 4477 4478 4486
f 4478 4479 4487
f 4479 4480 4488
f 4480 4473 4481
f 4481 4482 4490
f 4482 4483 4491
f 4483 4484 4492
f 4484 4485 4493
f 4485 4486 4494
f 4486 4487 4495
f 4487 4488 4496
f 4488 4481 4489
f 4489 4490 4498
f 4490 4491 4499
f 4491 4492 4500
f 4492 4493 4501
f 4493 4494 4502
f 4494 4495 4503
f 4495 4496 4504
f 4496 4489 4497
f 4497 4498 4506
f 4498 4499 4507
f 4499 4500 4508
f 4500 4501 4509
f 4501 4502 4510
f 4502 4503 4511
f 4503 4504 4512
f 4504 4497 4505
f 4505 4506 4514
f 4506 4507 4515
f 4507 4508 4516
f 4508 4509 4517
f 4509 4510 4518
f 4510 4511 4519
f 4511 4512 4520
f 4512 4505 4513
f 4513 4514 4522
f 4514 4515 4523
f 4515 4516 4524
f 4516 4517 4525
f 4517 4518 4526
f 4518 4519 4527
f 4519 4520 4528
f 4520 4513 4521
f 4521 4522 4530
f 4522 4523 1851
f 4523 4524 1850
f 4524 4525 1849
f 4525 4526 1848
f 4526 4527 1847
f 4527 4528 1846
f 4528 4521 4529
f 4529 4530 1844
f 4530 1851 1843
f 1851 1850 1842
f 1850 1849 1841
f 1849 1848 1840
f 1848 1847 1839
f 1847 1846 1838
f 1846 4529 1845
f 1845 1844 1836
f 1844 1843 1835
f 1843 1842 1834
f 1842 1841 1833
f 1841 1840 1832
f 1840 1839 1831
f 1839 1838 1830
f 1838 1845 1837
f 1837 1836 1828
f 1836 1835 1827
f 1835 1834 1826
f 1834 1833 1825
f 1833 1832 1824
f 1832 1831 1823
f 1831 1830 1822
f 1830 1837 1829
f 1829 1828 1820
f 1828 1827 1819
f 1827 1826 1818
f 1826 1825 1817
f 1825 1824 1816
f 1824 1823 1815
f 1823 1822 1814
f 1822 1829 1821
f 1821 1820 1812
f 1820 1819 1811
f 1819 1818 1810
f 1818 1817 1809
f 1817 1816 1808
f 1816 1815 1807
f 1815 1814 1806
f 1814 1821 1813
f 1813 1812 1804
f 1812 1811 1803
f 1811 1810 1802
f 1810 1809 1801
f 1809 1808 1800
f 1808 1807 1799
f 1807 1806 1798
f 1806 1813 1805
f 1805 1804 1796
f 1804 1803 1795
f 1803 1802 1794
f 1802 1801 1793
f 1801 1800 1792
f 1800 1799 1791
f 1799 1798 1790
f 1798 1805 1797
f 1797 1796 1788
f 1796 1795 1787
f 1795 1794 1786
f 1794 1793 1785
f 1793 1792 1784
f 1792 1791 1783
f 1791 1790 1782
f 1790 1797 1789
f 1789 1788 1780
f 1788 1787 1779
f 1787 1786 1778
f 1786 1785 1777
f 1785 1784 1776
f 1784 1783 1775
f 1783 1782 1774
f 1782 1789 1781
f 1781 1780 4226
f 1780 1779 4227
f 1779 1778 4228
f 1778 1777 4229
f 1777 1776 4230
f 1776 1775 4231
f 1775 1774 4232
f 1774 1781 4225
f 4225 4234 4233
f 4226 4235 4234
f 4227 4236 4235
f 4228 4237 4236
f 4229 4238 4237
f 4230 4239 4238
f 4231 4240 4239
f 4232 4233 4240
f 4233 4242 4241
f 4234 4243 4242
f 4235 4244 4243
f 4236 4245 4244
f 4237 4246 4245
f 4238 4247 4246
f 4239 4248 4247
f 4240 4241 4248
f 4241 4250 4249
f 4242 4251 4250
f 4243 4252 4251
f 4244 4253 4252
f 4245 4254 4253
f 4246 4255 4254
f 4247 4256 4255
f 4248 4249 4256
f 4249 4258 4257
f 4250 4259 4258
f 4251 4260 4259
f 4252 4261 4260
f 4253 4262 4261
f 4254 4263 4262
f 4255 4264 4263
f 4256 4257 4264
f 4257 4266 4265
f 4258 4267 4266
f 4259 4268 4267
f 4260 4269 4268
f 4261 4270 4269
f 4262 4271 4270
f 4263 4272 4271
f 4264 4265 4272
f 4265 4274 4273
f 4266 4275 4274
f 4267 4276 4275
f 4268 4277 4276
f 4269 4278 4277
f 4270 4279 4278
f 4271 4280 4279
f 4272 4273 4280
f 4273 4282 4281
f 4274 4283 4282
f 4275 4284 4283
f 4276 4285 4284
f 4277 4286 4285
f 4278 4287 4286
f 4279 4288 4287
f 4280 4281 4288
f 4281 4290 4289
f 4282 4291 4290
f 4283 4292 4291
f 4284 4293 4292
f 4285 4294 4293
f 4286 4295 4294
f 4287 4296 4295
f 4288 4289 4296
f 4289 4298 4297
f 4290 4299 4298
f 4291 4300 4299
f 4292 4301 4300
f 4293 4302 4301
f 4294 4303 4302
f 4295 4304 4303
f 4296 4297 4304
f 4297 4306 4305
f 4298 4307 4306
f 4299 4308 4307
f 4300 4309 4308
f 4301 4310 4309
f 4302 4311 4310
f 4303 4312 4311
f 4304 4305 4312
f 4305 4314 4313
f 4306 4315 4314
f 4307 4316 4315
f 4308 4317 4316
f 4309 4318 4317
f 4310 4319 4318
f 4311 4320 4319
f 4312 4313 4320
f 4313 4322 4321
f 4314 4323 4322
f 4315 4324 4323
f 4316 4325 4324
f 4317 4326 4325
f 4318 4327 4326
f 4319 4328 4327
f 4320 4321 4328
f 4321 4330 4329
f 4322 4331 4330
f 4323 4332 4331
f 4324 4333 4332
f 4325 4334 4333
f 4326 4335 4334
f 4327 4336 4335
f 4328 4329 4336
f 4329 4338 4337
f 4330 4339 4338
f 4331 4340 4339
f 4332 4341 4340
f 4333 4342 4341
f 4334 4343 4342
f 4335 4344 4343
f 4336 4337 4344
f 4337 4346 4345
f 4338 4347 4346
f 4339 4348 4347
f 4340 4349 4348
f 4341 4350 4349
f 4342 4351 4350
f 4343 4352 4351
f 4344 4345 4352
f 4345 4354 4353
f 4346 4355 4354
f 4347 4356 4355
f 4348 4357 4356
f 4349 4358 4357
f 4350 4359 4358
f 4351 4360 4359
f 4352 4353 4360
f 4353 4362 4361
f 4354 4363 4362
f 4355 4364 4363
f 4356 4365 4364
f 4357 4366 4365
f 4358 4367 4366
f 4359 4368 4367
f 4360 4361 4368
f 4361 4370 4369
f 4362 4371 4370
f 4363 4372 4371
f 4364 4373 4372
f 4365 4374 4373
f 4366 4375 4374
f 4367 4376 4375
f 4368 4369 4376
f 4369 4378 4377
f 4370 4379 4378
f 4371 4380 4379
f 4372 4381 4380
f 4373 4382 4381
f 4374 4383 4382
f 4375 4384 4383
f 4376 4377 4384
f 4377 4386 4385
f 4378 4387 4386
f 4379 4388 4387
f 4380 4389 4388
f 4381 4390 4389
f 4382 4391 4390
f 4383 4392 4391
f 4384 4385 4392
f 4385 4394 4393
f 4386 4395 4394
f 4387 4396 4395
f 4388 4397 4396
f 4389 4398 4397
f 4390 4399 4398
f 4391 4400 4399
f 4392 4393 4400
f 4393 4402 4401
f 4394 4403 4402
f 4395 4404 4403
f 4396 4405 4404
f 4397 4406 4405
f 4398 4407 4406
f 4399 4408 4407
f 4400 4401 4408
f 4401 4410 4409
f 4402 4411 4410
f 4403 4412 4411
f 4404 4413 4412
f 4405 4414 4413
f 4406 4415 4414
f 4407 4416 4415
f 4408 4409 4416
f 4409 4418 4417
f 4410 4419 4418
f 4411 4420 4419
f 4412 4421 4420
f 4413 4422 4421
f 4414 4423 4422
f 4415 4424 4423
f 4416 4417 4424
f 4417 4426 4425
f 4418 4427 4426
f 4419 4428 4427
f 4420 4429 4428
f 4421 4430 4429
f 4422 4431 4430
f 4423 4432 4431
f 4424 4425 4432
f 4425 4434 4433
f 4426 4435 4434
f 4427 4436 4435
f 4428 4437 4436
f 4429 4438 4437
f 4430 4439 4438
f 4431 4440 4439
f 4432 4433 4440
f 4433 4442 4441
f 4434 4443 4442
f 4435 4444 4443
f 4436 4445 4444
f 4437 4446 4445
f 4438 4447 4446
f 4439 4448 4447
f 4440 4441 4448
f 4441 4450 4449
f 4442 4451 4450
f 4443 4452 4451
f 4444 4453 4452
f 4445 4454 4453
f 4446 4455 4454
f 4447 4456 4455
f 4448 4449 4456
f 4449 4458 4457
f 4450 4459 4458
f 4451 4460 4459
f 4452 4461 4460
f 4453 4462 4461
f 4454 4463 4462
f 4455 4464 4463
f 4456 4457 4464
f 4457 4466 4465
f 4458 4467 4466
f 4459 4468 4467
f 4460 4469 4468
f 4461 4470 4469
f 4462 4471 4470
f 4463 4472 4471
f 4464 4465 4472
f 4465 4474 4473
f 4466 4475 4474
f 4467 4476 4475
f 4468 4477 4476
f 4469 4478 4477
f 4470 4479 4478
f 4471 4480 4479
f 4472 4473 4480
f 4473 4482 4481
f 4552 1021 4551
f 4553 1017 4552
f 4554 1013 4553
f 4555 1010 4554
f 4556 1022 4555
f 4557 1034 4556
f 4558 1046 4557
f 4546 4559 4545
f 1055 4545 1056
f 4532 4534 4531
f 4549 1033 1050
f 1035 1026 1028
f 1028 4558 1027
f 4536 1055 4560
f 4551 1025 4550
f 4544 1013 4547
f 4541 1017 4544
f 4538 1041 4537
f 4560 4537 4536
f 4548 1045 4559
f 4547 1010 4548
f 1033 1025 1021
f 1017 1033 1021
f 4539 4543 4542
f 1049 1034 1046
f 1010 1049 1045
f 4539 4546 4545
f 1018 4554 1015
f 1031 1023 1030
f 1035 1027 1031
f 1027 4557 1023
f 1053 4549 1054
f 4538 4532 4531
f 4535 1045 1026
f 1030 1019 1039
f 4536 4533 1055
f 1054 1050 1038
f 1026 1049 4558
f 1043 1032 1042
f 1019 4555 1018
f 1039 1018 1051
f 1047 1038 1043
f 1011 4552 1009
f 1038 1048 1032
f 1012 1054 1047
f 1032 1036 1042
f 1051 1015 1020
f 1014 1053 1012
f 1015 4553 1011
f 4566 4581 4565
f 4571 4586 4570
f 4562 4577 4561
f 4575 4590 4574
f 4567 4582 4566
f 4570 4585 4569
f 4565 4580 4564
f 4572 4587 4571
f 4563 4578 4562
f 4574 4589 4573
f 4568 4583 4567
f 4569 4592 4576
f 4564 4579 4563
f 4573 4588 4572
f 4561 4584 4568
f 4576 4591 4575
f 4577 4596 4584
f 4578 4594 4577
f 4579 4607 4578
f 4580 4606 4579
f 4581 4604 4580
f 4582 4602 4581
f 4583 4600 4582
f 4584 4598 4583
f 4585 4595 4592
f 4586 4597 4585
f 4587 4599 4586
f 4588 4601 4587
f 4589 4603 4588
f 4590 4605 4589
f 4591 4608 4590
f 4592 4593 4591
f 4605 4599 4603
f 4605 4595 4597
f 4565 4570 4566
f 4561 4574 4562
f 4566 4569 4567
f 4564 4571 4565
f 4562 4573 4563
f 4567 4576 4568
f 4563 4572 4564
f 4568 4575 4561
f 4566 4582 4581
f 4571 4587 4586
f 4562 4578 4577
f 4575 4591 4590
f 4567 4583 4582
f 4570 4586 4585
f 4565 4581 4580
f 4572 4588 4587
f 4563 4579 4578
f 4574 4590 4589
f 4568 4584 4583
f 4569 4585 4592
f 4564 4580 4579
f 4573 4589 4588
f 4561 4577 4584
f 4576 4592 4591
f 4577 4594 4596
f 4578 4607 4594
f 4579 4606 4607
f 4580 4604 4606
f 4581 4602 4604
f 4582 4600 4602
f 4583 4598 4600
f 4584 4596 4598
f 4585 4597 4595
f 4586 4599 4597
f 4587 4601 4599
f 4588 4603 4601
f 4589 4605 4603
f 4590 4608 4605
f 4591 4593 4608
f 4592 4595 4593
f 4603 4599 4601
f 4605 4597 4599
f 4608 4593 4595
f 4605 4608 4595
f 4565 4571 4570
f 4561 4575 4574
f 4566 4570 4569
f 4564 4572 4571
f 4562 4574 4573
f 4567 4569 4576
f 4563 4573 4572
f 4568 4576 4575

